datetime,zone,load_mw,vre_mw,available_mw,margin_mw,lolp,ens_mwh,date,hour
2026-01-01 00:00:00,BE,4004.8,454.6,6144.6,2139.8,0.0,0.0,2026-01-01,0
2026-01-01 01:00:00,BE,3999.5,675.9,6306.9,2307.4,0.0,0.0,2026-01-01,1
2026-01-01 02:00:00,BE,3622.4,703.3,6451.3,2828.9,0.0,0.0,2026-01-01,2
2026-01-01 03:00:00,BE,3913.9,386.5,6106.5,2192.6,0.0,0.0,2026-01-01,3
2026-01-01 04:00:00,BE,3743.6,228.0,5930.0,2186.4,0.0,0.0,2026-01-01,4
2026-01-01 05:00:00,BE,3582.0,394.2,6076.2,2494.2,0.0,0.0,2026-01-01,5
2026-01-01 06:00:00,BE,3562.6,479.3,6052.3,2489.7,0.0,0.0,2026-01-01,6
2026-01-01 07:00:00,BE,3653.5,729.9,6364.9,2711.4,0.0,0.0,2026-01-01,7
2026-01-01 08:00:00,BE,3634.9,780.8,6458.8,2823.9,0.0,0.0,2026-01-01,8
2026-01-01 09:00:00,BE,3719.3,720.5,6357.5,2638.2,0.0,0.0,2026-01-01,9
2026-01-01 10:00:00,BE,3936.4,561.3,6303.3,2366.9,0.0,0.0,2026-01-01,10
2026-01-01 11:00:00,BE,4032.3,864.5,6447.5,2415.2,0.02,5.36,2026-01-01,11
2026-01-01 12:00:00,BE,4092.3,737.2,6413.2,2320.9,0.0,0.0,2026-01-01,12
2026-01-01 13:00:00,BE,4219.1,613.0,6291.0,2071.9,0.0,0.0,2026-01-01,13
2026-01-01 14:00:00,BE,4369.3,553.0,6240.0,1870.7,0.0,0.0,2026-01-01,14
2026-01-01 15:00:00,BE,4379.8,480.0,6099.0,1719.2,0.0,0.0,2026-01-01,15
2026-01-01 16:00:00,BE,4484.5,764.7,6457.7,1973.2,0.0,0.0,2026-01-01,16
2026-01-01 17:00:00,BE,4648.7,649.0,6319.0,1670.3,0.0,0.0,2026-01-01,17
2026-01-01 18:00:00,BE,4584.3,98.1,5702.1,1117.8,0.0,0.0,2026-01-01,18
2026-01-01 19:00:00,BE,4417.9,373.8,5972.8,1554.9,0.02,4.88,2026-01-01,19
2026-01-01 20:00:00,BE,4475.6,797.0,6395.0,1919.4,0.0,0.0,2026-01-01,20
2026-01-01 21:00:00,BE,4532.2,369.2,5973.2,1441.0,0.0,0.0,2026-01-01,21
2026-01-01 22:00:00,BE,4322.0,441.6,6070.6,1748.6,0.02,10.61,2026-01-01,22
2026-01-01 23:00:00,BE,4211.4,218.2,5852.2,1640.8,0.0,0.0,2026-01-01,23
2026-01-02 00:00:00,BE,4176.9,360.7,6005.7,1828.8,0.0,0.0,2026-01-02,0
2026-01-02 01:00:00,BE,4189.4,665.0,6251.0,2061.6,0.0,0.0,2026-01-02,1
2026-01-02 02:00:00,BE,3764.3,490.9,6115.9,2351.6,0.0,0.0,2026-01-02,2
2026-01-02 03:00:00,BE,3908.1,444.8,6155.8,2247.7,0.0,0.0,2026-01-02,3
2026-01-02 04:00:00,BE,3519.2,287.0,5905.0,2385.8,0.0,0.0,2026-01-02,4
2026-01-02 05:00:00,BE,3637.8,777.4,6426.4,2788.6,0.0,0.0,2026-01-02,5
2026-01-02 06:00:00,BE,3459.4,266.9,5940.9,2481.5,0.0,0.0,2026-01-02,6
2026-01-02 07:00:00,BE,3779.0,554.6,6100.6,2321.6,0.0,0.0,2026-01-02,7
2026-01-02 08:00:00,BE,3766.8,851.6,6512.6,2745.8,0.0,0.0,2026-01-02,8
2026-01-02 09:00:00,BE,3882.7,474.6,6086.6,2203.9,0.0,0.0,2026-01-02,9
2026-01-02 10:00:00,BE,3743.5,773.7,6391.7,2648.2,0.0,0.0,2026-01-02,10
2026-01-02 11:00:00,BE,4052.5,923.4,6520.4,2467.9,0.0,0.0,2026-01-02,11
2026-01-02 12:00:00,BE,4037.4,1180.4,6721.4,2684.0,0.0,0.0,2026-01-02,12
2026-01-02 13:00:00,BE,4174.2,625.6,6288.6,2114.4,0.0,0.0,2026-01-02,13
2026-01-02 14:00:00,BE,4410.5,632.8,6273.8,1863.3,0.0,0.0,2026-01-02,14
2026-01-02 15:00:00,BE,4558.4,858.7,6440.7,1882.3,0.0,0.0,2026-01-02,15
2026-01-02 16:00:00,BE,4557.2,608.7,6228.7,1671.5,0.0,0.0,2026-01-02,16
2026-01-02 17:00:00,BE,4507.2,358.1,6108.1,1600.9,0.0,0.0,2026-01-02,17
2026-01-02 18:00:00,BE,4500.5,217.6,5856.6,1356.1,0.02,9.66,2026-01-02,18
2026-01-02 19:00:00,BE,4755.9,333.8,6000.8,1244.9,0.0,0.0,2026-01-02,19
2026-01-02 20:00:00,BE,4603.8,246.1,5927.1,1323.3,0.0,0.0,2026-01-02,20
2026-01-02 21:00:00,BE,4539.5,249.1,5779.1,1239.6,0.0,0.0,2026-01-02,21
2026-01-02 22:00:00,BE,4611.5,238.3,5864.3,1252.8,0.0,0.0,2026-01-02,22
2026-01-02 23:00:00,BE,4131.0,398.7,6053.7,1922.7,0.0,0.0,2026-01-02,23
2026-01-03 00:00:00,BE,4406.6,413.2,6095.2,1688.6,0.02,0.87,2026-01-03,0
2026-01-03 01:00:00,BE,4348.1,422.0,6057.0,1708.9,0.0,0.0,2026-01-03,1
2026-01-03 02:00:00,BE,4043.6,247.7,5851.7,1808.1,0.0,0.0,2026-01-03,2
2026-01-03 03:00:00,BE,3845.1,313.0,6039.0,2193.9,0.0,0.0,2026-01-03,3
2026-01-03 04:00:00,BE,3586.7,408.4,6139.4,2552.7,0.0,0.0,2026-01-03,4
2026-01-03 05:00:00,BE,3735.7,118.8,5828.8,2093.1,0.0,0.0,2026-01-03,5
2026-01-03 06:00:00,BE,3546.2,400.2,6085.2,2539.0,0.0,0.0,2026-01-03,6
2026-01-03 07:00:00,BE,3613.7,648.3,6357.3,2743.6,0.0,0.0,2026-01-03,7
2026-01-03 08:00:00,BE,3631.4,247.1,5906.1,2274.7,0.0,0.0,2026-01-03,8
2026-01-03 09:00:00,BE,3779.8,628.1,6374.1,2594.3,0.0,0.0,2026-01-03,9
2026-01-03 10:00:00,BE,4003.8,699.6,6345.6,2341.8,0.0,0.0,2026-01-03,10
2026-01-03 11:00:00,BE,3903.1,800.0,6456.0,2552.9,0.0,0.0,2026-01-03,11
2026-01-03 12:00:00,BE,3980.9,660.0,6270.0,2289.1,0.0,0.0,2026-01-03,12
2026-01-03 13:00:00,BE,4108.2,639.9,6430.9,2322.7,0.0,0.0,2026-01-03,13
2026-01-03 14:00:00,BE,4232.9,767.9,6445.9,2213.0,0.0,0.0,2026-01-03,14
2026-01-03 15:00:00,BE,4280.9,890.6,6595.6,2314.7,0.0,0.0,2026-01-03,15
2026-01-03 16:00:00,BE,4422.5,397.8,6111.8,1689.3,0.0,0.0,2026-01-03,16
2026-01-03 17:00:00,BE,4737.2,654.2,6322.2,1585.0,0.0,0.0,2026-01-03,17
2026-01-03 18:00:00,BE,4527.8,547.9,6299.9,1772.1,0.0,0.0,2026-01-03,18
2026-01-03 19:00:00,BE,4612.8,200.4,5904.4,1291.6,0.0,0.0,2026-01-03,19
2026-01-03 20:00:00,BE,4385.9,509.8,6142.8,1756.9,0.02,2.52,2026-01-03,20
2026-01-03 21:00:00,BE,4472.8,642.2,6282.2,1809.4,0.0,0.0,2026-01-03,21
2026-01-03 22:00:00,BE,4140.0,475.3,6140.3,2000.3,0.0,0.0,2026-01-03,22
2026-01-03 23:00:00,BE,4144.4,315.6,5903.6,1759.2,0.0,0.0,2026-01-03,23
2026-01-04 00:00:00,BE,4369.3,294.7,5909.7,1540.4,0.0,0.0,2026-01-04,0
2026-01-04 01:00:00,BE,3899.4,330.8,5992.8,2093.4,0.0,0.0,2026-01-04,1
2026-01-04 02:00:00,BE,3983.1,327.3,6057.3,2074.2,0.0,0.0,2026-01-04,2
2026-01-04 03:00:00,BE,3799.8,173.8,5760.8,1961.0,0.0,0.0,2026-01-04,3
2026-01-04 04:00:00,BE,3647.3,389.7,6077.7,2430.4,0.0,0.0,2026-01-04,4
2026-01-04 05:00:00,BE,3537.4,927.7,6608.7,3071.3,0.0,0.0,2026-01-04,5
2026-01-04 06:00:00,BE,3753.0,333.7,6052.7,2299.7,0.0,0.0,2026-01-04,6
2026-01-04 07:00:00,BE,3594.3,190.0,5935.0,2340.7,0.0,0.0,2026-01-04,7
2026-01-04 08:00:00,BE,3848.8,773.7,6478.7,2629.9,0.0,0.0,2026-01-04,8
2026-01-04 09:00:00,BE,3658.6,499.5,6183.5,2524.9,0.0,0.0,2026-01-04,9
2026-01-04 10:00:00,BE,3855.3,532.9,6196.9,2341.6,0.0,0.0,2026-01-04,10
2026-01-04 11:00:00,BE,4024.9,725.1,6344.1,2319.2,0.0,0.0,2026-01-04,11
2026-01-04 12:00:00,BE,4143.1,656.6,6322.6,2179.5,0.0,0.0,2026-01-04,12
2026-01-04 13:00:00,BE,4079.7,1356.4,6849.4,2769.7,0.0,0.0,2026-01-04,13
2026-01-04 14:00:00,BE,4268.6,545.2,6233.2,1964.6,0.0,0.0,2026-01-04,14
2026-01-04 15:00:00,BE,4428.3,656.4,6139.4,1711.1,0.0,0.0,2026-01-04,15
2026-01-04 16:00:00,BE,4428.8,793.0,6407.0,1978.2,0.0,0.0,2026-01-04,16
2026-01-04 17:00:00,BE,4662.4,458.2,6051.2,1388.8,0.0,0.0,2026-01-04,17
2026-01-04 18:00:00,BE,4668.7,173.5,5803.5,1134.8,0.02,5.9,2026-01-04,18
2026-01-04 19:00:00,BE,4346.2,319.8,5917.8,1571.6,0.04,3.06,2026-01-04,19
2026-01-04 20:00:00,BE,4314.4,821.9,6455.9,2141.5,0.0,0.0,2026-01-04,20
2026-01-04 21:00:00,BE,4297.8,331.4,6011.4,1713.6,0.0,0.0,2026-01-04,21
2026-01-04 22:00:00,BE,4362.0,235.6,5918.6,1556.6,0.0,0.0,2026-01-04,22
2026-01-04 23:00:00,BE,4471.3,94.9,5777.9,1306.6,0.02,1.53,2026-01-04,23
2026-01-05 00:00:00,BE,4052.0,421.8,5995.8,1943.8,0.02,2.6,2026-01-05,0
2026-01-05 01:00:00,BE,3998.5,287.2,5944.2,1945.7,0.0,0.0,2026-01-05,1
2026-01-05 02:00:00,BE,3720.2,495.5,6123.5,2403.3,0.0,0.0,2026-01-05,2
2026-01-05 03:00:00,BE,3618.6,595.4,6349.4,2730.8,0.0,0.0,2026-01-05,3
2026-01-05 04:00:00,BE,3429.8,596.3,6217.3,2787.5,0.0,0.0,2026-01-05,4
2026-01-05 05:00:00,BE,3611.3,187.2,5820.2,2208.9,0.0,0.0,2026-01-05,5
2026-01-05 06:00:00,BE,3711.3,291.1,5967.1,2255.8,0.0,0.0,2026-01-05,6
2026-01-05 07:00:00,BE,3571.8,758.9,6419.9,2848.1,0.0,0.0,2026-01-05,7
2026-01-05 08:00:00,BE,3832.1,637.9,6348.9,2516.8,0.0,0.0,2026-01-05,8
2026-01-05 09:00:00,BE,3767.6,1184.8,6818.8,3051.2,0.0,0.0,2026-01-05,9
2026-01-05 10:00:00,BE,3843.0,616.2,6332.2,2489.2,0.0,0.0,2026-01-05,10
2026-01-05 11:00:00,BE,4030.0,795.0,6496.0,2466.0,0.0,0.0,2026-01-05,11
2026-01-05 12:00:00,BE,4155.8,854.5,6498.5,2342.7,0.0,0.0,2026-01-05,12
2026-01-05 13:00:00,BE,4364.4,1093.4,6707.4,2343.0,0.0,0.0,2026-01-05,13
2026-01-05 14:00:00,BE,4251.0,1054.6,6592.6,2341.6,0.0,0.0,2026-01-05,14
2026-01-05 15:00:00,BE,4176.1,909.6,6547.6,2371.5,0.0,0.0,2026-01-05,15
2026-01-05 16:00:00,BE,4543.9,453.6,6065.6,1521.7,0.02,3.81,2026-01-05,16
2026-01-05 17:00:00,BE,4506.6,700.7,6435.7,1929.1,0.0,0.0,2026-01-05,17
2026-01-05 18:00:00,BE,4593.7,229.3,5843.3,1249.6,0.02,8.29,2026-01-05,18
2026-01-05 19:00:00,BE,4779.6,79.7,5709.7,930.1,0.02,18.0,2026-01-05,19
2026-01-05 20:00:00,BE,4397.6,430.2,6008.2,1610.6,0.0,0.0,2026-01-05,20
2026-01-05 21:00:00,BE,4542.2,385.9,6048.9,1506.7,0.0,0.0,2026-01-05,21
2026-01-05 22:00:00,BE,4460.3,188.4,5874.4,1414.1,0.0,0.0,2026-01-05,22
2026-01-05 23:00:00,BE,4281.4,925.7,6547.7,2266.3,0.0,0.0,2026-01-05,23
2026-01-06 00:00:00,BE,4230.9,363.7,6053.7,1822.8,0.0,0.0,2026-01-06,0
2026-01-06 01:00:00,BE,3912.2,368.7,5982.7,2070.5,0.0,0.0,2026-01-06,1
2026-01-06 02:00:00,BE,3764.8,617.0,6334.0,2569.2,0.0,0.0,2026-01-06,2
2026-01-06 03:00:00,BE,3867.6,343.8,6022.8,2155.2,0.0,0.0,2026-01-06,3
2026-01-06 04:00:00,BE,3749.9,582.5,6280.5,2530.6,0.0,0.0,2026-01-06,4
2026-01-06 05:00:00,BE,3780.3,164.3,5772.3,1992.0,0.0,0.0,2026-01-06,5
2026-01-06 06:00:00,BE,3621.8,581.3,6194.3,2572.5,0.0,0.0,2026-01-06,6
2026-01-06 07:00:00,BE,3808.1,579.5,6195.5,2387.4,0.0,0.0,2026-01-06,7
2026-01-06 08:00:00,BE,3629.3,865.7,6529.7,2900.4,0.0,0.0,2026-01-06,8
2026-01-06 09:00:00,BE,3615.4,1352.4,7033.4,3418.0,0.0,0.0,2026-01-06,9
2026-01-06 10:00:00,BE,3601.6,846.8,6535.8,2934.2,0.0,0.0,2026-01-06,10
2026-01-06 11:00:00,BE,3834.5,1033.1,6738.1,2903.6,0.0,0.0,2026-01-06,11
2026-01-06 12:00:00,BE,4194.2,1199.6,6773.6,2579.4,0.0,0.0,2026-01-06,12
2026-01-06 13:00:00,BE,4049.5,808.0,6409.0,2359.5,0.0,0.0,2026-01-06,13
2026-01-06 14:00:00,BE,4291.6,589.6,6257.6,1966.0,0.0,0.0,2026-01-06,14
2026-01-06 15:00:00,BE,4702.1,576.6,6191.6,1489.5,0.02,9.51,2026-01-06,15
2026-01-06 16:00:00,BE,4630.3,599.2,6212.2,1581.9,0.0,0.0,2026-01-06,16
2026-01-06 17:00:00,BE,4793.5,613.0,6335.0,1541.5,0.0,0.0,2026-01-06,17
2026-01-06 18:00:00,BE,4476.6,79.3,5846.3,1369.7,0.0,0.0,2026-01-06,18
2026-01-06 19:00:00,BE,4283.3,410.5,6060.5,1777.2,0.0,0.0,2026-01-06,19
2026-01-06 20:00:00,BE,4710.4,203.1,5928.1,1217.7,0.0,0.0,2026-01-06,20
2026-01-06 21:00:00,BE,4278.9,490.3,6138.3,1859.4,0.0,0.0,2026-01-06,21
2026-01-06 22:00:00,BE,4356.2,313.8,5872.8,1516.6,0.0,0.0,2026-01-06,22
2026-01-06 23:00:00,BE,4250.7,399.0,6070.0,1819.3,0.0,0.0,2026-01-06,23
2026-01-07 00:00:00,BE,3981.3,565.5,6204.5,2223.2,0.0,0.0,2026-01-07,0
2026-01-07 01:00:00,BE,4152.0,432.0,6066.0,1914.0,0.0,0.0,2026-01-07,1
2026-01-07 02:00:00,BE,4031.0,316.9,6006.9,1975.9,0.0,0.0,2026-01-07,2
2026-01-07 03:00:00,BE,3807.6,241.7,5837.7,2030.1,0.0,0.0,2026-01-07,3
2026-01-07 04:00:00,BE,3658.4,610.3,6211.3,2552.9,0.0,0.0,2026-01-07,4
2026-01-07 05:00:00,BE,3634.9,368.8,5994.8,2359.9,0.0,0.0,2026-01-07,5
2026-01-07 06:00:00,BE,3463.3,142.7,5782.7,2319.4,0.0,0.0,2026-01-07,6
2026-01-07 07:00:00,BE,3583.1,539.5,6218.5,2635.4,0.0,0.0,2026-01-07,7
2026-01-07 08:00:00,BE,3649.1,402.4,5987.4,2338.3,0.0,0.0,2026-01-07,8
2026-01-07 09:00:00,BE,3638.8,560.4,6160.4,2521.6,0.0,0.0,2026-01-07,9
2026-01-07 10:00:00,BE,3946.4,722.3,6274.3,2327.9,0.0,0.0,2026-01-07,10
2026-01-07 11:00:00,BE,3793.9,1061.5,6740.5,2946.6,0.0,0.0,2026-01-07,11
2026-01-07 12:00:00,BE,4040.0,722.1,6423.1,2383.1,0.0,0.0,2026-01-07,12
2026-01-07 13:00:00,BE,3953.4,980.0,6597.0,2643.6,0.0,0.0,2026-01-07,13
2026-01-07 14:00:00,BE,4403.8,772.1,6426.1,2022.3,0.0,0.0,2026-01-07,14
2026-01-07 15:00:00,BE,4536.8,857.1,6499.1,1962.3,0.0,0.0,2026-01-07,15
2026-01-07 16:00:00,BE,4601.6,664.8,6294.8,1693.2,0.0,0.0,2026-01-07,16
2026-01-07 17:00:00,BE,4927.1,510.1,6124.1,1197.0,0.0,0.0,2026-01-07,17
2026-01-07 18:00:00,BE,4706.7,302.7,6032.7,1326.0,0.0,0.0,2026-01-07,18
2026-01-07 19:00:00,BE,4463.8,477.3,6067.3,1603.5,0.0,0.0,2026-01-07,19
2026-01-07 20:00:00,BE,4846.4,385.1,5952.1,1105.7,0.06,34.68,2026-01-07,20
2026-01-07 21:00:00,BE,4336.8,311.0,5943.0,1606.2,0.02,4.52,2026-01-07,21
2026-01-07 22:00:00,BE,4438.3,864.3,6640.3,2202.0,0.0,0.0,2026-01-07,22
2026-01-07 23:00:00,BE,4312.1,798.7,6436.7,2124.6,0.0,0.0,2026-01-07,23
2026-01-08 00:00:00,BE,3987.9,421.2,6024.2,2036.3,0.02,4.33,2026-01-08,0
2026-01-08 01:00:00,BE,4131.4,338.6,6056.6,1925.2,0.0,0.0,2026-01-08,1
2026-01-08 02:00:00,BE,3885.9,454.2,6062.2,2176.3,0.0,0.0,2026-01-08,2
2026-01-08 03:00:00,BE,3808.2,167.9,5818.9,2010.7,0.0,0.0,2026-01-08,3
2026-01-08 04:00:00,BE,3579.1,293.5,5887.5,2308.4,0.0,0.0,2026-01-08,4
2026-01-08 05:00:00,BE,3766.4,331.1,6027.1,2260.7,0.0,0.0,2026-01-08,5
2026-01-08 06:00:00,BE,3489.7,594.1,6165.1,2675.4,0.0,0.0,2026-01-08,6
2026-01-08 07:00:00,BE,3396.5,947.2,6657.2,3260.7,0.0,0.0,2026-01-08,7
2026-01-08 08:00:00,BE,3830.8,966.8,6606.8,2776.0,0.0,0.0,2026-01-08,8
2026-01-08 09:00:00,BE,3688.0,567.1,6230.1,2542.1,0.0,0.0,2026-01-08,9
2026-01-08 10:00:00,BE,3847.9,1391.2,7137.2,3289.3,0.0,0.0,2026-01-08,10
2026-01-08 11:00:00,BE,4193.9,600.1,6267.1,2073.2,0.0,0.0,2026-01-08,11
2026-01-08 12:00:00,BE,4228.9,585.1,6195.1,1966.2,0.0,0.0,2026-01-08,12
2026-01-08 13:00:00,BE,4297.8,560.9,6227.9,1930.1,0.0,0.0,2026-01-08,13
2026-01-08 14:00:00,BE,4470.7,607.3,6279.3,1808.6,0.0,0.0,2026-01-08,14
2026-01-08 15:00:00,BE,4358.5,1001.3,6707.3,2348.8,0.0,0.0,2026-01-08,15
2026-01-08 16:00:00,BE,4615.6,412.8,5985.8,1370.2,0.02,3.06,2026-01-08,16
2026-01-08 17:00:00,BE,4708.2,655.9,6168.9,1460.7,0.0,0.0,2026-01-08,17
2026-01-08 18:00:00,BE,4682.7,331.8,5955.8,1273.1,0.02,11.02,2026-01-08,18
2026-01-08 19:00:00,BE,4550.4,338.9,6000.9,1450.5,0.02,8.23,2026-01-08,19
2026-01-08 20:00:00,BE,4075.2,877.5,6580.5,2505.3,0.0,0.0,2026-01-08,20
2026-01-08 21:00:00,BE,4512.2,861.3,6457.3,1945.1,0.0,0.0,2026-01-08,21
2026-01-08 22:00:00,BE,4355.4,182.1,5812.1,1456.7,0.0,0.0,2026-01-08,22
2026-01-08 23:00:00,BE,4176.6,243.7,5841.7,1665.1,0.0,0.0,2026-01-08,23
2026-01-09 00:00:00,BE,4184.9,797.8,6455.8,2270.9,0.0,0.0,2026-01-09,0
2026-01-09 01:00:00,BE,3993.9,514.9,6154.9,2161.0,0.0,0.0,2026-01-09,1
2026-01-09 02:00:00,BE,3865.8,305.0,5937.0,2071.2,0.0,0.0,2026-01-09,2
2026-01-09 03:00:00,BE,3559.6,829.5,6553.5,2993.9,0.0,0.0,2026-01-09,3
2026-01-09 04:00:00,BE,3483.0,859.8,6499.8,3016.8,0.0,0.0,2026-01-09,4
2026-01-09 05:00:00,BE,3652.5,166.4,5858.4,2205.9,0.0,0.0,2026-01-09,5
2026-01-09 06:00:00,BE,3600.1,637.8,6267.8,2667.7,0.0,0.0,2026-01-09,6
2026-01-09 07:00:00,BE,3624.5,477.2,6175.2,2550.7,0.0,0.0,2026-01-09,7
2026-01-09 08:00:00,BE,3677.7,649.7,6433.7,2756.0,0.0,0.0,2026-01-09,8
2026-01-09 09:00:00,BE,3786.5,853.9,6389.9,2603.4,0.0,0.0,2026-01-09,9
2026-01-09 10:00:00,BE,3844.9,1004.5,6674.5,2829.6,0.0,0.0,2026-01-09,10
2026-01-09 11:00:00,BE,3980.0,877.2,6507.2,2527.2,0.0,0.0,2026-01-09,11
2026-01-09 12:00:00,BE,4121.1,921.0,6550.0,2428.9,0.0,0.0,2026-01-09,12
2026-01-09 13:00:00,BE,4331.2,634.1,6258.1,1926.9,0.0,0.0,2026-01-09,13
2026-01-09 14:00:00,BE,4278.4,676.2,6287.2,2008.8,0.0,0.0,2026-01-09,14
2026-01-09 15:00:00,BE,4538.0,397.2,6045.2,1507.2,0.02,4.82,2026-01-09,15
2026-01-09 16:00:00,BE,4599.4,353.7,5953.7,1354.3,0.02,0.91,2026-01-09,16
2026-01-09 17:00:00,BE,4585.5,332.5,5971.5,1386.0,0.02,4.06,2026-01-09,17
2026-01-09 18:00:00,BE,4532.8,371.5,5963.5,1430.7,0.02,2.23,2026-01-09,18
2026-01-09 19:00:00,BE,4617.0,488.3,6101.3,1484.3,0.0,0.0,2026-01-09,19
2026-01-09 20:00:00,BE,4626.3,175.5,5841.5,1215.2,0.0,0.0,2026-01-09,20
2026-01-09 21:00:00,BE,4314.1,515.1,6118.1,1804.0,0.0,0.0,2026-01-09,21
2026-01-09 22:00:00,BE,4346.9,391.7,6038.7,1691.8,0.0,0.0,2026-01-09,22
2026-01-09 23:00:00,BE,4226.5,154.7,5774.7,1548.2,0.0,0.0,2026-01-09,23
2026-01-10 00:00:00,BE,4009.9,534.0,6233.0,2223.1,0.02,2.52,2026-01-10,0
2026-01-10 01:00:00,BE,3885.4,250.1,5919.1,2033.7,0.0,0.0,2026-01-10,1
2026-01-10 02:00:00,BE,3652.9,300.3,5941.3,2288.4,0.0,0.0,2026-01-10,2
2026-01-10 03:00:00,BE,3603.0,220.1,5820.1,2217.1,0.0,0.0,2026-01-10,3
2026-01-10 04:00:00,BE,3471.3,749.3,6375.3,2904.0,0.0,0.0,2026-01-10,4
2026-01-10 05:00:00,BE,3531.8,366.5,6033.5,2501.7,0.0,0.0,2026-01-10,5
2026-01-10 06:00:00,BE,3521.4,547.7,6233.7,2712.3,0.0,0.0,2026-01-10,6
2026-01-10 07:00:00,BE,3540.6,452.9,6179.9,2639.3,0.0,0.0,2026-01-10,7
2026-01-10 08:00:00,BE,3700.0,521.5,6132.5,2432.5,0.0,0.0,2026-01-10,8
2026-01-10 09:00:00,BE,3712.2,920.7,6625.7,2913.5,0.0,0.0,2026-01-10,9
2026-01-10 10:00:00,BE,3750.7,722.1,6302.1,2551.4,0.0,0.0,2026-01-10,10
2026-01-10 11:00:00,BE,3872.1,1337.4,7012.4,3140.3,0.0,0.0,2026-01-10,11
2026-01-10 12:00:00,BE,3952.2,721.0,6306.0,2353.8,0.0,0.0,2026-01-10,12
2026-01-10 13:00:00,BE,4193.8,492.0,6095.0,1901.2,0.0,0.0,2026-01-10,13
2026-01-10 14:00:00,BE,4312.1,742.7,6431.7,2119.6,0.0,0.0,2026-01-10,14
2026-01-10 15:00:00,BE,4636.0,477.5,6091.5,1455.5,0.0,0.0,2026-01-10,15
2026-01-10 16:00:00,BE,4704.7,914.4,6643.4,1938.7,0.0,0.0,2026-01-10,16
2026-01-10 17:00:00,BE,4747.8,792.6,6491.6,1743.8,0.0,0.0,2026-01-10,17
2026-01-10 18:00:00,BE,4836.9,665.2,6324.2,1487.3,0.0,0.0,2026-01-10,18
2026-01-10 19:00:00,BE,4424.2,332.3,5968.3,1544.1,0.0,0.0,2026-01-10,19
2026-01-10 20:00:00,BE,4600.9,121.6,5731.6,1130.7,0.02,2.59,2026-01-10,20
2026-01-10 21:00:00,BE,4531.9,572.6,6268.6,1736.7,0.0,0.0,2026-01-10,21
2026-01-10 22:00:00,BE,4394.1,193.7,5766.7,1372.6,0.0,0.0,2026-01-10,22
2026-01-10 23:00:00,BE,4471.4,782.3,6528.3,2056.9,0.0,0.0,2026-01-10,23
2026-01-11 00:00:00,BE,4391.2,910.1,6576.1,2184.9,0.0,0.0,2026-01-11,0
2026-01-11 01:00:00,BE,4074.7,698.6,6380.6,2305.9,0.0,0.0,2026-01-11,1
2026-01-11 02:00:00,BE,3914.9,622.8,6256.8,2341.9,0.0,0.0,2026-01-11,2
2026-01-11 03:00:00,BE,3598.1,510.6,6222.6,2624.5,0.0,0.0,2026-01-11,3
2026-01-11 04:00:00,BE,3518.8,582.1,6224.1,2705.3,0.0,0.0,2026-01-11,4
2026-01-11 05:00:00,BE,3687.2,148.2,5759.2,2072.0,0.0,0.0,2026-01-11,5
2026-01-11 06:00:00,BE,3577.0,221.5,5889.5,2312.5,0.0,0.0,2026-01-11,6
2026-01-11 07:00:00,BE,3443.3,257.1,5935.1,2491.8,0.0,0.0,2026-01-11,7
2026-01-11 08:00:00,BE,3637.9,751.9,6444.9,2807.0,0.0,0.0,2026-01-11,8
2026-01-11 09:00:00,BE,3775.3,1061.1,6703.1,2927.8,0.0,0.0,2026-01-11,9
2026-01-11 10:00:00,BE,3947.9,874.7,6504.7,2556.8,0.0,0.0,2026-01-11,10
2026-01-11 11:00:00,BE,3943.1,708.6,6349.6,2406.5,0.0,0.0,2026-01-11,11
2026-01-11 12:00:00,BE,4053.0,788.8,6481.8,2428.8,0.0,0.0,2026-01-11,12
2026-01-11 13:00:00,BE,4215.4,817.2,6550.2,2334.8,0.0,0.0,2026-01-11,13
2026-01-11 14:00:00,BE,4355.9,731.5,6323.5,1967.6,0.0,0.0,2026-01-11,14
2026-01-11 15:00:00,BE,4299.0,760.1,6323.1,2024.1,0.0,0.0,2026-01-11,15
2026-01-11 16:00:00,BE,4617.9,835.5,6483.5,1865.6,0.0,0.0,2026-01-11,16
2026-01-11 17:00:00,BE,4830.6,377.3,5988.3,1157.7,0.0,0.0,2026-01-11,17
2026-01-11 18:00:00,BE,4682.3,624.4,6130.4,1448.1,0.04,5.32,2026-01-11,18
2026-01-11 19:00:00,BE,4393.7,718.9,6357.9,1964.2,0.0,0.0,2026-01-11,19
2026-01-11 20:00:00,BE,4528.7,173.8,5822.8,1294.1,0.0,0.0,2026-01-11,20
2026-01-11 21:00:00,BE,4226.0,524.6,6173.6,1947.6,0.0,0.0,2026-01-11,21
2026-01-11 22:00:00,BE,4114.6,618.9,6276.9,2162.3,0.0,0.0,2026-01-11,22
2026-01-11 23:00:00,BE,4292.6,464.1,6074.1,1781.5,0.0,0.0,2026-01-11,23
2026-01-12 00:00:00,BE,4093.2,703.5,6234.5,2141.3,0.0,0.0,2026-01-12,0
2026-01-12 01:00:00,BE,3871.9,481.1,6117.1,2245.2,0.0,0.0,2026-01-12,1
2026-01-12 02:00:00,BE,3583.2,194.2,5672.2,2089.0,0.0,0.0,2026-01-12,2
2026-01-12 03:00:00,BE,3577.7,217.4,5802.4,2224.7,0.0,0.0,2026-01-12,3
2026-01-12 04:00:00,BE,3669.9,263.9,5900.9,2231.0,0.0,0.0,2026-01-12,4
2026-01-12 05:00:00,BE,3604.2,328.1,6088.1,2483.9,0.0,0.0,2026-01-12,5
2026-01-12 06:00:00,BE,3665.9,515.0,6251.0,2585.1,0.0,0.0,2026-01-12,6
2026-01-12 07:00:00,BE,3782.9,740.5,6358.5,2575.6,0.0,0.0,2026-01-12,7
2026-01-12 08:00:00,BE,3609.2,433.9,6117.9,2508.7,0.0,0.0,2026-01-12,8
2026-01-12 09:00:00,BE,3785.5,426.8,6079.8,2294.3,0.0,0.0,2026-01-12,9
2026-01-12 10:00:00,BE,3816.1,671.9,6246.9,2430.8,0.0,0.0,2026-01-12,10
2026-01-12 11:00:00,BE,3893.6,1039.2,6717.2,2823.6,0.0,0.0,2026-01-12,11
2026-01-12 12:00:00,BE,4053.0,521.3,6200.3,2147.3,0.0,0.0,2026-01-12,12
2026-01-12 13:00:00,BE,4327.0,815.7,6344.7,2017.7,0.0,0.0,2026-01-12,13
2026-01-12 14:00:00,BE,4208.8,560.8,6122.8,1914.0,0.0,0.0,2026-01-12,14
2026-01-12 15:00:00,BE,4572.5,1195.7,6805.7,2233.2,0.0,0.0,2026-01-12,15
2026-01-12 16:00:00,BE,4692.2,767.3,6470.3,1778.1,0.0,0.0,2026-01-12,16
2026-01-12 17:00:00,BE,4569.0,262.7,5944.7,1375.7,0.0,0.0,2026-01-12,17
2026-01-12 18:00:00,BE,4612.2,733.8,6414.8,1802.6,0.0,0.0,2026-01-12,18
2026-01-12 19:00:00,BE,4395.1,418.0,6079.0,1683.9,0.02,0.54,2026-01-12,19
2026-01-12 20:00:00,BE,4797.7,418.7,6028.7,1231.0,0.02,8.58,2026-01-12,20
2026-01-12 21:00:00,BE,4552.3,460.2,6133.2,1580.9,0.02,2.84,2026-01-12,21
2026-01-12 22:00:00,BE,4351.8,321.3,5952.3,1600.5,0.02,4.61,2026-01-12,22
2026-01-12 23:00:00,BE,4217.3,857.0,6503.0,2285.7,0.0,0.0,2026-01-12,23
2026-01-13 00:00:00,BE,4135.0,781.7,6480.7,2345.7,0.0,0.0,2026-01-13,0
2026-01-13 01:00:00,BE,3873.2,397.8,5970.8,2097.6,0.0,0.0,2026-01-13,1
2026-01-13 02:00:00,BE,3864.6,178.0,5875.0,2010.4,0.0,0.0,2026-01-13,2
2026-01-13 03:00:00,BE,3616.1,731.2,6355.2,2739.1,0.0,0.0,2026-01-13,3
2026-01-13 04:00:00,BE,3707.0,898.9,6654.9,2947.9,0.0,0.0,2026-01-13,4
2026-01-13 05:00:00,BE,3515.8,242.7,5980.7,2464.9,0.0,0.0,2026-01-13,5
2026-01-13 06:00:00,BE,3687.5,212.0,5912.0,2224.5,0.0,0.0,2026-01-13,6
2026-01-13 07:00:00,BE,3582.5,389.1,6091.1,2508.6,0.0,0.0,2026-01-13,7
2026-01-13 08:00:00,BE,3679.0,592.9,6182.9,2503.9,0.0,0.0,2026-01-13,8
2026-01-13 09:00:00,BE,4081.4,361.5,5949.5,1868.1,0.0,0.0,2026-01-13,9
2026-01-13 10:00:00,BE,3926.0,584.1,6268.1,2342.1,0.0,0.0,2026-01-13,10
2026-01-13 11:00:00,BE,3982.1,844.5,6553.5,2571.4,0.0,0.0,2026-01-13,11
2026-01-13 12:00:00,BE,4084.6,961.9,6594.9,2510.3,0.0,0.0,2026-01-13,12
2026-01-13 13:00:00,BE,4083.8,645.8,6207.8,2124.0,0.0,0.0,2026-01-13,13
2026-01-13 14:00:00,BE,4459.1,745.4,6361.4,1902.3,0.0,0.0,2026-01-13,14
2026-01-13 15:00:00,BE,4624.7,814.4,6475.4,1850.7,0.0,0.0,2026-01-13,15
2026-01-13 16:00:00,BE,4519.4,418.3,6054.3,1534.9,0.0,0.0,2026-01-13,16
2026-01-13 17:00:00,BE,4762.7,585.6,6283.6,1520.9,0.0,0.0,2026-01-13,17
2026-01-13 18:00:00,BE,4564.9,809.0,6520.0,1955.1,0.0,0.0,2026-01-13,18
2026-01-13 19:00:00,BE,4348.5,345.5,5972.5,1624.0,0.0,0.0,2026-01-13,19
2026-01-13 20:00:00,BE,4432.8,363.5,5997.5,1564.7,0.0,0.0,2026-01-13,20
2026-01-13 21:00:00,BE,4304.7,272.9,5897.9,1593.2,0.0,0.0,2026-01-13,21
2026-01-13 22:00:00,BE,4294.9,277.6,5954.6,1659.7,0.0,0.0,2026-01-13,22
2026-01-13 23:00:00,BE,4282.3,208.9,5865.9,1583.6,0.0,0.0,2026-01-13,23
2026-01-14 00:00:00,BE,3966.1,446.9,6099.9,2133.8,0.0,0.0,2026-01-14,0
2026-01-14 01:00:00,BE,3938.4,448.8,6177.8,2239.4,0.0,0.0,2026-01-14,1
2026-01-14 02:00:00,BE,3851.2,166.1,5898.1,2046.9,0.0,0.0,2026-01-14,2
2026-01-14 03:00:00,BE,3635.6,451.1,6053.1,2417.5,0.0,0.0,2026-01-14,3
2026-01-14 04:00:00,BE,3534.9,112.7,5677.7,2142.8,0.0,0.0,2026-01-14,4
2026-01-14 05:00:00,BE,3604.3,427.1,6129.1,2524.8,0.0,0.0,2026-01-14,5
2026-01-14 06:00:00,BE,3681.4,185.5,5844.5,2163.1,0.0,0.0,2026-01-14,6
2026-01-14 07:00:00,BE,3521.2,856.9,6485.9,2964.7,0.0,0.0,2026-01-14,7
2026-01-14 08:00:00,BE,3553.2,550.5,6265.5,2712.3,0.0,0.0,2026-01-14,8
2026-01-14 09:00:00,BE,3705.7,928.6,6538.6,2832.9,0.0,0.0,2026-01-14,9
2026-01-14 10:00:00,BE,3860.9,490.8,6088.8,2227.9,0.0,0.0,2026-01-14,10
2026-01-14 11:00:00,BE,3881.4,749.6,6426.6,2545.2,0.0,0.0,2026-01-14,11
2026-01-14 12:00:00,BE,4035.7,855.6,6519.6,2483.9,0.0,0.0,2026-01-14,12
2026-01-14 13:00:00,BE,4177.3,931.6,6495.6,2318.3,0.0,0.0,2026-01-14,13
2026-01-14 14:00:00,BE,4195.2,681.9,6347.9,2152.7,0.0,0.0,2026-01-14,14
2026-01-14 15:00:00,BE,4407.6,457.1,6060.1,1652.5,0.0,0.0,2026-01-14,15
2026-01-14 16:00:00,BE,4441.0,1174.8,6737.8,2296.8,0.0,0.0,2026-01-14,16
2026-01-14 17:00:00,BE,4748.0,237.3,5881.3,1133.3,0.04,23.43,2026-01-14,17
2026-01-14 18:00:00,BE,4512.8,685.5,6394.5,1881.7,0.0,0.0,2026-01-14,18
2026-01-14 19:00:00,BE,4612.6,352.5,5932.5,1319.9,0.02,4.2,2026-01-14,19
2026-01-14 20:00:00,BE,4553.2,742.3,6402.3,1849.1,0.0,0.0,2026-01-14,20
2026-01-14 21:00:00,BE,4293.8,394.5,6128.5,1834.7,0.0,0.0,2026-01-14,21
2026-01-14 22:00:00,BE,4174.4,448.6,6133.6,1959.2,0.0,0.0,2026-01-14,22
2026-01-14 23:00:00,BE,4150.1,518.8,6217.8,2067.7,0.0,0.0,2026-01-14,23
2026-01-15 00:00:00,BE,4153.5,506.8,6150.8,1997.3,0.0,0.0,2026-01-15,0
2026-01-15 01:00:00,BE,3875.6,525.7,6181.7,2306.1,0.0,0.0,2026-01-15,1
2026-01-15 02:00:00,BE,3744.9,1023.0,6702.0,2957.1,0.0,0.0,2026-01-15,2
2026-01-15 03:00:00,BE,3371.9,416.8,6140.8,2768.9,0.0,0.0,2026-01-15,3
2026-01-15 04:00:00,BE,3592.7,176.4,5760.4,2167.7,0.0,0.0,2026-01-15,4
2026-01-15 05:00:00,BE,3627.7,59.5,5748.5,2120.8,0.0,0.0,2026-01-15,5
2026-01-15 06:00:00,BE,3626.4,36.8,5625.8,1999.4,0.0,0.0,2026-01-15,6
2026-01-15 07:00:00,BE,3641.4,607.5,6238.5,2597.1,0.0,0.0,2026-01-15,7
2026-01-15 08:00:00,BE,3600.4,709.3,6370.3,2769.9,0.0,0.0,2026-01-15,8
2026-01-15 09:00:00,BE,3691.8,1249.0,6949.0,3257.2,0.0,0.0,2026-01-15,9
2026-01-15 10:00:00,BE,3922.3,712.1,6298.1,2375.8,0.0,0.0,2026-01-15,10
2026-01-15 11:00:00,BE,3926.6,805.2,6304.2,2377.6,0.0,0.0,2026-01-15,11
2026-01-15 12:00:00,BE,3795.7,894.9,6668.9,2873.2,0.0,0.0,2026-01-15,12
2026-01-15 13:00:00,BE,4323.8,752.6,6470.6,2146.8,0.0,0.0,2026-01-15,13
2026-01-15 14:00:00,BE,4192.5,709.2,6389.2,2196.7,0.0,0.0,2026-01-15,14
2026-01-15 15:00:00,BE,4590.2,1113.1,6753.1,2162.9,0.0,0.0,2026-01-15,15
2026-01-15 16:00:00,BE,4707.8,582.5,6279.5,1571.7,0.0,0.0,2026-01-15,16
2026-01-15 17:00:00,BE,4645.8,246.9,5937.9,1292.1,0.02,0.98,2026-01-15,17
2026-01-15 18:00:00,BE,4679.6,47.9,5747.9,1068.3,0.02,11.63,2026-01-15,18
2026-01-15 19:00:00,BE,4776.9,196.1,5869.1,1092.2,0.02,5.62,2026-01-15,19
2026-01-15 20:00:00,BE,4371.6,233.7,5833.7,1462.1,0.04,18.52,2026-01-15,20
2026-01-15 21:00:00,BE,4454.7,774.2,6527.2,2072.5,0.0,0.0,2026-01-15,21
2026-01-15 22:00:00,BE,4349.2,111.1,5756.1,1406.9,0.0,0.0,2026-01-15,22
2026-01-15 23:00:00,BE,4083.7,188.8,5764.8,1681.1,0.0,0.0,2026-01-15,23
2026-01-16 00:00:00,BE,4311.6,314.2,5954.2,1642.6,0.0,0.0,2026-01-16,0
2026-01-16 01:00:00,BE,3870.9,248.5,5809.5,1938.6,0.0,0.0,2026-01-16,1
2026-01-16 02:00:00,BE,3732.1,402.3,6007.3,2275.2,0.0,0.0,2026-01-16,2
2026-01-16 03:00:00,BE,3748.2,697.3,6287.3,2539.1,0.0,0.0,2026-01-16,3
2026-01-16 04:00:00,BE,3760.2,787.9,6475.9,2715.7,0.0,0.0,2026-01-16,4
2026-01-16 05:00:00,BE,3514.2,313.9,5874.9,2360.7,0.0,0.0,2026-01-16,5
2026-01-16 06:00:00,BE,3497.2,335.5,5958.5,2461.3,0.0,0.0,2026-01-16,6
2026-01-16 07:00:00,BE,3646.5,583.8,6261.8,2615.3,0.0,0.0,2026-01-16,7
2026-01-16 08:00:00,BE,3464.7,336.4,5924.4,2459.7,0.0,0.0,2026-01-16,8
2026-01-16 09:00:00,BE,3622.4,974.7,6636.7,3014.3,0.0,0.0,2026-01-16,9
2026-01-16 10:00:00,BE,3717.9,632.0,6297.0,2579.1,0.0,0.0,2026-01-16,10
2026-01-16 11:00:00,BE,3886.8,1024.6,6714.6,2827.8,0.0,0.0,2026-01-16,11
2026-01-16 12:00:00,BE,4051.1,1073.6,6707.6,2656.5,0.0,0.0,2026-01-16,12
2026-01-16 13:00:00,BE,4418.7,602.4,6332.4,1913.7,0.0,0.0,2026-01-16,13
2026-01-16 14:00:00,BE,4426.7,958.0,6654.0,2227.3,0.0,0.0,2026-01-16,14
2026-01-16 15:00:00,BE,4423.9,430.6,6037.6,1613.7,0.02,0.87,2026-01-16,15
2026-01-16 16:00:00,BE,4473.5,489.6,6102.6,1629.1,0.0,0.0,2026-01-16,16
2026-01-16 17:00:00,BE,4655.2,739.3,6396.3,1741.1,0.0,0.0,2026-01-16,17
2026-01-16 18:00:00,BE,4618.5,253.5,5950.5,1332.0,0.02,0.3,2026-01-16,18
2026-01-16 19:00:00,BE,4656.9,532.7,6300.7,1643.8,0.0,0.0,2026-01-16,19
2026-01-16 20:00:00,BE,4665.5,452.6,6049.6,1384.1,0.0,0.0,2026-01-16,20
2026-01-16 21:00:00,BE,4299.2,396.3,5960.3,1661.1,0.0,0.0,2026-01-16,21
2026-01-16 22:00:00,BE,4046.1,139.9,5794.9,1748.8,0.0,0.0,2026-01-16,22
2026-01-16 23:00:00,BE,4193.0,662.0,6233.0,2040.0,0.0,0.0,2026-01-16,23
2026-01-17 00:00:00,BE,4075.6,730.1,6367.1,2291.5,0.0,0.0,2026-01-17,0
2026-01-17 01:00:00,BE,3970.9,478.3,6084.3,2113.4,0.0,0.0,2026-01-17,1
2026-01-17 02:00:00,BE,3743.9,109.7,5702.7,1958.8,0.0,0.0,2026-01-17,2
2026-01-17 03:00:00,BE,3684.1,492.4,6214.4,2530.3,0.0,0.0,2026-01-17,3
2026-01-17 04:00:00,BE,3699.4,486.9,6189.9,2490.5,0.0,0.0,2026-01-17,4
2026-01-17 05:00:00,BE,3655.7,170.2,5851.2,2195.5,0.0,0.0,2026-01-17,5
2026-01-17 06:00:00,BE,3724.7,219.5,5854.5,2129.8,0.0,0.0,2026-01-17,6
2026-01-17 07:00:00,BE,3321.9,470.4,6140.4,2818.5,0.0,0.0,2026-01-17,7
2026-01-17 08:00:00,BE,3433.8,594.5,6258.5,2824.7,0.0,0.0,2026-01-17,8
2026-01-17 09:00:00,BE,3886.4,608.6,6261.6,2375.2,0.0,0.0,2026-01-17,9
2026-01-17 10:00:00,BE,3887.3,702.8,6351.8,2464.5,0.0,0.0,2026-01-17,10
2026-01-17 11:00:00,BE,4029.9,919.3,6590.3,2560.4,0.0,0.0,2026-01-17,11
2026-01-17 12:00:00,BE,4029.8,689.6,6351.6,2321.8,0.0,0.0,2026-01-17,12
2026-01-17 13:00:00,BE,4136.3,750.3,6470.3,2334.0,0.0,0.0,2026-01-17,13
2026-01-17 14:00:00,BE,4337.6,853.5,6463.5,2125.9,0.0,0.0,2026-01-17,14
2026-01-17 15:00:00,BE,4304.2,475.3,6163.3,1859.1,0.0,0.0,2026-01-17,15
2026-01-17 16:00:00,BE,4312.6,804.8,6436.8,2124.2,0.0,0.0,2026-01-17,16
2026-01-17 17:00:00,BE,4412.7,571.8,6292.8,1880.1,0.0,0.0,2026-01-17,17
2026-01-17 18:00:00,BE,4576.8,543.6,6175.6,1598.8,0.02,4.66,2026-01-17,18
2026-01-17 19:00:00,BE,4622.1,719.7,6459.7,1837.6,0.0,0.0,2026-01-17,19
2026-01-17 20:00:00,BE,4693.6,322.6,5830.6,1137.0,0.02,8.42,2026-01-17,20
2026-01-17 21:00:00,BE,4460.5,267.7,5936.7,1476.2,0.0,0.0,2026-01-17,21
2026-01-17 22:00:00,BE,4368.8,261.8,5812.8,1444.0,0.0,0.0,2026-01-17,22
2026-01-17 23:00:00,BE,4393.9,189.7,5787.7,1393.8,0.0,0.0,2026-01-17,23
2026-01-18 00:00:00,BE,3968.5,81.1,5707.1,1738.6,0.0,0.0,2026-01-18,0
2026-01-18 01:00:00,BE,3817.0,662.1,6292.1,2475.1,0.0,0.0,2026-01-18,1
2026-01-18 02:00:00,BE,3746.8,568.9,6184.9,2438.1,0.0,0.0,2026-01-18,2
2026-01-18 03:00:00,BE,3696.1,441.3,6220.3,2524.2,0.0,0.0,2026-01-18,3
2026-01-18 04:00:00,BE,3870.8,552.0,6167.0,2296.2,0.0,0.0,2026-01-18,4
2026-01-18 05:00:00,BE,3536.0,189.7,5692.7,2156.7,0.0,0.0,2026-01-18,5
2026-01-18 06:00:00,BE,3717.5,622.8,6279.8,2562.3,0.0,0.0,2026-01-18,6
2026-01-18 07:00:00,BE,3520.7,1030.6,6687.6,3166.9,0.0,0.0,2026-01-18,7
2026-01-18 08:00:00,BE,3686.2,683.9,6343.9,2657.7,0.0,0.0,2026-01-18,8
2026-01-18 09:00:00,BE,3788.2,1216.6,6894.6,3106.4,0.0,0.0,2026-01-18,9
2026-01-18 10:00:00,BE,3873.8,918.0,6536.0,2662.2,0.0,0.0,2026-01-18,10
2026-01-18 11:00:00,BE,4020.4,678.0,6318.0,2297.6,0.0,0.0,2026-01-18,11
2026-01-18 12:00:00,BE,3976.8,801.8,6535.8,2559.0,0.0,0.0,2026-01-18,12
2026-01-18 13:00:00,BE,4363.4,646.6,6198.6,1835.2,0.0,0.0,2026-01-18,13
2026-01-18 14:00:00,BE,4426.8,864.2,6577.2,2150.4,0.0,0.0,2026-01-18,14
2026-01-18 15:00:00,BE,4328.2,809.2,6436.2,2108.0,0.0,0.0,2026-01-18,15
2026-01-18 16:00:00,BE,4552.4,388.9,5987.9,1435.5,0.0,0.0,2026-01-18,16
2026-01-18 17:00:00,BE,4412.7,948.1,6735.1,2322.4,0.0,0.0,2026-01-18,17
2026-01-18 18:00:00,BE,4569.7,206.0,5860.0,1290.3,0.0,0.0,2026-01-18,18
2026-01-18 19:00:00,BE,4400.6,900.1,6553.1,2152.5,0.0,0.0,2026-01-18,19
2026-01-18 20:00:00,BE,4577.1,530.8,6188.8,1611.7,0.0,0.0,2026-01-18,20
2026-01-18 21:00:00,BE,4767.0,471.1,6153.1,1386.1,0.0,0.0,2026-01-18,21
2026-01-18 22:00:00,BE,4484.0,285.1,5931.1,1447.1,0.02,13.98,2026-01-18,22
2026-01-18 23:00:00,BE,4274.4,510.5,6112.5,1838.1,0.0,0.0,2026-01-18,23
2026-01-19 00:00:00,BE,3948.8,264.2,5996.2,2047.4,0.0,0.0,2026-01-19,0
2026-01-19 01:00:00,BE,3973.2,615.9,6224.9,2251.7,0.0,0.0,2026-01-19,1
2026-01-19 02:00:00,BE,3948.9,250.6,5935.6,1986.7,0.0,0.0,2026-01-19,2
2026-01-19 03:00:00,BE,3692.4,280.8,5912.8,2220.4,0.0,0.0,2026-01-19,3
2026-01-19 04:00:00,BE,3638.8,262.4,6006.4,2367.6,0.0,0.0,2026-01-19,4
2026-01-19 05:00:00,BE,3369.9,101.6,5680.6,2310.7,0.0,0.0,2026-01-19,5
2026-01-19 06:00:00,BE,3453.3,673.0,6326.0,2872.7,0.0,0.0,2026-01-19,6
2026-01-19 07:00:00,BE,3351.0,566.2,6247.2,2896.2,0.0,0.0,2026-01-19,7
2026-01-19 08:00:00,BE,3852.3,448.5,5992.5,2140.2,0.0,0.0,2026-01-19,8
2026-01-19 09:00:00,BE,3758.5,459.9,6157.9,2399.4,0.0,0.0,2026-01-19,9
2026-01-19 10:00:00,BE,3892.1,800.0,6456.0,2563.9,0.0,0.0,2026-01-19,10
2026-01-19 11:00:00,BE,3901.2,1229.4,6912.4,3011.2,0.0,0.0,2026-01-19,11
2026-01-19 12:00:00,BE,3879.5,986.2,6609.2,2729.7,0.0,0.0,2026-01-19,12
2026-01-19 13:00:00,BE,4205.1,663.8,6343.8,2138.7,0.0,0.0,2026-01-19,13
2026-01-19 14:00:00,BE,4228.0,573.1,6332.1,2104.1,0.0,0.0,2026-01-19,14
2026-01-19 15:00:00,BE,4291.3,810.1,6430.1,2138.8,0.0,0.0,2026-01-19,15
2026-01-19 16:00:00,BE,4493.6,452.4,6135.4,1641.8,0.0,0.0,2026-01-19,16
2026-01-19 17:00:00,BE,4549.9,381.4,5982.4,1432.5,0.02,2.37,2026-01-19,17
2026-01-19 18:00:00,BE,4531.9,522.0,6199.0,1667.1,0.0,0.0,2026-01-19,18
2026-01-19 19:00:00,BE,4443.4,265.3,5836.3,1392.9,0.0,0.0,2026-01-19,19
2026-01-19 20:00:00,BE,4367.8,724.6,6310.6,1942.8,0.02,0.86,2026-01-19,20
2026-01-19 21:00:00,BE,4407.2,572.1,6216.1,1808.9,0.0,0.0,2026-01-19,21
2026-01-19 22:00:00,BE,4449.4,137.1,5888.1,1438.7,0.0,0.0,2026-01-19,22
2026-01-19 23:00:00,BE,3989.4,422.3,6084.3,2094.9,0.0,0.0,2026-01-19,23
2026-01-20 00:00:00,BE,3973.4,671.9,6430.9,2457.5,0.0,0.0,2026-01-20,0
2026-01-20 01:00:00,BE,3903.2,518.3,6239.3,2336.1,0.0,0.0,2026-01-20,1
2026-01-20 02:00:00,BE,3782.8,328.2,6091.2,2308.4,0.0,0.0,2026-01-20,2
2026-01-20 03:00:00,BE,3627.0,119.1,5752.1,2125.1,0.0,0.0,2026-01-20,3
2026-01-20 04:00:00,BE,3849.9,586.3,6196.3,2346.4,0.0,0.0,2026-01-20,4
2026-01-20 05:00:00,BE,3616.3,245.5,5910.5,2294.2,0.0,0.0,2026-01-20,5
2026-01-20 06:00:00,BE,3432.8,442.4,6083.4,2650.6,0.0,0.0,2026-01-20,6
2026-01-20 07:00:00,BE,3342.0,209.6,5788.6,2446.6,0.0,0.0,2026-01-20,7
2026-01-20 08:00:00,BE,3596.9,598.9,6152.9,2556.0,0.0,0.0,2026-01-20,8
2026-01-20 09:00:00,BE,3874.4,1086.5,6700.5,2826.1,0.0,0.0,2026-01-20,9
2026-01-20 10:00:00,BE,3823.3,1239.2,6890.2,3066.9,0.0,0.0,2026-01-20,10
2026-01-20 11:00:00,BE,3642.7,626.4,6216.4,2573.7,0.0,0.0,2026-01-20,11
2026-01-20 12:00:00,BE,3884.5,749.4,6431.4,2546.9,0.0,0.0,2026-01-20,12
2026-01-20 13:00:00,BE,4193.7,932.2,6537.2,2343.5,0.0,0.0,2026-01-20,13
2026-01-20 14:00:00,BE,4427.5,908.0,6402.0,1974.5,0.0,0.0,2026-01-20,14
2026-01-20 15:00:00,BE,4419.6,680.9,6428.9,2009.3,0.0,0.0,2026-01-20,15
2026-01-20 16:00:00,BE,4499.8,794.7,6488.7,1988.9,0.0,0.0,2026-01-20,16
2026-01-20 17:00:00,BE,4660.4,775.9,6386.9,1726.5,0.0,0.0,2026-01-20,17
2026-01-20 18:00:00,BE,4699.2,212.4,5849.4,1150.2,0.04,26.47,2026-01-20,18
2026-01-20 19:00:00,BE,4450.0,736.9,6244.9,1794.9,0.0,0.0,2026-01-20,19
2026-01-20 20:00:00,BE,4533.6,309.6,5928.6,1395.0,0.0,0.0,2026-01-20,20
2026-01-20 21:00:00,BE,4286.5,85.3,5637.3,1350.8,0.02,5.02,2026-01-20,21
2026-01-20 22:00:00,BE,4168.4,484.3,6117.3,1948.9,0.0,0.0,2026-01-20,22
2026-01-20 23:00:00,BE,4247.4,738.9,6457.9,2210.5,0.0,0.0,2026-01-20,23
2026-01-21 00:00:00,BE,3876.4,496.9,6098.9,2222.5,0.0,0.0,2026-01-21,0
2026-01-21 01:00:00,BE,3937.9,592.6,6273.6,2335.7,0.0,0.0,2026-01-21,1
2026-01-21 02:00:00,BE,3834.5,839.6,6510.6,2676.1,0.0,0.0,2026-01-21,2
2026-01-21 03:00:00,BE,3796.3,410.5,6115.5,2319.2,0.0,0.0,2026-01-21,3
2026-01-21 04:00:00,BE,3475.2,475.1,6136.1,2660.9,0.0,0.0,2026-01-21,4
2026-01-21 05:00:00,BE,3608.8,54.1,5667.1,2058.3,0.0,0.0,2026-01-21,5
2026-01-21 06:00:00,BE,3530.8,517.2,6208.2,2677.4,0.0,0.0,2026-01-21,6
2026-01-21 07:00:00,BE,3741.0,541.8,6060.8,2319.8,0.0,0.0,2026-01-21,7
2026-01-21 08:00:00,BE,3523.3,672.4,6346.4,2823.1,0.0,0.0,2026-01-21,8
2026-01-21 09:00:00,BE,3558.5,894.5,6565.5,3007.0,0.0,0.0,2026-01-21,9
2026-01-21 10:00:00,BE,3855.0,679.2,6312.2,2457.2,0.0,0.0,2026-01-21,10
2026-01-21 11:00:00,BE,3812.7,761.1,6398.1,2585.4,0.0,0.0,2026-01-21,11
2026-01-21 12:00:00,BE,3889.2,814.8,6454.8,2565.6,0.0,0.0,2026-01-21,12
2026-01-21 13:00:00,BE,4282.9,831.9,6585.9,2303.0,0.0,0.0,2026-01-21,13
2026-01-21 14:00:00,BE,4345.7,595.9,6333.9,1988.2,0.0,0.0,2026-01-21,14
2026-01-21 15:00:00,BE,4024.1,695.2,6495.2,2471.1,0.0,0.0,2026-01-21,15
2026-01-21 16:00:00,BE,4366.1,437.0,6065.0,1698.9,0.0,0.0,2026-01-21,16
2026-01-21 17:00:00,BE,4393.4,666.0,6340.0,1946.6,0.02,4.55,2026-01-21,17
2026-01-21 18:00:00,BE,4620.5,428.8,6138.8,1518.3,0.0,0.0,2026-01-21,18
2026-01-21 19:00:00,BE,4702.6,108.5,5686.5,983.9,0.04,6.76,2026-01-21,19
2026-01-21 20:00:00,BE,4722.7,220.9,5885.9,1163.2,0.02,13.04,2026-01-21,20
2026-01-21 21:00:00,BE,4480.8,311.9,5907.9,1427.1,0.0,0.0,2026-01-21,21
2026-01-21 22:00:00,BE,4160.8,591.3,6257.3,2096.5,0.0,0.0,2026-01-21,22
2026-01-21 23:00:00,BE,4035.7,424.4,6049.4,2013.7,0.0,0.0,2026-01-21,23
2026-01-22 00:00:00,BE,3927.5,493.5,6170.5,2243.0,0.0,0.0,2026-01-22,0
2026-01-22 01:00:00,BE,3970.9,124.6,5683.6,1712.7,0.0,0.0,2026-01-22,1
2026-01-22 02:00:00,BE,3943.2,224.9,5844.9,1901.7,0.0,0.0,2026-01-22,2
2026-01-22 03:00:00,BE,3457.5,405.5,6047.5,2590.0,0.0,0.0,2026-01-22,3
2026-01-22 04:00:00,BE,3681.0,202.8,5812.8,2131.8,0.0,0.0,2026-01-22,4
2026-01-22 05:00:00,BE,3669.1,166.8,5873.8,2204.7,0.0,0.0,2026-01-22,5
2026-01-22 06:00:00,BE,3578.4,339.0,6020.0,2441.6,0.0,0.0,2026-01-22,6
2026-01-22 07:00:00,BE,3945.6,388.1,5991.1,2045.5,0.0,0.0,2026-01-22,7
2026-01-22 08:00:00,BE,3671.2,370.2,6028.2,2357.0,0.0,0.0,2026-01-22,8
2026-01-22 09:00:00,BE,3690.1,556.9,6149.9,2459.8,0.0,0.0,2026-01-22,9
2026-01-22 10:00:00,BE,3862.8,934.2,6578.2,2715.4,0.0,0.0,2026-01-22,10
2026-01-22 11:00:00,BE,3844.6,1022.8,6578.8,2734.2,0.0,0.0,2026-01-22,11
2026-01-22 12:00:00,BE,3907.1,703.6,6437.6,2530.5,0.0,0.0,2026-01-22,12
2026-01-22 13:00:00,BE,4218.9,699.6,6349.6,2130.7,0.0,0.0,2026-01-22,13
2026-01-22 14:00:00,BE,4427.0,701.6,6451.6,2024.6,0.0,0.0,2026-01-22,14
2026-01-22 15:00:00,BE,4363.7,870.3,6561.3,2197.6,0.0,0.0,2026-01-22,15
2026-01-22 16:00:00,BE,4582.2,619.9,6250.9,1668.7,0.02,0.25,2026-01-22,16
2026-01-22 17:00:00,BE,4475.8,536.1,6088.1,1612.3,0.0,0.0,2026-01-22,17
2026-01-22 18:00:00,BE,4733.4,284.9,6035.9,1302.5,0.0,0.0,2026-01-22,18
2026-01-22 19:00:00,BE,4546.2,358.2,5970.2,1424.0,0.0,0.0,2026-01-22,19
2026-01-22 20:00:00,BE,4534.3,371.4,5921.4,1387.1,0.0,0.0,2026-01-22,20
2026-01-22 21:00:00,BE,4482.4,162.3,5882.3,1399.9,0.0,0.0,2026-01-22,21
2026-01-22 22:00:00,BE,4124.5,363.0,5878.0,1753.5,0.0,0.0,2026-01-22,22
2026-01-22 23:00:00,BE,4144.0,683.5,6266.5,2122.5,0.0,0.0,2026-01-22,23
2026-01-23 00:00:00,BE,4257.1,226.2,5907.2,1650.1,0.0,0.0,2026-01-23,0
2026-01-23 01:00:00,BE,3911.0,611.8,6290.8,2379.8,0.0,0.0,2026-01-23,1
2026-01-23 02:00:00,BE,3954.1,323.4,6046.4,2092.3,0.0,0.0,2026-01-23,2
2026-01-23 03:00:00,BE,3788.0,248.6,5824.6,2036.6,0.0,0.0,2026-01-23,3
2026-01-23 04:00:00,BE,3382.9,580.8,6219.8,2836.9,0.0,0.0,2026-01-23,4
2026-01-23 05:00:00,BE,3637.0,528.5,6131.5,2494.5,0.0,0.0,2026-01-23,5
2026-01-23 06:00:00,BE,3404.2,868.8,6510.8,3106.6,0.0,0.0,2026-01-23,6
2026-01-23 07:00:00,BE,3582.9,621.7,6368.7,2785.8,0.0,0.0,2026-01-23,7
2026-01-23 08:00:00,BE,3551.4,520.4,6232.4,2681.0,0.0,0.0,2026-01-23,8
2026-01-23 09:00:00,BE,3683.1,720.3,6331.3,2648.2,0.0,0.0,2026-01-23,9
2026-01-23 10:00:00,BE,3775.3,887.1,6511.1,2735.8,0.0,0.0,2026-01-23,10
2026-01-23 11:00:00,BE,3933.3,1226.4,6869.4,2936.1,0.0,0.0,2026-01-23,11
2026-01-23 12:00:00,BE,3979.5,623.5,6166.5,2187.0,0.0,0.0,2026-01-23,12
2026-01-23 13:00:00,BE,4000.4,675.5,6282.5,2282.1,0.0,0.0,2026-01-23,13
2026-01-23 14:00:00,BE,4161.6,504.8,6142.8,1981.2,0.02,6.14,2026-01-23,14
2026-01-23 15:00:00,BE,4496.1,581.5,6193.5,1697.4,0.0,0.0,2026-01-23,15
2026-01-23 16:00:00,BE,4672.3,936.6,6704.6,2032.3,0.0,0.0,2026-01-23,16
2026-01-23 17:00:00,BE,4543.0,436.3,5996.3,1453.3,0.04,9.27,2026-01-23,17
2026-01-23 18:00:00,BE,4632.9,393.7,6053.7,1420.8,0.0,0.0,2026-01-23,18
2026-01-23 19:00:00,BE,4631.8,522.2,6220.2,1588.4,0.0,0.0,2026-01-23,19
2026-01-23 20:00:00,BE,4300.5,740.2,6344.2,2043.7,0.0,0.0,2026-01-23,20
2026-01-23 21:00:00,BE,4160.0,334.8,5966.8,1806.8,0.0,0.0,2026-01-23,21
2026-01-23 22:00:00,BE,4274.7,379.2,5980.2,1705.5,0.0,0.0,2026-01-23,22
2026-01-23 23:00:00,BE,3933.0,736.9,6363.9,2430.9,0.0,0.0,2026-01-23,23
2026-01-24 00:00:00,BE,3997.7,299.9,6005.9,2008.2,0.0,0.0,2026-01-24,0
2026-01-24 01:00:00,BE,3723.3,638.4,6268.4,2545.1,0.0,0.0,2026-01-24,1
2026-01-24 02:00:00,BE,3705.0,255.7,5913.7,2208.7,0.0,0.0,2026-01-24,2
2026-01-24 03:00:00,BE,3585.9,577.4,6164.4,2578.5,0.0,0.0,2026-01-24,3
2026-01-24 04:00:00,BE,3658.8,300.9,5994.9,2336.1,0.0,0.0,2026-01-24,4
2026-01-24 05:00:00,BE,3468.5,424.0,6083.0,2614.5,0.0,0.0,2026-01-24,5
2026-01-24 06:00:00,BE,3391.1,33.6,5624.6,2233.5,0.0,0.0,2026-01-24,6
2026-01-24 07:00:00,BE,3551.5,291.4,5940.4,2388.9,0.0,0.0,2026-01-24,7
2026-01-24 08:00:00,BE,3951.4,701.6,6399.6,2448.2,0.0,0.0,2026-01-24,8
2026-01-24 09:00:00,BE,3733.7,473.1,6127.1,2393.4,0.0,0.0,2026-01-24,9
2026-01-24 10:00:00,BE,3544.5,1112.9,6734.9,3190.4,0.0,0.0,2026-01-24,10
2026-01-24 11:00:00,BE,3909.2,498.6,6102.6,2193.4,0.0,0.0,2026-01-24,11
2026-01-24 12:00:00,BE,4335.9,809.4,6411.4,2075.5,0.0,0.0,2026-01-24,12
2026-01-24 13:00:00,BE,4176.8,1386.1,7058.1,2881.3,0.0,0.0,2026-01-24,13
2026-01-24 14:00:00,BE,4430.5,841.0,6487.0,2056.5,0.0,0.0,2026-01-24,14
2026-01-24 15:00:00,BE,4513.4,823.1,6499.1,1985.7,0.0,0.0,2026-01-24,15
2026-01-24 16:00:00,BE,4602.0,1125.6,6714.6,2112.6,0.0,0.0,2026-01-24,16
2026-01-24 17:00:00,BE,4635.1,461.5,6009.5,1374.4,0.0,0.0,2026-01-24,17
2026-01-24 18:00:00,BE,4559.7,544.5,6240.5,1680.8,0.02,2.3,2026-01-24,18
2026-01-24 19:00:00,BE,4486.4,261.9,5977.9,1491.5,0.02,6.49,2026-01-24,19
2026-01-24 20:00:00,BE,4424.9,248.8,5699.8,1274.9,0.04,9.04,2026-01-24,20
2026-01-24 21:00:00,BE,4393.0,91.3,5744.3,1351.3,0.0,0.0,2026-01-24,21
2026-01-24 22:00:00,BE,4326.0,906.5,6444.5,2118.5,0.0,0.0,2026-01-24,22
2026-01-24 23:00:00,BE,4000.9,168.7,5707.7,1706.8,0.0,0.0,2026-01-24,23
2026-01-25 00:00:00,BE,3990.6,242.0,5841.0,1850.4,0.0,0.0,2026-01-25,0
2026-01-25 01:00:00,BE,3889.7,620.5,6332.5,2442.8,0.0,0.0,2026-01-25,1
2026-01-25 02:00:00,BE,3786.7,270.8,5784.8,1998.1,0.0,0.0,2026-01-25,2
2026-01-25 03:00:00,BE,3632.8,399.2,6203.2,2570.4,0.0,0.0,2026-01-25,3
2026-01-25 04:00:00,BE,3687.0,393.8,6136.8,2449.8,0.0,0.0,2026-01-25,4
2026-01-25 05:00:00,BE,3527.5,187.5,5807.5,2280.0,0.0,0.0,2026-01-25,5
2026-01-25 06:00:00,BE,3477.7,454.9,6116.9,2639.2,0.0,0.0,2026-01-25,6
2026-01-25 07:00:00,BE,3391.1,639.0,6311.0,2919.9,0.0,0.0,2026-01-25,7
2026-01-25 08:00:00,BE,3495.9,504.0,6156.0,2660.1,0.0,0.0,2026-01-25,8
2026-01-25 09:00:00,BE,3695.9,613.3,6238.3,2542.4,0.0,0.0,2026-01-25,9
2026-01-25 10:00:00,BE,3786.0,515.5,6160.5,2374.5,0.0,0.0,2026-01-25,10
2026-01-25 11:00:00,BE,3647.3,966.2,6710.2,3062.9,0.0,0.0,2026-01-25,11
2026-01-25 12:00:00,BE,4132.1,1193.5,6861.5,2729.4,0.0,0.0,2026-01-25,12
2026-01-25 13:00:00,BE,4066.0,471.8,6084.8,2018.8,0.0,0.0,2026-01-25,13
2026-01-25 14:00:00,BE,4162.4,765.3,6408.3,2245.9,0.0,0.0,2026-01-25,14
2026-01-25 15:00:00,BE,4507.7,661.1,6362.1,1854.4,0.0,0.0,2026-01-25,15
2026-01-25 16:00:00,BE,4592.7,735.0,6417.0,1824.3,0.0,0.0,2026-01-25,16
2026-01-25 17:00:00,BE,4417.4,295.0,5924.0,1506.6,0.0,0.0,2026-01-25,17
2026-01-25 18:00:00,BE,4476.9,461.4,6010.4,1533.5,0.0,0.0,2026-01-25,18
2026-01-25 19:00:00,BE,4355.4,91.6,5746.6,1391.2,0.0,0.0,2026-01-25,19
2026-01-25 20:00:00,BE,4549.7,851.9,6407.9,1858.2,0.0,0.0,2026-01-25,20
2026-01-25 21:00:00,BE,4480.9,305.9,5994.9,1514.0,0.02,8.5,2026-01-25,21
2026-01-25 22:00:00,BE,4215.8,234.5,5884.5,1668.7,0.0,0.0,2026-01-25,22
2026-01-25 23:00:00,BE,4314.6,681.0,6343.0,2028.4,0.0,0.0,2026-01-25,23
2026-01-26 00:00:00,BE,4128.2,366.3,5993.3,1865.1,0.04,5.48,2026-01-26,0
2026-01-26 01:00:00,BE,3873.4,239.9,5850.9,1977.5,0.0,0.0,2026-01-26,1
2026-01-26 02:00:00,BE,3854.0,439.6,6095.6,2241.6,0.0,0.0,2026-01-26,2
2026-01-26 03:00:00,BE,3465.0,152.2,5805.2,2340.2,0.0,0.0,2026-01-26,3
2026-01-26 04:00:00,BE,3552.3,274.1,5980.1,2427.8,0.0,0.0,2026-01-26,4
2026-01-26 05:00:00,BE,3563.8,343.5,6026.5,2462.7,0.0,0.0,2026-01-26,5
2026-01-26 06:00:00,BE,3515.1,813.1,6544.1,3029.0,0.0,0.0,2026-01-26,6
2026-01-26 07:00:00,BE,3779.1,663.7,6334.7,2555.6,0.0,0.0,2026-01-26,7
2026-01-26 08:00:00,BE,3620.0,483.2,6078.2,2458.2,0.0,0.0,2026-01-26,8
2026-01-26 09:00:00,BE,3705.9,545.4,6108.4,2402.5,0.0,0.0,2026-01-26,9
2026-01-26 10:00:00,BE,3605.9,1283.4,6891.4,3285.5,0.0,0.0,2026-01-26,10
2026-01-26 11:00:00,BE,3863.0,639.0,6315.0,2452.0,0.0,0.0,2026-01-26,11
2026-01-26 12:00:00,BE,3920.7,646.7,6172.7,2252.0,0.0,0.0,2026-01-26,12
2026-01-26 13:00:00,BE,4425.7,761.5,6314.5,1888.8,0.0,0.0,2026-01-26,13
2026-01-26 14:00:00,BE,4214.2,812.3,6441.3,2227.1,0.0,0.0,2026-01-26,14
2026-01-26 15:00:00,BE,4381.7,519.8,6210.8,1829.1,0.0,0.0,2026-01-26,15
2026-01-26 16:00:00,BE,4592.5,957.6,6455.6,1863.1,0.0,0.0,2026-01-26,16
2026-01-26 17:00:00,BE,4575.1,469.8,6135.8,1560.7,0.0,0.0,2026-01-26,17
2026-01-26 18:00:00,BE,4343.7,184.1,5758.1,1414.4,0.02,4.19,2026-01-26,18
2026-01-26 19:00:00,BE,4572.3,268.7,5931.7,1359.4,0.0,0.0,2026-01-26,19
2026-01-26 20:00:00,BE,4530.7,656.8,6165.8,1635.1,0.0,0.0,2026-01-26,20
2026-01-26 21:00:00,BE,4343.9,721.2,6444.2,2100.3,0.0,0.0,2026-01-26,21
2026-01-26 22:00:00,BE,4317.6,313.3,5886.3,1568.7,0.02,5.09,2026-01-26,22
2026-01-26 23:00:00,BE,4153.6,760.5,6434.5,2280.9,0.0,0.0,2026-01-26,23
2026-01-27 00:00:00,BE,3845.1,356.7,6073.7,2228.6,0.0,0.0,2026-01-27,0
2026-01-27 01:00:00,BE,3814.0,718.8,6377.8,2563.8,0.0,0.0,2026-01-27,1
2026-01-27 02:00:00,BE,3763.3,487.6,6096.6,2333.3,0.0,0.0,2026-01-27,2
2026-01-27 03:00:00,BE,3586.6,305.8,6036.8,2450.2,0.0,0.0,2026-01-27,3
2026-01-27 04:00:00,BE,3641.9,257.2,5790.2,2148.3,0.0,0.0,2026-01-27,4
2026-01-27 05:00:00,BE,3647.2,735.1,6376.1,2728.9,0.0,0.0,2026-01-27,5
2026-01-27 06:00:00,BE,3542.5,316.1,5900.1,2357.6,0.0,0.0,2026-01-27,6
2026-01-27 07:00:00,BE,3481.7,991.1,6509.1,3027.4,0.0,0.0,2026-01-27,7
2026-01-27 08:00:00,BE,3739.6,440.7,6235.7,2496.1,0.0,0.0,2026-01-27,8
2026-01-27 09:00:00,BE,3671.8,669.8,6327.8,2656.0,0.0,0.0,2026-01-27,9
2026-01-27 10:00:00,BE,3801.0,1046.9,6701.9,2900.9,0.0,0.0,2026-01-27,10
2026-01-27 11:00:00,BE,3787.2,615.9,6342.9,2555.7,0.0,0.0,2026-01-27,11
2026-01-27 12:00:00,BE,3981.9,450.1,6108.1,2126.2,0.0,0.0,2026-01-27,12
2026-01-27 13:00:00,BE,4256.9,1069.9,6770.9,2514.0,0.0,0.0,2026-01-27,13
2026-01-27 14:00:00,BE,4346.6,655.7,6293.7,1947.1,0.0,0.0,2026-01-27,14
2026-01-27 15:00:00,BE,4338.2,506.4,6137.4,1799.2,0.0,0.0,2026-01-27,15
2026-01-27 16:00:00,BE,4440.8,554.4,6234.4,1793.6,0.0,0.0,2026-01-27,16
2026-01-27 17:00:00,BE,4513.4,126.4,5808.4,1295.0,0.02,13.74,2026-01-27,17
2026-01-27 18:00:00,BE,4393.3,764.4,6491.4,2098.1,0.0,0.0,2026-01-27,18
2026-01-27 19:00:00,BE,4466.7,664.5,6312.5,1845.8,0.0,0.0,2026-01-27,19
2026-01-27 20:00:00,BE,4377.3,512.3,6195.3,1818.0,0.0,0.0,2026-01-27,20
2026-01-27 21:00:00,BE,4192.7,400.5,5945.5,1752.8,0.0,0.0,2026-01-27,21
2026-01-27 22:00:00,BE,4273.4,461.3,6199.3,1925.9,0.0,0.0,2026-01-27,22
2026-01-27 23:00:00,BE,4117.0,449.0,5939.0,1822.0,0.02,3.36,2026-01-27,23
2026-01-28 00:00:00,BE,3828.9,460.6,6163.6,2334.7,0.0,0.0,2026-01-28,0
2026-01-28 01:00:00,BE,3779.4,398.7,5947.7,2168.3,0.0,0.0,2026-01-28,1
2026-01-28 02:00:00,BE,3743.5,279.2,6026.2,2282.7,0.0,0.0,2026-01-28,2
2026-01-28 03:00:00,BE,3303.2,409.5,6089.5,2786.3,0.0,0.0,2026-01-28,3
2026-01-28 04:00:00,BE,3592.4,756.6,6320.6,2728.2,0.0,0.0,2026-01-28,4
2026-01-28 05:00:00,BE,3552.1,191.3,5911.3,2359.2,0.0,0.0,2026-01-28,5
2026-01-28 06:00:00,BE,3580.7,27.0,5695.0,2114.3,0.0,0.0,2026-01-28,6
2026-01-28 07:00:00,BE,3448.1,606.7,6325.7,2877.6,0.0,0.0,2026-01-28,7
2026-01-28 08:00:00,BE,3398.5,519.9,6077.9,2679.4,0.0,0.0,2026-01-28,8
2026-01-28 09:00:00,BE,3723.7,565.3,6169.3,2445.6,0.0,0.0,2026-01-28,9
2026-01-28 10:00:00,BE,3586.6,667.0,6332.0,2745.4,0.0,0.0,2026-01-28,10
2026-01-28 11:00:00,BE,3936.8,572.4,6110.4,2173.6,0.0,0.0,2026-01-28,11
2026-01-28 12:00:00,BE,3919.9,1117.3,6749.3,2829.4,0.0,0.0,2026-01-28,12
2026-01-28 13:00:00,BE,4008.7,651.1,6391.1,2382.4,0.0,0.0,2026-01-28,13
2026-01-28 14:00:00,BE,4285.8,487.0,6182.0,1896.2,0.0,0.0,2026-01-28,14
2026-01-28 15:00:00,BE,4488.4,707.8,6283.8,1795.4,0.0,0.0,2026-01-28,15
2026-01-28 16:00:00,BE,4414.0,476.3,6221.3,1807.3,0.0,0.0,2026-01-28,16
2026-01-28 17:00:00,BE,4453.0,1078.3,6823.3,2370.3,0.0,0.0,2026-01-28,17
2026-01-28 18:00:00,BE,4296.6,608.2,6314.2,2017.6,0.0,0.0,2026-01-28,18
2026-01-28 19:00:00,BE,4581.7,451.0,6136.0,1554.3,0.0,0.0,2026-01-28,19
2026-01-28 20:00:00,BE,4440.4,516.8,6160.8,1720.4,0.02,8.47,2026-01-28,20
2026-01-28 21:00:00,BE,4319.3,597.2,6254.2,1934.9,0.0,0.0,2026-01-28,21
2026-01-28 22:00:00,BE,4405.1,371.8,6141.8,1736.7,0.0,0.0,2026-01-28,22
2026-01-28 23:00:00,BE,3939.1,386.8,6067.8,2128.7,0.0,0.0,2026-01-28,23
2026-01-29 00:00:00,BE,3936.9,32.6,5615.6,1678.7,0.0,0.0,2026-01-29,0
2026-01-29 01:00:00,BE,3868.3,331.5,6065.5,2197.2,0.0,0.0,2026-01-29,1
2026-01-29 02:00:00,BE,3711.4,436.3,6072.3,2360.9,0.0,0.0,2026-01-29,2
2026-01-29 03:00:00,BE,3350.6,500.4,6119.4,2768.8,0.0,0.0,2026-01-29,3
2026-01-29 04:00:00,BE,3605.2,343.5,6035.5,2430.3,0.0,0.0,2026-01-29,4
2026-01-29 05:00:00,BE,3509.3,214.8,5790.8,2281.5,0.0,0.0,2026-01-29,5
2026-01-29 06:00:00,BE,3617.0,528.6,6197.6,2580.6,0.0,0.0,2026-01-29,6
2026-01-29 07:00:00,BE,3757.2,778.8,6317.8,2560.6,0.0,0.0,2026-01-29,7
2026-01-29 08:00:00,BE,3539.5,687.6,6410.6,2871.1,0.0,0.0,2026-01-29,8
2026-01-29 09:00:00,BE,3687.3,565.7,6235.7,2548.4,0.0,0.0,2026-01-29,9
2026-01-29 10:00:00,BE,3774.8,596.1,6137.1,2362.3,0.0,0.0,2026-01-29,10
2026-01-29 11:00:00,BE,3885.1,759.3,6399.3,2514.2,0.0,0.0,2026-01-29,11
2026-01-29 12:00:00,BE,3977.2,678.1,6209.1,2231.9,0.0,0.0,2026-01-29,12
2026-01-29 13:00:00,BE,4169.3,679.8,6368.8,2199.5,0.0,0.0,2026-01-29,13
2026-01-29 14:00:00,BE,4378.6,1123.9,6656.9,2278.3,0.0,0.0,2026-01-29,14
2026-01-29 15:00:00,BE,4244.6,999.0,6747.0,2502.4,0.0,0.0,2026-01-29,15
2026-01-29 16:00:00,BE,4653.7,1116.2,6707.2,2053.5,0.0,0.0,2026-01-29,16
2026-01-29 17:00:00,BE,4536.0,379.0,6012.0,1476.0,0.02,2.14,2026-01-29,17
2026-01-29 18:00:00,BE,4528.4,353.7,5881.7,1353.3,0.06,22.48,2026-01-29,18
2026-01-29 19:00:00,BE,4204.8,275.4,5854.4,1649.6,0.0,0.0,2026-01-29,19
2026-01-29 20:00:00,BE,4423.1,590.9,6217.9,1794.8,0.0,0.0,2026-01-29,20
2026-01-29 21:00:00,BE,4227.5,665.6,6336.6,2109.1,0.0,0.0,2026-01-29,21
2026-01-29 22:00:00,BE,4309.7,257.1,5854.1,1544.4,0.0,0.0,2026-01-29,22
2026-01-29 23:00:00,BE,4234.6,458.8,6086.8,1852.2,0.0,0.0,2026-01-29,23
2026-01-30 00:00:00,BE,4128.1,129.9,5768.9,1640.8,0.0,0.0,2026-01-30,0
2026-01-30 01:00:00,BE,3840.5,240.2,5861.2,2020.7,0.0,0.0,2026-01-30,1
2026-01-30 02:00:00,BE,3730.6,445.9,5980.9,2250.3,0.0,0.0,2026-01-30,2
2026-01-30 03:00:00,BE,3688.1,344.7,6069.7,2381.6,0.0,0.0,2026-01-30,3
2026-01-30 04:00:00,BE,3304.1,180.9,5858.9,2554.8,0.0,0.0,2026-01-30,4
2026-01-30 05:00:00,BE,3453.6,592.1,6136.1,2682.5,0.0,0.0,2026-01-30,5
2026-01-30 06:00:00,BE,3423.2,323.2,5970.2,2547.0,0.0,0.0,2026-01-30,6
2026-01-30 07:00:00,BE,3567.5,556.4,6209.4,2641.9,0.0,0.0,2026-01-30,7
2026-01-30 08:00:00,BE,3499.8,678.4,6407.4,2907.6,0.0,0.0,2026-01-30,8
2026-01-30 09:00:00,BE,3723.1,481.7,6226.7,2503.6,0.0,0.0,2026-01-30,9
2026-01-30 10:00:00,BE,3713.9,709.0,6398.0,2684.1,0.0,0.0,2026-01-30,10
2026-01-30 11:00:00,BE,3960.0,732.8,6277.8,2317.8,0.0,0.0,2026-01-30,11
2026-01-30 12:00:00,BE,4252.6,725.5,6301.5,2048.9,0.02,3.54,2026-01-30,12
2026-01-30 13:00:00,BE,4302.5,881.7,6550.7,2248.2,0.0,0.0,2026-01-30,13
2026-01-30 14:00:00,BE,4349.5,598.1,6279.1,1929.6,0.0,0.0,2026-01-30,14
2026-01-30 15:00:00,BE,4476.4,427.7,6021.7,1545.3,0.02,13.97,2026-01-30,15
2026-01-30 16:00:00,BE,4374.3,693.7,6388.7,2014.4,0.0,0.0,2026-01-30,16
2026-01-30 17:00:00,BE,4375.3,334.1,6054.1,1678.8,0.0,0.0,2026-01-30,17
2026-01-30 18:00:00,BE,4383.0,685.8,6344.8,1961.8,0.0,0.0,2026-01-30,18
2026-01-30 19:00:00,BE,4490.7,138.7,5728.7,1238.0,0.02,8.04,2026-01-30,19
2026-01-30 20:00:00,BE,4593.7,70.7,5722.7,1129.0,0.02,0.46,2026-01-30,20
2026-01-30 21:00:00,BE,4249.6,581.6,6198.6,1949.0,0.0,0.0,2026-01-30,21
2026-01-30 22:00:00,BE,4289.5,369.7,6042.7,1753.2,0.0,0.0,2026-01-30,22
2026-01-30 23:00:00,BE,3962.7,350.6,5917.6,1954.9,0.0,0.0,2026-01-30,23
2026-01-31 00:00:00,BE,3836.7,279.5,5960.5,2123.8,0.0,0.0,2026-01-31,0
2026-01-31 01:00:00,BE,3955.8,270.0,5965.0,2009.2,0.0,0.0,2026-01-31,1
2026-01-31 02:00:00,BE,3649.6,454.3,6066.3,2416.7,0.0,0.0,2026-01-31,2
2026-01-31 03:00:00,BE,3542.3,357.9,6009.9,2467.6,0.0,0.0,2026-01-31,3
2026-01-31 04:00:00,BE,3785.4,310.0,5995.0,2209.6,0.0,0.0,2026-01-31,4
2026-01-31 05:00:00,BE,3506.3,489.5,6203.5,2697.2,0.0,0.0,2026-01-31,5
2026-01-31 06:00:00,BE,3475.4,205.4,5829.4,2354.0,0.0,0.0,2026-01-31,6
2026-01-31 07:00:00,BE,3469.9,256.9,5982.9,2513.0,0.0,0.0,2026-01-31,7
2026-01-31 08:00:00,BE,3596.9,672.5,6432.5,2835.6,0.0,0.0,2026-01-31,8
2026-01-31 09:00:00,BE,3541.3,1304.6,6882.6,3341.3,0.0,0.0,2026-01-31,9
2026-01-31 10:00:00,BE,3736.3,835.9,6511.9,2775.6,0.0,0.0,2026-01-31,10
2026-01-31 11:00:00,BE,3980.1,894.5,6542.5,2562.4,0.0,0.0,2026-01-31,11
2026-01-31 12:00:00,BE,3940.3,770.5,6419.5,2479.2,0.0,0.0,2026-01-31,12
2026-01-31 13:00:00,BE,3822.4,648.2,6407.2,2584.8,0.0,0.0,2026-01-31,13
2026-01-31 14:00:00,BE,4149.5,604.8,6238.8,2089.3,0.0,0.0,2026-01-31,14
2026-01-31 15:00:00,BE,4423.5,804.0,6348.0,1924.5,0.0,0.0,2026-01-31,15
2026-01-31 16:00:00,BE,4545.0,542.6,6213.6,1668.6,0.0,0.0,2026-01-31,16
2026-01-31 17:00:00,BE,4503.7,1072.5,6692.5,2188.8,0.0,0.0,2026-01-31,17
2026-01-31 18:00:00,BE,4648.1,274.3,5814.3,1166.2,0.02,6.48,2026-01-31,18
2026-01-31 19:00:00,BE,4334.7,293.2,5863.2,1528.5,0.0,0.0,2026-01-31,19
2026-01-31 20:00:00,BE,4562.7,140.6,5833.6,1270.9,0.04,16.88,2026-01-31,20
2026-01-31 21:00:00,BE,4354.6,302.4,6102.4,1747.8,0.0,0.0,2026-01-31,21
2026-01-31 22:00:00,BE,4306.6,324.6,5947.6,1641.0,0.02,0.64,2026-01-31,22
2026-01-31 23:00:00,BE,3761.4,169.2,5791.2,2029.8,0.0,0.0,2026-01-31,23
2026-02-01 00:00:00,BE,4082.0,705.5,6324.5,2242.5,0.0,0.0,2026-02-01,0
2026-02-01 01:00:00,BE,3873.1,514.3,6209.3,2336.2,0.0,0.0,2026-02-01,1
2026-02-01 02:00:00,BE,3953.2,278.6,5834.6,1881.4,0.0,0.0,2026-02-01,2
2026-02-01 03:00:00,BE,3642.9,733.5,6435.5,2792.6,0.0,0.0,2026-02-01,3
2026-02-01 04:00:00,BE,3423.7,103.1,5773.1,2349.4,0.0,0.0,2026-02-01,4
2026-02-01 05:00:00,BE,3393.9,240.3,5918.3,2524.4,0.0,0.0,2026-02-01,5
2026-02-01 06:00:00,BE,3521.6,408.0,6088.0,2566.4,0.0,0.0,2026-02-01,6
2026-02-01 07:00:00,BE,3526.5,296.9,5924.9,2398.4,0.0,0.0,2026-02-01,7
2026-02-01 08:00:00,BE,3463.1,636.6,6323.6,2860.5,0.0,0.0,2026-02-01,8
2026-02-01 09:00:00,BE,3490.2,701.6,6343.6,2853.4,0.0,0.0,2026-02-01,9
2026-02-01 10:00:00,BE,3903.5,726.6,6314.6,2411.1,0.0,0.0,2026-02-01,10
2026-02-01 11:00:00,BE,3813.2,850.3,6551.3,2738.1,0.0,0.0,2026-02-01,11
2026-02-01 12:00:00,BE,3962.7,625.6,6305.6,2342.9,0.0,0.0,2026-02-01,12
2026-02-01 13:00:00,BE,4036.0,1183.0,6743.0,2707.0,0.0,0.0,2026-02-01,13
2026-02-01 14:00:00,BE,4388.0,635.0,6293.0,1905.0,0.0,0.0,2026-02-01,14
2026-02-01 15:00:00,BE,4457.3,1052.2,6661.2,2203.9,0.0,0.0,2026-02-01,15
2026-02-01 16:00:00,BE,4280.0,356.7,5992.7,1712.7,0.0,0.0,2026-02-01,16
2026-02-01 17:00:00,BE,4443.0,437.1,6127.1,1684.1,0.0,0.0,2026-02-01,17
2026-02-01 18:00:00,BE,4358.2,251.0,6003.0,1644.8,0.02,1.14,2026-02-01,18
2026-02-01 19:00:00,BE,4674.0,473.6,6202.6,1528.6,0.0,0.0,2026-02-01,19
2026-02-01 20:00:00,BE,4454.4,425.4,6076.4,1622.0,0.0,0.0,2026-02-01,20
2026-02-01 21:00:00,BE,4287.8,482.6,6096.6,1808.8,0.02,6.1,2026-02-01,21
2026-02-01 22:00:00,BE,4177.0,454.1,6144.1,1967.1,0.0,0.0,2026-02-01,22
2026-02-01 23:00:00,BE,4161.9,132.5,5842.5,1680.6,0.0,0.0,2026-02-01,23
2026-02-02 00:00:00,BE,3937.3,476.1,6102.1,2164.8,0.0,0.0,2026-02-02,0
2026-02-02 01:00:00,BE,4022.2,659.7,6365.7,2343.5,0.0,0.0,2026-02-02,1
2026-02-02 02:00:00,BE,3605.0,549.8,6191.8,2586.8,0.0,0.0,2026-02-02,2
2026-02-02 03:00:00,BE,3464.1,290.6,5942.6,2478.5,0.0,0.0,2026-02-02,3
2026-02-02 04:00:00,BE,3701.8,227.9,5843.9,2142.1,0.0,0.0,2026-02-02,4
2026-02-02 05:00:00,BE,3431.1,409.8,6140.8,2709.7,0.0,0.0,2026-02-02,5
2026-02-02 06:00:00,BE,3635.2,375.7,6008.7,2373.5,0.0,0.0,2026-02-02,6
2026-02-02 07:00:00,BE,3587.1,331.4,6045.4,2458.3,0.0,0.0,2026-02-02,7
2026-02-02 08:00:00,BE,3368.2,535.4,6222.4,2854.2,0.0,0.0,2026-02-02,8
2026-02-02 09:00:00,BE,3537.1,424.2,6068.2,2531.1,0.0,0.0,2026-02-02,9
2026-02-02 10:00:00,BE,3719.4,623.4,6260.4,2541.0,0.0,0.0,2026-02-02,10
2026-02-02 11:00:00,BE,3807.3,608.7,6199.7,2392.4,0.0,0.0,2026-02-02,11
2026-02-02 12:00:00,BE,3999.1,656.2,6304.2,2305.1,0.0,0.0,2026-02-02,12
2026-02-02 13:00:00,BE,4018.4,1127.4,6753.4,2735.0,0.0,0.0,2026-02-02,13
2026-02-02 14:00:00,BE,4201.9,505.8,6186.8,1984.9,0.0,0.0,2026-02-02,14
2026-02-02 15:00:00,BE,4435.5,1111.5,6798.5,2363.0,0.0,0.0,2026-02-02,15
2026-02-02 16:00:00,BE,4554.4,600.1,6223.1,1668.7,0.0,0.0,2026-02-02,16
2026-02-02 17:00:00,BE,4349.2,181.3,5781.3,1432.1,0.02,2.36,2026-02-02,17
2026-02-02 18:00:00,BE,4432.9,682.9,6297.9,1865.0,0.0,0.0,2026-02-02,18
2026-02-02 19:00:00,BE,4428.1,447.7,6093.7,1665.6,0.0,0.0,2026-02-02,19
2026-02-02 20:00:00,BE,4231.1,160.4,5810.4,1579.3,0.02,0.41,2026-02-02,20
2026-02-02 21:00:00,BE,4425.8,482.0,6021.0,1595.2,0.0,0.0,2026-02-02,21
2026-02-02 22:00:00,BE,4277.1,250.3,5973.3,1696.2,0.0,0.0,2026-02-02,22
2026-02-02 23:00:00,BE,4151.0,486.7,6127.7,1976.7,0.0,0.0,2026-02-02,23
2026-02-03 00:00:00,BE,3945.4,422.2,6056.2,2110.8,0.0,0.0,2026-02-03,0
2026-02-03 01:00:00,BE,3933.3,763.8,6442.8,2509.5,0.0,0.0,2026-02-03,1
2026-02-03 02:00:00,BE,3823.6,235.5,5888.5,2064.9,0.0,0.0,2026-02-03,2
2026-02-03 03:00:00,BE,3743.3,521.2,6164.2,2420.9,0.0,0.0,2026-02-03,3
2026-02-03 04:00:00,BE,3503.8,1070.5,6686.5,3182.7,0.0,0.0,2026-02-03,4
2026-02-03 05:00:00,BE,3515.9,473.0,6143.0,2627.1,0.0,0.0,2026-02-03,5
2026-02-03 06:00:00,BE,3409.9,411.3,6140.3,2730.4,0.0,0.0,2026-02-03,6
2026-02-03 07:00:00,BE,3434.5,335.3,6050.3,2615.8,0.0,0.0,2026-02-03,7
2026-02-03 08:00:00,BE,3640.6,918.8,6571.8,2931.2,0.0,0.0,2026-02-03,8
2026-02-03 09:00:00,BE,3608.4,452.1,5931.1,2322.7,0.0,0.0,2026-02-03,9
2026-02-03 10:00:00,BE,3686.7,551.9,6225.9,2539.2,0.0,0.0,2026-02-03,10
2026-02-03 11:00:00,BE,3897.8,644.1,6290.1,2392.3,0.0,0.0,2026-02-03,11
2026-02-03 12:00:00,BE,4034.3,583.1,6232.1,2197.8,0.0,0.0,2026-02-03,12
2026-02-03 13:00:00,BE,3993.0,597.4,6181.4,2188.4,0.0,0.0,2026-02-03,13
2026-02-03 14:00:00,BE,4126.0,806.7,6408.7,2282.7,0.0,0.0,2026-02-03,14
2026-02-03 15:00:00,BE,4392.4,549.4,6172.4,1780.0,0.0,0.0,2026-02-03,15
2026-02-03 16:00:00,BE,4449.2,649.2,6271.2,1822.0,0.0,0.0,2026-02-03,16
2026-02-03 17:00:00,BE,4410.5,601.3,6231.3,1820.8,0.0,0.0,2026-02-03,17
2026-02-03 18:00:00,BE,4595.8,356.6,6061.6,1465.8,0.0,0.0,2026-02-03,18
2026-02-03 19:00:00,BE,4423.0,786.4,6518.4,2095.4,0.0,0.0,2026-02-03,19
2026-02-03 20:00:00,BE,4152.9,200.2,5801.2,1648.3,0.0,0.0,2026-02-03,20
2026-02-03 21:00:00,BE,4209.3,599.0,6277.0,2067.7,0.0,0.0,2026-02-03,21
2026-02-03 22:00:00,BE,4023.9,572.4,6196.4,2172.5,0.0,0.0,2026-02-03,22
2026-02-03 23:00:00,BE,4217.4,52.9,5706.9,1489.5,0.0,0.0,2026-02-03,23
2026-02-04 00:00:00,BE,4010.8,487.6,6214.6,2203.8,0.0,0.0,2026-02-04,0
2026-02-04 01:00:00,BE,3834.7,190.9,5798.9,1964.2,0.0,0.0,2026-02-04,1
2026-02-04 02:00:00,BE,3421.4,444.9,6108.9,2687.5,0.0,0.0,2026-02-04,2
2026-02-04 03:00:00,BE,3418.3,321.8,5872.8,2454.5,0.0,0.0,2026-02-04,3
2026-02-04 04:00:00,BE,3497.7,437.3,6086.3,2588.6,0.0,0.0,2026-02-04,4
2026-02-04 05:00:00,BE,3251.8,569.9,6209.9,2958.1,0.0,0.0,2026-02-04,5
2026-02-04 06:00:00,BE,3561.1,510.4,6185.4,2624.3,0.0,0.0,2026-02-04,6
2026-02-04 07:00:00,BE,3452.4,250.5,5808.5,2356.1,0.0,0.0,2026-02-04,7
2026-02-04 08:00:00,BE,3497.1,518.4,6156.4,2659.3,0.0,0.0,2026-02-04,8
2026-02-04 09:00:00,BE,3585.8,479.6,6138.6,2552.8,0.0,0.0,2026-02-04,9
2026-02-04 10:00:00,BE,3582.6,506.6,6321.6,2739.0,0.0,0.0,2026-02-04,10
2026-02-04 11:00:00,BE,3691.7,535.9,6226.9,2535.2,0.0,0.0,2026-02-04,11
2026-02-04 12:00:00,BE,3718.1,959.4,6667.4,2949.3,0.0,0.0,2026-02-04,12
2026-02-04 13:00:00,BE,4077.8,707.7,6375.7,2297.9,0.0,0.0,2026-02-04,13
2026-02-04 14:00:00,BE,4243.9,1127.6,6768.6,2524.7,0.0,0.0,2026-02-04,14
2026-02-04 15:00:00,BE,4269.8,384.1,6035.1,1765.3,0.0,0.0,2026-02-04,15
2026-02-04 16:00:00,BE,4343.6,619.5,6323.5,1979.9,0.0,0.0,2026-02-04,16
2026-02-04 17:00:00,BE,4314.2,486.5,6162.5,1848.3,0.0,0.0,2026-02-04,17
2026-02-04 18:00:00,BE,4473.8,492.8,6197.8,1724.0,0.0,0.0,2026-02-04,18
2026-02-04 19:00:00,BE,4132.1,562.6,6127.6,1995.5,0.0,0.0,2026-02-04,19
2026-02-04 20:00:00,BE,4243.5,37.9,5657.9,1414.4,0.0,0.0,2026-02-04,20
2026-02-04 21:00:00,BE,4217.2,363.7,6077.7,1860.5,0.0,0.0,2026-02-04,21
2026-02-04 22:00:00,BE,4131.2,115.7,5656.7,1525.5,0.0,0.0,2026-02-04,22
2026-02-04 23:00:00,BE,4097.5,115.6,5754.6,1657.1,0.0,0.0,2026-02-04,23
2026-02-05 00:00:00,BE,3918.4,499.4,6162.4,2244.0,0.0,0.0,2026-02-05,0
2026-02-05 01:00:00,BE,3830.4,476.3,6063.3,2232.9,0.0,0.0,2026-02-05,1
2026-02-05 02:00:00,BE,3840.3,233.4,5884.4,2044.1,0.0,0.0,2026-02-05,2
2026-02-05 03:00:00,BE,3751.5,565.3,6165.3,2413.8,0.0,0.0,2026-02-05,3
2026-02-05 04:00:00,BE,3584.8,924.9,6567.9,2983.1,0.0,0.0,2026-02-05,4
2026-02-05 05:00:00,BE,3606.6,493.6,6126.6,2520.0,0.0,0.0,2026-02-05,5
2026-02-05 06:00:00,BE,3646.9,407.0,6026.0,2379.1,0.0,0.0,2026-02-05,6
2026-02-05 07:00:00,BE,3500.4,463.8,6250.8,2750.4,0.0,0.0,2026-02-05,7
2026-02-05 08:00:00,BE,3337.8,880.7,6458.7,3120.9,0.0,0.0,2026-02-05,8
2026-02-05 09:00:00,BE,3705.3,797.4,6393.4,2688.1,0.0,0.0,2026-02-05,9
2026-02-05 10:00:00,BE,3568.5,759.6,6413.6,2845.1,0.0,0.0,2026-02-05,10
2026-02-05 11:00:00,BE,4031.5,906.3,6535.3,2503.8,0.0,0.0,2026-02-05,11
2026-02-05 12:00:00,BE,4144.1,699.0,6350.0,2205.9,0.0,0.0,2026-02-05,12
2026-02-05 13:00:00,BE,4004.0,725.7,6340.7,2336.7,0.0,0.0,2026-02-05,13
2026-02-05 14:00:00,BE,4054.4,772.5,6438.5,2384.1,0.0,0.0,2026-02-05,14
2026-02-05 15:00:00,BE,4206.9,709.6,6357.6,2150.7,0.0,0.0,2026-02-05,15
2026-02-05 16:00:00,BE,4360.8,390.8,5964.8,1604.0,0.0,0.0,2026-02-05,16
2026-02-05 17:00:00,BE,4572.0,895.0,6564.0,1992.0,0.0,0.0,2026-02-05,17
2026-02-05 18:00:00,BE,4286.6,157.2,5885.2,1598.6,0.0,0.0,2026-02-05,18
2026-02-05 19:00:00,BE,4523.3,481.6,6241.6,1718.3,0.0,0.0,2026-02-05,19
2026-02-05 20:00:00,BE,4118.8,651.6,6359.6,2240.8,0.0,0.0,2026-02-05,20
2026-02-05 21:00:00,BE,4433.0,305.1,6042.1,1609.1,0.0,0.0,2026-02-05,21
2026-02-05 22:00:00,BE,4176.0,807.5,6552.5,2376.5,0.0,0.0,2026-02-05,22
2026-02-05 23:00:00,BE,4086.4,575.2,6240.2,2153.8,0.0,0.0,2026-02-05,23
2026-02-06 00:00:00,BE,3919.9,588.5,6276.5,2356.6,0.0,0.0,2026-02-06,0
2026-02-06 01:00:00,BE,3915.1,426.9,6083.9,2168.8,0.0,0.0,2026-02-06,1
2026-02-06 02:00:00,BE,3726.4,714.5,6413.5,2687.1,0.0,0.0,2026-02-06,2
2026-02-06 03:00:00,BE,3780.5,530.1,6242.1,2461.6,0.0,0.0,2026-02-06,3
2026-02-06 04:00:00,BE,3285.0,434.1,6132.1,2847.1,0.0,0.0,2026-02-06,4
2026-02-06 05:00:00,BE,3339.2,449.6,6140.6,2801.4,0.0,0.0,2026-02-06,5
2026-02-06 06:00:00,BE,3268.9,736.5,6363.5,3094.6,0.0,0.0,2026-02-06,6
2026-02-06 07:00:00,BE,3533.2,1054.7,6745.7,3212.5,0.0,0.0,2026-02-06,7
2026-02-06 08:00:00,BE,3294.1,715.2,6333.2,3039.1,0.0,0.0,2026-02-06,8
2026-02-06 09:00:00,BE,3867.4,742.1,6391.1,2523.7,0.0,0.0,2026-02-06,9
2026-02-06 10:00:00,BE,3689.9,770.8,6486.8,2796.9,0.0,0.0,2026-02-06,10
2026-02-06 11:00:00,BE,3945.7,854.3,6405.3,2459.6,0.0,0.0,2026-02-06,11
2026-02-06 12:00:00,BE,3812.2,469.4,6123.4,2311.2,0.0,0.0,2026-02-06,12
2026-02-06 13:00:00,BE,4080.7,884.7,6597.7,2517.0,0.0,0.0,2026-02-06,13
2026-02-06 14:00:00,BE,4252.3,863.0,6437.0,2184.7,0.0,0.0,2026-02-06,14
2026-02-06 15:00:00,BE,4195.8,760.5,6418.5,2222.7,0.0,0.0,2026-02-06,15
2026-02-06 16:00:00,BE,4332.3,583.1,6212.1,1879.8,0.0,0.0,2026-02-06,16
2026-02-06 17:00:00,BE,4596.1,496.7,6114.7,1518.6,0.0,0.0,2026-02-06,17
2026-02-06 18:00:00,BE,4577.8,454.5,6154.5,1576.7,0.02,1.47,2026-02-06,18
2026-02-06 19:00:00,BE,4477.9,246.6,5846.6,1368.7,0.0,0.0,2026-02-06,19
2026-02-06 20:00:00,BE,4594.6,573.4,6323.4,1728.8,0.0,0.0,2026-02-06,20
2026-02-06 21:00:00,BE,4044.7,776.6,6431.6,2386.9,0.0,0.0,2026-02-06,21
2026-02-06 22:00:00,BE,4209.3,223.9,5825.9,1616.6,0.04,2.42,2026-02-06,22
2026-02-06 23:00:00,BE,4007.6,417.1,6043.1,2035.5,0.0,0.0,2026-02-06,23
2026-02-07 00:00:00,BE,4094.4,290.3,6005.3,1910.9,0.0,0.0,2026-02-07,0
2026-02-07 01:00:00,BE,3926.9,656.7,6330.7,2403.8,0.0,0.0,2026-02-07,1
2026-02-07 02:00:00,BE,3813.1,188.1,5744.1,1931.0,0.0,0.0,2026-02-07,2
2026-02-07 03:00:00,BE,3497.2,176.1,5838.1,2340.9,0.0,0.0,2026-02-07,3
2026-02-07 04:00:00,BE,3556.4,656.2,6280.2,2723.8,0.0,0.0,2026-02-07,4
2026-02-07 05:00:00,BE,3568.3,169.1,5706.1,2137.8,0.0,0.0,2026-02-07,5
2026-02-07 06:00:00,BE,3576.9,476.7,6119.7,2542.8,0.0,0.0,2026-02-07,6
2026-02-07 07:00:00,BE,3326.7,386.0,5963.0,2636.3,0.0,0.0,2026-02-07,7
2026-02-07 08:00:00,BE,3405.5,625.5,6134.5,2729.0,0.0,0.0,2026-02-07,8
2026-02-07 09:00:00,BE,3595.9,600.8,6222.8,2626.9,0.0,0.0,2026-02-07,9
2026-02-07 10:00:00,BE,3837.1,934.7,6649.7,2812.6,0.0,0.0,2026-02-07,10
2026-02-07 11:00:00,BE,3864.3,675.5,6334.5,2470.2,0.0,0.0,2026-02-07,11
2026-02-07 12:00:00,BE,4084.0,560.9,6163.9,2079.9,0.0,0.0,2026-02-07,12
2026-02-07 13:00:00,BE,3813.6,602.3,6227.3,2413.7,0.0,0.0,2026-02-07,13
2026-02-07 14:00:00,BE,4135.5,524.9,6153.9,2018.4,0.0,0.0,2026-02-07,14
2026-02-07 15:00:00,BE,4331.1,606.7,6342.7,2011.6,0.0,0.0,2026-02-07,15
2026-02-07 16:00:00,BE,4382.7,567.4,6282.4,1899.7,0.0,0.0,2026-02-07,16
2026-02-07 17:00:00,BE,4173.0,491.5,6168.5,1995.5,0.0,0.0,2026-02-07,17
2026-02-07 18:00:00,BE,4548.7,373.9,5886.9,1338.2,0.04,7.99,2026-02-07,18
2026-02-07 19:00:00,BE,4440.6,302.6,5962.6,1522.0,0.0,0.0,2026-02-07,19
2026-02-07 20:00:00,BE,4292.8,269.6,5779.6,1486.8,0.02,5.46,2026-02-07,20
2026-02-07 21:00:00,BE,4412.7,430.0,6146.0,1733.3,0.0,0.0,2026-02-07,21
2026-02-07 22:00:00,BE,3957.5,102.4,5871.4,1913.9,0.0,0.0,2026-02-07,22
2026-02-07 23:00:00,BE,3982.7,553.8,6198.8,2216.1,0.0,0.0,2026-02-07,23
2026-02-08 00:00:00,BE,4020.3,464.0,6018.0,1997.7,0.0,0.0,2026-02-08,0
2026-02-08 01:00:00,BE,3829.5,478.5,6050.5,2221.0,0.0,0.0,2026-02-08,1
2026-02-08 02:00:00,BE,3636.5,310.4,5998.4,2361.9,0.0,0.0,2026-02-08,2
2026-02-08 03:00:00,BE,3541.0,653.6,6317.6,2776.6,0.0,0.0,2026-02-08,3
2026-02-08 04:00:00,BE,3451.6,212.2,5854.2,2402.6,0.0,0.0,2026-02-08,4
2026-02-08 05:00:00,BE,3533.4,142.8,5815.8,2282.4,0.0,0.0,2026-02-08,5
2026-02-08 06:00:00,BE,3375.3,544.8,6240.8,2865.5,0.0,0.0,2026-02-08,6
2026-02-08 07:00:00,BE,3509.8,410.5,5942.5,2432.7,0.0,0.0,2026-02-08,7
2026-02-08 08:00:00,BE,3227.6,635.7,6166.7,2939.1,0.0,0.0,2026-02-08,8
2026-02-08 09:00:00,BE,3704.6,635.5,6273.5,2568.9,0.0,0.0,2026-02-08,9
2026-02-08 10:00:00,BE,3953.3,724.0,6439.0,2485.7,0.0,0.0,2026-02-08,10
2026-02-08 11:00:00,BE,3840.4,879.1,6451.1,2610.7,0.0,0.0,2026-02-08,11
2026-02-08 12:00:00,BE,3899.1,880.5,6560.5,2661.4,0.0,0.0,2026-02-08,12
2026-02-08 13:00:00,BE,3974.3,930.1,6602.1,2627.8,0.0,0.0,2026-02-08,13
2026-02-08 14:00:00,BE,4242.7,826.4,6498.4,2255.7,0.0,0.0,2026-02-08,14
2026-02-08 15:00:00,BE,4183.8,553.7,6204.7,2020.9,0.0,0.0,2026-02-08,15
2026-02-08 16:00:00,BE,4242.6,843.7,6531.7,2289.1,0.0,0.0,2026-02-08,16
2026-02-08 17:00:00,BE,4135.0,706.8,6385.8,2250.8,0.0,0.0,2026-02-08,17
2026-02-08 18:00:00,BE,4436.2,136.9,5718.9,1282.7,0.02,18.99,2026-02-08,18
2026-02-08 19:00:00,BE,4354.7,930.6,6613.6,2258.9,0.0,0.0,2026-02-08,19
2026-02-08 20:00:00,BE,4311.0,152.9,5818.9,1507.9,0.0,0.0,2026-02-08,20
2026-02-08 21:00:00,BE,4259.2,228.3,5880.3,1621.1,0.0,0.0,2026-02-08,21
2026-02-08 22:00:00,BE,4070.5,417.1,6129.1,2058.6,0.0,0.0,2026-02-08,22
2026-02-08 23:00:00,BE,4057.0,482.4,6181.4,2124.4,0.0,0.0,2026-02-08,23
2026-02-09 00:00:00,BE,3775.1,95.4,5800.4,2025.3,0.0,0.0,2026-02-09,0
2026-02-09 01:00:00,BE,3761.0,250.1,5849.1,2088.1,0.0,0.0,2026-02-09,1
2026-02-09 02:00:00,BE,3620.1,142.9,5879.9,2259.8,0.0,0.0,2026-02-09,2
2026-02-09 03:00:00,BE,3344.9,166.8,5881.8,2536.9,0.0,0.0,2026-02-09,3
2026-02-09 04:00:00,BE,3324.6,278.7,5960.7,2636.1,0.0,0.0,2026-02-09,4
2026-02-09 05:00:00,BE,3348.6,343.3,6058.3,2709.7,0.0,0.0,2026-02-09,5
2026-02-09 06:00:00,BE,3334.8,262.5,5876.5,2541.7,0.0,0.0,2026-02-09,6
2026-02-09 07:00:00,BE,3450.0,311.9,5985.9,2535.9,0.0,0.0,2026-02-09,7
2026-02-09 08:00:00,BE,3419.8,320.6,5927.6,2507.8,0.0,0.0,2026-02-09,8
2026-02-09 09:00:00,BE,3541.4,722.6,6252.6,2711.2,0.0,0.0,2026-02-09,9
2026-02-09 10:00:00,BE,3601.6,623.4,6302.4,2700.8,0.0,0.0,2026-02-09,10
2026-02-09 11:00:00,BE,3460.0,992.9,6624.9,3164.9,0.0,0.0,2026-02-09,11
2026-02-09 12:00:00,BE,3885.0,860.5,6497.5,2612.5,0.0,0.0,2026-02-09,12
2026-02-09 13:00:00,BE,3927.8,559.4,6208.4,2280.6,0.0,0.0,2026-02-09,13
2026-02-09 14:00:00,BE,4129.8,947.6,6514.6,2384.8,0.0,0.0,2026-02-09,14
2026-02-09 15:00:00,BE,4160.2,731.0,6272.0,2111.8,0.0,0.0,2026-02-09,15
2026-02-09 16:00:00,BE,4409.9,737.3,6323.3,1913.4,0.0,0.0,2026-02-09,16
2026-02-09 17:00:00,BE,4375.3,189.2,5873.2,1497.9,0.0,0.0,2026-02-09,17
2026-02-09 18:00:00,BE,4482.4,661.6,6377.6,1895.2,0.02,6.42,2026-02-09,18
2026-02-09 19:00:00,BE,4473.7,269.3,5903.3,1429.6,0.02,3.09,2026-02-09,19
2026-02-09 20:00:00,BE,4261.6,450.0,5950.0,1688.4,0.0,0.0,2026-02-09,20
2026-02-09 21:00:00,BE,4347.6,442.1,6065.1,1717.5,0.0,0.0,2026-02-09,21
2026-02-09 22:00:00,BE,4173.2,615.9,6297.9,2124.7,0.0,0.0,2026-02-09,22
2026-02-09 23:00:00,BE,3897.8,721.3,6448.3,2550.5,0.0,0.0,2026-02-09,23
2026-02-10 00:00:00,BE,3881.0,420.4,6026.4,2145.4,0.0,0.0,2026-02-10,0
2026-02-10 01:00:00,BE,3776.4,181.9,5732.9,1956.5,0.02,5.89,2026-02-10,1
2026-02-10 02:00:00,BE,3796.5,232.3,5855.3,2058.8,0.0,0.0,2026-02-10,2
2026-02-10 03:00:00,BE,3498.3,425.0,6051.0,2552.7,0.0,0.0,2026-02-10,3
2026-02-10 04:00:00,BE,3648.8,229.9,5989.9,2341.1,0.0,0.0,2026-02-10,4
2026-02-10 05:00:00,BE,3502.3,324.5,6061.5,2559.2,0.0,0.0,2026-02-10,5
2026-02-10 06:00:00,BE,3138.8,314.3,5880.3,2741.5,0.0,0.0,2026-02-10,6
2026-02-10 07:00:00,BE,3284.8,742.9,6402.9,3118.1,0.0,0.0,2026-02-10,7
2026-02-10 08:00:00,BE,3529.0,770.2,6366.2,2837.2,0.0,0.0,2026-02-10,8
2026-02-10 09:00:00,BE,3363.0,737.5,6449.5,3086.5,0.0,0.0,2026-02-10,9
2026-02-10 10:00:00,BE,3698.0,1372.1,7052.1,3354.1,0.0,0.0,2026-02-10,10
2026-02-10 11:00:00,BE,3926.9,1013.4,6690.4,2763.5,0.0,0.0,2026-02-10,11
2026-02-10 12:00:00,BE,3857.8,861.7,6517.7,2659.9,0.0,0.0,2026-02-10,12
2026-02-10 13:00:00,BE,4187.9,862.9,6460.9,2273.0,0.0,0.0,2026-02-10,13
2026-02-10 14:00:00,BE,4298.0,813.4,6320.4,2022.4,0.0,0.0,2026-02-10,14
2026-02-10 15:00:00,BE,4235.5,441.4,6059.4,1823.9,0.0,0.0,2026-02-10,15
2026-02-10 16:00:00,BE,4317.3,488.7,6080.7,1763.4,0.0,0.0,2026-02-10,16
2026-02-10 17:00:00,BE,4392.6,396.0,6159.0,1766.4,0.0,0.0,2026-02-10,17
2026-02-10 18:00:00,BE,4440.9,688.5,6331.5,1890.6,0.0,0.0,2026-02-10,18
2026-02-10 19:00:00,BE,4183.2,513.7,6205.7,2022.5,0.0,0.0,2026-02-10,19
2026-02-10 20:00:00,BE,4302.3,808.5,6431.5,2129.2,0.0,0.0,2026-02-10,20
2026-02-10 21:00:00,BE,4039.0,289.6,5921.6,1882.6,0.0,0.0,2026-02-10,21
2026-02-10 22:00:00,BE,4094.4,241.8,5812.8,1718.4,0.0,0.0,2026-02-10,22
2026-02-10 23:00:00,BE,3988.5,206.7,5842.7,1854.2,0.0,0.0,2026-02-10,23
2026-02-11 00:00:00,BE,3666.9,652.8,6275.8,2608.9,0.0,0.0,2026-02-11,0
2026-02-11 01:00:00,BE,3603.5,720.9,6377.9,2774.4,0.0,0.0,2026-02-11,1
2026-02-11 02:00:00,BE,3586.4,459.6,6103.6,2517.2,0.0,0.0,2026-02-11,2
2026-02-11 03:00:00,BE,3789.4,252.1,5889.1,2099.7,0.0,0.0,2026-02-11,3
2026-02-11 04:00:00,BE,3283.9,594.7,6215.7,2931.8,0.0,0.0,2026-02-11,4
2026-02-11 05:00:00,BE,3414.9,469.1,6133.1,2718.2,0.0,0.0,2026-02-11,5
2026-02-11 06:00:00,BE,3275.2,492.3,6178.3,2903.1,0.0,0.0,2026-02-11,6
2026-02-11 07:00:00,BE,3354.1,532.0,6194.0,2839.9,0.0,0.0,2026-02-11,7
2026-02-11 08:00:00,BE,3566.8,378.2,6040.2,2473.4,0.0,0.0,2026-02-11,8
2026-02-11 09:00:00,BE,3564.9,797.4,6397.4,2832.5,0.0,0.0,2026-02-11,9
2026-02-11 10:00:00,BE,3681.9,1225.3,6780.3,3098.4,0.0,0.0,2026-02-11,10
2026-02-11 11:00:00,BE,3809.6,698.8,6344.8,2535.2,0.0,0.0,2026-02-11,11
2026-02-11 12:00:00,BE,3949.0,620.4,6265.4,2316.4,0.0,0.0,2026-02-11,12
2026-02-11 13:00:00,BE,3749.5,922.3,6636.3,2886.8,0.0,0.0,2026-02-11,13
2026-02-11 14:00:00,BE,4175.4,873.3,6519.3,2343.9,0.0,0.0,2026-02-11,14
2026-02-11 15:00:00,BE,4222.0,820.6,6460.6,2238.6,0.0,0.0,2026-02-11,15
2026-02-11 16:00:00,BE,4359.0,552.1,6247.1,1888.1,0.0,0.0,2026-02-11,16
2026-02-11 17:00:00,BE,4461.2,653.7,6237.7,1776.5,0.0,0.0,2026-02-11,17
2026-02-11 18:00:00,BE,4427.3,702.2,6359.2,1931.9,0.0,0.0,2026-02-11,18
2026-02-11 19:00:00,BE,4442.8,633.6,6255.6,1812.8,0.02,9.18,2026-02-11,19
2026-02-11 20:00:00,BE,4169.0,673.3,6424.3,2255.3,0.0,0.0,2026-02-11,20
2026-02-11 21:00:00,BE,4283.4,408.8,5991.8,1708.4,0.0,0.0,2026-02-11,21
2026-02-11 22:00:00,BE,4112.6,278.8,5846.8,1734.2,0.0,0.0,2026-02-11,22
2026-02-11 23:00:00,BE,3994.3,27.1,5620.1,1625.8,0.0,0.0,2026-02-11,23
2026-02-12 00:00:00,BE,4030.9,323.3,5921.3,1890.4,0.0,0.0,2026-02-12,0
2026-02-12 01:00:00,BE,3686.4,254.6,5956.6,2270.2,0.0,0.0,2026-02-12,1
2026-02-12 02:00:00,BE,3544.0,714.0,6439.0,2895.0,0.0,0.0,2026-02-12,2
2026-02-12 03:00:00,BE,3362.4,82.4,5814.4,2452.0,0.0,0.0,2026-02-12,3
2026-02-12 04:00:00,BE,3404.6,335.4,5966.4,2561.8,0.0,0.0,2026-02-12,4
2026-02-12 05:00:00,BE,3518.2,223.9,5926.9,2408.7,0.0,0.0,2026-02-12,5
2026-02-12 06:00:00,BE,3172.1,341.2,5947.2,2775.1,0.0,0.0,2026-02-12,6
2026-02-12 07:00:00,BE,3419.0,237.2,5825.2,2406.2,0.0,0.0,2026-02-12,7
2026-02-12 08:00:00,BE,3134.5,443.0,6075.0,2940.5,0.0,0.0,2026-02-12,8
2026-02-12 09:00:00,BE,3434.6,770.6,6461.6,3027.0,0.0,0.0,2026-02-12,9
2026-02-12 10:00:00,BE,3673.1,1471.9,7056.9,3383.8,0.0,0.0,2026-02-12,10
2026-02-12 11:00:00,BE,3676.1,457.2,6140.2,2464.1,0.0,0.0,2026-02-12,11
2026-02-12 12:00:00,BE,3725.4,924.7,6626.7,2901.3,0.0,0.0,2026-02-12,12
2026-02-12 13:00:00,BE,3954.5,759.7,6448.7,2494.2,0.0,0.0,2026-02-12,13
2026-02-12 14:00:00,BE,4237.5,865.5,6652.5,2415.0,0.0,0.0,2026-02-12,14
2026-02-12 15:00:00,BE,4401.0,752.0,6422.0,2021.0,0.0,0.0,2026-02-12,15
2026-02-12 16:00:00,BE,4482.4,319.6,5928.6,1446.2,0.0,0.0,2026-02-12,16
2026-02-12 17:00:00,BE,4432.4,370.8,5953.8,1521.4,0.02,0.23,2026-02-12,17
2026-02-12 18:00:00,BE,4410.4,671.5,6359.5,1949.1,0.0,0.0,2026-02-12,18
2026-02-12 19:00:00,BE,4467.9,599.1,6272.1,1804.2,0.0,0.0,2026-02-12,19
2026-02-12 20:00:00,BE,4160.5,348.6,5900.6,1740.1,0.0,0.0,2026-02-12,20
2026-02-12 21:00:00,BE,4103.0,139.6,5687.6,1584.6,0.02,9.27,2026-02-12,21
2026-02-12 22:00:00,BE,4270.4,390.9,5984.9,1714.5,0.02,7.59,2026-02-12,22
2026-02-12 23:00:00,BE,4097.1,266.9,5873.9,1776.8,0.02,0.6,2026-02-12,23
2026-02-13 00:00:00,BE,3969.5,746.9,6421.9,2452.4,0.0,0.0,2026-02-13,0
2026-02-13 01:00:00,BE,3761.3,699.0,6394.0,2632.7,0.0,0.0,2026-02-13,1
2026-02-13 02:00:00,BE,3514.6,199.9,5752.9,2238.3,0.0,0.0,2026-02-13,2
2026-02-13 03:00:00,BE,3380.0,281.0,5872.0,2492.0,0.0,0.0,2026-02-13,3
2026-02-13 04:00:00,BE,3542.3,714.9,6424.9,2882.6,0.0,0.0,2026-02-13,4
2026-02-13 05:00:00,BE,3509.3,923.3,6527.3,3018.0,0.0,0.0,2026-02-13,5
2026-02-13 06:00:00,BE,3227.4,670.4,6354.4,3127.0,0.0,0.0,2026-02-13,6
2026-02-13 07:00:00,BE,3289.7,707.4,6319.4,3029.7,0.0,0.0,2026-02-13,7
2026-02-13 08:00:00,BE,3415.6,364.6,6035.6,2620.0,0.0,0.0,2026-02-13,8
2026-02-13 09:00:00,BE,3612.0,569.3,6192.3,2580.3,0.0,0.0,2026-02-13,9
2026-02-13 10:00:00,BE,3569.3,547.4,6192.4,2623.1,0.0,0.0,2026-02-13,10
2026-02-13 11:00:00,BE,3628.0,831.1,6449.1,2821.1,0.0,0.0,2026-02-13,11
2026-02-13 12:00:00,BE,3977.9,1006.4,6678.4,2700.5,0.0,0.0,2026-02-13,12
2026-02-13 13:00:00,BE,4059.9,1365.9,7007.9,2948.0,0.0,0.0,2026-02-13,13
2026-02-13 14:00:00,BE,4025.1,879.1,6570.1,2545.0,0.0,0.0,2026-02-13,14
2026-02-13 15:00:00,BE,4132.4,541.3,6130.3,1997.9,0.0,0.0,2026-02-13,15
2026-02-13 16:00:00,BE,4423.7,289.9,5965.9,1542.2,0.0,0.0,2026-02-13,16
2026-02-13 17:00:00,BE,4186.3,759.7,6397.7,2211.4,0.0,0.0,2026-02-13,17
2026-02-13 18:00:00,BE,4321.5,208.2,5791.2,1469.7,0.0,0.0,2026-02-13,18
2026-02-13 19:00:00,BE,4393.0,450.2,6121.2,1728.2,0.0,0.0,2026-02-13,19
2026-02-13 20:00:00,BE,4308.5,339.2,5921.2,1612.7,0.0,0.0,2026-02-13,20
2026-02-13 21:00:00,BE,4320.4,189.7,5800.7,1480.3,0.0,0.0,2026-02-13,21
2026-02-13 22:00:00,BE,3899.5,235.7,5854.7,1955.2,0.02,3.28,2026-02-13,22
2026-02-13 23:00:00,BE,3985.9,295.1,5956.1,1970.2,0.0,0.0,2026-02-13,23
2026-02-14 00:00:00,BE,3890.1,675.1,6329.1,2439.0,0.0,0.0,2026-02-14,0
2026-02-14 01:00:00,BE,3764.1,540.6,6240.6,2476.5,0.0,0.0,2026-02-14,1
2026-02-14 02:00:00,BE,3672.3,372.3,6003.3,2331.0,0.0,0.0,2026-02-14,2
2026-02-14 03:00:00,BE,3359.0,269.9,5883.9,2524.9,0.0,0.0,2026-02-14,3
2026-02-14 04:00:00,BE,3592.6,205.9,5923.9,2331.3,0.0,0.0,2026-02-14,4
2026-02-14 05:00:00,BE,3423.2,748.5,6458.5,3035.3,0.0,0.0,2026-02-14,5
2026-02-14 06:00:00,BE,3418.6,356.5,6018.5,2599.9,0.0,0.0,2026-02-14,6
2026-02-14 07:00:00,BE,3298.6,449.7,6158.7,2860.1,0.0,0.0,2026-02-14,7
2026-02-14 08:00:00,BE,3439.1,511.9,6180.9,2741.8,0.0,0.0,2026-02-14,8
2026-02-14 09:00:00,BE,3656.0,670.1,6306.1,2650.1,0.0,0.0,2026-02-14,9
2026-02-14 10:00:00,BE,3597.7,702.4,6408.4,2810.7,0.0,0.0,2026-02-14,10
2026-02-14 11:00:00,BE,3743.1,823.2,6544.2,2801.1,0.0,0.0,2026-02-14,11
2026-02-14 12:00:00,BE,3886.6,868.0,6483.0,2596.4,0.0,0.0,2026-02-14,12
2026-02-14 13:00:00,BE,3781.6,814.1,6445.1,2663.5,0.0,0.0,2026-02-14,13
2026-02-14 14:00:00,BE,4077.0,564.2,6143.2,2066.2,0.0,0.0,2026-02-14,14
2026-02-14 15:00:00,BE,4284.0,694.8,6313.8,2029.8,0.0,0.0,2026-02-14,15
2026-02-14 16:00:00,BE,4221.2,605.0,6283.0,2061.8,0.0,0.0,2026-02-14,16
2026-02-14 17:00:00,BE,4324.3,405.4,5961.4,1637.1,0.0,0.0,2026-02-14,17
2026-02-14 18:00:00,BE,4342.0,516.7,6191.7,1849.7,0.0,0.0,2026-02-14,18
2026-02-14 19:00:00,BE,4138.8,261.7,5961.7,1822.9,0.0,0.0,2026-02-14,19
2026-02-14 20:00:00,BE,4374.5,700.0,6333.0,1958.5,0.0,0.0,2026-02-14,20
2026-02-14 21:00:00,BE,4035.6,328.4,6062.4,2026.8,0.0,0.0,2026-02-14,21
2026-02-14 22:00:00,BE,4144.8,282.5,5985.5,1840.7,0.0,0.0,2026-02-14,22
2026-02-14 23:00:00,BE,3957.0,545.2,6195.2,2238.2,0.0,0.0,2026-02-14,23
2026-02-15 00:00:00,BE,3802.3,148.1,5948.1,2145.8,0.0,0.0,2026-02-15,0
2026-02-15 01:00:00,BE,3721.4,313.9,6000.9,2279.5,0.0,0.0,2026-02-15,1
2026-02-15 02:00:00,BE,3682.7,478.3,6130.3,2447.6,0.0,0.0,2026-02-15,2
2026-02-15 03:00:00,BE,3585.9,535.5,6184.5,2598.6,0.0,0.0,2026-02-15,3
2026-02-15 04:00:00,BE,3356.7,122.4,5772.4,2415.7,0.0,0.0,2026-02-15,4
2026-02-15 05:00:00,BE,3338.2,438.1,6116.1,2777.9,0.0,0.0,2026-02-15,5
2026-02-15 06:00:00,BE,3237.4,735.6,6262.6,3025.2,0.0,0.0,2026-02-15,6
2026-02-15 07:00:00,BE,3181.7,111.6,5845.6,2663.9,0.0,0.0,2026-02-15,7
2026-02-15 08:00:00,BE,3520.7,612.8,6328.8,2808.1,0.0,0.0,2026-02-15,8
2026-02-15 09:00:00,BE,3353.9,874.1,6507.1,3153.2,0.0,0.0,2026-02-15,9
2026-02-15 10:00:00,BE,3500.4,1017.3,6645.3,3144.9,0.0,0.0,2026-02-15,10
2026-02-15 11:00:00,BE,3754.3,887.5,6554.5,2800.2,0.0,0.0,2026-02-15,11
2026-02-15 12:00:00,BE,3676.0,826.6,6460.6,2784.6,0.0,0.0,2026-02-15,12
2026-02-15 13:00:00,BE,4024.3,1210.2,6906.2,2881.9,0.0,0.0,2026-02-15,13
2026-02-15 14:00:00,BE,3985.6,665.4,6335.4,2349.8,0.0,0.0,2026-02-15,14
2026-02-15 15:00:00,BE,4053.6,891.6,6603.6,2550.0,0.0,0.0,2026-02-15,15
2026-02-15 16:00:00,BE,4199.3,684.0,6420.0,2220.7,0.0,0.0,2026-02-15,16
2026-02-15 17:00:00,BE,4216.3,790.3,6347.3,2131.0,0.0,0.0,2026-02-15,17
2026-02-15 18:00:00,BE,4363.4,447.3,6009.3,1645.9,0.0,0.0,2026-02-15,18
2026-02-15 19:00:00,BE,4487.7,612.8,6353.8,1866.1,0.0,0.0,2026-02-15,19
2026-02-15 20:00:00,BE,4348.0,608.0,6298.0,1950.0,0.0,0.0,2026-02-15,20
2026-02-15 21:00:00,BE,4243.0,615.3,6273.3,2030.3,0.0,0.0,2026-02-15,21
2026-02-15 22:00:00,BE,4009.4,365.5,5977.5,1968.1,0.02,5.88,2026-02-15,22
2026-02-15 23:00:00,BE,3933.2,469.9,6102.9,2169.7,0.0,0.0,2026-02-15,23
2026-02-16 00:00:00,BE,3843.4,279.1,5880.1,2036.7,0.0,0.0,2026-02-16,0
2026-02-16 01:00:00,BE,3693.3,146.2,5820.2,2126.9,0.0,0.0,2026-02-16,1
2026-02-16 02:00:00,BE,3596.3,624.3,6280.3,2684.0,0.0,0.0,2026-02-16,2
2026-02-16 03:00:00,BE,3330.7,200.2,5752.2,2421.5,0.0,0.0,2026-02-16,3
2026-02-16 04:00:00,BE,3606.2,223.1,5908.1,2301.9,0.0,0.0,2026-02-16,4
2026-02-16 05:00:00,BE,3182.5,627.5,6225.5,3043.0,0.0,0.0,2026-02-16,5
2026-02-16 06:00:00,BE,3307.3,122.8,5787.8,2480.5,0.0,0.0,2026-02-16,6
2026-02-16 07:00:00,BE,3440.5,219.6,5846.6,2406.1,0.0,0.0,2026-02-16,7
2026-02-16 08:00:00,BE,3301.0,928.4,6488.4,3187.4,0.0,0.0,2026-02-16,8
2026-02-16 09:00:00,BE,3595.4,424.1,6046.1,2450.7,0.0,0.0,2026-02-16,9
2026-02-16 10:00:00,BE,3403.0,821.0,6505.0,3102.0,0.0,0.0,2026-02-16,10
2026-02-16 11:00:00,BE,3603.1,605.5,6199.5,2596.4,0.0,0.0,2026-02-16,11
2026-02-16 12:00:00,BE,3539.0,541.0,6142.0,2603.0,0.0,0.0,2026-02-16,12
2026-02-16 13:00:00,BE,4073.9,738.2,6362.2,2288.3,0.0,0.0,2026-02-16,13
2026-02-16 14:00:00,BE,3926.5,984.8,6590.8,2664.3,0.0,0.0,2026-02-16,14
2026-02-16 15:00:00,BE,4089.6,596.7,6265.7,2176.1,0.0,0.0,2026-02-16,15
2026-02-16 16:00:00,BE,4343.3,506.7,6150.7,1807.4,0.0,0.0,2026-02-16,16
2026-02-16 17:00:00,BE,4342.0,437.8,6096.8,1754.8,0.0,0.0,2026-02-16,17
2026-02-16 18:00:00,BE,4444.8,113.8,5741.8,1297.0,0.0,0.0,2026-02-16,18
2026-02-16 19:00:00,BE,4377.1,587.2,6188.2,1811.1,0.0,0.0,2026-02-16,19
2026-02-16 20:00:00,BE,4355.9,536.9,6252.9,1897.0,0.0,0.0,2026-02-16,20
2026-02-16 21:00:00,BE,4111.2,420.8,6105.8,1994.6,0.0,0.0,2026-02-16,21
2026-02-16 22:00:00,BE,4054.5,137.4,5638.4,1583.9,0.0,0.0,2026-02-16,22
2026-02-16 23:00:00,BE,4032.3,92.4,5573.4,1541.1,0.0,0.0,2026-02-16,23
2026-02-17 00:00:00,BE,3904.1,275.2,5937.2,2033.1,0.0,0.0,2026-02-17,0
2026-02-17 01:00:00,BE,3797.3,468.8,6046.8,2249.5,0.0,0.0,2026-02-17,1
2026-02-17 02:00:00,BE,3470.9,105.0,5757.0,2286.1,0.0,0.0,2026-02-17,2
2026-02-17 03:00:00,BE,3327.2,229.7,5820.7,2493.5,0.0,0.0,2026-02-17,3
2026-02-17 04:00:00,BE,3228.2,116.3,5890.3,2662.1,0.0,0.0,2026-02-17,4
2026-02-17 05:00:00,BE,3271.5,429.2,6071.2,2799.7,0.0,0.0,2026-02-17,5
2026-02-17 06:00:00,BE,3298.7,427.7,6125.7,2827.0,0.0,0.0,2026-02-17,6
2026-02-17 07:00:00,BE,3184.2,349.4,6058.4,2874.2,0.0,0.0,2026-02-17,7
2026-02-17 08:00:00,BE,3354.8,654.1,6189.1,2834.3,0.0,0.0,2026-02-17,8
2026-02-17 09:00:00,BE,3531.6,633.7,6280.7,2749.1,0.0,0.0,2026-02-17,9
2026-02-17 10:00:00,BE,3677.6,880.3,6401.3,2723.7,0.0,0.0,2026-02-17,10
2026-02-17 11:00:00,BE,3608.5,806.2,6497.2,2888.7,0.0,0.0,2026-02-17,11
2026-02-17 12:00:00,BE,3876.1,559.9,6307.9,2431.8,0.0,0.0,2026-02-17,12
2026-02-17 13:00:00,BE,3783.7,617.0,6329.0,2545.3,0.0,0.0,2026-02-17,13
2026-02-17 14:00:00,BE,3977.8,716.5,6415.5,2437.7,0.0,0.0,2026-02-17,14
2026-02-17 15:00:00,BE,4172.8,433.6,6162.6,1989.8,0.0,0.0,2026-02-17,15
2026-02-17 16:00:00,BE,4161.6,739.6,6364.6,2203.0,0.0,0.0,2026-02-17,16
2026-02-17 17:00:00,BE,4195.1,237.2,5868.2,1673.1,0.0,0.0,2026-02-17,17
2026-02-17 18:00:00,BE,4337.3,164.3,5805.3,1468.0,0.02,14.46,2026-02-17,18
2026-02-17 19:00:00,BE,4168.6,375.2,5977.2,1808.6,0.0,0.0,2026-02-17,19
2026-02-17 20:00:00,BE,4250.4,424.1,6012.1,1761.7,0.0,0.0,2026-02-17,20
2026-02-17 21:00:00,BE,4144.3,369.1,5855.1,1710.8,0.0,0.0,2026-02-17,21
2026-02-17 22:00:00,BE,4114.1,21.7,5672.7,1558.6,0.02,5.85,2026-02-17,22
2026-02-17 23:00:00,BE,4022.6,375.5,5919.5,1896.9,0.0,0.0,2026-02-17,23
2026-02-18 00:00:00,BE,3818.1,438.4,6088.4,2270.3,0.0,0.0,2026-02-18,0
2026-02-18 01:00:00,BE,3612.6,92.5,5848.5,2235.9,0.0,0.0,2026-02-18,1
2026-02-18 02:00:00,BE,3672.0,310.6,5954.6,2282.6,0.0,0.0,2026-02-18,2
2026-02-18 03:00:00,BE,3470.6,223.3,5840.3,2369.7,0.0,0.0,2026-02-18,3
2026-02-18 04:00:00,BE,3261.4,329.2,5815.2,2553.8,0.0,0.0,2026-02-18,4
2026-02-18 05:00:00,BE,3337.3,107.0,5794.0,2456.7,0.0,0.0,2026-02-18,5
2026-02-18 06:00:00,BE,3225.5,528.5,6128.5,2903.0,0.0,0.0,2026-02-18,6
2026-02-18 07:00:00,BE,3012.6,759.4,6404.4,3391.8,0.0,0.0,2026-02-18,7
2026-02-18 08:00:00,BE,3250.0,395.8,5945.8,2695.8,0.0,0.0,2026-02-18,8
2026-02-18 09:00:00,BE,3398.6,344.0,5971.0,2572.4,0.0,0.0,2026-02-18,9
2026-02-18 10:00:00,BE,3492.1,1163.5,6886.5,3394.4,0.0,0.0,2026-02-18,10
2026-02-18 11:00:00,BE,3482.6,683.9,6340.9,2858.3,0.0,0.0,2026-02-18,11
2026-02-18 12:00:00,BE,3754.2,608.1,6325.1,2570.9,0.0,0.0,2026-02-18,12
2026-02-18 13:00:00,BE,3976.3,642.9,6231.9,2255.6,0.0,0.0,2026-02-18,13
2026-02-18 14:00:00,BE,3908.4,640.7,6394.7,2486.3,0.0,0.0,2026-02-18,14
2026-02-18 15:00:00,BE,4179.0,895.0,6588.0,2409.0,0.0,0.0,2026-02-18,15
2026-02-18 16:00:00,BE,3984.0,432.6,6082.6,2098.6,0.0,0.0,2026-02-18,16
2026-02-18 17:00:00,BE,4337.3,292.9,5916.9,1579.6,0.0,0.0,2026-02-18,17
2026-02-18 18:00:00,BE,4225.2,658.5,6384.5,2159.3,0.0,0.0,2026-02-18,18
2026-02-18 19:00:00,BE,4114.8,488.1,6102.1,1987.3,0.0,0.0,2026-02-18,19
2026-02-18 20:00:00,BE,4358.2,663.2,6314.2,1956.0,0.0,0.0,2026-02-18,20
2026-02-18 21:00:00,BE,4201.0,204.9,5829.9,1628.9,0.0,0.0,2026-02-18,21
2026-02-18 22:00:00,BE,4155.0,332.6,6076.6,1921.6,0.0,0.0,2026-02-18,22
2026-02-18 23:00:00,BE,3957.2,222.7,5822.7,1865.5,0.0,0.0,2026-02-18,23
2026-02-19 00:00:00,BE,3831.7,332.4,5967.4,2135.7,0.0,0.0,2026-02-19,0
2026-02-19 01:00:00,BE,3614.1,623.7,6213.7,2599.6,0.0,0.0,2026-02-19,1
2026-02-19 02:00:00,BE,3589.6,353.8,5839.8,2250.2,0.0,0.0,2026-02-19,2
2026-02-19 03:00:00,BE,3424.9,393.7,6015.7,2590.8,0.0,0.0,2026-02-19,3
2026-02-19 04:00:00,BE,3278.4,85.1,5694.1,2415.7,0.0,0.0,2026-02-19,4
2026-02-19 05:00:00,BE,3281.9,129.3,5859.3,2577.4,0.0,0.0,2026-02-19,5
2026-02-19 06:00:00,BE,3134.2,123.1,5785.1,2650.9,0.0,0.0,2026-02-19,6
2026-02-19 07:00:00,BE,3300.4,339.6,5957.6,2657.2,0.0,0.0,2026-02-19,7
2026-02-19 08:00:00,BE,3405.6,473.1,5991.1,2585.5,0.0,0.0,2026-02-19,8
2026-02-19 09:00:00,BE,3446.7,584.4,6165.4,2718.7,0.0,0.0,2026-02-19,9
2026-02-19 10:00:00,BE,3602.8,545.4,6173.4,2570.6,0.0,0.0,2026-02-19,10
2026-02-19 11:00:00,BE,3617.8,1175.7,6921.7,3303.9,0.0,0.0,2026-02-19,11
2026-02-19 12:00:00,BE,3787.8,791.5,6280.5,2492.7,0.0,0.0,2026-02-19,12
2026-02-19 13:00:00,BE,3916.2,628.4,6252.4,2336.2,0.0,0.0,2026-02-19,13
2026-02-19 14:00:00,BE,4263.5,745.0,6401.0,2137.5,0.0,0.0,2026-02-19,14
2026-02-19 15:00:00,BE,3980.5,1001.3,6732.3,2751.8,0.0,0.0,2026-02-19,15
2026-02-19 16:00:00,BE,4456.1,673.0,6372.0,1915.9,0.0,0.0,2026-02-19,16
2026-02-19 17:00:00,BE,4177.4,432.2,6097.2,1919.8,0.0,0.0,2026-02-19,17
2026-02-19 18:00:00,BE,4241.0,165.9,5834.9,1593.9,0.0,0.0,2026-02-19,18
2026-02-19 19:00:00,BE,4296.7,609.1,6278.1,1981.4,0.0,0.0,2026-02-19,19
2026-02-19 20:00:00,BE,4282.3,454.7,6171.7,1889.4,0.0,0.0,2026-02-19,20
2026-02-19 21:00:00,BE,4130.0,342.0,5995.0,1865.0,0.0,0.0,2026-02-19,21
2026-02-19 22:00:00,BE,4055.7,614.0,6177.0,2121.3,0.0,0.0,2026-02-19,22
2026-02-19 23:00:00,BE,4074.2,176.9,5813.9,1739.7,0.0,0.0,2026-02-19,23
2026-02-20 00:00:00,BE,4088.2,220.7,5751.7,1663.5,0.0,0.0,2026-02-20,0
2026-02-20 01:00:00,BE,3697.4,175.7,5852.7,2155.3,0.0,0.0,2026-02-20,1
2026-02-20 02:00:00,BE,3610.5,561.7,6167.7,2557.2,0.0,0.0,2026-02-20,2
2026-02-20 03:00:00,BE,3411.8,13.7,5639.7,2227.9,0.0,0.0,2026-02-20,3
2026-02-20 04:00:00,BE,3541.3,385.0,6084.0,2542.7,0.0,0.0,2026-02-20,4
2026-02-20 05:00:00,BE,3279.8,475.8,6079.8,2800.0,0.0,0.0,2026-02-20,5
2026-02-20 06:00:00,BE,3336.3,190.0,5849.0,2512.7,0.0,0.0,2026-02-20,6
2026-02-20 07:00:00,BE,3168.1,362.4,6034.4,2866.3,0.0,0.0,2026-02-20,7
2026-02-20 08:00:00,BE,3025.6,516.2,6176.2,3150.6,0.0,0.0,2026-02-20,8
2026-02-20 09:00:00,BE,3690.8,800.4,6446.4,2755.6,0.0,0.0,2026-02-20,9
2026-02-20 10:00:00,BE,3650.9,868.8,6601.8,2950.9,0.0,0.0,2026-02-20,10
2026-02-20 11:00:00,BE,3753.2,685.5,6296.5,2543.3,0.0,0.0,2026-02-20,11
2026-02-20 12:00:00,BE,3662.5,878.2,6550.2,2887.7,0.0,0.0,2026-02-20,12
2026-02-20 13:00:00,BE,3708.4,891.1,6559.1,2850.7,0.0,0.0,2026-02-20,13
2026-02-20 14:00:00,BE,3994.0,950.4,6609.4,2615.4,0.0,0.0,2026-02-20,14
2026-02-20 15:00:00,BE,4139.3,692.6,6407.6,2268.3,0.0,0.0,2026-02-20,15
2026-02-20 16:00:00,BE,4290.0,625.5,6368.5,2078.5,0.0,0.0,2026-02-20,16
2026-02-20 17:00:00,BE,4255.2,705.1,6377.1,2121.9,0.0,0.0,2026-02-20,17
2026-02-20 18:00:00,BE,4422.5,270.3,6085.3,1662.8,0.0,0.0,2026-02-20,18
2026-02-20 19:00:00,BE,4294.1,398.9,6092.9,1798.8,0.0,0.0,2026-02-20,19
2026-02-20 20:00:00,BE,4239.2,100.6,5773.6,1534.4,0.02,3.77,2026-02-20,20
2026-02-20 21:00:00,BE,4260.6,213.9,5770.9,1510.3,0.0,0.0,2026-02-20,21
2026-02-20 22:00:00,BE,3939.2,580.8,6194.8,2255.6,0.0,0.0,2026-02-20,22
2026-02-20 23:00:00,BE,3943.1,237.6,5870.6,1927.5,0.0,0.0,2026-02-20,23
2026-02-21 00:00:00,BE,3701.6,279.1,5883.1,2181.5,0.0,0.0,2026-02-21,0
2026-02-21 01:00:00,BE,3557.5,167.7,5851.7,2294.2,0.0,0.0,2026-02-21,1
2026-02-21 02:00:00,BE,3696.1,154.7,5755.7,2059.6,0.0,0.0,2026-02-21,2
2026-02-21 03:00:00,BE,3542.3,232.3,5898.3,2356.0,0.0,0.0,2026-02-21,3
2026-02-21 04:00:00,BE,3396.3,464.6,6023.6,2627.3,0.0,0.0,2026-02-21,4
2026-02-21 05:00:00,BE,3437.6,334.6,6068.6,2631.0,0.0,0.0,2026-02-21,5
2026-02-21 06:00:00,BE,3309.3,479.1,6174.1,2864.8,0.0,0.0,2026-02-21,6
2026-02-21 07:00:00,BE,3442.0,668.4,6301.4,2859.4,0.0,0.0,2026-02-21,7
2026-02-21 08:00:00,BE,3230.5,279.1,5977.1,2746.6,0.0,0.0,2026-02-21,8
2026-02-21 09:00:00,BE,3392.6,767.4,6391.4,2998.8,0.0,0.0,2026-02-21,9
2026-02-21 10:00:00,BE,3558.5,915.6,6576.6,3018.1,0.0,0.0,2026-02-21,10
2026-02-21 11:00:00,BE,3513.8,932.3,6610.3,3096.5,0.0,0.0,2026-02-21,11
2026-02-21 12:00:00,BE,3682.5,987.8,6678.8,2996.3,0.0,0.0,2026-02-21,12
2026-02-21 13:00:00,BE,3743.9,738.7,6382.7,2638.8,0.0,0.0,2026-02-21,13
2026-02-21 14:00:00,BE,4091.7,724.5,6357.5,2265.8,0.0,0.0,2026-02-21,14
2026-02-21 15:00:00,BE,4059.5,599.2,6250.2,2190.7,0.0,0.0,2026-02-21,15
2026-02-21 16:00:00,BE,4225.4,654.7,6311.7,2086.3,0.0,0.0,2026-02-21,16
2026-02-21 17:00:00,BE,4305.1,317.6,6015.6,1710.5,0.0,0.0,2026-02-21,17
2026-02-21 18:00:00,BE,4240.8,263.9,5943.9,1703.1,0.0,0.0,2026-02-21,18
2026-02-21 19:00:00,BE,4244.7,182.7,5807.7,1563.0,0.02,5.24,2026-02-21,19
2026-02-21 20:00:00,BE,4207.9,271.2,5916.2,1708.3,0.0,0.0,2026-02-21,20
2026-02-21 21:00:00,BE,4162.0,134.8,5620.8,1458.8,0.0,0.0,2026-02-21,21
2026-02-21 22:00:00,BE,4166.6,382.6,6027.6,1861.0,0.02,5.68,2026-02-21,22
2026-02-21 23:00:00,BE,3756.4,113.0,5791.0,2034.6,0.0,0.0,2026-02-21,23
2026-02-22 00:00:00,BE,3767.3,309.4,5934.4,2167.1,0.0,0.0,2026-02-22,0
2026-02-22 01:00:00,BE,3484.7,304.8,5882.8,2398.1,0.0,0.0,2026-02-22,1
2026-02-22 02:00:00,BE,3677.1,402.4,5944.4,2267.3,0.02,2.49,2026-02-22,2
2026-02-22 03:00:00,BE,3184.9,309.1,5950.1,2765.2,0.0,0.0,2026-02-22,3
2026-02-22 04:00:00,BE,3341.3,709.0,6472.0,3130.7,0.0,0.0,2026-02-22,4
2026-02-22 05:00:00,BE,3221.9,556.9,6222.9,3001.0,0.0,0.0,2026-02-22,5
2026-02-22 06:00:00,BE,3185.7,325.3,5942.3,2756.6,0.0,0.0,2026-02-22,6
2026-02-22 07:00:00,BE,3354.6,724.3,6336.3,2981.7,0.0,0.0,2026-02-22,7
2026-02-22 08:00:00,BE,3382.4,658.3,6336.3,2953.9,0.0,0.0,2026-02-22,8
2026-02-22 09:00:00,BE,3285.3,1120.8,6742.8,3457.5,0.0,0.0,2026-02-22,9
2026-02-22 10:00:00,BE,3556.3,1059.4,6800.4,3244.1,0.0,0.0,2026-02-22,10
2026-02-22 11:00:00,BE,3655.6,684.7,6335.7,2680.1,0.0,0.0,2026-02-22,11
2026-02-22 12:00:00,BE,3662.3,657.9,6241.9,2579.6,0.0,0.0,2026-02-22,12
2026-02-22 13:00:00,BE,3706.9,1160.5,6673.5,2966.6,0.0,0.0,2026-02-22,13
2026-02-22 14:00:00,BE,4092.9,526.0,6092.0,1999.1,0.0,0.0,2026-02-22,14
2026-02-22 15:00:00,BE,4184.5,781.0,6424.0,2239.5,0.0,0.0,2026-02-22,15
2026-02-22 16:00:00,BE,4242.5,540.7,6002.7,1760.2,0.02,7.04,2026-02-22,16
2026-02-22 17:00:00,BE,4168.3,411.5,6029.5,1861.2,0.0,0.0,2026-02-22,17
2026-02-22 18:00:00,BE,4390.3,393.1,5938.1,1547.8,0.06,5.83,2026-02-22,18
2026-02-22 19:00:00,BE,4636.2,417.9,6085.9,1449.7,0.0,0.0,2026-02-22,19
2026-02-22 20:00:00,BE,4197.8,442.3,6140.3,1942.5,0.0,0.0,2026-02-22,20
2026-02-22 21:00:00,BE,4161.5,256.9,5846.9,1685.4,0.0,0.0,2026-02-22,21
2026-02-22 22:00:00,BE,3897.9,542.5,6242.5,2344.6,0.0,0.0,2026-02-22,22
2026-02-22 23:00:00,BE,3777.8,383.6,6062.6,2284.8,0.0,0.0,2026-02-22,23
2026-02-23 00:00:00,BE,3951.1,165.6,5864.6,1913.5,0.0,0.0,2026-02-23,0
2026-02-23 01:00:00,BE,3882.3,540.3,6306.3,2424.0,0.0,0.0,2026-02-23,1
2026-02-23 02:00:00,BE,3462.6,441.9,6069.9,2607.3,0.0,0.0,2026-02-23,2
2026-02-23 03:00:00,BE,3310.0,409.4,6012.4,2702.4,0.0,0.0,2026-02-23,3
2026-02-23 04:00:00,BE,3198.4,133.7,5731.7,2533.3,0.0,0.0,2026-02-23,4
2026-02-23 05:00:00,BE,3184.6,496.1,6055.1,2870.5,0.0,0.0,2026-02-23,5
2026-02-23 06:00:00,BE,3245.5,436.4,6076.4,2830.9,0.0,0.0,2026-02-23,6
2026-02-23 07:00:00,BE,3107.6,374.3,6033.3,2925.7,0.0,0.0,2026-02-23,7
2026-02-23 08:00:00,BE,3220.7,312.4,6046.4,2825.7,0.0,0.0,2026-02-23,8
2026-02-23 09:00:00,BE,3496.1,593.1,6210.1,2714.0,0.0,0.0,2026-02-23,9
2026-02-23 10:00:00,BE,3466.6,696.0,6368.0,2901.4,0.0,0.0,2026-02-23,10
2026-02-23 11:00:00,BE,3513.4,555.2,6143.2,2629.8,0.0,0.0,2026-02-23,11
2026-02-23 12:00:00,BE,3595.4,1019.6,6534.6,2939.2,0.0,0.0,2026-02-23,12
2026-02-23 13:00:00,BE,3991.0,690.6,6298.6,2307.6,0.0,0.0,2026-02-23,13
2026-02-23 14:00:00,BE,3859.1,854.2,6514.2,2655.1,0.0,0.0,2026-02-23,14
2026-02-23 15:00:00,BE,4069.6,570.7,6247.7,2178.1,0.0,0.0,2026-02-23,15
2026-02-23 16:00:00,BE,4284.6,446.5,6190.5,1905.9,0.0,0.0,2026-02-23,16
2026-02-23 17:00:00,BE,4279.1,771.0,6411.0,2131.9,0.0,0.0,2026-02-23,17
2026-02-23 18:00:00,BE,4266.1,285.5,5912.5,1646.4,0.0,0.0,2026-02-23,18
2026-02-23 19:00:00,BE,4249.7,522.2,6232.2,1982.5,0.0,0.0,2026-02-23,19
2026-02-23 20:00:00,BE,4050.5,359.8,5993.8,1943.3,0.0,0.0,2026-02-23,20
2026-02-23 21:00:00,BE,3997.6,98.2,5736.2,1738.6,0.0,0.0,2026-02-23,21
2026-02-23 22:00:00,BE,3924.0,172.3,5816.3,1892.3,0.0,0.0,2026-02-23,22
2026-02-23 23:00:00,BE,3516.1,179.7,5839.7,2323.6,0.0,0.0,2026-02-23,23
2026-02-24 00:00:00,BE,3678.7,172.6,5865.6,2186.9,0.0,0.0,2026-02-24,0
2026-02-24 01:00:00,BE,3586.5,246.8,5849.8,2263.3,0.0,0.0,2026-02-24,1
2026-02-24 02:00:00,BE,3467.4,379.3,5935.3,2467.9,0.0,0.0,2026-02-24,2
2026-02-24 03:00:00,BE,3358.6,512.1,6176.1,2817.5,0.0,0.0,2026-02-24,3
2026-02-24 04:00:00,BE,3317.6,174.5,5652.5,2334.9,0.0,0.0,2026-02-24,4
2026-02-24 05:00:00,BE,3275.0,575.1,6245.1,2970.1,0.0,0.0,2026-02-24,5
2026-02-24 06:00:00,BE,3420.3,284.2,5970.2,2549.9,0.0,0.0,2026-02-24,6
2026-02-24 07:00:00,BE,3260.5,439.6,6027.6,2767.1,0.0,0.0,2026-02-24,7
2026-02-24 08:00:00,BE,3393.3,1015.1,6637.1,3243.8,0.0,0.0,2026-02-24,8
2026-02-24 09:00:00,BE,3299.7,622.1,6288.1,2988.4,0.0,0.0,2026-02-24,9
2026-02-24 10:00:00,BE,3512.6,671.5,6376.5,2863.9,0.0,0.0,2026-02-24,10
2026-02-24 11:00:00,BE,3628.6,1018.8,6713.8,3085.2,0.0,0.0,2026-02-24,11
2026-02-24 12:00:00,BE,3695.8,999.4,6682.4,2986.6,0.0,0.0,2026-02-24,12
2026-02-24 13:00:00,BE,3648.0,779.1,6384.1,2736.1,0.0,0.0,2026-02-24,13
2026-02-24 14:00:00,BE,3811.6,951.4,6653.4,2841.8,0.0,0.0,2026-02-24,14
2026-02-24 15:00:00,BE,4129.0,942.9,6573.9,2444.9,0.0,0.0,2026-02-24,15
2026-02-24 16:00:00,BE,4148.2,710.3,6358.3,2210.1,0.0,0.0,2026-02-24,16
2026-02-24 17:00:00,BE,4174.5,341.4,5891.4,1716.9,0.0,0.0,2026-02-24,17
2026-02-24 18:00:00,BE,4139.5,977.0,6503.0,2363.5,0.0,0.0,2026-02-24,18
2026-02-24 19:00:00,BE,4213.9,278.5,5867.5,1653.6,0.0,0.0,2026-02-24,19
2026-02-24 20:00:00,BE,4221.2,95.6,5742.6,1521.4,0.0,0.0,2026-02-24,20
2026-02-24 21:00:00,BE,4295.2,206.4,5840.4,1545.2,0.0,0.0,2026-02-24,21
2026-02-24 22:00:00,BE,3967.6,498.1,6155.1,2187.5,0.0,0.0,2026-02-24,22
2026-02-24 23:00:00,BE,3827.5,881.8,6467.8,2640.3,0.0,0.0,2026-02-24,23
2026-02-25 00:00:00,BE,3751.2,253.2,5846.2,2095.0,0.0,0.0,2026-02-25,0
2026-02-25 01:00:00,BE,3728.3,539.9,6078.9,2350.6,0.0,0.0,2026-02-25,1
2026-02-25 02:00:00,BE,3744.0,343.6,6066.6,2322.6,0.0,0.0,2026-02-25,2
2026-02-25 03:00:00,BE,3431.2,486.5,6148.5,2717.3,0.0,0.0,2026-02-25,3
2026-02-25 04:00:00,BE,3112.4,53.2,5614.2,2501.8,0.0,0.0,2026-02-25,4
2026-02-25 05:00:00,BE,3237.2,446.1,6066.1,2828.9,0.0,0.0,2026-02-25,5
2026-02-25 06:00:00,BE,3081.0,508.7,6142.7,3061.7,0.0,0.0,2026-02-25,6
2026-02-25 07:00:00,BE,3118.2,379.4,5906.4,2788.2,0.0,0.0,2026-02-25,7
2026-02-25 08:00:00,BE,3499.5,466.5,6170.5,2671.0,0.0,0.0,2026-02-25,8
2026-02-25 09:00:00,BE,3320.5,583.8,6266.8,2946.3,0.0,0.0,2026-02-25,9
2026-02-25 10:00:00,BE,3379.8,724.9,6390.9,3011.1,0.0,0.0,2026-02-25,10
2026-02-25 11:00:00,BE,3749.7,1078.5,6681.5,2931.8,0.0,0.0,2026-02-25,11
2026-02-25 12:00:00,BE,3724.1,809.7,6302.7,2578.6,0.0,0.0,2026-02-25,12
2026-02-25 13:00:00,BE,3708.2,771.7,6429.7,2721.5,0.0,0.0,2026-02-25,13
2026-02-25 14:00:00,BE,3971.2,847.6,6558.6,2587.4,0.0,0.0,2026-02-25,14
2026-02-25 15:00:00,BE,3900.2,820.3,6468.3,2568.1,0.0,0.0,2026-02-25,15
2026-02-25 16:00:00,BE,4043.5,338.3,6012.3,1968.8,0.0,0.0,2026-02-25,16
2026-02-25 17:00:00,BE,4218.3,452.1,6047.1,1828.8,0.0,0.0,2026-02-25,17
2026-02-25 18:00:00,BE,3907.4,566.7,6167.7,2260.3,0.0,0.0,2026-02-25,18
2026-02-25 19:00:00,BE,4280.7,414.2,6118.2,1837.5,0.02,10.33,2026-02-25,19
2026-02-25 20:00:00,BE,4175.2,342.6,6020.6,1845.4,0.0,0.0,2026-02-25,20
2026-02-25 21:00:00,BE,4165.6,476.6,6100.6,1935.0,0.0,0.0,2026-02-25,21
2026-02-25 22:00:00,BE,3914.2,304.8,5866.8,1952.6,0.0,0.0,2026-02-25,22
2026-02-25 23:00:00,BE,3890.6,88.2,5735.2,1844.6,0.0,0.0,2026-02-25,23
2026-02-26 00:00:00,BE,3592.0,413.8,6150.8,2558.8,0.0,0.0,2026-02-26,0
2026-02-26 01:00:00,BE,3469.8,464.6,6066.6,2596.8,0.0,0.0,2026-02-26,1
2026-02-26 02:00:00,BE,3471.7,355.7,6010.7,2539.0,0.0,0.0,2026-02-26,2
2026-02-26 03:00:00,BE,3358.6,232.3,5862.3,2503.7,0.0,0.0,2026-02-26,3
2026-02-26 04:00:00,BE,3274.3,381.6,6007.6,2733.3,0.0,0.0,2026-02-26,4
2026-02-26 05:00:00,BE,3386.9,50.4,5705.4,2318.5,0.0,0.0,2026-02-26,5
2026-02-26 06:00:00,BE,3174.7,675.8,6304.8,3130.1,0.0,0.0,2026-02-26,6
2026-02-26 07:00:00,BE,3277.9,179.3,5785.3,2507.4,0.0,0.0,2026-02-26,7
2026-02-26 08:00:00,BE,3314.8,883.2,6612.2,3297.4,0.0,0.0,2026-02-26,8
2026-02-26 09:00:00,BE,3371.5,724.3,6457.3,3085.8,0.0,0.0,2026-02-26,9
2026-02-26 10:00:00,BE,3505.0,858.9,6411.9,2906.9,0.0,0.0,2026-02-26,10
2026-02-26 11:00:00,BE,3368.0,707.0,6384.0,3016.0,0.0,0.0,2026-02-26,11
2026-02-26 12:00:00,BE,3638.1,629.0,6338.0,2699.9,0.0,0.0,2026-02-26,12
2026-02-26 13:00:00,BE,3965.6,907.0,6589.0,2623.4,0.0,0.0,2026-02-26,13
2026-02-26 14:00:00,BE,3918.3,481.2,6166.2,2247.9,0.0,0.0,2026-02-26,14
2026-02-26 15:00:00,BE,4140.2,546.2,6269.2,2129.0,0.0,0.0,2026-02-26,15
2026-02-26 16:00:00,BE,4192.0,473.5,6076.5,1884.5,0.0,0.0,2026-02-26,16
2026-02-26 17:00:00,BE,3820.1,267.2,5907.2,2087.1,0.0,0.0,2026-02-26,17
2026-02-26 18:00:00,BE,4044.3,436.7,6159.7,2115.4,0.0,0.0,2026-02-26,18
2026-02-26 19:00:00,BE,4104.0,503.3,6186.3,2082.3,0.0,0.0,2026-02-26,19
2026-02-26 20:00:00,BE,4051.7,166.6,5777.6,1725.9,0.0,0.0,2026-02-26,20
2026-02-26 21:00:00,BE,3999.5,509.1,6213.1,2213.6,0.0,0.0,2026-02-26,21
2026-02-26 22:00:00,BE,3897.4,360.0,5891.0,1993.6,0.0,0.0,2026-02-26,22
2026-02-26 23:00:00,BE,3730.3,302.0,5861.0,2130.7,0.0,0.0,2026-02-26,23
2026-02-27 00:00:00,BE,3618.2,161.6,5900.6,2282.4,0.0,0.0,2026-02-27,0
2026-02-27 01:00:00,BE,3333.8,219.1,5868.1,2534.3,0.0,0.0,2026-02-27,1
2026-02-27 02:00:00,BE,3679.3,827.1,6483.1,2803.8,0.0,0.0,2026-02-27,2
2026-02-27 03:00:00,BE,3509.3,278.5,5986.5,2477.2,0.0,0.0,2026-02-27,3
2026-02-27 04:00:00,BE,3367.5,397.5,5979.5,2612.0,0.0,0.0,2026-02-27,4
2026-02-27 05:00:00,BE,3201.9,485.2,6095.2,2893.3,0.0,0.0,2026-02-27,5
2026-02-27 06:00:00,BE,3085.1,293.1,5941.1,2856.0,0.0,0.0,2026-02-27,6
2026-02-27 07:00:00,BE,3503.0,552.2,6172.2,2669.2,0.0,0.0,2026-02-27,7
2026-02-27 08:00:00,BE,3147.1,874.6,6404.6,3257.5,0.0,0.0,2026-02-27,8
2026-02-27 09:00:00,BE,3510.6,710.0,6425.0,2914.4,0.0,0.0,2026-02-27,9
2026-02-27 10:00:00,BE,3479.0,931.9,6493.9,3014.9,0.0,0.0,2026-02-27,10
2026-02-27 11:00:00,BE,3452.6,602.3,6273.3,2820.7,0.0,0.0,2026-02-27,11
2026-02-27 12:00:00,BE,3592.8,793.8,6372.8,2780.0,0.0,0.0,2026-02-27,12
2026-02-27 13:00:00,BE,3769.2,678.4,6332.4,2563.2,0.0,0.0,2026-02-27,13
2026-02-27 14:00:00,BE,3864.7,518.8,6130.8,2266.1,0.0,0.0,2026-02-27,14
2026-02-27 15:00:00,BE,3872.9,1185.9,6899.9,3027.0,0.0,0.0,2026-02-27,15
2026-02-27 16:00:00,BE,4172.4,664.1,6407.1,2234.7,0.0,0.0,2026-02-27,16
2026-02-27 17:00:00,BE,4060.7,406.3,6044.3,1983.6,0.0,0.0,2026-02-27,17
2026-02-27 18:00:00,BE,4278.9,597.6,6381.6,2102.7,0.0,0.0,2026-02-27,18
2026-02-27 19:00:00,BE,4148.3,501.0,6082.0,1933.7,0.0,0.0,2026-02-27,19
2026-02-27 20:00:00,BE,4136.3,621.1,6237.1,2100.8,0.0,0.0,2026-02-27,20
2026-02-27 21:00:00,BE,4053.1,484.1,6228.1,2175.0,0.0,0.0,2026-02-27,21
2026-02-27 22:00:00,BE,3888.6,439.4,6112.4,2223.8,0.0,0.0,2026-02-27,22
2026-02-27 23:00:00,BE,3802.2,128.9,5749.9,1947.7,0.0,0.0,2026-02-27,23
2026-02-28 00:00:00,BE,3704.7,773.7,6513.7,2809.0,0.0,0.0,2026-02-28,0
2026-02-28 01:00:00,BE,3831.2,154.6,5826.6,1995.4,0.0,0.0,2026-02-28,1
2026-02-28 02:00:00,BE,3278.6,302.5,5922.5,2643.9,0.0,0.0,2026-02-28,2
2026-02-28 03:00:00,BE,3244.3,277.7,6008.7,2764.4,0.0,0.0,2026-02-28,3
2026-02-28 04:00:00,BE,3202.1,77.8,5828.8,2626.7,0.0,0.0,2026-02-28,4
2026-02-28 05:00:00,BE,3046.8,887.5,6497.5,3450.7,0.0,0.0,2026-02-28,5
2026-02-28 06:00:00,BE,3020.0,531.1,6201.1,3181.1,0.0,0.0,2026-02-28,6
2026-02-28 07:00:00,BE,3009.9,805.7,6445.7,3435.8,0.0,0.0,2026-02-28,7
2026-02-28 08:00:00,BE,3237.6,802.6,6482.6,3245.0,0.0,0.0,2026-02-28,8
2026-02-28 09:00:00,BE,3258.9,724.6,6476.6,3217.7,0.0,0.0,2026-02-28,9
2026-02-28 10:00:00,BE,3446.1,695.7,6388.7,2942.6,0.0,0.0,2026-02-28,10
2026-02-28 11:00:00,BE,3374.4,894.8,6496.8,3122.4,0.0,0.0,2026-02-28,11
2026-02-28 12:00:00,BE,3567.5,606.4,6291.4,2723.9,0.0,0.0,2026-02-28,12
2026-02-28 13:00:00,BE,3912.6,590.3,6240.3,2327.7,0.0,0.0,2026-02-28,13
2026-02-28 14:00:00,BE,4013.3,708.7,6418.7,2405.4,0.0,0.0,2026-02-28,14
2026-02-28 15:00:00,BE,3838.9,419.5,6082.5,2243.6,0.0,0.0,2026-02-28,15
2026-02-28 16:00:00,BE,4203.9,524.8,6080.8,1876.9,0.0,0.0,2026-02-28,16
2026-02-28 17:00:00,BE,4088.1,455.1,6095.1,2007.0,0.0,0.0,2026-02-28,17
2026-02-28 18:00:00,BE,4037.4,391.1,6031.1,1993.7,0.0,0.0,2026-02-28,18
2026-02-28 19:00:00,BE,4239.8,108.5,5755.5,1515.7,0.0,0.0,2026-02-28,19
2026-02-28 20:00:00,BE,4209.7,476.3,6113.3,1903.6,0.0,0.0,2026-02-28,20
2026-02-28 21:00:00,BE,3722.7,642.1,6313.1,2590.4,0.0,0.0,2026-02-28,21
2026-02-28 22:00:00,BE,4020.9,524.7,6132.7,2111.8,0.0,0.0,2026-02-28,22
2026-02-28 23:00:00,BE,3735.7,27.1,5768.1,2032.4,0.0,0.0,2026-02-28,23
2026-03-01 00:00:00,BE,3602.3,591.8,6299.8,2697.5,0.0,0.0,2026-03-01,0
2026-03-01 01:00:00,BE,3490.1,356.6,5963.6,2473.5,0.0,0.0,2026-03-01,1
2026-03-01 02:00:00,BE,3541.7,592.6,6220.6,2678.9,0.0,0.0,2026-03-01,2
2026-03-01 03:00:00,BE,3459.6,797.7,6469.7,3010.1,0.0,0.0,2026-03-01,3
2026-03-01 04:00:00,BE,3268.2,406.7,6117.7,2849.5,0.0,0.0,2026-03-01,4
2026-03-01 05:00:00,BE,3270.3,180.6,5806.6,2536.3,0.0,0.0,2026-03-01,5
2026-03-01 06:00:00,BE,3413.9,542.0,6181.0,2767.1,0.0,0.0,2026-03-01,6
2026-03-01 07:00:00,BE,3172.3,210.5,5958.5,2786.2,0.0,0.0,2026-03-01,7
2026-03-01 08:00:00,BE,3102.3,1236.4,6896.4,3794.1,0.0,0.0,2026-03-01,8
2026-03-01 09:00:00,BE,3365.5,891.5,6545.5,3180.0,0.0,0.0,2026-03-01,9
2026-03-01 10:00:00,BE,3490.0,960.6,6622.6,3132.6,0.0,0.0,2026-03-01,10
2026-03-01 11:00:00,BE,3506.9,686.2,6365.2,2858.3,0.0,0.0,2026-03-01,11
2026-03-01 12:00:00,BE,3631.8,909.5,6538.5,2906.7,0.0,0.0,2026-03-01,12
2026-03-01 13:00:00,BE,4040.9,1124.2,6715.2,2674.3,0.0,0.0,2026-03-01,13
2026-03-01 14:00:00,BE,3873.0,649.5,6242.5,2369.5,0.0,0.0,2026-03-01,14
2026-03-01 15:00:00,BE,3900.0,406.1,6081.1,2181.1,0.0,0.0,2026-03-01,15
2026-03-01 16:00:00,BE,3764.4,595.1,6216.1,2451.7,0.0,0.0,2026-03-01,16
2026-03-01 17:00:00,BE,4233.7,416.2,5962.2,1728.5,0.0,0.0,2026-03-01,17
2026-03-01 18:00:00,BE,4304.7,246.5,5940.5,1635.8,0.0,0.0,2026-03-01,18
2026-03-01 19:00:00,BE,3994.5,128.5,5773.5,1779.0,0.0,0.0,2026-03-01,19
2026-03-01 20:00:00,BE,4154.1,430.3,6018.3,1864.2,0.0,0.0,2026-03-01,20
2026-03-01 21:00:00,BE,3963.9,227.0,5826.0,1862.1,0.02,13.74,2026-03-01,21
2026-03-01 22:00:00,BE,3908.5,421.7,6085.7,2177.2,0.0,0.0,2026-03-01,22
2026-03-01 23:00:00,BE,3709.2,478.0,6107.0,2397.8,0.0,0.0,2026-03-01,23
2026-03-02 00:00:00,BE,3648.6,764.1,6370.1,2721.5,0.0,0.0,2026-03-02,0
2026-03-02 01:00:00,BE,3623.8,651.1,6344.1,2720.3,0.0,0.0,2026-03-02,1
2026-03-02 02:00:00,BE,3338.1,177.9,5849.9,2511.8,0.0,0.0,2026-03-02,2
2026-03-02 03:00:00,BE,3213.9,619.9,6264.9,3051.0,0.0,0.0,2026-03-02,3
2026-03-02 04:00:00,BE,3094.4,344.5,6001.5,2907.1,0.0,0.0,2026-03-02,4
2026-03-02 05:00:00,BE,3299.6,956.4,6688.4,3388.8,0.0,0.0,2026-03-02,5
2026-03-02 06:00:00,BE,3047.4,144.0,5795.0,2747.6,0.0,0.0,2026-03-02,6
2026-03-02 07:00:00,BE,3238.4,608.3,6193.3,2954.9,0.0,0.0,2026-03-02,7
2026-03-02 08:00:00,BE,3064.2,738.3,6393.3,3329.1,0.0,0.0,2026-03-02,8
2026-03-02 09:00:00,BE,3036.9,933.3,6681.3,3644.4,0.0,0.0,2026-03-02,9
2026-03-02 10:00:00,BE,3328.0,532.1,6138.1,2810.1,0.0,0.0,2026-03-02,10
2026-03-02 11:00:00,BE,3543.3,640.2,6349.2,2805.9,0.0,0.0,2026-03-02,11
2026-03-02 12:00:00,BE,3773.9,555.1,6177.1,2403.2,0.0,0.0,2026-03-02,12
2026-03-02 13:00:00,BE,3868.3,1086.2,6779.2,2910.9,0.0,0.0,2026-03-02,13
2026-03-02 14:00:00,BE,3931.6,685.2,6243.2,2311.6,0.0,0.0,2026-03-02,14
2026-03-02 15:00:00,BE,3697.7,978.9,6596.9,2899.2,0.0,0.0,2026-03-02,15
2026-03-02 16:00:00,BE,4132.7,843.4,6411.4,2278.7,0.0,0.0,2026-03-02,16
2026-03-02 17:00:00,BE,3947.5,404.3,6059.3,2111.8,0.0,0.0,2026-03-02,17
2026-03-02 18:00:00,BE,4057.5,841.6,6479.6,2422.1,0.0,0.0,2026-03-02,18
2026-03-02 19:00:00,BE,4337.4,523.3,6153.3,1815.9,0.0,0.0,2026-03-02,19
2026-03-02 20:00:00,BE,4193.0,169.0,5783.0,1590.0,0.0,0.0,2026-03-02,20
2026-03-02 21:00:00,BE,3864.0,215.5,5885.5,2021.5,0.02,11.97,2026-03-02,21
2026-03-02 22:00:00,BE,3847.7,200.5,5830.5,1982.8,0.0,0.0,2026-03-02,22
2026-03-02 23:00:00,BE,3862.4,33.4,5677.4,1815.0,0.0,0.0,2026-03-02,23
2026-03-03 00:00:00,BE,3620.7,442.2,6145.2,2524.5,0.0,0.0,2026-03-03,0
2026-03-03 01:00:00,BE,3482.6,346.3,5987.3,2504.7,0.0,0.0,2026-03-03,1
2026-03-03 02:00:00,BE,3253.1,437.0,6110.0,2856.9,0.0,0.0,2026-03-03,2
2026-03-03 03:00:00,BE,3347.7,717.7,6408.7,3061.0,0.0,0.0,2026-03-03,3
2026-03-03 04:00:00,BE,3283.6,89.0,5756.0,2472.4,0.0,0.0,2026-03-03,4
2026-03-03 05:00:00,BE,3057.6,351.5,6088.5,3030.9,0.0,0.0,2026-03-03,5
2026-03-03 06:00:00,BE,2892.8,531.7,6185.7,3292.9,0.0,0.0,2026-03-03,6
2026-03-03 07:00:00,BE,3368.4,490.1,6129.1,2760.7,0.0,0.0,2026-03-03,7
2026-03-03 08:00:00,BE,3117.7,704.5,6364.5,3246.8,0.0,0.0,2026-03-03,8
2026-03-03 09:00:00,BE,3330.5,495.3,6037.3,2706.8,0.0,0.0,2026-03-03,9
2026-03-03 10:00:00,BE,3281.4,952.4,6510.4,3229.0,0.0,0.0,2026-03-03,10
2026-03-03 11:00:00,BE,3414.7,786.7,6514.7,3100.0,0.0,0.0,2026-03-03,11
2026-03-03 12:00:00,BE,3747.3,1200.5,6872.5,3125.2,0.0,0.0,2026-03-03,12
2026-03-03 13:00:00,BE,3723.8,743.9,6344.9,2621.1,0.0,0.0,2026-03-03,13
2026-03-03 14:00:00,BE,3974.2,606.6,6214.6,2240.4,0.0,0.0,2026-03-03,14
2026-03-03 15:00:00,BE,4080.0,1048.8,6656.8,2576.8,0.0,0.0,2026-03-03,15
2026-03-03 16:00:00,BE,4002.4,284.7,5867.7,1865.3,0.0,0.0,2026-03-03,16
2026-03-03 17:00:00,BE,4148.5,478.6,6161.6,2013.1,0.0,0.0,2026-03-03,17
2026-03-03 18:00:00,BE,4222.6,455.2,6083.2,1860.6,0.0,0.0,2026-03-03,18
2026-03-03 19:00:00,BE,4261.1,28.9,5763.9,1502.8,0.0,0.0,2026-03-03,19
2026-03-03 20:00:00,BE,4030.1,651.0,6388.0,2357.9,0.0,0.0,2026-03-03,20
2026-03-03 21:00:00,BE,3983.3,452.1,6032.1,2048.8,0.0,0.0,2026-03-03,21
2026-03-03 22:00:00,BE,3765.8,378.1,6002.1,2236.3,0.0,0.0,2026-03-03,22
2026-03-03 23:00:00,BE,3850.7,181.8,5736.8,1886.1,0.0,0.0,2026-03-03,23
2026-03-04 00:00:00,BE,3639.3,355.9,5995.9,2356.6,0.0,0.0,2026-03-04,0
2026-03-04 01:00:00,BE,3337.9,474.8,6262.8,2924.9,0.0,0.0,2026-03-04,1
2026-03-04 02:00:00,BE,3334.5,493.0,5989.0,2654.5,0.0,0.0,2026-03-04,2
2026-03-04 03:00:00,BE,3258.6,170.2,5826.2,2567.6,0.0,0.0,2026-03-04,3
2026-03-04 04:00:00,BE,3121.9,218.1,5837.1,2715.2,0.0,0.0,2026-03-04,4
2026-03-04 05:00:00,BE,3055.9,378.9,6012.9,2957.0,0.0,0.0,2026-03-04,5
2026-03-04 06:00:00,BE,2929.0,208.5,5819.5,2890.5,0.0,0.0,2026-03-04,6
2026-03-04 07:00:00,BE,3152.8,339.3,5940.3,2787.5,0.0,0.0,2026-03-04,7
2026-03-04 08:00:00,BE,3139.8,588.9,6217.9,3078.1,0.0,0.0,2026-03-04,8
2026-03-04 09:00:00,BE,3379.1,975.0,6645.0,3265.9,0.0,0.0,2026-03-04,9
2026-03-04 10:00:00,BE,3360.2,1023.6,6681.6,3321.4,0.0,0.0,2026-03-04,10
2026-03-04 11:00:00,BE,3592.9,693.4,6352.4,2759.5,0.0,0.0,2026-03-04,11
2026-03-04 12:00:00,BE,3478.9,879.5,6571.5,3092.6,0.0,0.0,2026-03-04,12
2026-03-04 13:00:00,BE,3795.6,814.1,6440.1,2644.5,0.0,0.0,2026-03-04,13
2026-03-04 14:00:00,BE,3957.5,809.3,6418.3,2460.8,0.0,0.0,2026-03-04,14
2026-03-04 15:00:00,BE,4062.4,739.3,6395.3,2332.9,0.0,0.0,2026-03-04,15
2026-03-04 16:00:00,BE,4019.8,484.0,6120.0,2100.2,0.0,0.0,2026-03-04,16
2026-03-04 17:00:00,BE,3996.3,356.6,6020.6,2024.3,0.0,0.0,2026-03-04,17
2026-03-04 18:00:00,BE,4318.4,674.3,6289.3,1970.9,0.04,18.76,2026-03-04,18
2026-03-04 19:00:00,BE,4078.3,594.7,6230.7,2152.4,0.0,0.0,2026-03-04,19
2026-03-04 20:00:00,BE,3908.6,336.9,6004.9,2096.3,0.0,0.0,2026-03-04,20
2026-03-04 21:00:00,BE,3946.1,413.3,6103.3,2157.2,0.0,0.0,2026-03-04,21
2026-03-04 22:00:00,BE,3906.7,119.6,5748.6,1841.9,0.0,0.0,2026-03-04,22
2026-03-04 23:00:00,BE,3661.3,600.8,6287.8,2626.5,0.0,0.0,2026-03-04,23
2026-03-05 00:00:00,BE,3665.8,253.2,5940.2,2274.4,0.0,0.0,2026-03-05,0
2026-03-05 01:00:00,BE,3594.1,970.0,6525.0,2930.9,0.0,0.0,2026-03-05,1
2026-03-05 02:00:00,BE,3360.7,315.2,5935.2,2574.5,0.0,0.0,2026-03-05,2
2026-03-05 03:00:00,BE,3382.8,346.1,5978.1,2595.3,0.0,0.0,2026-03-05,3
2026-03-05 04:00:00,BE,3168.1,407.5,5982.5,2814.4,0.0,0.0,2026-03-05,4
2026-03-05 05:00:00,BE,3075.6,730.8,6347.8,3272.2,0.0,0.0,2026-03-05,5
2026-03-05 06:00:00,BE,3303.4,301.7,5924.7,2621.3,0.0,0.0,2026-03-05,6
2026-03-05 07:00:00,BE,3206.0,281.5,5927.5,2721.5,0.0,0.0,2026-03-05,7
2026-03-05 08:00:00,BE,3193.3,728.5,6403.5,3210.2,0.0,0.0,2026-03-05,8
2026-03-05 09:00:00,BE,3044.3,677.4,6289.4,3245.1,0.0,0.0,2026-03-05,9
2026-03-05 10:00:00,BE,3197.3,805.5,6554.5,3357.2,0.0,0.0,2026-03-05,10
2026-03-05 11:00:00,BE,3282.9,432.4,6118.4,2835.5,0.0,0.0,2026-03-05,11
2026-03-05 12:00:00,BE,3605.9,735.7,6321.7,2715.8,0.0,0.0,2026-03-05,12
2026-03-05 13:00:00,BE,3736.2,951.8,6452.8,2716.6,0.0,0.0,2026-03-05,13
2026-03-05 14:00:00,BE,3909.2,696.5,6406.5,2497.3,0.0,0.0,2026-03-05,14
2026-03-05 15:00:00,BE,4086.3,631.4,6289.4,2203.1,0.0,0.0,2026-03-05,15
2026-03-05 16:00:00,BE,3859.3,631.7,6254.7,2395.4,0.0,0.0,2026-03-05,16
2026-03-05 17:00:00,BE,3930.1,436.4,6086.4,2156.3,0.0,0.0,2026-03-05,17
2026-03-05 18:00:00,BE,3997.9,238.4,5845.4,1847.5,0.0,0.0,2026-03-05,18
2026-03-05 19:00:00,BE,4144.3,62.5,5586.5,1442.2,0.02,3.64,2026-03-05,19
2026-03-05 20:00:00,BE,4073.8,412.2,6061.2,1987.4,0.0,0.0,2026-03-05,20
2026-03-05 21:00:00,BE,3835.0,158.0,5819.0,1984.0,0.0,0.0,2026-03-05,21
2026-03-05 22:00:00,BE,3771.1,682.5,6356.5,2585.4,0.0,0.0,2026-03-05,22
2026-03-05 23:00:00,BE,3779.2,284.5,5873.5,2094.3,0.0,0.0,2026-03-05,23
2026-03-06 00:00:00,BE,3612.0,296.3,5966.3,2354.3,0.0,0.0,2026-03-06,0
2026-03-06 01:00:00,BE,3595.2,270.2,5927.2,2332.0,0.0,0.0,2026-03-06,1
2026-03-06 02:00:00,BE,3255.5,586.5,6180.5,2925.0,0.0,0.0,2026-03-06,2
2026-03-06 03:00:00,BE,3232.0,673.1,6401.1,3169.1,0.0,0.0,2026-03-06,3
2026-03-06 04:00:00,BE,3050.0,290.7,5931.7,2881.7,0.0,0.0,2026-03-06,4
2026-03-06 05:00:00,BE,3255.3,198.2,5843.2,2587.9,0.0,0.0,2026-03-06,5
2026-03-06 06:00:00,BE,3222.8,489.8,6149.8,2927.0,0.0,0.0,2026-03-06,6
2026-03-06 07:00:00,BE,3175.0,479.5,6137.5,2962.5,0.0,0.0,2026-03-06,7
2026-03-06 08:00:00,BE,3282.7,912.6,6579.6,3296.9,0.0,0.0,2026-03-06,8
2026-03-06 09:00:00,BE,3410.0,508.1,6048.1,2638.1,0.0,0.0,2026-03-06,9
2026-03-06 10:00:00,BE,3522.4,529.3,6188.3,2665.9,0.0,0.0,2026-03-06,10
2026-03-06 11:00:00,BE,3671.6,917.1,6527.1,2855.5,0.0,0.0,2026-03-06,11
2026-03-06 12:00:00,BE,3512.4,528.2,6210.2,2697.8,0.0,0.0,2026-03-06,12
2026-03-06 13:00:00,BE,3631.8,883.8,6495.8,2864.0,0.0,0.0,2026-03-06,13
2026-03-06 14:00:00,BE,4001.0,653.8,6366.8,2365.8,0.0,0.0,2026-03-06,14
2026-03-06 15:00:00,BE,3899.9,888.5,6640.5,2740.6,0.0,0.0,2026-03-06,15
2026-03-06 16:00:00,BE,3818.6,542.7,6309.7,2491.1,0.0,0.0,2026-03-06,16
2026-03-06 17:00:00,BE,4024.8,411.1,6027.1,2002.3,0.0,0.0,2026-03-06,17
2026-03-06 18:00:00,BE,4217.7,224.6,5860.6,1642.9,0.0,0.0,2026-03-06,18
2026-03-06 19:00:00,BE,4022.6,222.1,5818.1,1795.5,0.0,0.0,2026-03-06,19
2026-03-06 20:00:00,BE,4119.0,244.8,5817.8,1698.8,0.0,0.0,2026-03-06,20
2026-03-06 21:00:00,BE,3984.3,580.7,6251.7,2267.4,0.0,0.0,2026-03-06,21
2026-03-06 22:00:00,BE,3682.9,463.2,6169.2,2486.3,0.0,0.0,2026-03-06,22
2026-03-06 23:00:00,BE,3776.6,322.7,5993.7,2217.1,0.0,0.0,2026-03-06,23
2026-03-07 00:00:00,BE,3593.9,626.4,6251.4,2657.5,0.0,0.0,2026-03-07,0
2026-03-07 01:00:00,BE,3397.0,74.5,5709.5,2312.5,0.0,0.0,2026-03-07,1
2026-03-07 02:00:00,BE,3170.4,192.4,5963.4,2793.0,0.0,0.0,2026-03-07,2
2026-03-07 03:00:00,BE,3428.9,641.8,6309.8,2880.9,0.0,0.0,2026-03-07,3
2026-03-07 04:00:00,BE,3048.2,365.8,6056.8,3008.6,0.0,0.0,2026-03-07,4
2026-03-07 05:00:00,BE,2862.8,542.2,6199.2,3336.4,0.0,0.0,2026-03-07,5
2026-03-07 06:00:00,BE,3189.0,654.0,6261.0,3072.0,0.0,0.0,2026-03-07,6
2026-03-07 07:00:00,BE,3052.2,310.6,5971.6,2919.4,0.0,0.0,2026-03-07,7
2026-03-07 08:00:00,BE,3296.9,512.2,6151.2,2854.3,0.0,0.0,2026-03-07,8
2026-03-07 09:00:00,BE,3221.3,784.3,6495.3,3274.0,0.0,0.0,2026-03-07,9
2026-03-07 10:00:00,BE,3335.0,865.8,6503.8,3168.8,0.0,0.0,2026-03-07,10
2026-03-07 11:00:00,BE,3527.1,791.6,6476.6,2949.5,0.0,0.0,2026-03-07,11
2026-03-07 12:00:00,BE,3599.6,1392.1,7083.1,3483.5,0.0,0.0,2026-03-07,12
2026-03-07 13:00:00,BE,3728.0,838.4,6554.4,2826.4,0.0,0.0,2026-03-07,13
2026-03-07 14:00:00,BE,3964.1,1043.2,6685.2,2721.1,0.0,0.0,2026-03-07,14
2026-03-07 15:00:00,BE,3829.3,505.0,6141.0,2311.7,0.0,0.0,2026-03-07,15
2026-03-07 16:00:00,BE,4083.0,689.3,6353.3,2270.3,0.0,0.0,2026-03-07,16
2026-03-07 17:00:00,BE,4100.2,674.4,6354.4,2254.2,0.0,0.0,2026-03-07,17
2026-03-07 18:00:00,BE,3890.1,197.0,5855.0,1964.9,0.0,0.0,2026-03-07,18
2026-03-07 19:00:00,BE,4197.5,803.3,6526.3,2328.8,0.0,0.0,2026-03-07,19
2026-03-07 20:00:00,BE,4106.3,248.6,6037.6,1931.3,0.0,0.0,2026-03-07,20
2026-03-07 21:00:00,BE,4118.4,615.9,6234.9,2116.5,0.0,0.0,2026-03-07,21
2026-03-07 22:00:00,BE,3777.9,375.6,6082.6,2304.7,0.0,0.0,2026-03-07,22
2026-03-07 23:00:00,BE,3577.3,634.8,6275.8,2698.5,0.0,0.0,2026-03-07,23
2026-03-08 00:00:00,BE,3946.8,654.8,6331.8,2385.0,0.0,0.0,2026-03-08,0
2026-03-08 01:00:00,BE,3327.1,255.2,5838.2,2511.1,0.0,0.0,2026-03-08,1
2026-03-08 02:00:00,BE,3232.7,262.0,5840.0,2607.3,0.0,0.0,2026-03-08,2
2026-03-08 03:00:00,BE,3290.1,286.0,5963.0,2672.9,0.0,0.0,2026-03-08,3
2026-03-08 04:00:00,BE,3091.7,382.1,6035.1,2943.4,0.0,0.0,2026-03-08,4
2026-03-08 05:00:00,BE,3142.5,237.1,5800.1,2657.6,0.0,0.0,2026-03-08,5
2026-03-08 06:00:00,BE,2916.5,375.5,5971.5,3055.0,0.0,0.0,2026-03-08,6
2026-03-08 07:00:00,BE,2888.3,416.5,6119.5,3231.2,0.0,0.0,2026-03-08,7
2026-03-08 08:00:00,BE,3075.6,1230.3,6801.3,3725.7,0.0,0.0,2026-03-08,8
2026-03-08 09:00:00,BE,3300.9,735.4,6278.4,2977.5,0.0,0.0,2026-03-08,9
2026-03-08 10:00:00,BE,3319.2,947.6,6646.6,3327.4,0.0,0.0,2026-03-08,10
2026-03-08 11:00:00,BE,3586.4,797.0,6461.0,2874.6,0.0,0.0,2026-03-08,11
2026-03-08 12:00:00,BE,3540.5,752.6,6286.6,2746.1,0.0,0.0,2026-03-08,12
2026-03-08 13:00:00,BE,3723.3,765.8,6363.8,2640.5,0.0,0.0,2026-03-08,13
2026-03-08 14:00:00,BE,3711.9,1043.5,6701.5,2989.6,0.0,0.0,2026-03-08,14
2026-03-08 15:00:00,BE,3748.6,582.1,6278.1,2529.5,0.0,0.0,2026-03-08,15
2026-03-08 16:00:00,BE,3857.2,594.9,6234.9,2377.7,0.0,0.0,2026-03-08,16
2026-03-08 17:00:00,BE,3956.7,474.7,6091.7,2135.0,0.0,0.0,2026-03-08,17
2026-03-08 18:00:00,BE,4303.8,118.5,5720.5,1416.7,0.0,0.0,2026-03-08,18
2026-03-08 19:00:00,BE,3896.6,506.6,6165.6,2269.0,0.0,0.0,2026-03-08,19
2026-03-08 20:00:00,BE,3894.6,370.7,6021.7,2127.1,0.0,0.0,2026-03-08,20
2026-03-08 21:00:00,BE,4084.4,413.4,6076.4,1992.0,0.02,4.42,2026-03-08,21
2026-03-08 22:00:00,BE,3736.2,30.7,5733.7,1997.5,0.0,0.0,2026-03-08,22
2026-03-08 23:00:00,BE,3765.4,377.6,6067.6,2302.2,0.0,0.0,2026-03-08,23
2026-03-09 00:00:00,BE,3291.7,480.9,6169.9,2878.2,0.0,0.0,2026-03-09,0
2026-03-09 01:00:00,BE,3318.4,232.9,5746.9,2428.5,0.0,0.0,2026-03-09,1
2026-03-09 02:00:00,BE,3375.0,108.8,5759.8,2384.8,0.0,0.0,2026-03-09,2
2026-03-09 03:00:00,BE,3005.8,821.7,6491.7,3485.9,0.0,0.0,2026-03-09,3
2026-03-09 04:00:00,BE,3150.8,359.5,5929.5,2778.7,0.0,0.0,2026-03-09,4
2026-03-09 05:00:00,BE,3082.9,423.4,6126.4,3043.5,0.0,0.0,2026-03-09,5
2026-03-09 06:00:00,BE,2993.7,373.8,6069.8,3076.1,0.0,0.0,2026-03-09,6
2026-03-09 07:00:00,BE,3044.6,293.2,5942.2,2897.6,0.0,0.0,2026-03-09,7
2026-03-09 08:00:00,BE,3211.4,735.1,6325.1,3113.7,0.0,0.0,2026-03-09,8
2026-03-09 09:00:00,BE,3199.4,726.7,6324.7,3125.3,0.0,0.0,2026-03-09,9
2026-03-09 10:00:00,BE,3426.5,629.1,6313.1,2886.6,0.0,0.0,2026-03-09,10
2026-03-09 11:00:00,BE,3522.2,696.6,6360.6,2838.4,0.0,0.0,2026-03-09,11
2026-03-09 12:00:00,BE,3741.8,830.5,6490.5,2748.7,0.0,0.0,2026-03-09,12
2026-03-09 13:00:00,BE,3635.4,989.5,6672.5,3037.1,0.0,0.0,2026-03-09,13
2026-03-09 14:00:00,BE,3826.4,904.7,6548.7,2722.3,0.0,0.0,2026-03-09,14
2026-03-09 15:00:00,BE,3782.6,366.1,6047.1,2264.5,0.0,0.0,2026-03-09,15
2026-03-09 16:00:00,BE,4062.1,818.9,6553.9,2491.8,0.0,0.0,2026-03-09,16
2026-03-09 17:00:00,BE,3952.0,229.9,5805.9,1853.9,0.0,0.0,2026-03-09,17
2026-03-09 18:00:00,BE,4127.6,492.3,6124.3,1996.7,0.0,0.0,2026-03-09,18
2026-03-09 19:00:00,BE,4002.6,287.5,5993.5,1990.9,0.0,0.0,2026-03-09,19
2026-03-09 20:00:00,BE,3965.0,347.5,5865.5,1900.5,0.0,0.0,2026-03-09,20
2026-03-09 21:00:00,BE,3932.9,169.9,5884.9,1952.0,0.0,0.0,2026-03-09,21
2026-03-09 22:00:00,BE,3712.3,90.4,5695.4,1983.1,0.02,6.44,2026-03-09,22
2026-03-09 23:00:00,BE,3599.8,497.1,6076.1,2476.3,0.0,0.0,2026-03-09,23
2026-03-10 00:00:00,BE,3475.3,58.8,5717.8,2242.5,0.0,0.0,2026-03-10,0
2026-03-10 01:00:00,BE,3355.0,470.7,6126.7,2771.7,0.0,0.0,2026-03-10,1
2026-03-10 02:00:00,BE,3373.1,755.6,6371.6,2998.5,0.0,0.0,2026-03-10,2
2026-03-10 03:00:00,BE,3147.7,333.5,6042.5,2894.8,0.0,0.0,2026-03-10,3
2026-03-10 04:00:00,BE,3045.3,667.6,6251.6,3206.3,0.0,0.0,2026-03-10,4
2026-03-10 05:00:00,BE,3161.9,305.0,5996.0,2834.1,0.0,0.0,2026-03-10,5
2026-03-10 06:00:00,BE,3128.5,345.7,6013.7,2885.2,0.0,0.0,2026-03-10,6
2026-03-10 07:00:00,BE,3043.2,601.1,6245.1,3201.9,0.0,0.0,2026-03-10,7
2026-03-10 08:00:00,BE,3406.5,541.6,6146.6,2740.1,0.0,0.0,2026-03-10,8
2026-03-10 09:00:00,BE,3064.7,366.0,5959.0,2894.3,0.0,0.0,2026-03-10,9
2026-03-10 10:00:00,BE,3485.7,604.0,6343.0,2857.3,0.0,0.0,2026-03-10,10
2026-03-10 11:00:00,BE,3444.0,679.9,6377.9,2933.9,0.0,0.0,2026-03-10,11
2026-03-10 12:00:00,BE,3662.2,972.6,6602.6,2940.4,0.0,0.0,2026-03-10,12
2026-03-10 13:00:00,BE,3634.4,663.1,6169.1,2534.7,0.0,0.0,2026-03-10,13
2026-03-10 14:00:00,BE,3930.4,782.8,6473.8,2543.4,0.0,0.0,2026-03-10,14
2026-03-10 15:00:00,BE,3775.2,598.4,6274.4,2499.2,0.0,0.0,2026-03-10,15
2026-03-10 16:00:00,BE,4067.9,663.7,6221.7,2153.8,0.0,0.0,2026-03-10,16
2026-03-10 17:00:00,BE,4052.7,339.0,6130.0,2077.3,0.0,0.0,2026-03-10,17
2026-03-10 18:00:00,BE,4146.1,563.5,6241.5,2095.4,0.0,0.0,2026-03-10,18
2026-03-10 19:00:00,BE,3962.4,101.5,5803.5,1841.1,0.0,0.0,2026-03-10,19
2026-03-10 20:00:00,BE,4020.5,505.4,6212.4,2191.9,0.0,0.0,2026-03-10,20
2026-03-10 21:00:00,BE,3796.0,479.5,6154.5,2358.5,0.0,0.0,2026-03-10,21
2026-03-10 22:00:00,BE,3742.8,294.1,5920.1,2177.3,0.0,0.0,2026-03-10,22
2026-03-10 23:00:00,BE,3634.9,419.4,6182.4,2547.5,0.0,0.0,2026-03-10,23
2026-03-11 00:00:00,BE,3462.0,757.0,6415.0,2953.0,0.0,0.0,2026-03-11,0
2026-03-11 01:00:00,BE,3345.8,259.8,5763.8,2418.0,0.0,0.0,2026-03-11,1
2026-03-11 02:00:00,BE,3136.8,56.5,5654.5,2517.7,0.0,0.0,2026-03-11,2
2026-03-11 03:00:00,BE,3164.3,345.4,5977.4,2813.1,0.0,0.0,2026-03-11,3
2026-03-11 04:00:00,BE,3272.9,114.9,5826.9,2554.0,0.0,0.0,2026-03-11,4
2026-03-11 05:00:00,BE,3389.0,627.4,6257.4,2868.4,0.0,0.0,2026-03-11,5
2026-03-11 06:00:00,BE,2930.8,497.7,6084.7,3153.9,0.0,0.0,2026-03-11,6
2026-03-11 07:00:00,BE,2956.8,385.3,6004.3,3047.5,0.0,0.0,2026-03-11,7
2026-03-11 08:00:00,BE,3137.1,484.1,6136.1,2999.0,0.0,0.0,2026-03-11,8
2026-03-11 09:00:00,BE,3235.8,601.5,6266.5,3030.7,0.0,0.0,2026-03-11,9
2026-03-11 10:00:00,BE,3124.1,618.8,6245.8,3121.7,0.0,0.0,2026-03-11,10
2026-03-11 11:00:00,BE,3122.8,1031.7,6712.7,3589.9,0.0,0.0,2026-03-11,11
2026-03-11 12:00:00,BE,3558.9,1004.4,6661.4,3102.5,0.0,0.0,2026-03-11,12
2026-03-11 13:00:00,BE,3816.7,513.1,6110.1,2293.4,0.0,0.0,2026-03-11,13
2026-03-11 14:00:00,BE,3947.0,537.1,6191.1,2244.1,0.0,0.0,2026-03-11,14
2026-03-11 15:00:00,BE,3878.7,630.9,6368.9,2490.2,0.0,0.0,2026-03-11,15
2026-03-11 16:00:00,BE,4125.3,598.4,6253.4,2128.1,0.0,0.0,2026-03-11,16
2026-03-11 17:00:00,BE,3987.7,577.3,6119.3,2131.6,0.0,0.0,2026-03-11,17
2026-03-11 18:00:00,BE,3857.0,469.2,6111.2,2254.2,0.0,0.0,2026-03-11,18
2026-03-11 19:00:00,BE,3990.8,417.5,6087.5,2096.7,0.0,0.0,2026-03-11,19
2026-03-11 20:00:00,BE,4080.3,405.2,6022.2,1941.9,0.0,0.0,2026-03-11,20
2026-03-11 21:00:00,BE,3891.8,587.3,6205.3,2313.5,0.0,0.0,2026-03-11,21
2026-03-11 22:00:00,BE,3704.2,174.3,5905.3,2201.1,0.0,0.0,2026-03-11,22
2026-03-11 23:00:00,BE,3657.4,585.4,6209.4,2552.0,0.0,0.0,2026-03-11,23
2026-03-12 00:00:00,BE,3561.2,1172.8,6959.8,3398.6,0.0,0.0,2026-03-12,0
2026-03-12 01:00:00,BE,3407.5,447.0,5987.0,2579.5,0.0,0.0,2026-03-12,1
2026-03-12 02:00:00,BE,3306.1,425.6,6173.6,2867.5,0.0,0.0,2026-03-12,2
2026-03-12 03:00:00,BE,3210.9,115.0,5850.0,2639.1,0.0,0.0,2026-03-12,3
2026-03-12 04:00:00,BE,3213.6,549.1,6058.1,2844.5,0.0,0.0,2026-03-12,4
2026-03-12 05:00:00,BE,3050.9,382.7,5965.7,2914.8,0.0,0.0,2026-03-12,5
2026-03-12 06:00:00,BE,2999.2,378.5,6000.5,3001.3,0.0,0.0,2026-03-12,6
2026-03-12 07:00:00,BE,3076.9,654.1,6374.1,3297.2,0.0,0.0,2026-03-12,7
2026-03-12 08:00:00,BE,3154.1,592.8,6248.8,3094.7,0.0,0.0,2026-03-12,8
2026-03-12 09:00:00,BE,2953.2,401.3,6046.3,3093.1,0.0,0.0,2026-03-12,9
2026-03-12 10:00:00,BE,3402.6,439.6,6058.6,2656.0,0.0,0.0,2026-03-12,10
2026-03-12 11:00:00,BE,3588.5,979.6,6462.6,2874.1,0.0,0.0,2026-03-12,11
2026-03-12 12:00:00,BE,3517.0,1176.8,6841.8,3324.8,0.0,0.0,2026-03-12,12
2026-03-12 13:00:00,BE,3716.4,823.1,6520.1,2803.7,0.0,0.0,2026-03-12,13
2026-03-12 14:00:00,BE,3674.2,526.7,6143.7,2469.5,0.0,0.0,2026-03-12,14
2026-03-12 15:00:00,BE,3946.4,651.5,6315.5,2369.1,0.0,0.0,2026-03-12,15
2026-03-12 16:00:00,BE,3842.6,650.9,6268.9,2426.3,0.0,0.0,2026-03-12,16
2026-03-12 17:00:00,BE,4015.6,651.4,6267.4,2251.8,0.0,0.0,2026-03-12,17
2026-03-12 18:00:00,BE,4079.4,377.1,6075.1,1995.7,0.0,0.0,2026-03-12,18
2026-03-12 19:00:00,BE,3898.5,429.1,5951.1,2052.6,0.0,0.0,2026-03-12,19
2026-03-12 20:00:00,BE,3809.4,573.3,6111.3,2301.9,0.0,0.0,2026-03-12,20
2026-03-12 21:00:00,BE,3820.8,481.3,6121.3,2300.5,0.0,0.0,2026-03-12,21
2026-03-12 22:00:00,BE,3690.4,309.2,5923.2,2232.8,0.0,0.0,2026-03-12,22
2026-03-12 23:00:00,BE,3598.0,351.6,5974.6,2376.6,0.0,0.0,2026-03-12,23
2026-03-13 00:00:00,BE,3374.9,268.4,5825.4,2450.5,0.0,0.0,2026-03-13,0
2026-03-13 01:00:00,BE,3506.7,301.5,5954.5,2447.8,0.0,0.0,2026-03-13,1
2026-03-13 02:00:00,BE,3223.1,422.8,6130.8,2907.7,0.0,0.0,2026-03-13,2
2026-03-13 03:00:00,BE,3204.3,190.4,5910.4,2706.1,0.0,0.0,2026-03-13,3
2026-03-13 04:00:00,BE,2876.2,243.1,5830.1,2953.9,0.0,0.0,2026-03-13,4
2026-03-13 05:00:00,BE,2950.3,556.0,6307.0,3356.7,0.0,0.0,2026-03-13,5
2026-03-13 06:00:00,BE,3194.4,553.4,6211.4,3017.0,0.0,0.0,2026-03-13,6
2026-03-13 07:00:00,BE,2914.2,499.1,6220.1,3305.9,0.0,0.0,2026-03-13,7
2026-03-13 08:00:00,BE,3102.9,448.1,6209.1,3106.2,0.0,0.0,2026-03-13,8
2026-03-13 09:00:00,BE,3398.3,886.9,6406.9,3008.6,0.0,0.0,2026-03-13,9
2026-03-13 10:00:00,BE,3250.3,436.1,6013.1,2762.8,0.0,0.0,2026-03-13,10
2026-03-13 11:00:00,BE,3551.1,917.7,6557.7,3006.6,0.0,0.0,2026-03-13,11
2026-03-13 12:00:00,BE,3391.8,1055.4,6600.4,3208.6,0.0,0.0,2026-03-13,12
2026-03-13 13:00:00,BE,3570.7,929.5,6577.5,3006.8,0.0,0.0,2026-03-13,13
2026-03-13 14:00:00,BE,3740.8,790.0,6319.0,2578.2,0.0,0.0,2026-03-13,14
2026-03-13 15:00:00,BE,3786.1,659.8,6294.8,2508.7,0.0,0.0,2026-03-13,15
2026-03-13 16:00:00,BE,3970.9,734.4,6227.4,2256.5,0.0,0.0,2026-03-13,16
2026-03-13 17:00:00,BE,3766.1,319.8,5987.8,2221.7,0.0,0.0,2026-03-13,17
2026-03-13 18:00:00,BE,3868.3,347.6,5873.6,2005.3,0.02,0.41,2026-03-13,18
2026-03-13 19:00:00,BE,4134.8,458.2,6072.2,1937.4,0.02,3.53,2026-03-13,19
2026-03-13 20:00:00,BE,3941.6,240.4,5803.4,1861.8,0.0,0.0,2026-03-13,20
2026-03-13 21:00:00,BE,3905.6,375.2,5927.2,2021.6,0.0,0.0,2026-03-13,21
2026-03-13 22:00:00,BE,3944.7,295.0,5980.0,2035.3,0.0,0.0,2026-03-13,22
2026-03-13 23:00:00,BE,3412.3,177.0,5902.0,2489.7,0.0,0.0,2026-03-13,23
2026-03-14 00:00:00,BE,3133.5,178.5,5672.5,2539.0,0.0,0.0,2026-03-14,0
2026-03-14 01:00:00,BE,3574.0,532.1,6203.1,2629.1,0.0,0.0,2026-03-14,1
2026-03-14 02:00:00,BE,3075.8,352.2,5961.2,2885.4,0.0,0.0,2026-03-14,2
2026-03-14 03:00:00,BE,3145.5,539.5,6097.5,2952.0,0.0,0.0,2026-03-14,3
2026-03-14 04:00:00,BE,2860.4,369.8,6099.8,3239.4,0.0,0.0,2026-03-14,4
2026-03-14 05:00:00,BE,2698.2,308.9,5966.9,3268.7,0.0,0.0,2026-03-14,5
2026-03-14 06:00:00,BE,2977.7,621.0,6262.0,3284.3,0.0,0.0,2026-03-14,6
2026-03-14 07:00:00,BE,3059.1,862.2,6498.2,3439.1,0.0,0.0,2026-03-14,7
2026-03-14 08:00:00,BE,2953.5,989.2,6761.2,3807.7,0.0,0.0,2026-03-14,8
2026-03-14 09:00:00,BE,2826.4,977.3,6652.3,3825.9,0.0,0.0,2026-03-14,9
2026-03-14 10:00:00,BE,3270.7,694.7,6370.7,3100.0,0.0,0.0,2026-03-14,10
2026-03-14 11:00:00,BE,3581.6,591.3,6280.3,2698.7,0.0,0.0,2026-03-14,11
2026-03-14 12:00:00,BE,3274.9,751.0,6507.0,3232.1,0.0,0.0,2026-03-14,12
2026-03-14 13:00:00,BE,3702.8,794.2,6356.2,2653.4,0.0,0.0,2026-03-14,13
2026-03-14 14:00:00,BE,3764.3,786.0,6403.0,2638.7,0.0,0.0,2026-03-14,14
2026-03-14 15:00:00,BE,3612.0,690.2,6382.2,2770.2,0.0,0.0,2026-03-14,15
2026-03-14 16:00:00,BE,4034.0,450.8,6167.8,2133.8,0.0,0.0,2026-03-14,16
2026-03-14 17:00:00,BE,3984.3,886.9,6497.9,2513.6,0.0,0.0,2026-03-14,17
2026-03-14 18:00:00,BE,3961.7,240.0,5902.0,1940.3,0.0,0.0,2026-03-14,18
2026-03-14 19:00:00,BE,4114.3,618.8,6257.8,2143.5,0.0,0.0,2026-03-14,19
2026-03-14 20:00:00,BE,3914.5,25.2,5640.2,1725.7,0.0,0.0,2026-03-14,20
2026-03-14 21:00:00,BE,3984.1,99.6,5726.6,1742.5,0.0,0.0,2026-03-14,21
2026-03-14 22:00:00,BE,4040.9,602.6,6341.6,2300.7,0.0,0.0,2026-03-14,22
2026-03-14 23:00:00,BE,3631.4,356.1,6008.1,2376.7,0.0,0.0,2026-03-14,23
2026-03-15 00:00:00,BE,3528.7,867.2,6616.2,3087.5,0.0,0.0,2026-03-15,0
2026-03-15 01:00:00,BE,3277.5,301.6,5932.6,2655.1,0.0,0.0,2026-03-15,1
2026-03-15 02:00:00,BE,3409.4,491.7,6181.7,2772.3,0.0,0.0,2026-03-15,2
2026-03-15 03:00:00,BE,2974.0,375.1,5991.1,3017.1,0.0,0.0,2026-03-15,3
2026-03-15 04:00:00,BE,2980.2,238.5,5873.5,2893.3,0.0,0.0,2026-03-15,4
2026-03-15 05:00:00,BE,2984.5,87.1,5833.1,2848.6,0.0,0.0,2026-03-15,5
2026-03-15 06:00:00,BE,2952.5,386.0,6087.0,3134.5,0.0,0.0,2026-03-15,6
2026-03-15 07:00:00,BE,2905.2,228.5,5869.5,2964.3,0.0,0.0,2026-03-15,7
2026-03-15 08:00:00,BE,3145.4,263.9,5924.9,2779.5,0.0,0.0,2026-03-15,8
2026-03-15 09:00:00,BE,3081.8,902.5,6571.5,3489.7,0.0,0.0,2026-03-15,9
2026-03-15 10:00:00,BE,2963.7,577.4,6140.4,3176.7,0.0,0.0,2026-03-15,10
2026-03-15 11:00:00,BE,3481.2,823.1,6483.1,3001.9,0.0,0.0,2026-03-15,11
2026-03-15 12:00:00,BE,3678.4,1089.1,6760.1,3081.7,0.0,0.0,2026-03-15,12
2026-03-15 13:00:00,BE,3532.5,1040.6,6728.6,3196.1,0.0,0.0,2026-03-15,13
2026-03-15 14:00:00,BE,3882.4,729.3,6409.3,2526.9,0.0,0.0,2026-03-15,14
2026-03-15 15:00:00,BE,3758.4,586.7,6197.7,2439.3,0.0,0.0,2026-03-15,15
2026-03-15 16:00:00,BE,3782.0,799.2,6439.2,2657.2,0.0,0.0,2026-03-15,16
2026-03-15 17:00:00,BE,3840.0,558.7,6151.7,2311.7,0.0,0.0,2026-03-15,17
2026-03-15 18:00:00,BE,4163.5,255.3,5831.3,1667.8,0.0,0.0,2026-03-15,18
2026-03-15 19:00:00,BE,4113.5,548.1,6242.1,2128.6,0.0,0.0,2026-03-15,19
2026-03-15 20:00:00,BE,3982.2,347.9,6054.9,2072.7,0.0,0.0,2026-03-15,20
2026-03-15 21:00:00,BE,3697.3,522.5,6218.5,2521.2,0.0,0.0,2026-03-15,21
2026-03-15 22:00:00,BE,3810.5,522.2,6160.2,2349.7,0.0,0.0,2026-03-15,22
2026-03-15 23:00:00,BE,3463.0,605.4,6235.4,2772.4,0.0,0.0,2026-03-15,23
2026-03-16 00:00:00,BE,3538.4,379.7,6018.7,2480.3,0.0,0.0,2026-03-16,0
2026-03-16 01:00:00,BE,3267.8,383.8,6103.8,2836.0,0.0,0.0,2026-03-16,1
2026-03-16 02:00:00,BE,3143.8,274.7,5974.7,2830.9,0.0,0.0,2026-03-16,2
2026-03-16 03:00:00,BE,3045.2,657.1,6431.1,3385.9,0.0,0.0,2026-03-16,3
2026-03-16 04:00:00,BE,2779.1,117.6,5717.6,2938.5,0.0,0.0,2026-03-16,4
2026-03-16 05:00:00,BE,2766.6,312.6,5946.6,3180.0,0.0,0.0,2026-03-16,5
2026-03-16 06:00:00,BE,2941.6,430.0,6222.0,3280.4,0.0,0.0,2026-03-16,6
2026-03-16 07:00:00,BE,2847.1,275.1,5765.1,2918.0,0.0,0.0,2026-03-16,7
2026-03-16 08:00:00,BE,3124.0,919.1,6553.1,3429.1,0.0,0.0,2026-03-16,8
2026-03-16 09:00:00,BE,3245.2,988.9,6659.9,3414.7,0.0,0.0,2026-03-16,9
2026-03-16 10:00:00,BE,3020.0,1087.2,6700.2,3680.2,0.0,0.0,2026-03-16,10
2026-03-16 11:00:00,BE,3146.2,976.6,6551.6,3405.4,0.0,0.0,2026-03-16,11
2026-03-16 12:00:00,BE,3435.5,605.4,6315.4,2879.9,0.0,0.0,2026-03-16,12
2026-03-16 13:00:00,BE,3818.0,855.5,6417.5,2599.5,0.0,0.0,2026-03-16,13
2026-03-16 14:00:00,BE,3609.9,479.0,6129.0,2519.1,0.0,0.0,2026-03-16,14
2026-03-16 15:00:00,BE,3866.9,593.7,6169.7,2302.8,0.0,0.0,2026-03-16,15
2026-03-16 16:00:00,BE,3687.4,317.2,5945.2,2257.8,0.0,0.0,2026-03-16,16
2026-03-16 17:00:00,BE,3825.7,560.3,6213.3,2387.6,0.0,0.0,2026-03-16,17
2026-03-16 18:00:00,BE,4008.8,115.0,5774.0,1765.2,0.0,0.0,2026-03-16,18
2026-03-16 19:00:00,BE,3903.7,184.4,5807.4,1903.7,0.0,0.0,2026-03-16,19
2026-03-16 20:00:00,BE,3942.0,128.2,5787.2,1845.2,0.04,9.55,2026-03-16,20
2026-03-16 21:00:00,BE,3816.7,246.2,5811.2,1994.5,0.0,0.0,2026-03-16,21
2026-03-16 22:00:00,BE,3695.8,217.6,5792.6,2096.8,0.0,0.0,2026-03-16,22
2026-03-16 23:00:00,BE,3571.9,598.7,6190.7,2618.8,0.0,0.0,2026-03-16,23
2026-03-17 00:00:00,BE,3610.5,357.6,5992.6,2382.1,0.0,0.0,2026-03-17,0
2026-03-17 01:00:00,BE,3307.9,280.3,5895.3,2587.4,0.0,0.0,2026-03-17,1
2026-03-17 02:00:00,BE,3297.7,217.1,5882.1,2584.4,0.0,0.0,2026-03-17,2
2026-03-17 03:00:00,BE,3058.1,412.5,6055.5,2997.4,0.0,0.0,2026-03-17,3
2026-03-17 04:00:00,BE,3020.9,250.4,5828.4,2807.5,0.0,0.0,2026-03-17,4
2026-03-17 05:00:00,BE,2830.4,349.9,5921.9,3091.5,0.0,0.0,2026-03-17,5
2026-03-17 06:00:00,BE,2689.5,368.5,6102.5,3413.0,0.0,0.0,2026-03-17,6
2026-03-17 07:00:00,BE,2906.5,321.2,5879.2,2972.7,0.0,0.0,2026-03-17,7
2026-03-17 08:00:00,BE,3018.3,1047.8,6638.8,3620.5,0.0,0.0,2026-03-17,8
2026-03-17 09:00:00,BE,3027.9,1005.8,6722.8,3694.9,0.0,0.0,2026-03-17,9
2026-03-17 10:00:00,BE,3253.1,566.1,6232.1,2979.0,0.0,0.0,2026-03-17,10
2026-03-17 11:00:00,BE,3211.8,1211.3,6861.3,3649.5,0.0,0.0,2026-03-17,11
2026-03-17 12:00:00,BE,3269.2,899.0,6508.0,3238.8,0.0,0.0,2026-03-17,12
2026-03-17 13:00:00,BE,3388.1,896.5,6673.5,3285.4,0.0,0.0,2026-03-17,13
2026-03-17 14:00:00,BE,3763.4,800.6,6507.6,2744.2,0.0,0.0,2026-03-17,14
2026-03-17 15:00:00,BE,3688.1,508.3,6211.3,2523.2,0.0,0.0,2026-03-17,15
2026-03-17 16:00:00,BE,3866.9,539.0,6207.0,2340.1,0.0,0.0,2026-03-17,16
2026-03-17 17:00:00,BE,3745.4,383.2,6122.2,2376.8,0.0,0.0,2026-03-17,17
2026-03-17 18:00:00,BE,3826.9,138.7,5778.7,1951.8,0.0,0.0,2026-03-17,18
2026-03-17 19:00:00,BE,3910.2,205.3,5778.3,1868.1,0.0,0.0,2026-03-17,19
2026-03-17 20:00:00,BE,3991.2,456.9,6094.9,2103.7,0.0,0.0,2026-03-17,20
2026-03-17 21:00:00,BE,3653.2,763.6,6453.6,2800.4,0.0,0.0,2026-03-17,21
2026-03-17 22:00:00,BE,3502.6,87.5,5649.5,2146.9,0.0,0.0,2026-03-17,22
2026-03-17 23:00:00,BE,3553.7,216.8,5942.8,2389.1,0.0,0.0,2026-03-17,23
2026-03-18 00:00:00,BE,3443.4,708.7,6341.7,2898.3,0.0,0.0,2026-03-18,0
2026-03-18 01:00:00,BE,3242.6,279.2,5955.2,2712.6,0.0,0.0,2026-03-18,1
2026-03-18 02:00:00,BE,3319.6,427.5,5991.5,2671.9,0.0,0.0,2026-03-18,2
2026-03-18 03:00:00,BE,2862.8,638.3,6317.3,3454.5,0.0,0.0,2026-03-18,3
2026-03-18 04:00:00,BE,2890.0,299.3,6006.3,3116.3,0.0,0.0,2026-03-18,4
2026-03-18 05:00:00,BE,2938.2,414.2,6016.2,3078.0,0.0,0.0,2026-03-18,5
2026-03-18 06:00:00,BE,2815.2,447.6,6051.6,3236.4,0.0,0.0,2026-03-18,6
2026-03-18 07:00:00,BE,2977.0,923.6,6610.6,3633.6,0.0,0.0,2026-03-18,7
2026-03-18 08:00:00,BE,2986.5,782.4,6424.4,3437.9,0.0,0.0,2026-03-18,8
2026-03-18 09:00:00,BE,3034.8,370.9,5940.9,2906.1,0.0,0.0,2026-03-18,9
2026-03-18 10:00:00,BE,3457.0,947.0,6592.0,3135.0,0.0,0.0,2026-03-18,10
2026-03-18 11:00:00,BE,3168.6,1174.2,6807.2,3638.6,0.0,0.0,2026-03-18,11
2026-03-18 12:00:00,BE,3384.9,1014.1,6626.1,3241.2,0.0,0.0,2026-03-18,12
2026-03-18 13:00:00,BE,3603.9,903.8,6550.8,2946.9,0.0,0.0,2026-03-18,13
2026-03-18 14:00:00,BE,3574.8,777.2,6437.2,2862.4,0.0,0.0,2026-03-18,14
2026-03-18 15:00:00,BE,3784.3,603.7,6200.7,2416.4,0.0,0.0,2026-03-18,15
2026-03-18 16:00:00,BE,3949.4,391.2,5952.2,2002.8,0.0,0.0,2026-03-18,16
2026-03-18 17:00:00,BE,3922.2,561.4,6219.4,2297.2,0.0,0.0,2026-03-18,17
2026-03-18 18:00:00,BE,4001.8,282.8,5892.8,1891.0,0.0,0.0,2026-03-18,18
2026-03-18 19:00:00,BE,3850.0,509.5,6218.5,2368.5,0.0,0.0,2026-03-18,19
2026-03-18 20:00:00,BE,3813.1,664.9,6383.9,2570.8,0.0,0.0,2026-03-18,20
2026-03-18 21:00:00,BE,3995.2,559.6,6183.6,2188.4,0.0,0.0,2026-03-18,21
2026-03-18 22:00:00,BE,3717.1,329.9,5974.9,2257.8,0.0,0.0,2026-03-18,22
2026-03-18 23:00:00,BE,3655.1,232.1,5986.1,2331.0,0.02,1.46,2026-03-18,23
2026-03-19 00:00:00,BE,3330.8,182.7,5872.7,2541.9,0.0,0.0,2026-03-19,0
2026-03-19 01:00:00,BE,3252.9,442.6,6154.6,2901.7,0.0,0.0,2026-03-19,1
2026-03-19 02:00:00,BE,3297.7,258.0,5847.0,2549.3,0.0,0.0,2026-03-19,2
2026-03-19 03:00:00,BE,3064.9,388.8,6075.8,3010.9,0.0,0.0,2026-03-19,3
2026-03-19 04:00:00,BE,2824.7,521.6,6160.6,3335.9,0.0,0.0,2026-03-19,4
2026-03-19 05:00:00,BE,2815.3,666.3,6331.3,3516.0,0.0,0.0,2026-03-19,5
2026-03-19 06:00:00,BE,2897.6,751.2,6440.2,3542.6,0.0,0.0,2026-03-19,6
2026-03-19 07:00:00,BE,3110.5,446.1,6202.1,3091.6,0.0,0.0,2026-03-19,7
2026-03-19 08:00:00,BE,3035.7,598.5,6371.5,3335.8,0.0,0.0,2026-03-19,8
2026-03-19 09:00:00,BE,2959.0,590.9,6195.9,3236.9,0.0,0.0,2026-03-19,9
2026-03-19 10:00:00,BE,3151.5,932.3,6554.3,3402.8,0.0,0.0,2026-03-19,10
2026-03-19 11:00:00,BE,3281.4,753.7,6368.7,3087.3,0.0,0.0,2026-03-19,11
2026-03-19 12:00:00,BE,3201.7,1243.8,6853.8,3652.1,0.0,0.0,2026-03-19,12
2026-03-19 13:00:00,BE,3527.4,464.5,5980.5,2453.1,0.0,0.0,2026-03-19,13
2026-03-19 14:00:00,BE,3609.4,887.2,6456.2,2846.8,0.0,0.0,2026-03-19,14
2026-03-19 15:00:00,BE,3736.3,510.6,6058.6,2322.3,0.0,0.0,2026-03-19,15
2026-03-19 16:00:00,BE,3725.9,538.9,6233.9,2508.0,0.0,0.0,2026-03-19,16
2026-03-19 17:00:00,BE,3927.7,327.1,5907.1,1979.4,0.0,0.0,2026-03-19,17
2026-03-19 18:00:00,BE,3849.5,499.2,6234.2,2384.7,0.0,0.0,2026-03-19,18
2026-03-19 19:00:00,BE,3788.7,408.2,6051.2,2262.5,0.0,0.0,2026-03-19,19
2026-03-19 20:00:00,BE,4053.3,435.1,6130.1,2076.8,0.0,0.0,2026-03-19,20
2026-03-19 21:00:00,BE,3705.9,494.0,6167.0,2461.1,0.0,0.0,2026-03-19,21
2026-03-19 22:00:00,BE,3482.8,344.2,6031.2,2548.4,0.0,0.0,2026-03-19,22
2026-03-19 23:00:00,BE,3672.0,107.5,5688.5,2016.5,0.0,0.0,2026-03-19,23
2026-03-20 00:00:00,BE,3564.9,697.0,6325.0,2760.1,0.0,0.0,2026-03-20,0
2026-03-20 01:00:00,BE,3149.6,351.1,6078.1,2928.5,0.0,0.0,2026-03-20,1
2026-03-20 02:00:00,BE,3092.1,111.7,5856.7,2764.6,0.0,0.0,2026-03-20,2
2026-03-20 03:00:00,BE,3018.4,612.9,6208.9,3190.5,0.0,0.0,2026-03-20,3
2026-03-20 04:00:00,BE,2911.3,89.7,5784.7,2873.4,0.0,0.0,2026-03-20,4
2026-03-20 05:00:00,BE,2742.7,156.4,5740.4,2997.7,0.0,0.0,2026-03-20,5
2026-03-20 06:00:00,BE,2761.6,244.2,5904.2,3142.6,0.0,0.0,2026-03-20,6
2026-03-20 07:00:00,BE,3164.2,266.5,5897.5,2733.3,0.0,0.0,2026-03-20,7
2026-03-20 08:00:00,BE,2883.5,675.9,6280.9,3397.4,0.0,0.0,2026-03-20,8
2026-03-20 09:00:00,BE,2971.6,614.2,6255.2,3283.6,0.0,0.0,2026-03-20,9
2026-03-20 10:00:00,BE,3231.1,885.9,6510.9,3279.8,0.0,0.0,2026-03-20,10
2026-03-20 11:00:00,BE,3200.5,921.0,6608.0,3407.5,0.0,0.0,2026-03-20,11
2026-03-20 12:00:00,BE,3306.4,1187.1,6791.1,3484.7,0.0,0.0,2026-03-20,12
2026-03-20 13:00:00,BE,3389.9,968.2,6657.2,3267.3,0.0,0.0,2026-03-20,13
2026-03-20 14:00:00,BE,3699.2,1020.9,6706.9,3007.7,0.0,0.0,2026-03-20,14
2026-03-20 15:00:00,BE,3762.7,759.5,6327.5,2564.8,0.0,0.0,2026-03-20,15
2026-03-20 16:00:00,BE,3951.5,567.4,6181.4,2229.9,0.0,0.0,2026-03-20,16
2026-03-20 17:00:00,BE,3815.1,461.8,6101.8,2286.7,0.0,0.0,2026-03-20,17
2026-03-20 18:00:00,BE,4039.0,207.7,5798.7,1759.7,0.0,0.0,2026-03-20,18
2026-03-20 19:00:00,BE,3883.3,437.7,6010.7,2127.4,0.0,0.0,2026-03-20,19
2026-03-20 20:00:00,BE,3750.8,365.8,5897.8,2147.0,0.0,0.0,2026-03-20,20
2026-03-20 21:00:00,BE,3789.3,144.1,5817.1,2027.8,0.0,0.0,2026-03-20,21
2026-03-20 22:00:00,BE,3671.9,97.8,5717.8,2045.9,0.0,0.0,2026-03-20,22
2026-03-20 23:00:00,BE,3542.2,220.1,5814.1,2271.9,0.0,0.0,2026-03-20,23
2026-03-21 00:00:00,BE,3288.6,214.2,5711.2,2422.6,0.02,0.49,2026-03-21,0
2026-03-21 01:00:00,BE,3237.0,77.5,5703.5,2466.5,0.0,0.0,2026-03-21,1
2026-03-21 02:00:00,BE,3104.3,327.5,5975.5,2871.2,0.0,0.0,2026-03-21,2
2026-03-21 03:00:00,BE,3111.5,511.9,6127.9,3016.4,0.0,0.0,2026-03-21,3
2026-03-21 04:00:00,BE,3097.7,1174.6,6845.6,3747.9,0.0,0.0,2026-03-21,4
2026-03-21 05:00:00,BE,2992.9,387.0,5982.0,2989.1,0.0,0.0,2026-03-21,5
2026-03-21 06:00:00,BE,2965.1,298.8,5825.8,2860.7,0.0,0.0,2026-03-21,6
2026-03-21 07:00:00,BE,3024.4,394.7,6089.7,3065.3,0.0,0.0,2026-03-21,7
2026-03-21 08:00:00,BE,3089.2,896.4,6532.4,3443.2,0.0,0.0,2026-03-21,8
2026-03-21 09:00:00,BE,2973.5,609.2,6289.2,3315.7,0.0,0.0,2026-03-21,9
2026-03-21 10:00:00,BE,2983.3,801.0,6457.0,3473.7,0.0,0.0,2026-03-21,10
2026-03-21 11:00:00,BE,3262.4,796.1,6549.1,3286.7,0.0,0.0,2026-03-21,11
2026-03-21 12:00:00,BE,3553.1,906.2,6596.2,3043.1,0.0,0.0,2026-03-21,12
2026-03-21 13:00:00,BE,3350.3,566.0,6234.0,2883.7,0.0,0.0,2026-03-21,13
2026-03-21 14:00:00,BE,3505.8,729.4,6416.4,2910.6,0.0,0.0,2026-03-21,14
2026-03-21 15:00:00,BE,3731.1,596.9,6169.9,2438.8,0.0,0.0,2026-03-21,15
2026-03-21 16:00:00,BE,3736.1,661.2,6449.2,2713.1,0.0,0.0,2026-03-21,16
2026-03-21 17:00:00,BE,3971.1,481.8,6094.8,2123.7,0.0,0.0,2026-03-21,17
2026-03-21 18:00:00,BE,3877.8,463.7,6117.7,2239.9,0.0,0.0,2026-03-21,18
2026-03-21 19:00:00,BE,3951.8,86.4,5766.4,1814.6,0.02,8.31,2026-03-21,19
2026-03-21 20:00:00,BE,3836.2,765.6,6458.6,2622.4,0.0,0.0,2026-03-21,20
2026-03-21 21:00:00,BE,3768.9,244.7,5882.7,2113.8,0.0,0.0,2026-03-21,21
2026-03-21 22:00:00,BE,3474.7,277.4,5914.4,2439.7,0.0,0.0,2026-03-21,22
2026-03-21 23:00:00,BE,3417.3,47.7,5697.7,2280.4,0.0,0.0,2026-03-21,23
2026-03-22 00:00:00,BE,3129.1,325.5,6015.5,2886.4,0.0,0.0,2026-03-22,0
2026-03-22 01:00:00,BE,3142.3,385.4,6068.4,2926.1,0.0,0.0,2026-03-22,1
2026-03-22 02:00:00,BE,3047.8,301.6,5965.6,2917.8,0.0,0.0,2026-03-22,2
2026-03-22 03:00:00,BE,3050.5,413.2,6091.2,3040.7,0.0,0.0,2026-03-22,3
2026-03-22 04:00:00,BE,2791.2,146.4,5794.4,3003.2,0.0,0.0,2026-03-22,4
2026-03-22 05:00:00,BE,3091.9,531.1,6175.1,3083.2,0.0,0.0,2026-03-22,5
2026-03-22 06:00:00,BE,3007.5,105.9,5669.9,2662.4,0.0,0.0,2026-03-22,6
2026-03-22 07:00:00,BE,2755.5,306.3,5863.3,3107.8,0.0,0.0,2026-03-22,7
2026-03-22 08:00:00,BE,2706.2,972.6,6635.6,3929.4,0.0,0.0,2026-03-22,8
2026-03-22 09:00:00,BE,2813.6,963.5,6566.5,3752.9,0.0,0.0,2026-03-22,9
2026-03-22 10:00:00,BE,3145.6,977.2,6629.2,3483.6,0.0,0.0,2026-03-22,10
2026-03-22 11:00:00,BE,3080.3,917.1,6596.1,3515.8,0.0,0.0,2026-03-22,11
2026-03-22 12:00:00,BE,3322.6,955.3,6710.3,3387.7,0.0,0.0,2026-03-22,12
2026-03-22 13:00:00,BE,3553.7,877.7,6534.7,2981.0,0.0,0.0,2026-03-22,13
2026-03-22 14:00:00,BE,3653.2,714.1,6289.1,2635.9,0.0,0.0,2026-03-22,14
2026-03-22 15:00:00,BE,3797.5,920.2,6576.2,2778.7,0.0,0.0,2026-03-22,15
2026-03-22 16:00:00,BE,3633.6,986.5,6657.5,3023.9,0.0,0.0,2026-03-22,16
2026-03-22 17:00:00,BE,3916.5,524.7,6303.7,2387.2,0.0,0.0,2026-03-22,17
2026-03-22 18:00:00,BE,3936.9,417.3,6140.3,2203.4,0.0,0.0,2026-03-22,18
2026-03-22 19:00:00,BE,3950.3,799.7,6546.7,2596.4,0.0,0.0,2026-03-22,19
2026-03-22 20:00:00,BE,3885.0,289.8,5974.8,2089.8,0.0,0.0,2026-03-22,20
2026-03-22 21:00:00,BE,3552.9,700.1,6370.1,2817.2,0.0,0.0,2026-03-22,21
2026-03-22 22:00:00,BE,3308.8,199.0,5918.0,2609.2,0.0,0.0,2026-03-22,22
2026-03-22 23:00:00,BE,3524.4,587.2,6303.2,2778.8,0.0,0.0,2026-03-22,23
2026-03-23 00:00:00,BE,3542.2,627.4,6329.4,2787.2,0.0,0.0,2026-03-23,0
2026-03-23 01:00:00,BE,3128.1,178.0,5801.0,2672.9,0.0,0.0,2026-03-23,1
2026-03-23 02:00:00,BE,3005.6,521.3,6235.3,3229.7,0.0,0.0,2026-03-23,2
2026-03-23 03:00:00,BE,3016.1,455.1,6033.1,3017.0,0.0,0.0,2026-03-23,3
2026-03-23 04:00:00,BE,3045.0,116.6,5759.6,2714.6,0.0,0.0,2026-03-23,4
2026-03-23 05:00:00,BE,2952.8,389.9,6098.9,3146.1,0.0,0.0,2026-03-23,5
2026-03-23 06:00:00,BE,2705.2,241.9,5868.9,3163.7,0.0,0.0,2026-03-23,6
2026-03-23 07:00:00,BE,2811.4,365.3,5986.3,3174.9,0.0,0.0,2026-03-23,7
2026-03-23 08:00:00,BE,2845.3,532.8,6094.8,3249.5,0.0,0.0,2026-03-23,8
2026-03-23 09:00:00,BE,3060.6,546.1,6255.1,3194.5,0.0,0.0,2026-03-23,9
2026-03-23 10:00:00,BE,3185.4,709.3,6414.3,3228.9,0.0,0.0,2026-03-23,10
2026-03-23 11:00:00,BE,3108.9,636.7,6322.7,3213.8,0.0,0.0,2026-03-23,11
2026-03-23 12:00:00,BE,3246.4,832.5,6504.5,3258.1,0.0,0.0,2026-03-23,12
2026-03-23 13:00:00,BE,3507.0,707.1,6247.1,2740.1,0.0,0.0,2026-03-23,13
2026-03-23 14:00:00,BE,3566.3,646.7,6334.7,2768.4,0.0,0.0,2026-03-23,14
2026-03-23 15:00:00,BE,3603.1,862.6,6495.6,2892.5,0.0,0.0,2026-03-23,15
2026-03-23 16:00:00,BE,3720.1,922.6,6517.6,2797.5,0.0,0.0,2026-03-23,16
2026-03-23 17:00:00,BE,3896.0,169.4,5831.4,1935.4,0.0,0.0,2026-03-23,17
2026-03-23 18:00:00,BE,3797.8,294.0,5904.0,2106.2,0.0,0.0,2026-03-23,18
2026-03-23 19:00:00,BE,3808.0,506.4,6151.4,2343.4,0.0,0.0,2026-03-23,19
2026-03-23 20:00:00,BE,3678.9,246.9,5922.9,2244.0,0.0,0.0,2026-03-23,20
2026-03-23 21:00:00,BE,3763.2,180.7,5769.7,2006.5,0.0,0.0,2026-03-23,21
2026-03-23 22:00:00,BE,3525.5,227.4,5876.4,2350.9,0.0,0.0,2026-03-23,22
2026-03-23 23:00:00,BE,3498.0,345.1,6032.1,2534.1,0.0,0.0,2026-03-23,23
2026-03-24 00:00:00,BE,3356.8,533.6,6240.6,2883.8,0.0,0.0,2026-03-24,0
2026-03-24 01:00:00,BE,3159.8,566.1,6184.1,3024.3,0.0,0.0,2026-03-24,1
2026-03-24 02:00:00,BE,2985.0,791.8,6488.8,3503.8,0.0,0.0,2026-03-24,2
2026-03-24 03:00:00,BE,2971.8,117.3,5748.3,2776.5,0.0,0.0,2026-03-24,3
2026-03-24 04:00:00,BE,2864.1,165.9,5793.9,2929.8,0.0,0.0,2026-03-24,4
2026-03-24 05:00:00,BE,2972.0,145.2,5643.2,2671.2,0.0,0.0,2026-03-24,5
2026-03-24 06:00:00,BE,2731.1,743.4,6492.4,3761.3,0.0,0.0,2026-03-24,6
2026-03-24 07:00:00,BE,2940.1,310.8,5979.8,3039.7,0.0,0.0,2026-03-24,7
2026-03-24 08:00:00,BE,3043.6,445.0,6086.0,3042.4,0.0,0.0,2026-03-24,8
2026-03-24 09:00:00,BE,3056.6,583.5,6205.5,3148.9,0.0,0.0,2026-03-24,9
2026-03-24 10:00:00,BE,3170.0,1099.0,6762.0,3592.0,0.0,0.0,2026-03-24,10
2026-03-24 11:00:00,BE,3170.6,780.8,6385.8,3215.2,0.0,0.0,2026-03-24,11
2026-03-24 12:00:00,BE,3384.3,1088.3,6720.3,3336.0,0.0,0.0,2026-03-24,12
2026-03-24 13:00:00,BE,3514.2,624.6,6173.6,2659.4,0.0,0.0,2026-03-24,13
2026-03-24 14:00:00,BE,3386.3,670.5,6344.5,2958.2,0.0,0.0,2026-03-24,14
2026-03-24 15:00:00,BE,3643.7,434.9,6082.9,2439.2,0.0,0.0,2026-03-24,15
2026-03-24 16:00:00,BE,3616.8,581.0,6222.0,2605.2,0.0,0.0,2026-03-24,16
2026-03-24 17:00:00,BE,3587.8,450.4,6148.4,2560.6,0.0,0.0,2026-03-24,17
2026-03-24 18:00:00,BE,3825.2,1009.3,6698.3,2873.1,0.0,0.0,2026-03-24,18
2026-03-24 19:00:00,BE,3863.1,257.8,5909.8,2046.7,0.0,0.0,2026-03-24,19
2026-03-24 20:00:00,BE,3680.3,255.8,5989.8,2309.5,0.0,0.0,2026-03-24,20
2026-03-24 21:00:00,BE,3742.3,184.7,5825.7,2083.4,0.0,0.0,2026-03-24,21
2026-03-24 22:00:00,BE,3644.7,860.3,6597.3,2952.6,0.0,0.0,2026-03-24,22
2026-03-24 23:00:00,BE,3466.8,193.0,5889.0,2422.2,0.0,0.0,2026-03-24,23
2026-03-25 00:00:00,BE,3266.0,363.9,6036.9,2770.9,0.0,0.0,2026-03-25,0
2026-03-25 01:00:00,BE,3276.3,270.5,6022.5,2746.2,0.0,0.0,2026-03-25,1
2026-03-25 02:00:00,BE,3286.1,301.3,5923.3,2637.2,0.0,0.0,2026-03-25,2
2026-03-25 03:00:00,BE,2724.7,368.4,5938.4,3213.7,0.0,0.0,2026-03-25,3
2026-03-25 04:00:00,BE,2978.1,646.4,6263.4,3285.3,0.0,0.0,2026-03-25,4
2026-03-25 05:00:00,BE,2701.6,7.8,5757.8,3056.2,0.0,0.0,2026-03-25,5
2026-03-25 06:00:00,BE,2924.1,334.4,5992.4,3068.3,0.0,0.0,2026-03-25,6
2026-03-25 07:00:00,BE,2958.5,567.2,6159.2,3200.7,0.0,0.0,2026-03-25,7
2026-03-25 08:00:00,BE,2840.1,815.3,6423.3,3583.2,0.0,0.0,2026-03-25,8
2026-03-25 09:00:00,BE,2915.8,480.5,6231.5,3315.7,0.0,0.0,2026-03-25,9
2026-03-25 10:00:00,BE,3068.4,899.0,6553.0,3484.6,0.0,0.0,2026-03-25,10
2026-03-25 11:00:00,BE,3205.1,757.7,6323.7,3118.6,0.0,0.0,2026-03-25,11
2026-03-25 12:00:00,BE,3295.4,579.0,6264.0,2968.6,0.0,0.0,2026-03-25,12
2026-03-25 13:00:00,BE,3585.1,856.0,6577.0,2991.9,0.0,0.0,2026-03-25,13
2026-03-25 14:00:00,BE,3380.2,571.8,6113.8,2733.6,0.0,0.0,2026-03-25,14
2026-03-25 15:00:00,BE,3611.0,536.1,6215.1,2604.1,0.0,0.0,2026-03-25,15
2026-03-25 16:00:00,BE,3828.2,513.7,6126.7,2298.5,0.0,0.0,2026-03-25,16
2026-03-25 17:00:00,BE,3765.0,222.1,5871.1,2106.1,0.0,0.0,2026-03-25,17
2026-03-25 18:00:00,BE,3786.0,608.5,6338.5,2552.5,0.0,0.0,2026-03-25,18
2026-03-25 19:00:00,BE,3761.9,473.5,6192.5,2430.6,0.0,0.0,2026-03-25,19
2026-03-25 20:00:00,BE,3861.8,747.2,6506.2,2644.4,0.0,0.0,2026-03-25,20
2026-03-25 21:00:00,BE,3750.8,413.6,6069.6,2318.8,0.0,0.0,2026-03-25,21
2026-03-25 22:00:00,BE,3404.2,183.1,5810.1,2405.9,0.0,0.0,2026-03-25,22
2026-03-25 23:00:00,BE,3305.5,149.8,5722.8,2417.3,0.0,0.0,2026-03-25,23
2026-03-26 00:00:00,BE,3262.2,177.9,5836.9,2574.7,0.0,0.0,2026-03-26,0
2026-03-26 01:00:00,BE,3165.4,307.9,5974.9,2809.5,0.0,0.0,2026-03-26,1
2026-03-26 02:00:00,BE,3169.5,37.5,5705.5,2536.0,0.0,0.0,2026-03-26,2
2026-03-26 03:00:00,BE,2942.5,312.7,5936.7,2994.2,0.0,0.0,2026-03-26,3
2026-03-26 04:00:00,BE,3035.1,968.5,6629.5,3594.4,0.0,0.0,2026-03-26,4
2026-03-26 05:00:00,BE,3049.7,758.8,6261.8,3212.1,0.0,0.0,2026-03-26,5
2026-03-26 06:00:00,BE,2704.0,702.4,6345.4,3641.4,0.0,0.0,2026-03-26,6
2026-03-26 07:00:00,BE,2845.2,160.9,5875.9,3030.7,0.0,0.0,2026-03-26,7
2026-03-26 08:00:00,BE,2997.8,1045.9,6727.9,3730.1,0.0,0.0,2026-03-26,8
2026-03-26 09:00:00,BE,2981.1,600.2,6247.2,3266.1,0.0,0.0,2026-03-26,9
2026-03-26 10:00:00,BE,3097.4,500.5,6159.5,3062.1,0.0,0.0,2026-03-26,10
2026-03-26 11:00:00,BE,3121.3,1055.9,6764.9,3643.6,0.0,0.0,2026-03-26,11
2026-03-26 12:00:00,BE,3238.8,1041.6,6601.6,3362.8,0.0,0.0,2026-03-26,12
2026-03-26 13:00:00,BE,3458.5,694.0,6351.0,2892.5,0.0,0.0,2026-03-26,13
2026-03-26 14:00:00,BE,3673.4,783.4,6534.4,2861.0,0.0,0.0,2026-03-26,14
2026-03-26 15:00:00,BE,3530.8,491.4,6181.4,2650.6,0.0,0.0,2026-03-26,15
2026-03-26 16:00:00,BE,3718.7,375.7,6133.7,2415.0,0.0,0.0,2026-03-26,16
2026-03-26 17:00:00,BE,4001.3,527.5,6060.5,2059.2,0.0,0.0,2026-03-26,17
2026-03-26 18:00:00,BE,3778.2,874.3,6522.3,2744.1,0.0,0.0,2026-03-26,18
2026-03-26 19:00:00,BE,3804.1,908.5,6475.5,2671.4,0.0,0.0,2026-03-26,19
2026-03-26 20:00:00,BE,3829.5,634.6,6286.6,2457.1,0.0,0.0,2026-03-26,20
2026-03-26 21:00:00,BE,3722.3,297.4,6027.4,2305.1,0.0,0.0,2026-03-26,21
2026-03-26 22:00:00,BE,3530.5,419.1,6034.1,2503.6,0.0,0.0,2026-03-26,22
2026-03-26 23:00:00,BE,3402.0,244.8,5949.8,2547.8,0.0,0.0,2026-03-26,23
2026-03-27 00:00:00,BE,3481.2,530.2,6243.2,2762.0,0.0,0.0,2026-03-27,0
2026-03-27 01:00:00,BE,3054.8,124.1,5768.1,2713.3,0.0,0.0,2026-03-27,1
2026-03-27 02:00:00,BE,2884.5,449.2,6040.2,3155.7,0.0,0.0,2026-03-27,2
2026-03-27 03:00:00,BE,3076.4,228.7,5844.7,2768.3,0.0,0.0,2026-03-27,3
2026-03-27 04:00:00,BE,3014.3,490.1,6059.1,3044.8,0.0,0.0,2026-03-27,4
2026-03-27 05:00:00,BE,2696.6,117.9,5760.9,3064.3,0.0,0.0,2026-03-27,5
2026-03-27 06:00:00,BE,2900.6,700.0,6450.0,3549.4,0.0,0.0,2026-03-27,6
2026-03-27 07:00:00,BE,2855.4,574.2,6272.2,3416.8,0.0,0.0,2026-03-27,7
2026-03-27 08:00:00,BE,2848.1,589.7,6226.7,3378.6,0.0,0.0,2026-03-27,8
2026-03-27 09:00:00,BE,2953.9,464.0,6201.0,3247.1,0.0,0.0,2026-03-27,9
2026-03-27 10:00:00,BE,3265.8,641.6,6184.6,2918.8,0.0,0.0,2026-03-27,10
2026-03-27 11:00:00,BE,3253.8,1042.2,6646.2,3392.4,0.0,0.0,2026-03-27,11
2026-03-27 12:00:00,BE,3364.3,628.4,6263.4,2899.1,0.0,0.0,2026-03-27,12
2026-03-27 13:00:00,BE,3485.2,1091.3,6755.3,3270.1,0.0,0.0,2026-03-27,13
2026-03-27 14:00:00,BE,3471.2,698.3,6355.3,2884.1,0.0,0.0,2026-03-27,14
2026-03-27 15:00:00,BE,3607.7,534.1,6137.1,2529.4,0.0,0.0,2026-03-27,15
2026-03-27 16:00:00,BE,3707.3,494.2,6057.2,2349.9,0.0,0.0,2026-03-27,16
2026-03-27 17:00:00,BE,3668.4,779.3,6498.3,2829.9,0.0,0.0,2026-03-27,17
2026-03-27 18:00:00,BE,3853.9,534.1,6155.1,2301.2,0.0,0.0,2026-03-27,18
2026-03-27 19:00:00,BE,3910.8,750.2,6377.2,2466.4,0.0,0.0,2026-03-27,19
2026-03-27 20:00:00,BE,3710.8,629.1,6223.1,2512.3,0.0,0.0,2026-03-27,20
2026-03-27 21:00:00,BE,3543.8,453.2,6090.2,2546.4,0.0,0.0,2026-03-27,21
2026-03-27 22:00:00,BE,3443.2,108.0,5691.0,2247.8,0.0,0.0,2026-03-27,22
2026-03-27 23:00:00,BE,3608.2,388.6,6008.6,2400.4,0.0,0.0,2026-03-27,23
2026-03-28 00:00:00,BE,3216.3,131.0,5825.0,2608.7,0.0,0.0,2026-03-28,0
2026-03-28 01:00:00,BE,3010.0,189.9,5809.9,2799.9,0.0,0.0,2026-03-28,1
2026-03-28 02:00:00,BE,2856.9,72.8,5637.8,2780.9,0.0,0.0,2026-03-28,2
2026-03-28 03:00:00,BE,2874.4,358.7,6056.7,3182.3,0.0,0.0,2026-03-28,3
2026-03-28 04:00:00,BE,2996.9,155.4,5763.4,2766.5,0.0,0.0,2026-03-28,4
2026-03-28 05:00:00,BE,2950.6,337.7,5938.7,2988.1,0.0,0.0,2026-03-28,5
2026-03-28 06:00:00,BE,2853.8,385.0,5875.0,3021.2,0.0,0.0,2026-03-28,6
2026-03-28 07:00:00,BE,2710.5,889.6,6504.6,3794.1,0.0,0.0,2026-03-28,7
2026-03-28 08:00:00,BE,2947.7,249.3,5877.3,2929.6,0.0,0.0,2026-03-28,8
2026-03-28 09:00:00,BE,2904.4,606.9,6356.9,3452.5,0.0,0.0,2026-03-28,9
2026-03-28 10:00:00,BE,3104.0,761.9,6318.9,3214.9,0.0,0.0,2026-03-28,10
2026-03-28 11:00:00,BE,3412.3,650.5,6263.5,2851.2,0.0,0.0,2026-03-28,11
2026-03-28 12:00:00,BE,3252.8,598.9,6287.9,3035.1,0.0,0.0,2026-03-28,12
2026-03-28 13:00:00,BE,3245.3,600.9,6310.9,3065.6,0.0,0.0,2026-03-28,13
2026-03-28 14:00:00,BE,3758.0,780.1,6490.1,2732.1,0.0,0.0,2026-03-28,14
2026-03-28 15:00:00,BE,3612.9,835.5,6467.5,2854.6,0.0,0.0,2026-03-28,15
2026-03-28 16:00:00,BE,3689.5,519.7,6208.7,2519.2,0.0,0.0,2026-03-28,16
2026-03-28 17:00:00,BE,3564.0,721.3,6345.3,2781.3,0.0,0.0,2026-03-28,17
2026-03-28 18:00:00,BE,3867.1,365.0,5997.0,2129.9,0.0,0.0,2026-03-28,18
2026-03-28 19:00:00,BE,3886.5,187.2,5955.2,2068.7,0.0,0.0,2026-03-28,19
2026-03-28 20:00:00,BE,3740.3,335.2,5873.2,2132.9,0.0,0.0,2026-03-28,20
2026-03-28 21:00:00,BE,3761.2,215.6,5788.6,2027.4,0.0,0.0,2026-03-28,21
2026-03-28 22:00:00,BE,3478.3,313.8,6049.8,2571.5,0.0,0.0,2026-03-28,22
2026-03-28 23:00:00,BE,3566.9,576.7,6188.7,2621.8,0.0,0.0,2026-03-28,23
2026-03-29 00:00:00,BE,3368.1,266.5,5907.5,2539.4,0.0,0.0,2026-03-29,0
2026-03-29 01:00:00,BE,3357.0,168.9,5695.9,2338.9,0.0,0.0,2026-03-29,1
2026-03-29 02:00:00,BE,2823.5,326.0,5930.0,3106.5,0.0,0.0,2026-03-29,2
2026-03-29 03:00:00,BE,2769.8,413.2,6136.2,3366.4,0.0,0.0,2026-03-29,3
2026-03-29 04:00:00,BE,2946.7,50.0,5723.0,2776.3,0.0,0.0,2026-03-29,4
2026-03-29 05:00:00,BE,2834.8,615.0,6240.0,3405.2,0.0,0.0,2026-03-29,5
2026-03-29 06:00:00,BE,2662.0,400.4,6029.4,3367.4,0.0,0.0,2026-03-29,6
2026-03-29 07:00:00,BE,2800.1,744.2,6369.2,3569.1,0.0,0.0,2026-03-29,7
2026-03-29 08:00:00,BE,2949.8,1102.5,6756.5,3806.7,0.0,0.0,2026-03-29,8
2026-03-29 09:00:00,BE,3054.2,775.9,6454.9,3400.7,0.0,0.0,2026-03-29,9
2026-03-29 10:00:00,BE,3052.5,832.1,6488.1,3435.6,0.0,0.0,2026-03-29,10
2026-03-29 11:00:00,BE,3152.2,691.5,6322.5,3170.3,0.0,0.0,2026-03-29,11
2026-03-29 12:00:00,BE,3326.3,804.3,6278.3,2952.0,0.0,0.0,2026-03-29,12
2026-03-29 13:00:00,BE,3393.0,604.2,6219.2,2826.2,0.0,0.0,2026-03-29,13
2026-03-29 14:00:00,BE,3748.0,483.0,6174.0,2426.0,0.0,0.0,2026-03-29,14
2026-03-29 15:00:00,BE,3570.3,947.4,6540.4,2970.1,0.0,0.0,2026-03-29,15
2026-03-29 16:00:00,BE,3702.3,574.3,6277.3,2575.0,0.0,0.0,2026-03-29,16
2026-03-29 17:00:00,BE,3726.7,564.5,6217.5,2490.8,0.0,0.0,2026-03-29,17
2026-03-29 18:00:00,BE,3952.2,407.0,6076.0,2123.8,0.0,0.0,2026-03-29,18
2026-03-29 19:00:00,BE,3684.3,323.2,5970.2,2285.9,0.0,0.0,2026-03-29,19
2026-03-29 20:00:00,BE,3803.7,484.8,6185.8,2382.1,0.0,0.0,2026-03-29,20
2026-03-29 21:00:00,BE,3610.5,347.3,5905.3,2294.8,0.0,0.0,2026-03-29,21
2026-03-29 22:00:00,BE,3458.6,447.9,6019.9,2561.3,0.0,0.0,2026-03-29,22
2026-03-29 23:00:00,BE,3141.1,408.1,6057.1,2916.0,0.0,0.0,2026-03-29,23
2026-03-30 00:00:00,BE,3254.1,401.2,6091.2,2837.1,0.0,0.0,2026-03-30,0
2026-03-30 01:00:00,BE,3332.6,304.8,6005.8,2673.2,0.0,0.0,2026-03-30,1
2026-03-30 02:00:00,BE,2926.3,525.8,6117.8,3191.5,0.0,0.0,2026-03-30,2
2026-03-30 03:00:00,BE,2554.3,460.3,6215.3,3661.0,0.0,0.0,2026-03-30,3
2026-03-30 04:00:00,BE,2860.3,347.9,6007.9,3147.6,0.0,0.0,2026-03-30,4
2026-03-30 05:00:00,BE,2630.0,697.8,6367.8,3737.8,0.0,0.0,2026-03-30,5
2026-03-30 06:00:00,BE,2542.0,328.4,5841.4,3299.4,0.0,0.0,2026-03-30,6
2026-03-30 07:00:00,BE,2708.4,565.9,6264.9,3556.5,0.0,0.0,2026-03-30,7
2026-03-30 08:00:00,BE,2659.2,264.0,5983.0,3323.8,0.0,0.0,2026-03-30,8
2026-03-30 09:00:00,BE,3024.0,701.2,6345.2,3321.2,0.0,0.0,2026-03-30,9
2026-03-30 10:00:00,BE,3025.8,512.4,6082.4,3056.6,0.0,0.0,2026-03-30,10
2026-03-30 11:00:00,BE,3194.2,673.5,6316.5,3122.3,0.0,0.0,2026-03-30,11
2026-03-30 12:00:00,BE,3172.3,920.4,6496.4,3324.1,0.0,0.0,2026-03-30,12
2026-03-30 13:00:00,BE,3364.1,1119.9,6848.9,3484.8,0.0,0.0,2026-03-30,13
2026-03-30 14:00:00,BE,3428.7,1009.5,6702.5,3273.8,0.0,0.0,2026-03-30,14
2026-03-30 15:00:00,BE,3629.5,582.4,6280.4,2650.9,0.0,0.0,2026-03-30,15
2026-03-30 16:00:00,BE,3406.9,660.9,6370.9,2964.0,0.0,0.0,2026-03-30,16
2026-03-30 17:00:00,BE,3719.2,526.0,6231.0,2511.8,0.0,0.0,2026-03-30,17
2026-03-30 18:00:00,BE,3863.1,229.3,5932.3,2069.2,0.0,0.0,2026-03-30,18
2026-03-30 19:00:00,BE,3925.7,641.3,6411.3,2485.6,0.0,0.0,2026-03-30,19
2026-03-30 20:00:00,BE,3770.5,491.7,6251.7,2481.2,0.0,0.0,2026-03-30,20
2026-03-30 21:00:00,BE,3607.8,316.7,5991.7,2383.9,0.0,0.0,2026-03-30,21
2026-03-30 22:00:00,BE,3281.6,580.9,6255.9,2974.3,0.0,0.0,2026-03-30,22
2026-03-30 23:00:00,BE,3383.0,136.1,5757.1,2374.1,0.0,0.0,2026-03-30,23
2026-03-31 00:00:00,BE,2999.0,169.1,5779.1,2780.1,0.0,0.0,2026-03-31,0
2026-03-31 01:00:00,BE,2996.7,174.5,5902.5,2905.8,0.0,0.0,2026-03-31,1
2026-03-31 02:00:00,BE,2957.9,414.5,6026.5,3068.6,0.0,0.0,2026-03-31,2
2026-03-31 03:00:00,BE,2845.8,404.4,6023.4,3177.6,0.0,0.0,2026-03-31,3
2026-03-31 04:00:00,BE,2904.7,345.0,5956.0,3051.3,0.0,0.0,2026-03-31,4
2026-03-31 05:00:00,BE,2714.0,492.2,6196.2,3482.2,0.0,0.0,2026-03-31,5
2026-03-31 06:00:00,BE,2578.6,421.0,6074.0,3495.4,0.0,0.0,2026-03-31,6
2026-03-31 07:00:00,BE,2687.9,461.2,6162.2,3474.3,0.0,0.0,2026-03-31,7
2026-03-31 08:00:00,BE,2704.4,433.1,5984.1,3279.7,0.0,0.0,2026-03-31,8
2026-03-31 09:00:00,BE,3004.3,1115.3,6835.3,3831.0,0.0,0.0,2026-03-31,9
2026-03-31 10:00:00,BE,2800.5,723.6,6336.6,3536.1,0.0,0.0,2026-03-31,10
2026-03-31 11:00:00,BE,3038.1,773.1,6476.1,3438.0,0.0,0.0,2026-03-31,11
2026-03-31 12:00:00,BE,3335.5,550.4,6232.4,2896.9,0.0,0.0,2026-03-31,12
2026-03-31 13:00:00,BE,3251.4,683.7,6300.7,3049.3,0.0,0.0,2026-03-31,13
2026-03-31 14:00:00,BE,3520.2,535.5,6128.5,2608.3,0.0,0.0,2026-03-31,14
2026-03-31 15:00:00,BE,3580.7,1114.1,6723.1,3142.4,0.0,0.0,2026-03-31,15
2026-03-31 16:00:00,BE,3615.0,399.7,6123.7,2508.7,0.0,0.0,2026-03-31,16
2026-03-31 17:00:00,BE,3494.3,357.5,5949.5,2455.2,0.0,0.0,2026-03-31,17
2026-03-31 18:00:00,BE,3725.3,460.7,6133.7,2408.4,0.0,0.0,2026-03-31,18
2026-03-31 19:00:00,BE,3641.6,230.3,5730.3,2088.7,0.0,0.0,2026-03-31,19
2026-03-31 20:00:00,BE,3687.3,363.9,5888.9,2201.6,0.0,0.0,2026-03-31,20
2026-03-31 21:00:00,BE,3398.5,683.2,6390.2,2991.7,0.0,0.0,2026-03-31,21
2026-03-31 22:00:00,BE,3532.1,241.7,5924.7,2392.6,0.0,0.0,2026-03-31,22
2026-03-31 23:00:00,BE,3427.2,495.4,6039.4,2612.2,0.0,0.0,2026-03-31,23
2026-04-01 00:00:00,BE,3386.4,663.7,6235.7,2849.3,0.0,0.0,2026-04-01,0
2026-04-01 01:00:00,BE,3029.9,382.1,6046.1,3016.2,0.0,0.0,2026-04-01,1
2026-04-01 02:00:00,BE,2883.2,412.0,6109.0,3225.8,0.0,0.0,2026-04-01,2
2026-04-01 03:00:00,BE,2971.1,232.3,5774.3,2803.2,0.0,0.0,2026-04-01,3
2026-04-01 04:00:00,BE,2656.9,136.2,5890.2,3233.3,0.0,0.0,2026-04-01,4
2026-04-01 05:00:00,BE,2629.0,328.5,6053.5,3424.5,0.0,0.0,2026-04-01,5
2026-04-01 06:00:00,BE,2677.3,759.8,6421.8,3744.5,0.0,0.0,2026-04-01,6
2026-04-01 07:00:00,BE,2594.6,587.2,6051.2,3456.6,0.0,0.0,2026-04-01,7
2026-04-01 08:00:00,BE,2953.0,891.2,6511.2,3558.2,0.0,0.0,2026-04-01,8
2026-04-01 09:00:00,BE,2974.4,391.9,5992.9,3018.5,0.0,0.0,2026-04-01,9
2026-04-01 10:00:00,BE,2701.3,1241.3,6999.3,4298.0,0.0,0.0,2026-04-01,10
2026-04-01 11:00:00,BE,2824.8,724.9,6312.9,3488.1,0.0,0.0,2026-04-01,11
2026-04-01 12:00:00,BE,3133.1,1066.4,6737.4,3604.3,0.0,0.0,2026-04-01,12
2026-04-01 13:00:00,BE,3399.9,878.7,6568.7,3168.8,0.0,0.0,2026-04-01,13
2026-04-01 14:00:00,BE,3541.8,706.0,6506.0,2964.2,0.0,0.0,2026-04-01,14
2026-04-01 15:00:00,BE,3732.2,431.9,6017.9,2285.7,0.0,0.0,2026-04-01,15
2026-04-01 16:00:00,BE,3676.0,660.6,6433.6,2757.6,0.0,0.0,2026-04-01,16
2026-04-01 17:00:00,BE,3562.8,259.1,5839.1,2276.3,0.0,0.0,2026-04-01,17
2026-04-01 18:00:00,BE,3757.9,569.3,6256.3,2498.4,0.0,0.0,2026-04-01,18
2026-04-01 19:00:00,BE,3550.8,237.6,5793.6,2242.8,0.0,0.0,2026-04-01,19
2026-04-01 20:00:00,BE,3538.8,174.5,5730.5,2191.7,0.0,0.0,2026-04-01,20
2026-04-01 21:00:00,BE,3366.3,193.6,5799.6,2433.3,0.0,0.0,2026-04-01,21
2026-04-01 22:00:00,BE,3346.7,294.0,5794.0,2447.3,0.0,0.0,2026-04-01,22
2026-04-01 23:00:00,BE,3258.8,75.3,5772.3,2513.5,0.0,0.0,2026-04-01,23
2026-04-02 00:00:00,BE,3134.7,348.0,5920.0,2785.3,0.0,0.0,2026-04-02,0
2026-04-02 01:00:00,BE,3286.2,309.7,5877.7,2591.5,0.0,0.0,2026-04-02,1
2026-04-02 02:00:00,BE,2964.1,271.9,5924.9,2960.8,0.0,0.0,2026-04-02,2
2026-04-02 03:00:00,BE,2890.1,254.3,5927.3,3037.2,0.0,0.0,2026-04-02,3
2026-04-02 04:00:00,BE,2787.0,558.8,6216.8,3429.8,0.0,0.0,2026-04-02,4
2026-04-02 05:00:00,BE,2907.7,249.0,5940.0,3032.3,0.0,0.0,2026-04-02,5
2026-04-02 06:00:00,BE,2585.8,508.1,6091.1,3505.3,0.0,0.0,2026-04-02,6
2026-04-02 07:00:00,BE,2806.4,344.2,5984.2,3177.8,0.0,0.0,2026-04-02,7
2026-04-02 08:00:00,BE,2663.1,553.6,6248.6,3585.5,0.0,0.0,2026-04-02,8
2026-04-02 09:00:00,BE,2827.9,1090.7,6637.7,3809.8,0.0,0.0,2026-04-02,9
2026-04-02 10:00:00,BE,3006.8,1121.8,6766.8,3760.0,0.0,0.0,2026-04-02,10
2026-04-02 11:00:00,BE,2905.3,996.3,6699.3,3794.0,0.0,0.0,2026-04-02,11
2026-04-02 12:00:00,BE,3149.7,1058.7,6740.7,3591.0,0.0,0.0,2026-04-02,12
2026-04-02 13:00:00,BE,3325.6,1254.1,6956.1,3630.5,0.0,0.0,2026-04-02,13
2026-04-02 14:00:00,BE,3505.4,974.9,6540.9,3035.5,0.0,0.0,2026-04-02,14
2026-04-02 15:00:00,BE,3520.9,785.6,6454.6,2933.7,0.0,0.0,2026-04-02,15
2026-04-02 16:00:00,BE,3965.0,951.7,6535.7,2570.7,0.0,0.0,2026-04-02,16
2026-04-02 17:00:00,BE,3901.7,481.6,6082.6,2180.9,0.0,0.0,2026-04-02,17
2026-04-02 18:00:00,BE,3428.0,175.1,5826.1,2398.1,0.0,0.0,2026-04-02,18
2026-04-02 19:00:00,BE,3688.7,280.2,5963.2,2274.5,0.0,0.0,2026-04-02,19
2026-04-02 20:00:00,BE,3690.4,319.3,6014.3,2323.9,0.0,0.0,2026-04-02,20
2026-04-02 21:00:00,BE,3584.9,710.2,6410.2,2825.3,0.0,0.0,2026-04-02,21
2026-04-02 22:00:00,BE,3606.5,338.6,5987.6,2381.1,0.0,0.0,2026-04-02,22
2026-04-02 23:00:00,BE,2975.2,440.2,6108.2,3133.0,0.0,0.0,2026-04-02,23
2026-04-03 00:00:00,BE,3059.4,548.7,6256.7,3197.3,0.0,0.0,2026-04-03,0
2026-04-03 01:00:00,BE,3243.4,780.5,6289.5,3046.1,0.0,0.0,2026-04-03,1
2026-04-03 02:00:00,BE,3082.9,366.2,6025.2,2942.3,0.0,0.0,2026-04-03,2
2026-04-03 03:00:00,BE,3107.1,330.7,5986.7,2879.6,0.0,0.0,2026-04-03,3
2026-04-03 04:00:00,BE,2951.4,552.1,6232.1,3280.7,0.0,0.0,2026-04-03,4
2026-04-03 05:00:00,BE,2548.1,272.9,5982.9,3434.8,0.0,0.0,2026-04-03,5
2026-04-03 06:00:00,BE,2808.7,248.9,5834.9,3026.2,0.0,0.0,2026-04-03,6
2026-04-03 07:00:00,BE,2667.0,340.4,6022.4,3355.4,0.0,0.0,2026-04-03,7
2026-04-03 08:00:00,BE,2775.3,748.0,6378.0,3602.7,0.0,0.0,2026-04-03,8
2026-04-03 09:00:00,BE,2835.7,837.6,6519.6,3683.9,0.0,0.0,2026-04-03,9
2026-04-03 10:00:00,BE,2875.9,715.7,6389.7,3513.8,0.0,0.0,2026-04-03,10
2026-04-03 11:00:00,BE,2991.5,1018.2,6681.2,3689.7,0.0,0.0,2026-04-03,11
2026-04-03 12:00:00,BE,3273.6,737.6,6435.6,3162.0,0.0,0.0,2026-04-03,12
2026-04-03 13:00:00,BE,3244.1,1192.1,6692.1,3448.0,0.0,0.0,2026-04-03,13
2026-04-03 14:00:00,BE,3455.2,1093.9,6868.9,3413.7,0.0,0.0,2026-04-03,14
2026-04-03 15:00:00,BE,3590.5,758.9,6353.9,2763.4,0.0,0.0,2026-04-03,15
2026-04-03 16:00:00,BE,3547.1,1249.4,6882.4,3335.3,0.0,0.0,2026-04-03,16
2026-04-03 17:00:00,BE,3626.1,1041.7,6712.7,3086.6,0.0,0.0,2026-04-03,17
2026-04-03 18:00:00,BE,3814.9,304.5,5994.5,2179.6,0.0,0.0,2026-04-03,18
2026-04-03 19:00:00,BE,3455.1,474.5,6183.5,2728.4,0.0,0.0,2026-04-03,19
2026-04-03 20:00:00,BE,3527.8,128.6,5671.6,2143.8,0.0,0.0,2026-04-03,20
2026-04-03 21:00:00,BE,3367.8,566.0,6195.0,2827.2,0.0,0.0,2026-04-03,21
2026-04-03 22:00:00,BE,3450.2,181.1,5775.1,2324.9,0.0,0.0,2026-04-03,22
2026-04-03 23:00:00,BE,3627.4,221.8,5842.8,2215.4,0.0,0.0,2026-04-03,23
2026-04-04 00:00:00,BE,3025.4,720.4,6351.4,3326.0,0.0,0.0,2026-04-04,0
2026-04-04 01:00:00,BE,3190.0,423.1,6031.1,2841.1,0.0,0.0,2026-04-04,1
2026-04-04 02:00:00,BE,3092.0,406.4,5999.4,2907.4,0.0,0.0,2026-04-04,2
2026-04-04 03:00:00,BE,2560.9,190.5,5916.5,3355.6,0.0,0.0,2026-04-04,3
2026-04-04 04:00:00,BE,2576.2,345.7,5993.7,3417.5,0.0,0.0,2026-04-04,4
2026-04-04 05:00:00,BE,2684.2,450.0,6152.0,3467.8,0.0,0.0,2026-04-04,5
2026-04-04 06:00:00,BE,2550.5,543.4,6260.4,3709.9,0.0,0.0,2026-04-04,6
2026-04-04 07:00:00,BE,2718.8,658.1,6384.1,3665.3,0.0,0.0,2026-04-04,7
2026-04-04 08:00:00,BE,2898.7,948.5,6487.5,3588.8,0.0,0.0,2026-04-04,8
2026-04-04 09:00:00,BE,2898.1,702.3,6415.3,3517.2,0.0,0.0,2026-04-04,9
2026-04-04 10:00:00,BE,2892.8,703.8,6301.8,3409.0,0.0,0.0,2026-04-04,10
2026-04-04 11:00:00,BE,3104.5,1220.5,6931.5,3827.0,0.0,0.0,2026-04-04,11
2026-04-04 12:00:00,BE,3207.4,721.9,6362.9,3155.5,0.0,0.0,2026-04-04,12
2026-04-04 13:00:00,BE,3141.8,1539.4,7176.4,4034.6,0.0,0.0,2026-04-04,13
2026-04-04 14:00:00,BE,3341.6,965.5,6625.5,3283.9,0.0,0.0,2026-04-04,14
2026-04-04 15:00:00,BE,3572.9,641.3,6281.3,2708.4,0.0,0.0,2026-04-04,15
2026-04-04 16:00:00,BE,3587.4,570.8,6343.8,2756.4,0.0,0.0,2026-04-04,16
2026-04-04 17:00:00,BE,3683.6,934.5,6607.5,2923.9,0.0,0.0,2026-04-04,17
2026-04-04 18:00:00,BE,3768.1,136.1,5763.1,1995.0,0.0,0.0,2026-04-04,18
2026-04-04 19:00:00,BE,3353.3,236.5,5858.5,2505.2,0.0,0.0,2026-04-04,19
2026-04-04 20:00:00,BE,3770.8,256.5,5918.5,2147.7,0.0,0.0,2026-04-04,20
2026-04-04 21:00:00,BE,3284.0,202.3,5896.3,2612.3,0.0,0.0,2026-04-04,21
2026-04-04 22:00:00,BE,3410.1,46.9,5783.9,2373.8,0.0,0.0,2026-04-04,22
2026-04-04 23:00:00,BE,3305.8,185.0,5860.0,2554.2,0.0,0.0,2026-04-04,23
2026-04-05 00:00:00,BE,3139.9,591.3,6217.3,3077.4,0.0,0.0,2026-04-05,0
2026-04-05 01:00:00,BE,3049.9,503.8,6101.8,3051.9,0.0,0.0,2026-04-05,1
2026-04-05 02:00:00,BE,2838.6,513.5,6167.5,3328.9,0.0,0.0,2026-04-05,2
2026-04-05 03:00:00,BE,2714.2,852.4,6498.4,3784.2,0.0,0.0,2026-04-05,3
2026-04-05 04:00:00,BE,2709.2,293.8,5916.8,3207.6,0.0,0.0,2026-04-05,4
2026-04-05 05:00:00,BE,2691.8,342.1,5950.1,3258.3,0.0,0.0,2026-04-05,5
2026-04-05 06:00:00,BE,2570.7,439.7,6098.7,3528.0,0.0,0.0,2026-04-05,6
2026-04-05 07:00:00,BE,2707.9,808.9,6505.9,3798.0,0.0,0.0,2026-04-05,7
2026-04-05 08:00:00,BE,2614.9,800.1,6523.1,3908.2,0.0,0.0,2026-04-05,8
2026-04-05 09:00:00,BE,2726.9,664.3,6163.3,3436.4,0.0,0.0,2026-04-05,9
2026-04-05 10:00:00,BE,2871.2,998.0,6713.0,3841.8,0.0,0.0,2026-04-05,10
2026-04-05 11:00:00,BE,3073.6,1160.2,6811.2,3737.6,0.0,0.0,2026-04-05,11
2026-04-05 12:00:00,BE,3111.3,1075.6,6762.6,3651.3,0.0,0.0,2026-04-05,12
2026-04-05 13:00:00,BE,3324.3,1075.1,6728.1,3403.8,0.0,0.0,2026-04-05,13
2026-04-05 14:00:00,BE,3590.6,784.0,6447.0,2856.4,0.0,0.0,2026-04-05,14
2026-04-05 15:00:00,BE,3442.8,742.2,6487.2,3044.4,0.0,0.0,2026-04-05,15
2026-04-05 16:00:00,BE,3735.0,818.2,6459.2,2724.2,0.0,0.0,2026-04-05,16
2026-04-05 17:00:00,BE,3469.3,938.3,6581.3,3112.0,0.0,0.0,2026-04-05,17
2026-04-05 18:00:00,BE,3722.0,344.8,6021.8,2299.8,0.0,0.0,2026-04-05,18
2026-04-05 19:00:00,BE,3603.5,976.2,6585.2,2981.7,0.0,0.0,2026-04-05,19
2026-04-05 20:00:00,BE,3829.1,423.7,6085.7,2256.6,0.0,0.0,2026-04-05,20
2026-04-05 21:00:00,BE,3434.8,586.7,6270.7,2835.9,0.0,0.0,2026-04-05,21
2026-04-05 22:00:00,BE,3291.7,210.7,5747.7,2456.0,0.0,0.0,2026-04-05,22
2026-04-05 23:00:00,BE,3396.7,233.6,5791.6,2394.9,0.0,0.0,2026-04-05,23
2026-04-06 00:00:00,BE,3189.6,617.8,6328.8,3139.2,0.0,0.0,2026-04-06,0
2026-04-06 01:00:00,BE,3019.3,287.5,5999.5,2980.2,0.0,0.0,2026-04-06,1
2026-04-06 02:00:00,BE,2599.0,358.4,5999.4,3400.4,0.0,0.0,2026-04-06,2
2026-04-06 03:00:00,BE,2831.9,366.2,6047.2,3215.3,0.0,0.0,2026-04-06,3
2026-04-06 04:00:00,BE,2691.4,407.6,5979.6,3288.2,0.0,0.0,2026-04-06,4
2026-04-06 05:00:00,BE,2663.8,344.0,6014.0,3350.2,0.0,0.0,2026-04-06,5
2026-04-06 06:00:00,BE,2542.2,569.7,6290.7,3748.5,0.0,0.0,2026-04-06,6
2026-04-06 07:00:00,BE,2808.6,641.9,6173.9,3365.3,0.0,0.0,2026-04-06,7
2026-04-06 08:00:00,BE,2699.4,900.7,6475.7,3776.3,0.0,0.0,2026-04-06,8
2026-04-06 09:00:00,BE,2750.3,866.2,6527.2,3776.9,0.0,0.0,2026-04-06,9
2026-04-06 10:00:00,BE,2695.5,1371.4,6909.4,4213.9,0.0,0.0,2026-04-06,10
2026-04-06 11:00:00,BE,2978.5,1168.4,6736.4,3757.9,0.0,0.0,2026-04-06,11
2026-04-06 12:00:00,BE,2999.7,1100.5,6809.5,3809.8,0.0,0.0,2026-04-06,12
2026-04-06 13:00:00,BE,3423.6,1144.5,6815.5,3391.9,0.0,0.0,2026-04-06,13
2026-04-06 14:00:00,BE,3409.1,1118.1,6672.1,3263.0,0.0,0.0,2026-04-06,14
2026-04-06 15:00:00,BE,3409.5,699.9,6427.9,3018.4,0.0,0.0,2026-04-06,15
2026-04-06 16:00:00,BE,3539.0,1016.5,6706.5,3167.5,0.0,0.0,2026-04-06,16
2026-04-06 17:00:00,BE,3784.2,1148.7,6754.7,2970.5,0.0,0.0,2026-04-06,17
2026-04-06 18:00:00,BE,3643.3,231.0,5846.0,2202.7,0.0,0.0,2026-04-06,18
2026-04-06 19:00:00,BE,3607.2,359.7,6014.7,2407.5,0.0,0.0,2026-04-06,19
2026-04-06 20:00:00,BE,3781.0,369.4,5959.4,2178.4,0.0,0.0,2026-04-06,20
2026-04-06 21:00:00,BE,3522.6,353.4,6072.4,2549.8,0.0,0.0,2026-04-06,21
2026-04-06 22:00:00,BE,3482.4,751.0,6449.0,2966.6,0.0,0.0,2026-04-06,22
2026-04-06 23:00:00,BE,3210.4,1023.3,6642.3,3431.9,0.0,0.0,2026-04-06,23
2026-04-07 00:00:00,BE,3076.8,191.5,5764.5,2687.7,0.0,0.0,2026-04-07,0
2026-04-07 01:00:00,BE,3093.7,190.4,5910.4,2816.7,0.0,0.0,2026-04-07,1
2026-04-07 02:00:00,BE,2865.5,316.4,6039.4,3173.9,0.0,0.0,2026-04-07,2
2026-04-07 03:00:00,BE,2810.1,370.3,5908.3,3098.2,0.0,0.0,2026-04-07,3
2026-04-07 04:00:00,BE,2679.1,193.0,5938.0,3258.9,0.0,0.0,2026-04-07,4
2026-04-07 05:00:00,BE,2636.3,76.3,5708.3,3072.0,0.0,0.0,2026-04-07,5
2026-04-07 06:00:00,BE,2602.6,134.3,5842.3,3239.7,0.0,0.0,2026-04-07,6
2026-04-07 07:00:00,BE,2477.2,759.2,6356.2,3879.0,0.0,0.0,2026-04-07,7
2026-04-07 08:00:00,BE,2840.8,551.1,6221.1,3380.3,0.0,0.0,2026-04-07,8
2026-04-07 09:00:00,BE,2691.2,1210.3,6816.3,4125.1,0.0,0.0,2026-04-07,9
2026-04-07 10:00:00,BE,2722.5,978.1,6619.1,3896.6,0.0,0.0,2026-04-07,10
2026-04-07 11:00:00,BE,2995.7,1043.6,6646.6,3650.9,0.0,0.0,2026-04-07,11
2026-04-07 12:00:00,BE,3036.0,902.9,6445.9,3409.9,0.0,0.0,2026-04-07,12
2026-04-07 13:00:00,BE,3394.9,1014.3,6672.3,3277.4,0.0,0.0,2026-04-07,13
2026-04-07 14:00:00,BE,3440.3,909.9,6555.9,3115.6,0.0,0.0,2026-04-07,14
2026-04-07 15:00:00,BE,3396.0,830.7,6480.7,3084.7,0.0,0.0,2026-04-07,15
2026-04-07 16:00:00,BE,3439.0,958.5,6598.5,3159.5,0.0,0.0,2026-04-07,16
2026-04-07 17:00:00,BE,3671.7,911.5,6604.5,2932.8,0.0,0.0,2026-04-07,17
2026-04-07 18:00:00,BE,3527.4,450.1,6156.1,2628.7,0.0,0.0,2026-04-07,18
2026-04-07 19:00:00,BE,3428.8,347.8,6037.8,2609.0,0.0,0.0,2026-04-07,19
2026-04-07 20:00:00,BE,3343.3,522.6,6168.6,2825.3,0.0,0.0,2026-04-07,20
2026-04-07 21:00:00,BE,3547.3,238.1,5856.1,2308.8,0.0,0.0,2026-04-07,21
2026-04-07 22:00:00,BE,3171.0,628.8,6142.8,2971.8,0.0,0.0,2026-04-07,22
2026-04-07 23:00:00,BE,3095.5,410.8,6144.8,3049.3,0.0,0.0,2026-04-07,23
2026-04-08 00:00:00,BE,3189.7,503.1,6170.1,2980.4,0.0,0.0,2026-04-08,0
2026-04-08 01:00:00,BE,3073.3,276.1,5956.1,2882.8,0.0,0.0,2026-04-08,1
2026-04-08 02:00:00,BE,2715.1,333.0,6048.0,3332.9,0.0,0.0,2026-04-08,2
2026-04-08 03:00:00,BE,2678.0,580.6,6131.6,3453.6,0.0,0.0,2026-04-08,3
2026-04-08 04:00:00,BE,2788.1,458.8,6129.8,3341.7,0.0,0.0,2026-04-08,4
2026-04-08 05:00:00,BE,2645.8,227.2,5756.2,3110.4,0.0,0.0,2026-04-08,5
2026-04-08 06:00:00,BE,2547.3,526.0,6203.0,3655.7,0.0,0.0,2026-04-08,6
2026-04-08 07:00:00,BE,2633.3,651.4,6351.4,3718.1,0.0,0.0,2026-04-08,7
2026-04-08 08:00:00,BE,2718.6,659.1,6345.1,3626.5,0.0,0.0,2026-04-08,8
2026-04-08 09:00:00,BE,2615.2,858.6,6536.6,3921.4,0.0,0.0,2026-04-08,9
2026-04-08 10:00:00,BE,2728.3,830.3,6396.3,3668.0,0.0,0.0,2026-04-08,10
2026-04-08 11:00:00,BE,3103.8,863.6,6579.6,3475.8,0.0,0.0,2026-04-08,11
2026-04-08 12:00:00,BE,3309.5,1257.6,6731.6,3422.1,0.0,0.0,2026-04-08,12
2026-04-08 13:00:00,BE,3336.5,1156.0,6701.0,3364.5,0.0,0.0,2026-04-08,13
2026-04-08 14:00:00,BE,3325.3,841.8,6508.8,3183.5,0.0,0.0,2026-04-08,14
2026-04-08 15:00:00,BE,3369.3,1389.4,7029.4,3660.1,0.0,0.0,2026-04-08,15
2026-04-08 16:00:00,BE,3536.7,489.9,6264.9,2728.2,0.0,0.0,2026-04-08,16
2026-04-08 17:00:00,BE,3705.2,350.9,6002.9,2297.7,0.0,0.0,2026-04-08,17
2026-04-08 18:00:00,BE,3746.7,148.1,5905.1,2158.4,0.0,0.0,2026-04-08,18
2026-04-08 19:00:00,BE,3576.8,685.2,6481.2,2904.4,0.0,0.0,2026-04-08,19
2026-04-08 20:00:00,BE,3575.5,396.8,6044.8,2469.3,0.0,0.0,2026-04-08,20
2026-04-08 21:00:00,BE,3274.1,484.4,6120.4,2846.3,0.0,0.0,2026-04-08,21
2026-04-08 22:00:00,BE,3326.9,129.9,5727.9,2401.0,0.0,0.0,2026-04-08,22
2026-04-08 23:00:00,BE,3397.2,322.7,5980.7,2583.5,0.0,0.0,2026-04-08,23
2026-04-09 00:00:00,BE,3075.1,595.7,6175.7,3100.6,0.0,0.0,2026-04-09,0
2026-04-09 01:00:00,BE,3016.7,173.1,5787.1,2770.4,0.0,0.0,2026-04-09,1
2026-04-09 02:00:00,BE,2948.3,242.6,5894.6,2946.3,0.0,0.0,2026-04-09,2
2026-04-09 03:00:00,BE,2834.6,260.5,5944.5,3109.9,0.0,0.0,2026-04-09,3
2026-04-09 04:00:00,BE,2668.1,368.0,6104.0,3435.9,0.0,0.0,2026-04-09,4
2026-04-09 05:00:00,BE,2538.5,284.2,5784.2,3245.7,0.0,0.0,2026-04-09,5
2026-04-09 06:00:00,BE,2328.7,942.6,6566.6,4237.9,0.0,0.0,2026-04-09,6
2026-04-09 07:00:00,BE,2465.4,372.1,6037.1,3571.7,0.0,0.0,2026-04-09,7
2026-04-09 08:00:00,BE,2616.7,674.4,6350.4,3733.7,0.0,0.0,2026-04-09,8
2026-04-09 09:00:00,BE,2818.4,858.7,6595.7,3777.3,0.0,0.0,2026-04-09,9
2026-04-09 10:00:00,BE,2860.0,747.3,6401.3,3541.3,0.0,0.0,2026-04-09,10
2026-04-09 11:00:00,BE,3092.6,1009.6,6659.6,3567.0,0.0,0.0,2026-04-09,11
2026-04-09 12:00:00,BE,2938.1,873.7,6483.7,3545.6,0.0,0.0,2026-04-09,12
2026-04-09 13:00:00,BE,2999.9,1122.7,6663.7,3663.8,0.0,0.0,2026-04-09,13
2026-04-09 14:00:00,BE,3404.9,829.1,6551.1,3146.2,0.0,0.0,2026-04-09,14
2026-04-09 15:00:00,BE,3649.2,598.5,6173.5,2524.3,0.0,0.0,2026-04-09,15
2026-04-09 16:00:00,BE,3538.3,860.5,6416.5,2878.2,0.0,0.0,2026-04-09,16
2026-04-09 17:00:00,BE,3498.4,583.4,6284.4,2786.0,0.0,0.0,2026-04-09,17
2026-04-09 18:00:00,BE,3686.6,279.0,5963.0,2276.4,0.0,0.0,2026-04-09,18
2026-04-09 19:00:00,BE,3731.4,171.8,5749.8,2018.4,0.0,0.0,2026-04-09,19
2026-04-09 20:00:00,BE,3366.7,308.0,5999.0,2632.3,0.0,0.0,2026-04-09,20
2026-04-09 21:00:00,BE,3391.1,116.0,5770.0,2378.9,0.0,0.0,2026-04-09,21
2026-04-09 22:00:00,BE,3448.7,329.8,6035.8,2587.1,0.0,0.0,2026-04-09,22
2026-04-09 23:00:00,BE,3236.3,582.1,6131.1,2894.8,0.0,0.0,2026-04-09,23
2026-04-10 00:00:00,BE,2981.3,777.4,6423.4,3442.1,0.0,0.0,2026-04-10,0
2026-04-10 01:00:00,BE,2911.1,742.7,6442.7,3531.6,0.0,0.0,2026-04-10,1
2026-04-10 02:00:00,BE,2719.7,298.4,5957.4,3237.7,0.0,0.0,2026-04-10,2
2026-04-10 03:00:00,BE,2546.5,394.2,6043.2,3496.7,0.0,0.0,2026-04-10,3
2026-04-10 04:00:00,BE,2678.8,392.0,6049.0,3370.2,0.0,0.0,2026-04-10,4
2026-04-10 05:00:00,BE,2435.6,570.2,6214.2,3778.6,0.0,0.0,2026-04-10,5
2026-04-10 06:00:00,BE,2558.5,974.4,6605.4,4046.9,0.0,0.0,2026-04-10,6
2026-04-10 07:00:00,BE,2477.2,245.4,5708.4,3231.2,0.0,0.0,2026-04-10,7
2026-04-10 08:00:00,BE,2689.9,508.8,6237.8,3547.9,0.0,0.0,2026-04-10,8
2026-04-10 09:00:00,BE,2674.0,858.8,6556.8,3882.8,0.0,0.0,2026-04-10,9
2026-04-10 10:00:00,BE,2788.4,831.4,6454.4,3666.0,0.0,0.0,2026-04-10,10
2026-04-10 11:00:00,BE,2754.6,1010.4,6624.4,3869.8,0.0,0.0,2026-04-10,11
2026-04-10 12:00:00,BE,3095.4,1286.2,7028.2,3932.8,0.0,0.0,2026-04-10,12
2026-04-10 13:00:00,BE,3143.6,1276.0,6875.0,3731.4,0.0,0.0,2026-04-10,13
2026-04-10 14:00:00,BE,3220.2,1008.7,6590.7,3370.5,0.0,0.0,2026-04-10,14
2026-04-10 15:00:00,BE,3468.3,878.1,6518.1,3049.8,0.0,0.0,2026-04-10,15
2026-04-10 16:00:00,BE,3605.2,841.2,6452.2,2847.0,0.0,0.0,2026-04-10,16
2026-04-10 17:00:00,BE,3747.3,446.2,6071.2,2323.9,0.0,0.0,2026-04-10,17
2026-04-10 18:00:00,BE,3585.4,187.7,5914.7,2329.3,0.0,0.0,2026-04-10,18
2026-04-10 19:00:00,BE,3572.5,223.0,5917.0,2344.5,0.0,0.0,2026-04-10,19
2026-04-10 20:00:00,BE,3382.1,713.0,6384.0,3001.9,0.0,0.0,2026-04-10,20
2026-04-10 21:00:00,BE,3333.7,122.8,5813.8,2480.1,0.0,0.0,2026-04-10,21
2026-04-10 22:00:00,BE,3449.2,82.3,5753.3,2304.1,0.0,0.0,2026-04-10,22
2026-04-10 23:00:00,BE,3135.8,641.0,6290.0,3154.2,0.0,0.0,2026-04-10,23
2026-04-11 00:00:00,BE,3276.0,480.2,6044.2,2768.2,0.0,0.0,2026-04-11,0
2026-04-11 01:00:00,BE,2782.4,562.4,6225.4,3443.0,0.0,0.0,2026-04-11,1
2026-04-11 02:00:00,BE,2791.0,289.5,5867.5,3076.5,0.0,0.0,2026-04-11,2
2026-04-11 03:00:00,BE,2683.1,146.3,5782.3,3099.2,0.0,0.0,2026-04-11,3
2026-04-11 04:00:00,BE,2546.0,318.0,5968.0,3422.0,0.0,0.0,2026-04-11,4
2026-04-11 05:00:00,BE,2539.3,80.6,5790.6,3251.3,0.0,0.0,2026-04-11,5
2026-04-11 06:00:00,BE,2535.5,278.1,5920.1,3384.6,0.0,0.0,2026-04-11,6
2026-04-11 07:00:00,BE,2595.3,655.1,6254.1,3658.8,0.0,0.0,2026-04-11,7
2026-04-11 08:00:00,BE,2614.0,754.5,6365.5,3751.5,0.0,0.0,2026-04-11,8
2026-04-11 09:00:00,BE,2827.4,627.1,6248.1,3420.7,0.0,0.0,2026-04-11,9
2026-04-11 10:00:00,BE,3104.4,1102.4,6702.4,3598.0,0.0,0.0,2026-04-11,10
2026-04-11 11:00:00,BE,3015.7,1127.7,6783.7,3768.0,0.0,0.0,2026-04-11,11
2026-04-11 12:00:00,BE,3103.2,930.6,6526.6,3423.4,0.0,0.0,2026-04-11,12
2026-04-11 13:00:00,BE,3066.1,1017.8,6718.8,3652.7,0.0,0.0,2026-04-11,13
2026-04-11 14:00:00,BE,3239.5,893.8,6546.8,3307.3,0.0,0.0,2026-04-11,14
2026-04-11 15:00:00,BE,3204.6,775.5,6419.5,3214.9,0.0,0.0,2026-04-11,15
2026-04-11 16:00:00,BE,3544.7,892.7,6586.7,3042.0,0.0,0.0,2026-04-11,16
2026-04-11 17:00:00,BE,3359.0,475.7,6152.7,2793.7,0.0,0.0,2026-04-11,17
2026-04-11 18:00:00,BE,3634.4,295.0,5968.0,2333.6,0.0,0.0,2026-04-11,18
2026-04-11 19:00:00,BE,3444.6,166.6,5804.6,2360.0,0.0,0.0,2026-04-11,19
2026-04-11 20:00:00,BE,3527.7,448.2,6116.2,2588.5,0.0,0.0,2026-04-11,20
2026-04-11 21:00:00,BE,3467.1,285.4,5935.4,2468.3,0.0,0.0,2026-04-11,21
2026-04-11 22:00:00,BE,3074.7,298.8,6019.8,2945.1,0.0,0.0,2026-04-11,22
2026-04-11 23:00:00,BE,3084.3,423.2,6093.2,3008.9,0.0,0.0,2026-04-11,23
2026-04-12 00:00:00,BE,3092.5,670.3,6378.3,3285.8,0.0,0.0,2026-04-12,0
2026-04-12 01:00:00,BE,2977.0,496.0,6204.0,3227.0,0.0,0.0,2026-04-12,1
2026-04-12 02:00:00,BE,2894.2,90.1,5746.1,2851.9,0.0,0.0,2026-04-12,2
2026-04-12 03:00:00,BE,2653.1,404.4,6057.4,3404.3,0.0,0.0,2026-04-12,3
2026-04-12 04:00:00,BE,2603.0,186.7,5848.7,3245.7,0.0,0.0,2026-04-12,4
2026-04-12 05:00:00,BE,2777.7,154.6,5894.6,3116.9,0.0,0.0,2026-04-12,5
2026-04-12 06:00:00,BE,2569.7,312.8,5935.8,3366.1,0.0,0.0,2026-04-12,6
2026-04-12 07:00:00,BE,2660.9,356.7,6090.7,3429.8,0.0,0.0,2026-04-12,7
2026-04-12 08:00:00,BE,2580.0,602.6,6234.6,3654.6,0.0,0.0,2026-04-12,8
2026-04-12 09:00:00,BE,2509.8,1169.9,6789.9,4280.1,0.0,0.0,2026-04-12,9
2026-04-12 10:00:00,BE,2849.3,1248.1,6867.1,4017.8,0.0,0.0,2026-04-12,10
2026-04-12 11:00:00,BE,2978.7,847.8,6471.8,3493.1,0.0,0.0,2026-04-12,11
2026-04-12 12:00:00,BE,3155.2,1198.5,6904.5,3749.3,0.0,0.0,2026-04-12,12
2026-04-12 13:00:00,BE,3062.9,1043.3,6672.3,3609.4,0.0,0.0,2026-04-12,13
2026-04-12 14:00:00,BE,3206.0,714.1,6296.1,3090.1,0.0,0.0,2026-04-12,14
2026-04-12 15:00:00,BE,3134.4,683.6,6270.6,3136.2,0.0,0.0,2026-04-12,15
2026-04-12 16:00:00,BE,3539.8,737.9,6387.9,2848.1,0.0,0.0,2026-04-12,16
2026-04-12 17:00:00,BE,3619.4,446.3,6179.3,2559.9,0.0,0.0,2026-04-12,17
2026-04-12 18:00:00,BE,3457.6,587.1,6178.1,2720.5,0.0,0.0,2026-04-12,18
2026-04-12 19:00:00,BE,3467.6,424.4,6034.4,2566.8,0.0,0.0,2026-04-12,19
2026-04-12 20:00:00,BE,3444.1,416.4,6137.4,2693.3,0.0,0.0,2026-04-12,20
2026-04-12 21:00:00,BE,3580.7,120.2,5768.2,2187.5,0.0,0.0,2026-04-12,21
2026-04-12 22:00:00,BE,3394.5,738.4,6347.4,2952.9,0.0,0.0,2026-04-12,22
2026-04-12 23:00:00,BE,3301.3,741.1,6351.1,3049.8,0.0,0.0,2026-04-12,23
2026-04-13 00:00:00,BE,3016.7,56.2,5742.2,2725.5,0.0,0.0,2026-04-13,0
2026-04-13 01:00:00,BE,2851.0,358.3,5931.3,3080.3,0.0,0.0,2026-04-13,1
2026-04-13 02:00:00,BE,2915.3,326.8,5980.8,3065.5,0.0,0.0,2026-04-13,2
2026-04-13 03:00:00,BE,2480.0,481.9,6093.9,3613.9,0.0,0.0,2026-04-13,3
2026-04-13 04:00:00,BE,2660.4,345.1,6064.1,3403.7,0.0,0.0,2026-04-13,4
2026-04-13 05:00:00,BE,2392.3,398.3,6099.3,3707.0,0.0,0.0,2026-04-13,5
2026-04-13 06:00:00,BE,2624.8,598.7,6200.7,3575.9,0.0,0.0,2026-04-13,6
2026-04-13 07:00:00,BE,2607.9,325.8,5970.8,3362.9,0.0,0.0,2026-04-13,7
2026-04-13 08:00:00,BE,2489.6,1083.2,6727.2,4237.6,0.0,0.0,2026-04-13,8
2026-04-13 09:00:00,BE,2701.3,937.0,6634.0,3932.7,0.0,0.0,2026-04-13,9
2026-04-13 10:00:00,BE,2641.9,908.6,6575.6,3933.7,0.0,0.0,2026-04-13,10
2026-04-13 11:00:00,BE,2772.0,1338.8,7084.8,4312.8,0.0,0.0,2026-04-13,11
2026-04-13 12:00:00,BE,2979.3,1158.3,6758.3,3779.0,0.0,0.0,2026-04-13,12
2026-04-13 13:00:00,BE,3063.9,957.4,6498.4,3434.5,0.0,0.0,2026-04-13,13
2026-04-13 14:00:00,BE,3393.8,894.2,6512.2,3118.4,0.0,0.0,2026-04-13,14
2026-04-13 15:00:00,BE,3628.5,544.8,6120.8,2492.3,0.0,0.0,2026-04-13,15
2026-04-13 16:00:00,BE,3457.4,850.8,6421.8,2964.4,0.0,0.0,2026-04-13,16
2026-04-13 17:00:00,BE,3505.6,629.7,6400.7,2895.1,0.0,0.0,2026-04-13,17
2026-04-13 18:00:00,BE,3611.9,242.9,6000.9,2389.0,0.0,0.0,2026-04-13,18
2026-04-13 19:00:00,BE,3466.4,836.6,6498.6,3032.2,0.0,0.0,2026-04-13,19
2026-04-13 20:00:00,BE,3508.1,135.2,5693.2,2185.1,0.0,0.0,2026-04-13,20
2026-04-13 21:00:00,BE,3148.1,223.6,5774.6,2626.5,0.0,0.0,2026-04-13,21
2026-04-13 22:00:00,BE,3186.1,304.0,5936.0,2749.9,0.0,0.0,2026-04-13,22
2026-04-13 23:00:00,BE,2963.0,328.8,5975.8,3012.8,0.0,0.0,2026-04-13,23
2026-04-14 00:00:00,BE,2788.5,349.4,5926.4,3137.9,0.0,0.0,2026-04-14,0
2026-04-14 01:00:00,BE,3001.8,307.1,5853.1,2851.3,0.0,0.0,2026-04-14,1
2026-04-14 02:00:00,BE,2730.2,462.4,6042.4,3312.2,0.0,0.0,2026-04-14,2
2026-04-14 03:00:00,BE,2850.5,124.6,5794.6,2944.1,0.0,0.0,2026-04-14,3
2026-04-14 04:00:00,BE,2762.7,248.7,5844.7,3082.0,0.0,0.0,2026-04-14,4
2026-04-14 05:00:00,BE,2523.9,465.3,6234.3,3710.4,0.0,0.0,2026-04-14,5
2026-04-14 06:00:00,BE,2463.8,486.6,6164.6,3700.8,0.0,0.0,2026-04-14,6
2026-04-14 07:00:00,BE,2439.5,672.8,6197.8,3758.3,0.0,0.0,2026-04-14,7
2026-04-14 08:00:00,BE,2286.5,436.9,6099.9,3813.4,0.0,0.0,2026-04-14,8
2026-04-14 09:00:00,BE,2594.1,738.6,6334.6,3740.5,0.0,0.0,2026-04-14,9
2026-04-14 10:00:00,BE,2728.2,1172.4,6880.4,4152.2,0.0,0.0,2026-04-14,10
2026-04-14 11:00:00,BE,2800.2,955.6,6611.6,3811.4,0.0,0.0,2026-04-14,11
2026-04-14 12:00:00,BE,2893.2,1163.0,6843.0,3949.8,0.0,0.0,2026-04-14,12
2026-04-14 13:00:00,BE,3128.0,1184.6,6743.6,3615.6,0.0,0.0,2026-04-14,13
2026-04-14 14:00:00,BE,3214.0,1486.0,7122.0,3908.0,0.0,0.0,2026-04-14,14
2026-04-14 15:00:00,BE,3377.5,687.6,6439.6,3062.1,0.0,0.0,2026-04-14,15
2026-04-14 16:00:00,BE,3321.6,638.2,6257.2,2935.6,0.0,0.0,2026-04-14,16
2026-04-14 17:00:00,BE,3714.8,354.9,6053.9,2339.1,0.0,0.0,2026-04-14,17
2026-04-14 18:00:00,BE,3570.5,1002.7,6696.7,3126.2,0.0,0.0,2026-04-14,18
2026-04-14 19:00:00,BE,3468.5,473.8,6197.8,2729.3,0.0,0.0,2026-04-14,19
2026-04-14 20:00:00,BE,3343.3,825.9,6435.9,3092.6,0.0,0.0,2026-04-14,20
2026-04-14 21:00:00,BE,3241.0,498.5,6193.5,2952.5,0.0,0.0,2026-04-14,21
2026-04-14 22:00:00,BE,3347.4,222.5,5905.5,2558.1,0.0,0.0,2026-04-14,22
2026-04-14 23:00:00,BE,3082.5,189.5,5717.5,2635.0,0.0,0.0,2026-04-14,23
2026-04-15 00:00:00,BE,3007.5,389.5,6150.5,3143.0,0.0,0.0,2026-04-15,0
2026-04-15 01:00:00,BE,2921.0,378.3,5930.3,3009.3,0.0,0.0,2026-04-15,1
2026-04-15 02:00:00,BE,2685.1,396.7,6084.7,3399.6,0.0,0.0,2026-04-15,2
2026-04-15 03:00:00,BE,2676.7,480.2,6121.2,3444.5,0.0,0.0,2026-04-15,3
2026-04-15 04:00:00,BE,2343.0,579.7,6242.7,3899.7,0.0,0.0,2026-04-15,4
2026-04-15 05:00:00,BE,2399.8,110.7,5835.7,3435.9,0.0,0.0,2026-04-15,5
2026-04-15 06:00:00,BE,2266.0,155.6,5761.6,3495.6,0.0,0.0,2026-04-15,6
2026-04-15 07:00:00,BE,2464.9,647.7,6298.7,3833.8,0.0,0.0,2026-04-15,7
2026-04-15 08:00:00,BE,2512.2,779.0,6411.0,3898.8,0.0,0.0,2026-04-15,8
2026-04-15 09:00:00,BE,2852.3,1052.6,6664.6,3812.3,0.0,0.0,2026-04-15,9
2026-04-15 10:00:00,BE,2650.6,1200.4,6905.4,4254.8,0.0,0.0,2026-04-15,10
2026-04-15 11:00:00,BE,2881.7,906.3,6601.3,3719.6,0.0,0.0,2026-04-15,11
2026-04-15 12:00:00,BE,3042.8,739.7,6411.7,3368.9,0.0,0.0,2026-04-15,12
2026-04-15 13:00:00,BE,3288.7,1275.9,6804.9,3516.2,0.0,0.0,2026-04-15,13
2026-04-15 14:00:00,BE,3295.8,1454.0,7041.0,3745.2,0.0,0.0,2026-04-15,14
2026-04-15 15:00:00,BE,3433.3,929.7,6536.7,3103.4,0.0,0.0,2026-04-15,15
2026-04-15 16:00:00,BE,3637.5,408.0,6139.0,2501.5,0.0,0.0,2026-04-15,16
2026-04-15 17:00:00,BE,3271.7,794.8,6516.8,3245.1,0.0,0.0,2026-04-15,17
2026-04-15 18:00:00,BE,3419.1,443.3,6046.3,2627.2,0.0,0.0,2026-04-15,18
2026-04-15 19:00:00,BE,3425.4,256.3,5927.3,2501.9,0.0,0.0,2026-04-15,19
2026-04-15 20:00:00,BE,3412.0,424.3,6065.3,2653.3,0.0,0.0,2026-04-15,20
2026-04-15 21:00:00,BE,3263.9,392.8,5936.8,2672.9,0.0,0.0,2026-04-15,21
2026-04-15 22:00:00,BE,3363.4,692.6,6387.6,3024.2,0.0,0.0,2026-04-15,22
2026-04-15 23:00:00,BE,3040.1,152.6,5819.6,2779.5,0.0,0.0,2026-04-15,23
2026-04-16 00:00:00,BE,2906.1,599.2,6358.2,3452.1,0.0,0.0,2026-04-16,0
2026-04-16 01:00:00,BE,2909.3,206.4,5935.4,3026.1,0.0,0.0,2026-04-16,1
2026-04-16 02:00:00,BE,2644.0,695.3,6323.3,3679.3,0.0,0.0,2026-04-16,2
2026-04-16 03:00:00,BE,2502.8,558.6,6200.6,3697.8,0.0,0.0,2026-04-16,3
2026-04-16 04:00:00,BE,2392.0,208.9,5865.9,3473.9,0.0,0.0,2026-04-16,4
2026-04-16 05:00:00,BE,2481.3,649.6,6346.6,3865.3,0.0,0.0,2026-04-16,5
2026-04-16 06:00:00,BE,2601.3,249.7,5906.7,3305.4,0.0,0.0,2026-04-16,6
2026-04-16 07:00:00,BE,2591.0,793.5,6288.5,3697.5,0.0,0.0,2026-04-16,7
2026-04-16 08:00:00,BE,2598.7,820.1,6511.1,3912.4,0.0,0.0,2026-04-16,8
2026-04-16 09:00:00,BE,2637.8,1097.0,6668.0,4030.2,0.0,0.0,2026-04-16,9
2026-04-16 10:00:00,BE,2659.9,1001.7,6578.7,3918.8,0.0,0.0,2026-04-16,10
2026-04-16 11:00:00,BE,2835.1,988.9,6650.9,3815.8,0.0,0.0,2026-04-16,11
2026-04-16 12:00:00,BE,2828.7,1237.6,6918.6,4089.9,0.0,0.0,2026-04-16,12
2026-04-16 13:00:00,BE,3122.8,919.1,6552.1,3429.3,0.0,0.0,2026-04-16,13
2026-04-16 14:00:00,BE,3343.7,1453.8,7085.8,3742.1,0.0,0.0,2026-04-16,14
2026-04-16 15:00:00,BE,3132.5,1118.5,6883.5,3751.0,0.0,0.0,2026-04-16,15
2026-04-16 16:00:00,BE,3563.7,660.3,6296.3,2732.6,0.0,0.0,2026-04-16,16
2026-04-16 17:00:00,BE,3196.4,723.2,6373.2,3176.8,0.0,0.0,2026-04-16,17
2026-04-16 18:00:00,BE,3378.5,210.3,5944.3,2565.8,0.0,0.0,2026-04-16,18
2026-04-16 19:00:00,BE,3324.6,58.6,5802.6,2478.0,0.0,0.0,2026-04-16,19
2026-04-16 20:00:00,BE,3317.0,372.4,6068.4,2751.4,0.0,0.0,2026-04-16,20
2026-04-16 21:00:00,BE,3280.2,772.9,6481.9,3201.7,0.0,0.0,2026-04-16,21
2026-04-16 22:00:00,BE,3368.7,536.6,6203.6,2834.9,0.0,0.0,2026-04-16,22
2026-04-16 23:00:00,BE,2976.7,463.4,6128.4,3151.7,0.0,0.0,2026-04-16,23
2026-04-17 00:00:00,BE,2856.4,255.8,5998.8,3142.4,0.0,0.0,2026-04-17,0
2026-04-17 01:00:00,BE,2748.1,262.4,5912.4,3164.3,0.0,0.0,2026-04-17,1
2026-04-17 02:00:00,BE,2649.5,131.8,5752.8,3103.3,0.0,0.0,2026-04-17,2
2026-04-17 03:00:00,BE,2534.6,866.9,6563.9,4029.3,0.0,0.0,2026-04-17,3
2026-04-17 04:00:00,BE,2371.5,181.1,5842.1,3470.6,0.0,0.0,2026-04-17,4
2026-04-17 05:00:00,BE,2510.8,279.4,5896.4,3385.6,0.0,0.0,2026-04-17,5
2026-04-17 06:00:00,BE,2446.7,500.6,6069.6,3622.9,0.0,0.0,2026-04-17,6
2026-04-17 07:00:00,BE,2598.0,629.2,6316.2,3718.2,0.0,0.0,2026-04-17,7
2026-04-17 08:00:00,BE,2676.3,569.7,6141.7,3465.4,0.0,0.0,2026-04-17,8
2026-04-17 09:00:00,BE,2420.4,803.4,6507.4,4087.0,0.0,0.0,2026-04-17,9
2026-04-17 10:00:00,BE,2898.7,685.2,6420.2,3521.5,0.0,0.0,2026-04-17,10
2026-04-17 11:00:00,BE,2891.5,989.3,6703.3,3811.8,0.0,0.0,2026-04-17,11
2026-04-17 12:00:00,BE,3110.9,890.7,6550.7,3439.8,0.0,0.0,2026-04-17,12
2026-04-17 13:00:00,BE,3076.8,1070.6,6733.6,3656.8,0.0,0.0,2026-04-17,13
2026-04-17 14:00:00,BE,3285.4,1044.6,6706.6,3421.2,0.0,0.0,2026-04-17,14
2026-04-17 15:00:00,BE,3378.3,1188.7,6773.7,3395.4,0.0,0.0,2026-04-17,15
2026-04-17 16:00:00,BE,3550.8,935.0,6511.0,2960.2,0.0,0.0,2026-04-17,16
2026-04-17 17:00:00,BE,3366.0,347.2,5986.2,2620.2,0.0,0.0,2026-04-17,17
2026-04-17 18:00:00,BE,3383.5,362.4,6016.4,2632.9,0.0,0.0,2026-04-17,18
2026-04-17 19:00:00,BE,3407.9,464.0,6134.0,2726.1,0.0,0.0,2026-04-17,19
2026-04-17 20:00:00,BE,3550.0,627.0,6295.0,2745.0,0.0,0.0,2026-04-17,20
2026-04-17 21:00:00,BE,3490.9,423.1,6152.1,2661.2,0.0,0.0,2026-04-17,21
2026-04-17 22:00:00,BE,3070.3,326.9,5973.9,2903.6,0.0,0.0,2026-04-17,22
2026-04-17 23:00:00,BE,3147.3,523.1,6176.1,3028.8,0.0,0.0,2026-04-17,23
2026-04-18 00:00:00,BE,2949.8,709.4,6354.4,3404.6,0.0,0.0,2026-04-18,0
2026-04-18 01:00:00,BE,2795.6,291.4,5930.4,3134.8,0.0,0.0,2026-04-18,1
2026-04-18 02:00:00,BE,2767.2,257.6,5901.6,3134.4,0.0,0.0,2026-04-18,2
2026-04-18 03:00:00,BE,2821.8,678.7,6313.7,3491.9,0.0,0.0,2026-04-18,3
2026-04-18 04:00:00,BE,2589.8,487.4,6161.4,3571.6,0.0,0.0,2026-04-18,4
2026-04-18 05:00:00,BE,2414.1,355.7,6085.7,3671.6,0.0,0.0,2026-04-18,5
2026-04-18 06:00:00,BE,2376.1,387.1,6072.1,3696.0,0.0,0.0,2026-04-18,6
2026-04-18 07:00:00,BE,2528.8,461.5,6148.5,3619.7,0.0,0.0,2026-04-18,7
2026-04-18 08:00:00,BE,2549.3,645.5,6309.5,3760.2,0.0,0.0,2026-04-18,8
2026-04-18 09:00:00,BE,2733.0,905.9,6518.9,3785.9,0.0,0.0,2026-04-18,9
2026-04-18 10:00:00,BE,2868.1,738.1,6330.1,3462.0,0.0,0.0,2026-04-18,10
2026-04-18 11:00:00,BE,2850.9,1357.1,6995.1,4144.2,0.0,0.0,2026-04-18,11
2026-04-18 12:00:00,BE,3022.8,827.6,6474.6,3451.8,0.0,0.0,2026-04-18,12
2026-04-18 13:00:00,BE,3279.5,1486.2,7097.2,3817.7,0.0,0.0,2026-04-18,13
2026-04-18 14:00:00,BE,3354.8,1498.9,7121.9,3767.1,0.0,0.0,2026-04-18,14
2026-04-18 15:00:00,BE,3194.0,1120.4,6755.4,3561.4,0.0,0.0,2026-04-18,15
2026-04-18 16:00:00,BE,3209.6,916.5,6566.5,3356.9,0.0,0.0,2026-04-18,16
2026-04-18 17:00:00,BE,3266.7,461.1,6133.1,2866.4,0.0,0.0,2026-04-18,17
2026-04-18 18:00:00,BE,3236.2,280.4,5917.4,2681.2,0.0,0.0,2026-04-18,18
2026-04-18 19:00:00,BE,3475.8,449.6,6022.6,2546.8,0.0,0.0,2026-04-18,19
2026-04-18 20:00:00,BE,3228.3,389.9,6049.9,2821.6,0.0,0.0,2026-04-18,20
2026-04-18 21:00:00,BE,3380.3,720.4,6372.4,2992.1,0.0,0.0,2026-04-18,21
2026-04-18 22:00:00,BE,3095.7,685.6,6354.6,3258.9,0.0,0.0,2026-04-18,22
2026-04-18 23:00:00,BE,3187.5,337.7,5899.7,2712.2,0.0,0.0,2026-04-18,23
2026-04-19 00:00:00,BE,3018.6,468.8,6102.8,3084.2,0.0,0.0,2026-04-19,0
2026-04-19 01:00:00,BE,2831.5,180.7,5859.7,3028.2,0.0,0.0,2026-04-19,1
2026-04-19 02:00:00,BE,2745.5,315.8,5985.8,3240.3,0.0,0.0,2026-04-19,2
2026-04-19 03:00:00,BE,2432.0,379.1,6069.1,3637.1,0.0,0.0,2026-04-19,3
2026-04-19 04:00:00,BE,2210.2,322.0,5925.0,3714.8,0.0,0.0,2026-04-19,4
2026-04-19 05:00:00,BE,2388.5,505.1,6238.1,3849.6,0.0,0.0,2026-04-19,5
2026-04-19 06:00:00,BE,2489.5,522.8,6122.8,3633.3,0.0,0.0,2026-04-19,6
2026-04-19 07:00:00,BE,2295.5,585.8,6198.8,3903.3,0.0,0.0,2026-04-19,7
2026-04-19 08:00:00,BE,2579.6,870.4,6467.4,3887.8,0.0,0.0,2026-04-19,8
2026-04-19 09:00:00,BE,2651.8,1008.5,6725.5,4073.7,0.0,0.0,2026-04-19,9
2026-04-19 10:00:00,BE,2697.1,970.2,6617.2,3920.1,0.0,0.0,2026-04-19,10
2026-04-19 11:00:00,BE,2833.9,1528.8,7112.8,4278.9,0.0,0.0,2026-04-19,11
2026-04-19 12:00:00,BE,2920.1,1018.1,6655.1,3735.0,0.0,0.0,2026-04-19,12
2026-04-19 13:00:00,BE,3077.1,1008.0,6633.0,3555.9,0.0,0.0,2026-04-19,13
2026-04-19 14:00:00,BE,3027.3,1195.1,6792.1,3764.8,0.0,0.0,2026-04-19,14
2026-04-19 15:00:00,BE,3409.2,1331.7,6944.7,3535.5,0.0,0.0,2026-04-19,15
2026-04-19 16:00:00,BE,3402.6,1034.6,6632.6,3230.0,0.0,0.0,2026-04-19,16
2026-04-19 17:00:00,BE,3475.2,685.9,6340.9,2865.7,0.0,0.0,2026-04-19,17
2026-04-19 18:00:00,BE,3336.8,689.8,6368.8,3032.0,0.0,0.0,2026-04-19,18
2026-04-19 19:00:00,BE,3230.5,530.6,6188.6,2958.1,0.0,0.0,2026-04-19,19
2026-04-19 20:00:00,BE,3506.5,586.4,6186.4,2679.9,0.0,0.0,2026-04-19,20
2026-04-19 21:00:00,BE,3101.3,88.5,5817.5,2716.2,0.0,0.0,2026-04-19,21
2026-04-19 22:00:00,BE,3134.2,665.4,6279.4,3145.2,0.0,0.0,2026-04-19,22
2026-04-19 23:00:00,BE,3039.5,626.6,6204.6,3165.1,0.0,0.0,2026-04-19,23
2026-04-20 00:00:00,BE,2952.8,421.7,6098.7,3145.9,0.0,0.0,2026-04-20,0
2026-04-20 01:00:00,BE,2832.1,763.1,6526.1,3694.0,0.0,0.0,2026-04-20,1
2026-04-20 02:00:00,BE,2669.4,182.2,5847.2,3177.8,0.0,0.0,2026-04-20,2
2026-04-20 03:00:00,BE,2395.5,247.1,5839.1,3443.6,0.0,0.0,2026-04-20,3
2026-04-20 04:00:00,BE,2454.2,384.3,6097.3,3643.1,0.0,0.0,2026-04-20,4
2026-04-20 05:00:00,BE,2426.0,759.3,6414.3,3988.3,0.0,0.0,2026-04-20,5
2026-04-20 06:00:00,BE,2483.7,551.9,6091.9,3608.2,0.0,0.0,2026-04-20,6
2026-04-20 07:00:00,BE,2464.2,495.1,6170.1,3705.9,0.0,0.0,2026-04-20,7
2026-04-20 08:00:00,BE,2621.2,1067.4,6751.4,4130.2,0.0,0.0,2026-04-20,8
2026-04-20 09:00:00,BE,2664.8,731.9,6328.9,3664.1,0.0,0.0,2026-04-20,9
2026-04-20 10:00:00,BE,2513.6,1004.5,6692.5,4178.9,0.0,0.0,2026-04-20,10
2026-04-20 11:00:00,BE,2794.8,927.4,6532.4,3737.6,0.0,0.0,2026-04-20,11
2026-04-20 12:00:00,BE,2968.6,1221.7,6941.7,3973.1,0.0,0.0,2026-04-20,12
2026-04-20 13:00:00,BE,2983.5,1098.6,6740.6,3757.1,0.0,0.0,2026-04-20,13
2026-04-20 14:00:00,BE,3345.8,942.9,6610.9,3265.1,0.0,0.0,2026-04-20,14
2026-04-20 15:00:00,BE,3201.3,967.0,6697.0,3495.7,0.0,0.0,2026-04-20,15
2026-04-20 16:00:00,BE,3191.2,978.7,6571.7,3380.5,0.0,0.0,2026-04-20,16
2026-04-20 17:00:00,BE,3182.5,322.3,5948.3,2765.8,0.0,0.0,2026-04-20,17
2026-04-20 18:00:00,BE,3356.1,853.2,6441.2,3085.1,0.0,0.0,2026-04-20,18
2026-04-20 19:00:00,BE,3339.0,172.2,5730.2,2391.2,0.0,0.0,2026-04-20,19
2026-04-20 20:00:00,BE,3299.0,331.7,5981.7,2682.7,0.0,0.0,2026-04-20,20
2026-04-20 21:00:00,BE,2998.8,106.9,5770.9,2772.1,0.0,0.0,2026-04-20,21
2026-04-20 22:00:00,BE,3161.9,485.5,6068.5,2906.6,0.0,0.0,2026-04-20,22
2026-04-20 23:00:00,BE,3177.6,59.4,5623.4,2445.8,0.0,0.0,2026-04-20,23
2026-04-21 00:00:00,BE,2832.5,415.0,6058.0,3225.5,0.0,0.0,2026-04-21,0
2026-04-21 01:00:00,BE,2852.6,717.4,6439.4,3586.8,0.0,0.0,2026-04-21,1
2026-04-21 02:00:00,BE,2584.9,309.6,5961.6,3376.7,0.0,0.0,2026-04-21,2
2026-04-21 03:00:00,BE,2456.6,770.8,6337.8,3881.2,0.0,0.0,2026-04-21,3
2026-04-21 04:00:00,BE,2637.3,495.0,6199.0,3561.7,0.0,0.0,2026-04-21,4
2026-04-21 05:00:00,BE,2512.6,491.4,6128.4,3615.8,0.0,0.0,2026-04-21,5
2026-04-21 06:00:00,BE,2514.8,41.5,5787.5,3272.7,0.0,0.0,2026-04-21,6
2026-04-21 07:00:00,BE,2705.7,258.7,5957.7,3252.0,0.0,0.0,2026-04-21,7
2026-04-21 08:00:00,BE,2475.5,402.4,5966.4,3490.9,0.0,0.0,2026-04-21,8
2026-04-21 09:00:00,BE,2552.5,1031.4,6748.4,4195.9,0.0,0.0,2026-04-21,9
2026-04-21 10:00:00,BE,2674.9,927.1,6614.1,3939.2,0.0,0.0,2026-04-21,10
2026-04-21 11:00:00,BE,2950.6,897.8,6552.8,3602.2,0.0,0.0,2026-04-21,11
2026-04-21 12:00:00,BE,3020.6,1205.7,6788.7,3768.1,0.0,0.0,2026-04-21,12
2026-04-21 13:00:00,BE,2929.0,985.8,6607.8,3678.8,0.0,0.0,2026-04-21,13
2026-04-21 14:00:00,BE,3057.2,1137.6,6772.6,3715.4,0.0,0.0,2026-04-21,14
2026-04-21 15:00:00,BE,3303.9,867.3,6573.3,3269.4,0.0,0.0,2026-04-21,15
2026-04-21 16:00:00,BE,3398.6,812.8,6486.8,3088.2,0.0,0.0,2026-04-21,16
2026-04-21 17:00:00,BE,3443.5,688.8,6308.8,2865.3,0.0,0.0,2026-04-21,17
2026-04-21 18:00:00,BE,3469.5,328.3,6078.3,2608.8,0.0,0.0,2026-04-21,18
2026-04-21 19:00:00,BE,3363.0,341.3,5960.3,2597.3,0.0,0.0,2026-04-21,19
2026-04-21 20:00:00,BE,3409.3,144.2,5826.2,2416.9,0.0,0.0,2026-04-21,20
2026-04-21 21:00:00,BE,3332.6,452.8,6101.8,2769.2,0.0,0.0,2026-04-21,21
2026-04-21 22:00:00,BE,3043.8,495.6,6040.6,2996.8,0.0,0.0,2026-04-21,22
2026-04-21 23:00:00,BE,2879.0,571.2,6216.2,3337.2,0.0,0.0,2026-04-21,23
2026-04-22 00:00:00,BE,2928.3,459.3,6111.3,3183.0,0.0,0.0,2026-04-22,0
2026-04-22 01:00:00,BE,2720.8,224.5,5873.5,3152.7,0.0,0.0,2026-04-22,1
2026-04-22 02:00:00,BE,2475.9,599.8,6205.8,3729.9,0.0,0.0,2026-04-22,2
2026-04-22 03:00:00,BE,2637.4,568.5,6215.5,3578.1,0.0,0.0,2026-04-22,3
2026-04-22 04:00:00,BE,2515.0,140.2,5744.2,3229.2,0.0,0.0,2026-04-22,4
2026-04-22 05:00:00,BE,2581.2,575.8,6333.8,3752.6,0.0,0.0,2026-04-22,5
2026-04-22 06:00:00,BE,2389.8,401.4,5965.4,3575.6,0.0,0.0,2026-04-22,6
2026-04-22 07:00:00,BE,2421.7,394.3,5945.3,3523.6,0.0,0.0,2026-04-22,7
2026-04-22 08:00:00,BE,2288.8,970.7,6740.7,4451.9,0.0,0.0,2026-04-22,8
2026-04-22 09:00:00,BE,2710.1,1133.2,6868.2,4158.1,0.0,0.0,2026-04-22,9
2026-04-22 10:00:00,BE,2717.8,829.5,6539.5,3821.7,0.0,0.0,2026-04-22,10
2026-04-22 11:00:00,BE,2871.0,828.2,6578.2,3707.2,0.0,0.0,2026-04-22,11
2026-04-22 12:00:00,BE,2862.4,1272.5,6920.5,4058.1,0.0,0.0,2026-04-22,12
2026-04-22 13:00:00,BE,3014.0,856.9,6493.9,3479.9,0.0,0.0,2026-04-22,13
2026-04-22 14:00:00,BE,3180.4,1086.6,6829.6,3649.2,0.0,0.0,2026-04-22,14
2026-04-22 15:00:00,BE,3152.9,1311.3,6987.3,3834.4,0.0,0.0,2026-04-22,15
2026-04-22 16:00:00,BE,3229.3,1107.2,6741.2,3511.9,0.0,0.0,2026-04-22,16
2026-04-22 17:00:00,BE,3611.6,485.3,6053.3,2441.7,0.0,0.0,2026-04-22,17
2026-04-22 18:00:00,BE,3429.3,592.1,6247.1,2817.8,0.0,0.0,2026-04-22,18
2026-04-22 19:00:00,BE,3287.5,507.0,6168.0,2880.5,0.0,0.0,2026-04-22,19
2026-04-22 20:00:00,BE,3148.8,957.2,6640.2,3491.4,0.0,0.0,2026-04-22,20
2026-04-22 21:00:00,BE,3098.2,329.9,6031.9,2933.7,0.0,0.0,2026-04-22,21
2026-04-22 22:00:00,BE,3174.7,845.2,6485.2,3310.5,0.0,0.0,2026-04-22,22
2026-04-22 23:00:00,BE,2899.0,700.8,6337.8,3438.8,0.0,0.0,2026-04-22,23
2026-04-23 00:00:00,BE,2753.8,405.9,5939.9,3186.1,0.0,0.0,2026-04-23,0
2026-04-23 01:00:00,BE,2728.6,535.2,6155.2,3426.6,0.0,0.0,2026-04-23,1
2026-04-23 02:00:00,BE,2675.7,1036.3,6628.3,3952.6,0.0,0.0,2026-04-23,2
2026-04-23 03:00:00,BE,2682.5,288.6,5830.6,3148.1,0.0,0.0,2026-04-23,3
2026-04-23 04:00:00,BE,2349.7,70.8,5751.8,3402.1,0.0,0.0,2026-04-23,4
2026-04-23 05:00:00,BE,2313.9,319.6,5990.6,3676.7,0.0,0.0,2026-04-23,5
2026-04-23 06:00:00,BE,2424.2,541.1,6185.1,3760.9,0.0,0.0,2026-04-23,6
2026-04-23 07:00:00,BE,2338.0,422.4,5950.4,3612.4,0.0,0.0,2026-04-23,7
2026-04-23 08:00:00,BE,2546.1,761.5,6439.5,3893.4,0.0,0.0,2026-04-23,8
2026-04-23 09:00:00,BE,2468.3,775.5,6362.5,3894.2,0.0,0.0,2026-04-23,9
2026-04-23 10:00:00,BE,2467.6,953.4,6672.4,4204.8,0.0,0.0,2026-04-23,10
2026-04-23 11:00:00,BE,2661.7,1182.0,6870.0,4208.3,0.0,0.0,2026-04-23,11
2026-04-23 12:00:00,BE,2689.4,844.9,6476.9,3787.5,0.0,0.0,2026-04-23,12
2026-04-23 13:00:00,BE,2941.0,941.4,6594.4,3653.4,0.0,0.0,2026-04-23,13
2026-04-23 14:00:00,BE,3182.4,687.9,6381.9,3199.5,0.0,0.0,2026-04-23,14
2026-04-23 15:00:00,BE,3233.8,776.2,6363.2,3129.4,0.0,0.0,2026-04-23,15
2026-04-23 16:00:00,BE,3292.3,690.8,6402.8,3110.5,0.0,0.0,2026-04-23,16
2026-04-23 17:00:00,BE,3202.2,713.4,6399.4,3197.2,0.0,0.0,2026-04-23,17
2026-04-23 18:00:00,BE,3280.8,226.7,5879.7,2598.9,0.0,0.0,2026-04-23,18
2026-04-23 19:00:00,BE,3307.9,411.0,6102.0,2794.1,0.0,0.0,2026-04-23,19
2026-04-23 20:00:00,BE,3333.5,724.3,6361.3,3027.8,0.0,0.0,2026-04-23,20
2026-04-23 21:00:00,BE,3527.1,509.2,6277.2,2750.1,0.0,0.0,2026-04-23,21
2026-04-23 22:00:00,BE,3037.1,26.3,5636.3,2599.2,0.0,0.0,2026-04-23,22
2026-04-23 23:00:00,BE,3111.3,504.1,6183.1,3071.8,0.0,0.0,2026-04-23,23
2026-04-24 00:00:00,BE,2729.6,85.4,5638.4,2908.8,0.0,0.0,2026-04-24,0
2026-04-24 01:00:00,BE,2613.6,462.1,6212.1,3598.5,0.0,0.0,2026-04-24,1
2026-04-24 02:00:00,BE,2380.0,252.2,6048.2,3668.2,0.0,0.0,2026-04-24,2
2026-04-24 03:00:00,BE,2418.5,844.5,6460.5,4042.0,0.0,0.0,2026-04-24,3
2026-04-24 04:00:00,BE,2557.5,321.8,5969.8,3412.3,0.0,0.0,2026-04-24,4
2026-04-24 05:00:00,BE,2378.8,453.7,6063.7,3684.9,0.0,0.0,2026-04-24,5
2026-04-24 06:00:00,BE,2510.2,581.1,6195.1,3684.9,0.0,0.0,2026-04-24,6
2026-04-24 07:00:00,BE,2320.2,472.0,6033.0,3712.8,0.0,0.0,2026-04-24,7
2026-04-24 08:00:00,BE,2557.4,1027.4,6687.4,4130.0,0.0,0.0,2026-04-24,8
2026-04-24 09:00:00,BE,2441.6,914.6,6613.6,4172.0,0.0,0.0,2026-04-24,9
2026-04-24 10:00:00,BE,2717.6,1216.6,6945.6,4228.0,0.0,0.0,2026-04-24,10
2026-04-24 11:00:00,BE,2927.3,1108.7,6908.7,3981.4,0.0,0.0,2026-04-24,11
2026-04-24 12:00:00,BE,2832.5,1115.7,6736.7,3904.2,0.0,0.0,2026-04-24,12
2026-04-24 13:00:00,BE,2826.7,822.8,6582.8,3756.1,0.0,0.0,2026-04-24,13
2026-04-24 14:00:00,BE,3329.2,1642.1,7208.1,3878.9,0.0,0.0,2026-04-24,14
2026-04-24 15:00:00,BE,3107.2,864.5,6469.5,3362.3,0.0,0.0,2026-04-24,15
2026-04-24 16:00:00,BE,3222.6,772.7,6362.7,3140.1,0.0,0.0,2026-04-24,16
2026-04-24 17:00:00,BE,3302.6,722.8,6368.8,3066.2,0.0,0.0,2026-04-24,17
2026-04-24 18:00:00,BE,3466.1,149.9,5853.9,2387.8,0.0,0.0,2026-04-24,18
2026-04-24 19:00:00,BE,3421.4,314.0,5997.0,2575.6,0.0,0.0,2026-04-24,19
2026-04-24 20:00:00,BE,3366.8,392.5,6025.5,2658.7,0.0,0.0,2026-04-24,20
2026-04-24 21:00:00,BE,3175.3,33.3,5695.3,2520.0,0.0,0.0,2026-04-24,21
2026-04-24 22:00:00,BE,3080.8,191.8,5821.8,2741.0,0.0,0.0,2026-04-24,22
2026-04-24 23:00:00,BE,3081.5,760.2,6436.2,3354.7,0.0,0.0,2026-04-24,23
2026-04-25 00:00:00,BE,3052.9,150.9,5742.9,2690.0,0.0,0.0,2026-04-25,0
2026-04-25 01:00:00,BE,2573.3,244.8,5854.8,3281.5,0.0,0.0,2026-04-25,1
2026-04-25 02:00:00,BE,2752.5,685.3,6365.3,3612.8,0.0,0.0,2026-04-25,2
2026-04-25 03:00:00,BE,2614.0,695.8,6323.8,3709.8,0.0,0.0,2026-04-25,3
2026-04-25 04:00:00,BE,2497.7,208.7,5900.7,3403.0,0.0,0.0,2026-04-25,4
2026-04-25 05:00:00,BE,2284.5,168.3,5743.3,3458.8,0.0,0.0,2026-04-25,5
2026-04-25 06:00:00,BE,2362.7,47.4,5701.4,3338.7,0.0,0.0,2026-04-25,6
2026-04-25 07:00:00,BE,2414.2,374.1,6057.1,3642.9,0.0,0.0,2026-04-25,7
2026-04-25 08:00:00,BE,2340.3,610.3,6215.3,3875.0,0.0,0.0,2026-04-25,8
2026-04-25 09:00:00,BE,2637.9,845.8,6630.8,3992.9,0.0,0.0,2026-04-25,9
2026-04-25 10:00:00,BE,2543.0,989.6,6643.6,4100.6,0.0,0.0,2026-04-25,10
2026-04-25 11:00:00,BE,2904.3,973.3,6667.3,3763.0,0.0,0.0,2026-04-25,11
2026-04-25 12:00:00,BE,2669.0,1364.6,6907.6,4238.6,0.0,0.0,2026-04-25,12
2026-04-25 13:00:00,BE,2812.8,1111.6,6827.6,4014.8,0.0,0.0,2026-04-25,13
2026-04-25 14:00:00,BE,2870.2,927.1,6513.1,3642.9,0.0,0.0,2026-04-25,14
2026-04-25 15:00:00,BE,3286.2,1241.9,6835.9,3549.7,0.0,0.0,2026-04-25,15
2026-04-25 16:00:00,BE,3170.8,602.9,6271.9,3101.1,0.0,0.0,2026-04-25,16
2026-04-25 17:00:00,BE,3230.1,1142.1,6728.1,3498.0,0.0,0.0,2026-04-25,17
2026-04-25 18:00:00,BE,3454.6,340.9,5933.9,2479.3,0.0,0.0,2026-04-25,18
2026-04-25 19:00:00,BE,3536.0,357.8,6020.8,2484.8,0.0,0.0,2026-04-25,19
2026-04-25 20:00:00,BE,3186.4,243.8,5806.8,2620.4,0.0,0.0,2026-04-25,20
2026-04-25 21:00:00,BE,3360.7,794.8,6476.8,3116.1,0.0,0.0,2026-04-25,21
2026-04-25 22:00:00,BE,3157.5,290.2,5963.2,2805.7,0.0,0.0,2026-04-25,22
2026-04-25 23:00:00,BE,2969.7,329.6,5922.6,2952.9,0.0,0.0,2026-04-25,23
2026-04-26 00:00:00,BE,2697.5,431.0,6071.0,3373.5,0.0,0.0,2026-04-26,0
2026-04-26 01:00:00,BE,2541.7,234.2,5813.2,3271.5,0.0,0.0,2026-04-26,1
2026-04-26 02:00:00,BE,2597.4,502.1,6106.1,3508.7,0.0,0.0,2026-04-26,2
2026-04-26 03:00:00,BE,2501.7,367.7,6021.7,3520.0,0.0,0.0,2026-04-26,3
2026-04-26 04:00:00,BE,2322.6,895.9,6464.9,4142.3,0.0,0.0,2026-04-26,4
2026-04-26 05:00:00,BE,2235.9,274.0,6012.0,3776.1,0.0,0.0,2026-04-26,5
2026-04-26 06:00:00,BE,2179.2,670.1,6303.1,4123.9,0.0,0.0,2026-04-26,6
2026-04-26 07:00:00,BE,2396.5,432.7,6117.7,3721.2,0.0,0.0,2026-04-26,7
2026-04-26 08:00:00,BE,2484.3,655.9,6381.9,3897.6,0.0,0.0,2026-04-26,8
2026-04-26 09:00:00,BE,2568.5,1338.2,6818.2,4249.7,0.0,0.0,2026-04-26,9
2026-04-26 10:00:00,BE,2658.8,1033.4,6729.4,4070.6,0.0,0.0,2026-04-26,10
2026-04-26 11:00:00,BE,2639.8,1009.1,6644.1,4004.3,0.0,0.0,2026-04-26,11
2026-04-26 12:00:00,BE,3026.0,765.1,6471.1,3445.1,0.0,0.0,2026-04-26,12
2026-04-26 13:00:00,BE,2841.6,981.0,6529.0,3687.4,0.0,0.0,2026-04-26,13
2026-04-26 14:00:00,BE,3151.1,960.2,6552.2,3401.1,0.0,0.0,2026-04-26,14
2026-04-26 15:00:00,BE,3137.4,831.7,6462.7,3325.3,0.0,0.0,2026-04-26,15
2026-04-26 16:00:00,BE,3130.4,999.0,6674.0,3543.6,0.0,0.0,2026-04-26,16
2026-04-26 17:00:00,BE,3236.2,368.1,5907.1,2670.9,0.0,0.0,2026-04-26,17
2026-04-26 18:00:00,BE,3395.9,272.9,5928.9,2533.0,0.0,0.0,2026-04-26,18
2026-04-26 19:00:00,BE,3443.4,296.5,5909.5,2466.1,0.0,0.0,2026-04-26,19
2026-04-26 20:00:00,BE,3301.1,319.7,5826.7,2525.6,0.0,0.0,2026-04-26,20
2026-04-26 21:00:00,BE,2830.1,441.7,6080.7,3250.6,0.0,0.0,2026-04-26,21
2026-04-26 22:00:00,BE,3166.4,213.0,5926.0,2759.6,0.0,0.0,2026-04-26,22
2026-04-26 23:00:00,BE,2701.8,226.5,6049.5,3347.7,0.0,0.0,2026-04-26,23
2026-04-27 00:00:00,BE,3058.4,352.9,5904.9,2846.5,0.0,0.0,2026-04-27,0
2026-04-27 01:00:00,BE,2723.1,349.5,6011.5,3288.4,0.0,0.0,2026-04-27,1
2026-04-27 02:00:00,BE,2593.6,147.5,5770.5,3176.9,0.0,0.0,2026-04-27,2
2026-04-27 03:00:00,BE,2592.4,287.8,5995.8,3403.4,0.0,0.0,2026-04-27,3
2026-04-27 04:00:00,BE,2357.8,845.6,6612.6,4254.8,0.0,0.0,2026-04-27,4
2026-04-27 05:00:00,BE,2310.3,494.5,6102.5,3792.2,0.0,0.0,2026-04-27,5
2026-04-27 06:00:00,BE,2277.8,361.2,5961.2,3683.4,0.0,0.0,2026-04-27,6
2026-04-27 07:00:00,BE,2355.5,353.3,6020.3,3664.8,0.0,0.0,2026-04-27,7
2026-04-27 08:00:00,BE,2399.4,661.2,6222.2,3822.8,0.0,0.0,2026-04-27,8
2026-04-27 09:00:00,BE,2495.7,671.1,6255.1,3759.4,0.0,0.0,2026-04-27,9
2026-04-27 10:00:00,BE,2171.7,1003.6,6516.6,4344.9,0.0,0.0,2026-04-27,10
2026-04-27 11:00:00,BE,2679.9,944.7,6590.7,3910.8,0.0,0.0,2026-04-27,11
2026-04-27 12:00:00,BE,2628.3,962.7,6619.7,3991.4,0.0,0.0,2026-04-27,12
2026-04-27 13:00:00,BE,3276.6,977.6,6625.6,3349.0,0.0,0.0,2026-04-27,13
2026-04-27 14:00:00,BE,3164.6,1128.2,6708.2,3543.6,0.0,0.0,2026-04-27,14
2026-04-27 15:00:00,BE,3283.9,904.9,6511.9,3228.0,0.0,0.0,2026-04-27,15
2026-04-27 16:00:00,BE,3307.8,630.5,6294.5,2986.7,0.0,0.0,2026-04-27,16
2026-04-27 17:00:00,BE,3380.8,683.7,6182.7,2801.9,0.0,0.0,2026-04-27,17
2026-04-27 18:00:00,BE,3208.7,217.6,5849.6,2640.9,0.0,0.0,2026-04-27,18
2026-04-27 19:00:00,BE,3393.7,794.3,6453.3,3059.6,0.0,0.0,2026-04-27,19
2026-04-27 20:00:00,BE,3351.5,290.8,5906.8,2555.3,0.0,0.0,2026-04-27,20
2026-04-27 21:00:00,BE,3190.2,291.6,5951.6,2761.4,0.0,0.0,2026-04-27,21
2026-04-27 22:00:00,BE,3157.4,441.9,6245.9,3088.5,0.0,0.0,2026-04-27,22
2026-04-27 23:00:00,BE,3071.0,920.3,6574.3,3503.3,0.0,0.0,2026-04-27,23
2026-04-28 00:00:00,BE,2815.2,329.1,5965.1,3149.9,0.0,0.0,2026-04-28,0
2026-04-28 01:00:00,BE,2549.0,244.5,5795.5,3246.5,0.0,0.0,2026-04-28,1
2026-04-28 02:00:00,BE,2661.2,564.3,6136.3,3475.1,0.0,0.0,2026-04-28,2
2026-04-28 03:00:00,BE,2642.1,131.5,5879.5,3237.4,0.0,0.0,2026-04-28,3
2026-04-28 04:00:00,BE,2234.9,622.6,6241.6,4006.7,0.0,0.0,2026-04-28,4
2026-04-28 05:00:00,BE,2468.1,302.8,5965.8,3497.7,0.0,0.0,2026-04-28,5
2026-04-28 06:00:00,BE,2341.8,253.1,5957.1,3615.3,0.0,0.0,2026-04-28,6
2026-04-28 07:00:00,BE,2401.0,712.4,6365.4,3964.4,0.0,0.0,2026-04-28,7
2026-04-28 08:00:00,BE,2478.1,1015.1,6698.1,4220.0,0.0,0.0,2026-04-28,8
2026-04-28 09:00:00,BE,2327.7,766.2,6309.2,3981.5,0.0,0.0,2026-04-28,9
2026-04-28 10:00:00,BE,2593.4,791.1,6437.1,3843.7,0.0,0.0,2026-04-28,10
2026-04-28 11:00:00,BE,2801.1,919.2,6616.2,3815.1,0.0,0.0,2026-04-28,11
2026-04-28 12:00:00,BE,2978.4,1559.1,7276.1,4297.7,0.0,0.0,2026-04-28,12
2026-04-28 13:00:00,BE,3041.0,794.0,6428.0,3387.0,0.0,0.0,2026-04-28,13
2026-04-28 14:00:00,BE,2944.0,1227.0,6847.0,3903.0,0.0,0.0,2026-04-28,14
2026-04-28 15:00:00,BE,3183.6,810.8,6448.8,3265.2,0.0,0.0,2026-04-28,15
2026-04-28 16:00:00,BE,3208.1,685.9,6337.9,3129.8,0.0,0.0,2026-04-28,16
2026-04-28 17:00:00,BE,3295.0,514.7,6229.7,2934.7,0.0,0.0,2026-04-28,17
2026-04-28 18:00:00,BE,3437.5,143.0,5713.0,2275.5,0.0,0.0,2026-04-28,18
2026-04-28 19:00:00,BE,3118.5,467.6,5989.6,2871.1,0.0,0.0,2026-04-28,19
2026-04-28 20:00:00,BE,3298.5,459.2,6115.2,2816.7,0.0,0.0,2026-04-28,20
2026-04-28 21:00:00,BE,3209.3,156.9,5713.9,2504.6,0.0,0.0,2026-04-28,21
2026-04-28 22:00:00,BE,2934.7,113.1,5720.1,2785.4,0.0,0.0,2026-04-28,22
2026-04-28 23:00:00,BE,3065.9,547.0,6242.0,3176.1,0.0,0.0,2026-04-28,23
2026-04-29 00:00:00,BE,2729.9,293.2,6011.2,3281.3,0.0,0.0,2026-04-29,0
2026-04-29 01:00:00,BE,2675.7,775.6,6480.6,3804.9,0.0,0.0,2026-04-29,1
2026-04-29 02:00:00,BE,2237.2,564.1,6231.1,3993.9,0.0,0.0,2026-04-29,2
2026-04-29 03:00:00,BE,2579.9,106.8,5801.8,3221.9,0.0,0.0,2026-04-29,3
2026-04-29 04:00:00,BE,2331.0,293.8,5992.8,3661.8,0.0,0.0,2026-04-29,4
2026-04-29 05:00:00,BE,2276.5,233.1,5892.1,3615.6,0.0,0.0,2026-04-29,5
2026-04-29 06:00:00,BE,2472.8,474.2,6202.2,3729.4,0.0,0.0,2026-04-29,6
2026-04-29 07:00:00,BE,2080.3,489.1,6186.1,4105.8,0.0,0.0,2026-04-29,7
2026-04-29 08:00:00,BE,2467.5,641.5,6165.5,3698.0,0.0,0.0,2026-04-29,8
2026-04-29 09:00:00,BE,2568.8,1125.8,6771.8,4203.0,0.0,0.0,2026-04-29,9
2026-04-29 10:00:00,BE,2304.4,897.6,6631.6,4327.2,0.0,0.0,2026-04-29,10
2026-04-29 11:00:00,BE,2696.3,908.2,6500.2,3803.9,0.0,0.0,2026-04-29,11
2026-04-29 12:00:00,BE,2747.3,995.4,6622.4,3875.1,0.0,0.0,2026-04-29,12
2026-04-29 13:00:00,BE,2795.3,995.2,6746.2,3950.9,0.0,0.0,2026-04-29,13
2026-04-29 14:00:00,BE,2886.3,971.3,6676.3,3790.0,0.0,0.0,2026-04-29,14
2026-04-29 15:00:00,BE,3232.7,1068.9,6754.9,3522.2,0.0,0.0,2026-04-29,15
2026-04-29 16:00:00,BE,3365.5,479.2,6126.2,2760.7,0.0,0.0,2026-04-29,16
2026-04-29 17:00:00,BE,3137.9,759.7,6426.7,3288.8,0.0,0.0,2026-04-29,17
2026-04-29 18:00:00,BE,3175.6,402.5,5980.5,2804.9,0.0,0.0,2026-04-29,18
2026-04-29 19:00:00,BE,3371.9,311.1,6004.1,2632.2,0.0,0.0,2026-04-29,19
2026-04-29 20:00:00,BE,3514.7,735.6,6333.6,2818.9,0.0,0.0,2026-04-29,20
2026-04-29 21:00:00,BE,2953.5,447.8,6010.8,3057.3,0.0,0.0,2026-04-29,21
2026-04-29 22:00:00,BE,2860.8,741.8,6365.8,3505.0,0.0,0.0,2026-04-29,22
2026-04-29 23:00:00,BE,2784.5,132.6,5708.6,2924.1,0.0,0.0,2026-04-29,23
2026-04-30 00:00:00,BE,2656.4,200.9,5922.9,3266.5,0.0,0.0,2026-04-30,0
2026-04-30 01:00:00,BE,2798.2,798.3,6432.3,3634.1,0.0,0.0,2026-04-30,1
2026-04-30 02:00:00,BE,2410.4,700.6,6313.6,3903.2,0.0,0.0,2026-04-30,2
2026-04-30 03:00:00,BE,2704.6,317.6,5933.6,3229.0,0.0,0.0,2026-04-30,3
2026-04-30 04:00:00,BE,2408.1,487.3,6117.3,3709.2,0.0,0.0,2026-04-30,4
2026-04-30 05:00:00,BE,2425.9,511.5,6191.5,3765.6,0.0,0.0,2026-04-30,5
2026-04-30 06:00:00,BE,2360.6,346.7,6050.7,3690.1,0.0,0.0,2026-04-30,6
2026-04-30 07:00:00,BE,2173.2,461.1,6180.1,4006.9,0.0,0.0,2026-04-30,7
2026-04-30 08:00:00,BE,2178.0,992.3,6563.3,4385.3,0.0,0.0,2026-04-30,8
2026-04-30 09:00:00,BE,2544.5,926.4,6703.4,4158.9,0.0,0.0,2026-04-30,9
2026-04-30 10:00:00,BE,2681.4,1108.6,6798.6,4117.2,0.0,0.0,2026-04-30,10
2026-04-30 11:00:00,BE,2704.8,1029.2,6707.2,4002.4,0.0,0.0,2026-04-30,11
2026-04-30 12:00:00,BE,2781.2,918.3,6575.3,3794.1,0.0,0.0,2026-04-30,12
2026-04-30 13:00:00,BE,2922.0,1212.1,6882.1,3960.1,0.0,0.0,2026-04-30,13
2026-04-30 14:00:00,BE,3057.2,1315.3,6869.3,3812.1,0.0,0.0,2026-04-30,14
2026-04-30 15:00:00,BE,2966.1,871.5,6488.5,3522.4,0.0,0.0,2026-04-30,15
2026-04-30 16:00:00,BE,3219.3,1086.6,6591.6,3372.3,0.0,0.0,2026-04-30,16
2026-04-30 17:00:00,BE,3261.5,478.5,6075.5,2814.0,0.0,0.0,2026-04-30,17
2026-04-30 18:00:00,BE,3058.1,282.0,5903.0,2844.9,0.0,0.0,2026-04-30,18
2026-04-30 19:00:00,BE,2927.0,368.6,6011.6,3084.6,0.0,0.0,2026-04-30,19
2026-04-30 20:00:00,BE,3177.5,25.1,5515.1,2337.6,0.0,0.0,2026-04-30,20
2026-04-30 21:00:00,BE,2876.5,475.1,6074.1,3197.6,0.0,0.0,2026-04-30,21
2026-04-30 22:00:00,BE,2734.5,21.6,5707.6,2973.1,0.0,0.0,2026-04-30,22
2026-04-30 23:00:00,BE,2689.5,509.7,6158.7,3469.2,0.0,0.0,2026-04-30,23
2026-05-01 00:00:00,BE,2797.0,460.8,6123.8,3326.8,0.0,0.0,2026-05-01,0
2026-05-01 01:00:00,BE,2637.6,287.7,5940.7,3303.1,0.0,0.0,2026-05-01,1
2026-05-01 02:00:00,BE,2531.7,536.7,6303.7,3772.0,0.0,0.0,2026-05-01,2
2026-05-01 03:00:00,BE,2627.9,326.8,5929.8,3301.9,0.0,0.0,2026-05-01,3
2026-05-01 04:00:00,BE,2402.4,276.1,5937.1,3534.7,0.0,0.0,2026-05-01,4
2026-05-01 05:00:00,BE,2478.5,577.8,6123.8,3645.3,0.0,0.0,2026-05-01,5
2026-05-01 06:00:00,BE,2293.3,558.7,6279.7,3986.4,0.0,0.0,2026-05-01,6
2026-05-01 07:00:00,BE,2418.6,370.2,6097.2,3678.6,0.0,0.0,2026-05-01,7
2026-05-01 08:00:00,BE,2530.0,933.5,6612.5,4082.5,0.0,0.0,2026-05-01,8
2026-05-01 09:00:00,BE,2660.8,840.0,6459.0,3798.2,0.0,0.0,2026-05-01,9
2026-05-01 10:00:00,BE,2490.2,752.6,6404.6,3914.4,0.0,0.0,2026-05-01,10
2026-05-01 11:00:00,BE,2488.1,1228.0,6938.0,4449.9,0.0,0.0,2026-05-01,11
2026-05-01 12:00:00,BE,2773.3,1586.7,7240.7,4467.4,0.0,0.0,2026-05-01,12
2026-05-01 13:00:00,BE,3063.2,1535.2,7184.2,4121.0,0.0,0.0,2026-05-01,13
2026-05-01 14:00:00,BE,3210.8,1478.1,7028.1,3817.3,0.0,0.0,2026-05-01,14
2026-05-01 15:00:00,BE,3133.8,1097.2,6654.2,3520.4,0.0,0.0,2026-05-01,15
2026-05-01 16:00:00,BE,3243.1,537.9,6191.9,2948.8,0.0,0.0,2026-05-01,16
2026-05-01 17:00:00,BE,3443.9,535.3,6156.3,2712.4,0.0,0.0,2026-05-01,17
2026-05-01 18:00:00,BE,3284.5,318.0,5925.0,2640.5,0.0,0.0,2026-05-01,18
2026-05-01 19:00:00,BE,3328.9,276.4,5914.4,2585.5,0.0,0.0,2026-05-01,19
2026-05-01 20:00:00,BE,3309.7,105.9,5778.9,2469.2,0.0,0.0,2026-05-01,20
2026-05-01 21:00:00,BE,3086.9,350.9,6021.9,2935.0,0.0,0.0,2026-05-01,21
2026-05-01 22:00:00,BE,2904.4,309.4,6074.4,3170.0,0.0,0.0,2026-05-01,22
2026-05-01 23:00:00,BE,3196.0,225.7,5830.7,2634.7,0.0,0.0,2026-05-01,23
2026-05-02 00:00:00,BE,2686.4,753.4,6455.4,3769.0,0.0,0.0,2026-05-02,0
2026-05-02 01:00:00,BE,2496.7,364.7,6100.7,3604.0,0.0,0.0,2026-05-02,1
2026-05-02 02:00:00,BE,2475.9,606.2,6232.2,3756.3,0.0,0.0,2026-05-02,2
2026-05-02 03:00:00,BE,2423.5,223.2,5975.2,3551.7,0.0,0.0,2026-05-02,3
2026-05-02 04:00:00,BE,2360.2,430.9,6218.9,3858.7,0.0,0.0,2026-05-02,4
2026-05-02 05:00:00,BE,2232.8,532.9,6132.9,3900.1,0.0,0.0,2026-05-02,5
2026-05-02 06:00:00,BE,2317.9,250.3,5807.3,3489.4,0.0,0.0,2026-05-02,6
2026-05-02 07:00:00,BE,2485.6,808.0,6485.0,3999.4,0.0,0.0,2026-05-02,7
2026-05-02 08:00:00,BE,2280.4,899.0,6557.0,4276.6,0.0,0.0,2026-05-02,8
2026-05-02 09:00:00,BE,2405.8,899.2,6447.2,4041.4,0.0,0.0,2026-05-02,9
2026-05-02 10:00:00,BE,2677.1,1171.4,6821.4,4144.3,0.0,0.0,2026-05-02,10
2026-05-02 11:00:00,BE,2498.2,1108.6,6726.6,4228.4,0.0,0.0,2026-05-02,11
2026-05-02 12:00:00,BE,2603.6,1063.8,6759.8,4156.2,0.0,0.0,2026-05-02,12
2026-05-02 13:00:00,BE,2794.5,782.8,6549.8,3755.3,0.0,0.0,2026-05-02,13
2026-05-02 14:00:00,BE,2987.2,1295.1,6894.1,3906.9,0.0,0.0,2026-05-02,14
2026-05-02 15:00:00,BE,3215.9,901.3,6477.3,3261.4,0.0,0.0,2026-05-02,15
2026-05-02 16:00:00,BE,2978.9,911.1,6588.1,3609.2,0.0,0.0,2026-05-02,16
2026-05-02 17:00:00,BE,3148.5,839.9,6351.9,3203.4,0.0,0.0,2026-05-02,17
2026-05-02 18:00:00,BE,3109.8,707.8,6290.8,3181.0,0.0,0.0,2026-05-02,18
2026-05-02 19:00:00,BE,3033.0,604.7,6216.7,3183.7,0.0,0.0,2026-05-02,19
2026-05-02 20:00:00,BE,3020.0,142.3,5822.3,2802.3,0.0,0.0,2026-05-02,20
2026-05-02 21:00:00,BE,3194.1,370.7,6086.7,2892.6,0.0,0.0,2026-05-02,21
2026-05-02 22:00:00,BE,3009.2,136.9,5694.9,2685.7,0.0,0.0,2026-05-02,22
2026-05-02 23:00:00,BE,2895.1,500.9,6238.9,3343.8,0.0,0.0,2026-05-02,23
2026-05-03 00:00:00,BE,2822.5,263.7,5925.7,3103.2,0.0,0.0,2026-05-03,0
2026-05-03 01:00:00,BE,2670.2,401.4,5946.4,3276.2,0.0,0.0,2026-05-03,1
2026-05-03 02:00:00,BE,2547.9,617.6,6383.6,3835.7,0.0,0.0,2026-05-03,2
2026-05-03 03:00:00,BE,2628.6,293.9,6002.9,3374.3,0.0,0.0,2026-05-03,3
2026-05-03 04:00:00,BE,2394.1,370.7,6121.7,3727.6,0.0,0.0,2026-05-03,4
2026-05-03 05:00:00,BE,1919.0,248.3,5913.3,3994.3,0.0,0.0,2026-05-03,5
2026-05-03 06:00:00,BE,2313.4,613.7,6270.7,3957.3,0.0,0.0,2026-05-03,6
2026-05-03 07:00:00,BE,2379.8,792.5,6395.5,4015.7,0.0,0.0,2026-05-03,7
2026-05-03 08:00:00,BE,2370.2,674.5,6337.5,3967.3,0.0,0.0,2026-05-03,8
2026-05-03 09:00:00,BE,2311.8,970.1,6535.1,4223.3,0.0,0.0,2026-05-03,9
2026-05-03 10:00:00,BE,2360.9,1112.5,6711.5,4350.6,0.0,0.0,2026-05-03,10
2026-05-03 11:00:00,BE,2615.7,1347.0,7058.0,4442.3,0.0,0.0,2026-05-03,11
2026-05-03 12:00:00,BE,2823.9,1274.1,6880.1,4056.2,0.0,0.0,2026-05-03,12
2026-05-03 13:00:00,BE,2976.7,950.8,6656.8,3680.1,0.0,0.0,2026-05-03,13
2026-05-03 14:00:00,BE,2756.8,1126.3,6721.3,3964.5,0.0,0.0,2026-05-03,14
2026-05-03 15:00:00,BE,3132.8,945.1,6645.1,3512.3,0.0,0.0,2026-05-03,15
2026-05-03 16:00:00,BE,3330.1,941.0,6712.0,3381.9,0.0,0.0,2026-05-03,16
2026-05-03 17:00:00,BE,3315.5,744.2,6432.2,3116.7,0.0,0.0,2026-05-03,17
2026-05-03 18:00:00,BE,3554.9,258.8,5866.8,2311.9,0.0,0.0,2026-05-03,18
2026-05-03 19:00:00,BE,3130.5,121.0,5797.0,2666.5,0.0,0.0,2026-05-03,19
2026-05-03 20:00:00,BE,3015.5,404.3,6135.3,3119.8,0.0,0.0,2026-05-03,20
2026-05-03 21:00:00,BE,3198.2,141.7,5792.7,2594.5,0.0,0.0,2026-05-03,21
2026-05-03 22:00:00,BE,3172.1,387.0,5901.0,2728.9,0.0,0.0,2026-05-03,22
2026-05-03 23:00:00,BE,2735.6,875.2,6555.2,3819.6,0.0,0.0,2026-05-03,23
2026-05-04 00:00:00,BE,2738.2,401.6,6077.6,3339.4,0.0,0.0,2026-05-04,0
2026-05-04 01:00:00,BE,2632.2,305.3,6031.3,3399.1,0.0,0.0,2026-05-04,1
2026-05-04 02:00:00,BE,2533.8,458.6,6113.6,3579.8,0.0,0.0,2026-05-04,2
2026-05-04 03:00:00,BE,2534.6,370.4,6146.4,3611.8,0.0,0.0,2026-05-04,3
2026-05-04 04:00:00,BE,2591.1,496.2,6151.2,3560.1,0.0,0.0,2026-05-04,4
2026-05-04 05:00:00,BE,2174.9,449.5,6058.5,3883.6,0.0,0.0,2026-05-04,5
2026-05-04 06:00:00,BE,2190.1,805.6,6486.6,4296.5,0.0,0.0,2026-05-04,6
2026-05-04 07:00:00,BE,2057.6,285.7,5954.7,3897.1,0.0,0.0,2026-05-04,7
2026-05-04 08:00:00,BE,2392.1,565.7,6242.7,3850.6,0.0,0.0,2026-05-04,8
2026-05-04 09:00:00,BE,2232.8,1224.3,6879.3,4646.5,0.0,0.0,2026-05-04,9
2026-05-04 10:00:00,BE,2492.5,746.3,6394.3,3901.8,0.0,0.0,2026-05-04,10
2026-05-04 11:00:00,BE,2654.7,953.1,6624.1,3969.4,0.0,0.0,2026-05-04,11
2026-05-04 12:00:00,BE,2892.0,957.2,6667.2,3775.2,0.0,0.0,2026-05-04,12
2026-05-04 13:00:00,BE,2848.0,1401.8,7051.8,4203.8,0.0,0.0,2026-05-04,13
2026-05-04 14:00:00,BE,2913.7,1104.3,6718.3,3804.6,0.0,0.0,2026-05-04,14
2026-05-04 15:00:00,BE,2997.7,930.2,6592.2,3594.5,0.0,0.0,2026-05-04,15
2026-05-04 16:00:00,BE,3279.1,725.3,6423.3,3144.2,0.0,0.0,2026-05-04,16
2026-05-04 17:00:00,BE,3162.8,327.9,5913.9,2751.1,0.0,0.0,2026-05-04,17
2026-05-04 18:00:00,BE,3229.3,267.5,5914.5,2685.2,0.0,0.0,2026-05-04,18
2026-05-04 19:00:00,BE,3299.7,192.0,5928.0,2628.3,0.0,0.0,2026-05-04,19
2026-05-04 20:00:00,BE,3316.1,429.0,5926.0,2609.9,0.0,0.0,2026-05-04,20
2026-05-04 21:00:00,BE,3218.4,849.8,6465.8,3247.4,0.0,0.0,2026-05-04,21
2026-05-04 22:00:00,BE,2794.5,348.8,5943.8,3149.3,0.0,0.0,2026-05-04,22
2026-05-04 23:00:00,BE,2713.0,315.9,6022.9,3309.9,0.0,0.0,2026-05-04,23
2026-05-05 00:00:00,BE,2763.6,378.9,6050.9,3287.3,0.0,0.0,2026-05-05,0
2026-05-05 01:00:00,BE,2660.8,443.4,5967.4,3306.6,0.0,0.0,2026-05-05,1
2026-05-05 02:00:00,BE,2502.2,648.6,6300.6,3798.4,0.0,0.0,2026-05-05,2
2026-05-05 03:00:00,BE,2526.6,306.7,6003.7,3477.1,0.0,0.0,2026-05-05,3
2026-05-05 04:00:00,BE,2475.8,237.9,5860.9,3385.1,0.0,0.0,2026-05-05,4
2026-05-05 05:00:00,BE,2223.9,747.2,6438.2,4214.3,0.0,0.0,2026-05-05,5
2026-05-05 06:00:00,BE,2238.2,218.5,5853.5,3615.3,0.0,0.0,2026-05-05,6
2026-05-05 07:00:00,BE,2367.9,448.1,6151.1,3783.2,0.0,0.0,2026-05-05,7
2026-05-05 08:00:00,BE,2390.0,770.0,6456.0,4066.0,0.0,0.0,2026-05-05,8
2026-05-05 09:00:00,BE,2235.5,585.2,6283.2,4047.7,0.0,0.0,2026-05-05,9
2026-05-05 10:00:00,BE,2302.2,1365.2,7079.2,4777.0,0.0,0.0,2026-05-05,10
2026-05-05 11:00:00,BE,2363.7,1051.1,6640.1,4276.4,0.0,0.0,2026-05-05,11
2026-05-05 12:00:00,BE,2710.6,1154.3,6805.3,4094.7,0.0,0.0,2026-05-05,12
2026-05-05 13:00:00,BE,2767.3,836.2,6491.2,3723.9,0.0,0.0,2026-05-05,13
2026-05-05 14:00:00,BE,2876.1,982.9,6685.9,3809.8,0.0,0.0,2026-05-05,14
2026-05-05 15:00:00,BE,2872.4,727.5,6344.5,3472.1,0.0,0.0,2026-05-05,15
2026-05-05 16:00:00,BE,3135.7,797.7,6476.7,3341.0,0.0,0.0,2026-05-05,16
2026-05-05 17:00:00,BE,3003.9,502.3,6109.3,3105.4,0.0,0.0,2026-05-05,17
2026-05-05 18:00:00,BE,3062.6,414.1,6016.1,2953.5,0.0,0.0,2026-05-05,18
2026-05-05 19:00:00,BE,3145.9,92.3,5734.3,2588.4,0.0,0.0,2026-05-05,19
2026-05-05 20:00:00,BE,3197.1,335.7,5923.7,2726.6,0.0,0.0,2026-05-05,20
2026-05-05 21:00:00,BE,3063.6,431.1,6162.1,3098.5,0.0,0.0,2026-05-05,21
2026-05-05 22:00:00,BE,3040.4,244.3,5792.3,2751.9,0.0,0.0,2026-05-05,22
2026-05-05 23:00:00,BE,2825.9,665.5,6259.5,3433.6,0.0,0.0,2026-05-05,23
2026-05-06 00:00:00,BE,2651.8,340.9,5992.9,3341.1,0.0,0.0,2026-05-06,0
2026-05-06 01:00:00,BE,2533.7,345.6,6026.6,3492.9,0.0,0.0,2026-05-06,1
2026-05-06 02:00:00,BE,2341.9,616.7,6239.7,3897.8,0.0,0.0,2026-05-06,2
2026-05-06 03:00:00,BE,2352.2,575.0,6282.0,3929.8,0.0,0.0,2026-05-06,3
2026-05-06 04:00:00,BE,2413.7,827.5,6390.5,3976.8,0.0,0.0,2026-05-06,4
2026-05-06 05:00:00,BE,2308.7,563.0,6203.0,3894.3,0.0,0.0,2026-05-06,5
2026-05-06 06:00:00,BE,2288.8,274.8,6004.8,3716.0,0.0,0.0,2026-05-06,6
2026-05-06 07:00:00,BE,2263.0,973.5,6588.5,4325.5,0.0,0.0,2026-05-06,7
2026-05-06 08:00:00,BE,2294.3,1122.0,6794.0,4499.7,0.0,0.0,2026-05-06,8
2026-05-06 09:00:00,BE,2357.4,1139.3,6885.3,4527.9,0.0,0.0,2026-05-06,9
2026-05-06 10:00:00,BE,2316.4,847.1,6530.1,4213.7,0.0,0.0,2026-05-06,10
2026-05-06 11:00:00,BE,2431.0,976.2,6660.2,4229.2,0.0,0.0,2026-05-06,11
2026-05-06 12:00:00,BE,2581.1,1470.2,7191.2,4610.1,0.0,0.0,2026-05-06,12
2026-05-06 13:00:00,BE,2939.7,818.7,6482.7,3543.0,0.0,0.0,2026-05-06,13
2026-05-06 14:00:00,BE,2868.8,1146.0,6739.0,3870.2,0.0,0.0,2026-05-06,14
2026-05-06 15:00:00,BE,3125.7,591.5,6262.5,3136.8,0.0,0.0,2026-05-06,15
2026-05-06 16:00:00,BE,2988.4,679.9,6331.9,3343.5,0.0,0.0,2026-05-06,16
2026-05-06 17:00:00,BE,3143.5,698.4,6310.4,3166.9,0.0,0.0,2026-05-06,17
2026-05-06 18:00:00,BE,3074.6,567.4,6243.4,3168.8,0.0,0.0,2026-05-06,18
2026-05-06 19:00:00,BE,3259.9,96.7,5804.7,2544.8,0.0,0.0,2026-05-06,19
2026-05-06 20:00:00,BE,3365.0,140.2,5767.2,2402.2,0.0,0.0,2026-05-06,20
2026-05-06 21:00:00,BE,2894.9,167.6,5830.6,2935.7,0.0,0.0,2026-05-06,21
2026-05-06 22:00:00,BE,2977.1,129.4,5804.4,2827.3,0.0,0.0,2026-05-06,22
2026-05-06 23:00:00,BE,2720.0,33.4,5673.4,2953.4,0.0,0.0,2026-05-06,23
2026-05-07 00:00:00,BE,2777.2,353.0,5964.0,3186.8,0.0,0.0,2026-05-07,0
2026-05-07 01:00:00,BE,2764.8,576.9,6175.9,3411.1,0.0,0.0,2026-05-07,1
2026-05-07 02:00:00,BE,2376.3,217.2,5916.2,3539.9,0.0,0.0,2026-05-07,2
2026-05-07 03:00:00,BE,2458.1,575.0,6050.0,3591.9,0.0,0.0,2026-05-07,3
2026-05-07 04:00:00,BE,2242.4,718.8,6336.8,4094.4,0.0,0.0,2026-05-07,4
2026-05-07 05:00:00,BE,2117.8,257.6,5845.6,3727.8,0.0,0.0,2026-05-07,5
2026-05-07 06:00:00,BE,2141.6,183.7,5821.7,3680.1,0.0,0.0,2026-05-07,6
2026-05-07 07:00:00,BE,2347.5,748.2,6406.2,4058.7,0.0,0.0,2026-05-07,7
2026-05-07 08:00:00,BE,2307.2,660.0,6297.0,3989.8,0.0,0.0,2026-05-07,8
2026-05-07 09:00:00,BE,2325.2,1033.4,6639.4,4314.2,0.0,0.0,2026-05-07,9
2026-05-07 10:00:00,BE,2417.3,968.5,6655.5,4238.2,0.0,0.0,2026-05-07,10
2026-05-07 11:00:00,BE,2482.5,1105.5,6675.5,4193.0,0.0,0.0,2026-05-07,11
2026-05-07 12:00:00,BE,2766.7,1136.4,6675.4,3908.7,0.0,0.0,2026-05-07,12
2026-05-07 13:00:00,BE,3079.1,980.8,6704.8,3625.7,0.0,0.0,2026-05-07,13
2026-05-07 14:00:00,BE,2916.0,781.3,6431.3,3515.3,0.0,0.0,2026-05-07,14
2026-05-07 15:00:00,BE,2912.7,1020.4,6757.4,3844.7,0.0,0.0,2026-05-07,15
2026-05-07 16:00:00,BE,3165.2,820.2,6430.2,3265.0,0.0,0.0,2026-05-07,16
2026-05-07 17:00:00,BE,3233.4,586.7,6237.7,3004.3,0.0,0.0,2026-05-07,17
2026-05-07 18:00:00,BE,3316.6,185.9,5847.9,2531.3,0.0,0.0,2026-05-07,18
2026-05-07 19:00:00,BE,3018.8,513.3,6127.3,3108.5,0.0,0.0,2026-05-07,19
2026-05-07 20:00:00,BE,3152.5,748.1,6422.1,3269.6,0.0,0.0,2026-05-07,20
2026-05-07 21:00:00,BE,2932.4,735.5,6415.5,3483.1,0.0,0.0,2026-05-07,21
2026-05-07 22:00:00,BE,3101.1,279.2,5965.2,2864.1,0.0,0.0,2026-05-07,22
2026-05-07 23:00:00,BE,2904.0,230.1,5802.1,2898.1,0.0,0.0,2026-05-07,23
2026-05-08 00:00:00,BE,2658.1,284.9,5917.9,3259.8,0.0,0.0,2026-05-08,0
2026-05-08 01:00:00,BE,2402.3,161.3,5858.3,3456.0,0.0,0.0,2026-05-08,1
2026-05-08 02:00:00,BE,2664.0,243.1,5831.1,3167.1,0.0,0.0,2026-05-08,2
2026-05-08 03:00:00,BE,2308.1,331.7,5925.7,3617.6,0.0,0.0,2026-05-08,3
2026-05-08 04:00:00,BE,2357.4,461.9,6076.9,3719.5,0.0,0.0,2026-05-08,4
2026-05-08 05:00:00,BE,1960.6,406.7,6102.7,4142.1,0.0,0.0,2026-05-08,5
2026-05-08 06:00:00,BE,2194.5,597.5,6268.5,4074.0,0.0,0.0,2026-05-08,6
2026-05-08 07:00:00,BE,2290.0,351.5,6045.5,3755.5,0.0,0.0,2026-05-08,7
2026-05-08 08:00:00,BE,1978.8,590.6,6306.6,4327.8,0.0,0.0,2026-05-08,8
2026-05-08 09:00:00,BE,2356.7,790.0,6478.0,4121.3,0.0,0.0,2026-05-08,9
2026-05-08 10:00:00,BE,2582.0,869.5,6503.5,3921.5,0.0,0.0,2026-05-08,10
2026-05-08 11:00:00,BE,2365.6,1191.4,6650.4,4284.8,0.0,0.0,2026-05-08,11
2026-05-08 12:00:00,BE,2659.1,1009.9,6718.9,4059.8,0.0,0.0,2026-05-08,12
2026-05-08 13:00:00,BE,2761.1,944.5,6549.5,3788.4,0.0,0.0,2026-05-08,13
2026-05-08 14:00:00,BE,2846.7,1214.2,6890.2,4043.5,0.0,0.0,2026-05-08,14
2026-05-08 15:00:00,BE,2950.1,588.0,6136.0,3185.9,0.0,0.0,2026-05-08,15
2026-05-08 16:00:00,BE,2995.7,518.5,6152.5,3156.8,0.0,0.0,2026-05-08,16
2026-05-08 17:00:00,BE,3060.8,399.1,6030.1,2969.3,0.0,0.0,2026-05-08,17
2026-05-08 18:00:00,BE,3163.5,261.9,5956.9,2793.4,0.0,0.0,2026-05-08,18
2026-05-08 19:00:00,BE,3163.0,147.4,5861.4,2698.4,0.0,0.0,2026-05-08,19
2026-05-08 20:00:00,BE,2939.9,242.3,5954.3,3014.4,0.0,0.0,2026-05-08,20
2026-05-08 21:00:00,BE,2949.5,340.6,5976.6,3027.1,0.0,0.0,2026-05-08,21
2026-05-08 22:00:00,BE,2931.1,352.5,5944.5,3013.4,0.0,0.0,2026-05-08,22
2026-05-08 23:00:00,BE,2943.6,222.9,5849.9,2906.3,0.0,0.0,2026-05-08,23
2026-05-09 00:00:00,BE,2815.1,639.2,6344.2,3529.1,0.0,0.0,2026-05-09,0
2026-05-09 01:00:00,BE,2534.5,452.8,5966.8,3432.3,0.0,0.0,2026-05-09,1
2026-05-09 02:00:00,BE,2430.8,632.8,6377.8,3947.0,0.0,0.0,2026-05-09,2
2026-05-09 03:00:00,BE,2140.3,471.3,6176.3,4036.0,0.0,0.0,2026-05-09,3
2026-05-09 04:00:00,BE,2241.9,161.1,5771.1,3529.2,0.0,0.0,2026-05-09,4
2026-05-09 05:00:00,BE,1952.5,755.6,6409.6,4457.1,0.0,0.0,2026-05-09,5
2026-05-09 06:00:00,BE,2117.8,341.6,6008.6,3890.8,0.0,0.0,2026-05-09,6
2026-05-09 07:00:00,BE,2022.0,760.7,6388.7,4366.7,0.0,0.0,2026-05-09,7
2026-05-09 08:00:00,BE,2138.0,981.5,6607.5,4469.5,0.0,0.0,2026-05-09,8
2026-05-09 09:00:00,BE,2326.1,626.5,6274.5,3948.4,0.0,0.0,2026-05-09,9
2026-05-09 10:00:00,BE,2437.4,903.8,6563.8,4126.4,0.0,0.0,2026-05-09,10
2026-05-09 11:00:00,BE,2684.9,1159.4,6839.4,4154.5,0.0,0.0,2026-05-09,11
2026-05-09 12:00:00,BE,2687.9,1009.5,6688.5,4000.6,0.0,0.0,2026-05-09,12
2026-05-09 13:00:00,BE,2727.9,1172.9,6691.9,3964.0,0.0,0.0,2026-05-09,13
2026-05-09 14:00:00,BE,2987.3,1036.0,6679.0,3691.7,0.0,0.0,2026-05-09,14
2026-05-09 15:00:00,BE,2810.4,1181.4,6774.4,3964.0,0.0,0.0,2026-05-09,15
2026-05-09 16:00:00,BE,3295.0,956.1,6712.1,3417.1,0.0,0.0,2026-05-09,16
2026-05-09 17:00:00,BE,2881.8,664.3,6338.3,3456.5,0.0,0.0,2026-05-09,17
2026-05-09 18:00:00,BE,3237.5,482.5,6226.5,2989.0,0.0,0.0,2026-05-09,18
2026-05-09 19:00:00,BE,3205.6,323.6,5884.6,2679.0,0.0,0.0,2026-05-09,19
2026-05-09 20:00:00,BE,3018.8,730.8,6449.8,3431.0,0.0,0.0,2026-05-09,20
2026-05-09 21:00:00,BE,2955.2,79.0,5738.0,2782.8,0.0,0.0,2026-05-09,21
2026-05-09 22:00:00,BE,2724.8,628.1,6304.1,3579.3,0.0,0.0,2026-05-09,22
2026-05-09 23:00:00,BE,2797.0,470.6,6133.6,3336.6,0.0,0.0,2026-05-09,23
2026-05-10 00:00:00,BE,2719.2,271.5,6005.5,3286.3,0.0,0.0,2026-05-10,0
2026-05-10 01:00:00,BE,2458.5,296.6,5917.6,3459.1,0.0,0.0,2026-05-10,1
2026-05-10 02:00:00,BE,2454.3,330.6,5962.6,3508.3,0.0,0.0,2026-05-10,2
2026-05-10 03:00:00,BE,2381.3,257.8,5924.8,3543.5,0.0,0.0,2026-05-10,3
2026-05-10 04:00:00,BE,2126.1,728.0,6311.0,4184.9,0.0,0.0,2026-05-10,4
2026-05-10 05:00:00,BE,2271.0,284.3,5861.3,3590.3,0.0,0.0,2026-05-10,5
2026-05-10 06:00:00,BE,2206.0,521.0,6238.0,4032.0,0.0,0.0,2026-05-10,6
2026-05-10 07:00:00,BE,2176.1,720.8,6390.8,4214.7,0.0,0.0,2026-05-10,7
2026-05-10 08:00:00,BE,2309.4,655.4,6254.4,3945.0,0.0,0.0,2026-05-10,8
2026-05-10 09:00:00,BE,2333.3,874.3,6609.3,4276.0,0.0,0.0,2026-05-10,9
2026-05-10 10:00:00,BE,2311.5,1139.3,6737.3,4425.8,0.0,0.0,2026-05-10,10
2026-05-10 11:00:00,BE,2441.3,1115.1,6792.1,4350.8,0.0,0.0,2026-05-10,11
2026-05-10 12:00:00,BE,2674.7,760.1,6412.1,3737.4,0.0,0.0,2026-05-10,12
2026-05-10 13:00:00,BE,2909.6,976.6,6521.6,3612.0,0.0,0.0,2026-05-10,13
2026-05-10 14:00:00,BE,2918.3,906.1,6597.1,3678.8,0.0,0.0,2026-05-10,14
2026-05-10 15:00:00,BE,2952.5,665.7,6347.7,3395.2,0.0,0.0,2026-05-10,15
2026-05-10 16:00:00,BE,3083.7,771.6,6488.6,3404.9,0.0,0.0,2026-05-10,16
2026-05-10 17:00:00,BE,2986.9,791.2,6519.2,3532.3,0.0,0.0,2026-05-10,17
2026-05-10 18:00:00,BE,3282.0,423.3,6092.3,2810.3,0.0,0.0,2026-05-10,18
2026-05-10 19:00:00,BE,3296.7,278.7,5916.7,2620.0,0.0,0.0,2026-05-10,19
2026-05-10 20:00:00,BE,3276.6,423.2,6109.2,2832.6,0.0,0.0,2026-05-10,20
2026-05-10 21:00:00,BE,3102.8,525.4,6105.4,3002.6,0.0,0.0,2026-05-10,21
2026-05-10 22:00:00,BE,2811.0,273.6,5834.6,3023.6,0.0,0.0,2026-05-10,22
2026-05-10 23:00:00,BE,2755.2,452.4,5943.4,3188.2,0.0,0.0,2026-05-10,23
2026-05-11 00:00:00,BE,2593.2,228.8,5890.8,3297.6,0.0,0.0,2026-05-11,0
2026-05-11 01:00:00,BE,2562.3,526.9,6208.9,3646.6,0.0,0.0,2026-05-11,1
2026-05-11 02:00:00,BE,2550.9,314.6,5996.6,3445.7,0.0,0.0,2026-05-11,2
2026-05-11 03:00:00,BE,1991.8,224.6,5859.6,3867.8,0.0,0.0,2026-05-11,3
2026-05-11 04:00:00,BE,2254.4,335.8,5954.8,3700.4,0.0,0.0,2026-05-11,4
2026-05-11 05:00:00,BE,2184.8,907.3,6547.3,4362.5,0.0,0.0,2026-05-11,5
2026-05-11 06:00:00,BE,2170.8,871.2,6600.2,4429.4,0.0,0.0,2026-05-11,6
2026-05-11 07:00:00,BE,2233.4,549.6,6150.6,3917.2,0.0,0.0,2026-05-11,7
2026-05-11 08:00:00,BE,2099.1,1093.3,6693.3,4594.2,0.0,0.0,2026-05-11,8
2026-05-11 09:00:00,BE,2394.6,925.8,6575.8,4181.2,0.0,0.0,2026-05-11,9
2026-05-11 10:00:00,BE,2423.6,760.9,6407.9,3984.3,0.0,0.0,2026-05-11,10
2026-05-11 11:00:00,BE,2480.9,1278.7,6944.7,4463.8,0.0,0.0,2026-05-11,11
2026-05-11 12:00:00,BE,2636.6,1081.5,6731.5,4094.9,0.0,0.0,2026-05-11,12
2026-05-11 13:00:00,BE,2711.5,1463.8,7093.8,4382.3,0.0,0.0,2026-05-11,13
2026-05-11 14:00:00,BE,2894.0,1169.7,6835.7,3941.7,0.0,0.0,2026-05-11,14
2026-05-11 15:00:00,BE,3056.0,723.6,6351.6,3295.6,0.0,0.0,2026-05-11,15
2026-05-11 16:00:00,BE,2912.1,989.7,6631.7,3719.6,0.0,0.0,2026-05-11,16
2026-05-11 17:00:00,BE,3073.4,333.7,5990.7,2917.3,0.0,0.0,2026-05-11,17
2026-05-11 18:00:00,BE,3075.4,528.8,6137.8,3062.4,0.0,0.0,2026-05-11,18
2026-05-11 19:00:00,BE,3109.4,473.8,6090.8,2981.4,0.0,0.0,2026-05-11,19
2026-05-11 20:00:00,BE,3029.3,424.2,6094.2,3064.9,0.0,0.0,2026-05-11,20
2026-05-11 21:00:00,BE,2772.8,215.3,5750.3,2977.5,0.0,0.0,2026-05-11,21
2026-05-11 22:00:00,BE,2934.5,311.8,5851.8,2917.3,0.0,0.0,2026-05-11,22
2026-05-11 23:00:00,BE,2900.2,333.9,6019.9,3119.7,0.0,0.0,2026-05-11,23
2026-05-12 00:00:00,BE,2544.6,522.2,6156.2,3611.6,0.0,0.0,2026-05-12,0
2026-05-12 01:00:00,BE,2517.7,97.6,5798.6,3280.9,0.0,0.0,2026-05-12,1
2026-05-12 02:00:00,BE,2294.7,545.8,6133.8,3839.1,0.0,0.0,2026-05-12,2
2026-05-12 03:00:00,BE,2296.7,501.8,6141.8,3845.1,0.0,0.0,2026-05-12,3
2026-05-12 04:00:00,BE,2167.6,507.1,6064.1,3896.5,0.0,0.0,2026-05-12,4
2026-05-12 05:00:00,BE,2273.3,365.7,5932.7,3659.4,0.0,0.0,2026-05-12,5
2026-05-12 06:00:00,BE,2058.8,240.3,5834.3,3775.5,0.0,0.0,2026-05-12,6
2026-05-12 07:00:00,BE,2218.2,881.7,6532.7,4314.5,0.0,0.0,2026-05-12,7
2026-05-12 08:00:00,BE,2105.5,488.4,6211.4,4105.9,0.0,0.0,2026-05-12,8
2026-05-12 09:00:00,BE,2206.0,901.0,6598.0,4392.0,0.0,0.0,2026-05-12,9
2026-05-12 10:00:00,BE,2386.2,622.1,6233.1,3846.9,0.0,0.0,2026-05-12,10
2026-05-12 11:00:00,BE,2298.7,708.3,6358.3,4059.6,0.0,0.0,2026-05-12,11
2026-05-12 12:00:00,BE,2516.6,727.3,6358.3,3841.7,0.0,0.0,2026-05-12,12
2026-05-12 13:00:00,BE,2849.8,1552.1,7138.1,4288.3,0.0,0.0,2026-05-12,13
2026-05-12 14:00:00,BE,2789.4,995.8,6655.8,3866.4,0.0,0.0,2026-05-12,14
2026-05-12 15:00:00,BE,2813.7,1073.5,6804.5,3990.8,0.0,0.0,2026-05-12,15
2026-05-12 16:00:00,BE,2881.9,395.7,6005.7,3123.8,0.0,0.0,2026-05-12,16
2026-05-12 17:00:00,BE,3112.0,424.5,5968.5,2856.5,0.0,0.0,2026-05-12,17
2026-05-12 18:00:00,BE,3052.2,331.6,6061.6,3009.4,0.0,0.0,2026-05-12,18
2026-05-12 19:00:00,BE,3107.1,485.1,6124.1,3017.0,0.0,0.0,2026-05-12,19
2026-05-12 20:00:00,BE,2716.8,105.2,5679.2,2962.4,0.0,0.0,2026-05-12,20
2026-05-12 21:00:00,BE,2874.7,393.2,6072.2,3197.5,0.0,0.0,2026-05-12,21
2026-05-12 22:00:00,BE,2772.7,232.1,5853.1,3080.4,0.0,0.0,2026-05-12,22
2026-05-12 23:00:00,BE,2834.4,167.0,5822.0,2987.6,0.0,0.0,2026-05-12,23
2026-05-13 00:00:00,BE,2719.4,255.6,5847.6,3128.2,0.0,0.0,2026-05-13,0
2026-05-13 01:00:00,BE,2562.8,276.9,5996.9,3434.1,0.0,0.0,2026-05-13,1
2026-05-13 02:00:00,BE,2123.2,180.5,5830.5,3707.3,0.0,0.0,2026-05-13,2
2026-05-13 03:00:00,BE,2359.5,85.2,5649.2,3289.7,0.0,0.0,2026-05-13,3
2026-05-13 04:00:00,BE,2321.8,704.9,6356.9,4035.1,0.0,0.0,2026-05-13,4
2026-05-13 05:00:00,BE,2032.5,152.2,5661.2,3628.7,0.0,0.0,2026-05-13,5
2026-05-13 06:00:00,BE,2143.3,279.9,5804.9,3661.6,0.0,0.0,2026-05-13,6
2026-05-13 07:00:00,BE,2177.3,279.3,5935.3,3758.0,0.0,0.0,2026-05-13,7
2026-05-13 08:00:00,BE,2126.5,648.1,6406.1,4279.6,0.0,0.0,2026-05-13,8
2026-05-13 09:00:00,BE,2270.4,905.4,6548.4,4278.0,0.0,0.0,2026-05-13,9
2026-05-13 10:00:00,BE,2261.5,666.0,6277.0,4015.5,0.0,0.0,2026-05-13,10
2026-05-13 11:00:00,BE,2496.9,933.9,6569.9,4073.0,0.0,0.0,2026-05-13,11
2026-05-13 12:00:00,BE,2591.5,1020.5,6639.5,4048.0,0.0,0.0,2026-05-13,12
2026-05-13 13:00:00,BE,2767.9,1320.5,7000.5,4232.6,0.0,0.0,2026-05-13,13
2026-05-13 14:00:00,BE,3082.7,948.0,6635.0,3552.3,0.0,0.0,2026-05-13,14
2026-05-13 15:00:00,BE,2833.2,1272.3,6937.3,4104.1,0.0,0.0,2026-05-13,15
2026-05-13 16:00:00,BE,3180.4,791.7,6414.7,3234.3,0.0,0.0,2026-05-13,16
2026-05-13 17:00:00,BE,3099.7,676.8,6432.8,3333.1,0.0,0.0,2026-05-13,17
2026-05-13 18:00:00,BE,3106.8,250.1,5969.1,2862.3,0.0,0.0,2026-05-13,18
2026-05-13 19:00:00,BE,2834.6,208.3,5927.3,3092.7,0.0,0.0,2026-05-13,19
2026-05-13 20:00:00,BE,3153.9,611.7,6386.7,3232.8,0.0,0.0,2026-05-13,20
2026-05-13 21:00:00,BE,2818.8,554.5,6220.5,3401.7,0.0,0.0,2026-05-13,21
2026-05-13 22:00:00,BE,2740.5,399.0,6111.0,3370.5,0.0,0.0,2026-05-13,22
2026-05-13 23:00:00,BE,2700.0,251.4,5935.4,3235.4,0.0,0.0,2026-05-13,23
2026-05-14 00:00:00,BE,2563.7,449.1,6124.1,3560.4,0.0,0.0,2026-05-14,0
2026-05-14 01:00:00,BE,2369.1,381.0,6033.0,3663.9,0.0,0.0,2026-05-14,1
2026-05-14 02:00:00,BE,2525.9,537.7,6197.7,3671.8,0.0,0.0,2026-05-14,2
2026-05-14 03:00:00,BE,2328.4,287.4,5985.4,3657.0,0.0,0.0,2026-05-14,3
2026-05-14 04:00:00,BE,2457.4,38.1,5627.1,3169.7,0.0,0.0,2026-05-14,4
2026-05-14 05:00:00,BE,2029.2,195.9,5970.9,3941.7,0.0,0.0,2026-05-14,5
2026-05-14 06:00:00,BE,2006.5,673.2,6350.2,4343.7,0.0,0.0,2026-05-14,6
2026-05-14 07:00:00,BE,2353.6,194.8,5811.8,3458.2,0.0,0.0,2026-05-14,7
2026-05-14 08:00:00,BE,2015.7,882.3,6478.3,4462.6,0.0,0.0,2026-05-14,8
2026-05-14 09:00:00,BE,2280.7,1537.1,7169.1,4888.4,0.0,0.0,2026-05-14,9
2026-05-14 10:00:00,BE,2314.2,803.1,6417.1,4102.9,0.0,0.0,2026-05-14,10
2026-05-14 11:00:00,BE,2440.0,930.7,6579.7,4139.7,0.0,0.0,2026-05-14,11
2026-05-14 12:00:00,BE,2430.5,1145.2,6785.2,4354.7,0.0,0.0,2026-05-14,12
2026-05-14 13:00:00,BE,2647.9,1021.1,6556.1,3908.2,0.0,0.0,2026-05-14,13
2026-05-14 14:00:00,BE,3084.7,1176.4,6817.4,3732.7,0.0,0.0,2026-05-14,14
2026-05-14 15:00:00,BE,2972.3,900.6,6580.6,3608.3,0.0,0.0,2026-05-14,15
2026-05-14 16:00:00,BE,3213.7,825.0,6422.0,3208.3,0.0,0.0,2026-05-14,16
2026-05-14 17:00:00,BE,3006.4,665.4,6251.4,3245.0,0.0,0.0,2026-05-14,17
2026-05-14 18:00:00,BE,3115.3,88.2,5684.2,2568.9,0.0,0.0,2026-05-14,18
2026-05-14 19:00:00,BE,3159.4,108.7,5836.7,2677.3,0.0,0.0,2026-05-14,19
2026-05-14 20:00:00,BE,3107.3,823.8,6462.8,3355.5,0.0,0.0,2026-05-14,20
2026-05-14 21:00:00,BE,2928.7,102.3,5752.3,2823.6,0.0,0.0,2026-05-14,21
2026-05-14 22:00:00,BE,2855.6,436.7,6100.7,3245.1,0.0,0.0,2026-05-14,22
2026-05-14 23:00:00,BE,2857.7,405.8,5999.8,3142.1,0.0,0.0,2026-05-14,23
2026-05-15 00:00:00,BE,2635.1,183.4,5852.4,3217.3,0.0,0.0,2026-05-15,0
2026-05-15 01:00:00,BE,2254.1,281.2,5927.2,3673.1,0.0,0.0,2026-05-15,1
2026-05-15 02:00:00,BE,2272.6,585.9,6312.9,4040.3,0.0,0.0,2026-05-15,2
2026-05-15 03:00:00,BE,2109.0,163.6,5845.6,3736.6,0.0,0.0,2026-05-15,3
2026-05-15 04:00:00,BE,1958.5,606.7,6342.7,4384.2,0.0,0.0,2026-05-15,4
2026-05-15 05:00:00,BE,2208.3,175.3,5708.3,3500.0,0.0,0.0,2026-05-15,5
2026-05-15 06:00:00,BE,2222.4,185.7,5825.7,3603.3,0.0,0.0,2026-05-15,6
2026-05-15 07:00:00,BE,2017.9,434.3,6142.3,4124.4,0.0,0.0,2026-05-15,7
2026-05-15 08:00:00,BE,2121.8,580.1,6197.1,4075.3,0.0,0.0,2026-05-15,8
2026-05-15 09:00:00,BE,2476.6,810.4,6515.4,4038.8,0.0,0.0,2026-05-15,9
2026-05-15 10:00:00,BE,2323.1,1192.6,6775.6,4452.5,0.0,0.0,2026-05-15,10
2026-05-15 11:00:00,BE,2451.8,892.7,6568.7,4116.9,0.0,0.0,2026-05-15,11
2026-05-15 12:00:00,BE,2628.6,1192.1,6801.1,4172.5,0.0,0.0,2026-05-15,12
2026-05-15 13:00:00,BE,2876.5,896.9,6464.9,3588.4,0.0,0.0,2026-05-15,13
2026-05-15 14:00:00,BE,2900.6,1063.2,6708.2,3807.6,0.0,0.0,2026-05-15,14
2026-05-15 15:00:00,BE,3072.2,784.0,6484.0,3411.8,0.0,0.0,2026-05-15,15
2026-05-15 16:00:00,BE,2906.7,778.4,6399.4,3492.7,0.0,0.0,2026-05-15,16
2026-05-15 17:00:00,BE,3175.6,953.8,6623.8,3448.2,0.0,0.0,2026-05-15,17
2026-05-15 18:00:00,BE,3078.6,419.2,6139.2,3060.6,0.0,0.0,2026-05-15,18
2026-05-15 19:00:00,BE,2975.0,221.9,5932.9,2957.9,0.0,0.0,2026-05-15,19
2026-05-15 20:00:00,BE,3087.4,201.3,5839.3,2751.9,0.0,0.0,2026-05-15,20
2026-05-15 21:00:00,BE,3245.9,329.6,5918.6,2672.7,0.0,0.0,2026-05-15,21
2026-05-15 22:00:00,BE,2863.4,61.2,5714.2,2850.8,0.0,0.0,2026-05-15,22
2026-05-15 23:00:00,BE,2840.2,292.7,6008.7,3168.5,0.0,0.0,2026-05-15,23
2026-05-16 00:00:00,BE,2555.0,401.1,6074.1,3519.1,0.0,0.0,2026-05-16,0
2026-05-16 01:00:00,BE,2270.7,611.9,6237.9,3967.2,0.0,0.0,2026-05-16,1
2026-05-16 02:00:00,BE,2401.3,243.2,5826.2,3424.9,0.0,0.0,2026-05-16,2
2026-05-16 03:00:00,BE,2110.8,260.6,5974.6,3863.8,0.0,0.0,2026-05-16,3
2026-05-16 04:00:00,BE,2124.9,285.8,5968.8,3843.9,0.0,0.0,2026-05-16,4
2026-05-16 05:00:00,BE,2336.9,280.0,5894.0,3557.1,0.0,0.0,2026-05-16,5
2026-05-16 06:00:00,BE,1867.9,649.0,6238.0,4370.1,0.0,0.0,2026-05-16,6
2026-05-16 07:00:00,BE,2143.7,765.3,6452.3,4308.6,0.0,0.0,2026-05-16,7
2026-05-16 08:00:00,BE,2211.8,795.7,6422.7,4210.9,0.0,0.0,2026-05-16,8
2026-05-16 09:00:00,BE,2267.7,650.3,6289.3,4021.6,0.0,0.0,2026-05-16,9
2026-05-16 10:00:00,BE,2261.9,1191.1,6831.1,4569.2,0.0,0.0,2026-05-16,10
2026-05-16 11:00:00,BE,2474.8,1162.9,6828.9,4354.1,0.0,0.0,2026-05-16,11
2026-05-16 12:00:00,BE,2467.1,886.4,6642.4,4175.3,0.0,0.0,2026-05-16,12
2026-05-16 13:00:00,BE,2896.2,838.2,6453.2,3557.0,0.0,0.0,2026-05-16,13
2026-05-16 14:00:00,BE,2849.9,759.1,6413.1,3563.2,0.0,0.0,2026-05-16,14
2026-05-16 15:00:00,BE,3091.6,822.5,6453.5,3361.9,0.0,0.0,2026-05-16,15
2026-05-16 16:00:00,BE,2977.8,721.1,6387.1,3409.3,0.0,0.0,2026-05-16,16
2026-05-16 17:00:00,BE,3166.4,498.6,6300.6,3134.2,0.0,0.0,2026-05-16,17
2026-05-16 18:00:00,BE,3161.7,516.6,6072.6,2910.9,0.0,0.0,2026-05-16,18
2026-05-16 19:00:00,BE,2924.1,482.7,6051.7,3127.6,0.0,0.0,2026-05-16,19
2026-05-16 20:00:00,BE,3201.2,400.7,6057.7,2856.5,0.0,0.0,2026-05-16,20
2026-05-16 21:00:00,BE,3255.5,259.9,5871.9,2616.4,0.0,0.0,2026-05-16,21
2026-05-16 22:00:00,BE,2955.0,143.6,5793.6,2838.6,0.0,0.0,2026-05-16,22
2026-05-16 23:00:00,BE,2544.9,310.0,5955.0,3410.1,0.0,0.0,2026-05-16,23
2026-05-17 00:00:00,BE,2475.4,673.0,6371.0,3895.6,0.0,0.0,2026-05-17,0
2026-05-17 01:00:00,BE,2179.3,608.9,6259.9,4080.6,0.0,0.0,2026-05-17,1
2026-05-17 02:00:00,BE,2228.2,87.1,5753.1,3524.9,0.0,0.0,2026-05-17,2
2026-05-17 03:00:00,BE,2434.1,150.1,5790.1,3356.0,0.0,0.0,2026-05-17,3
2026-05-17 04:00:00,BE,2265.7,538.9,6177.9,3912.2,0.0,0.0,2026-05-17,4
2026-05-17 05:00:00,BE,1975.5,339.5,5934.5,3959.0,0.0,0.0,2026-05-17,5
2026-05-17 06:00:00,BE,1921.8,98.5,5706.5,3784.7,0.0,0.0,2026-05-17,6
2026-05-17 07:00:00,BE,2012.2,589.4,6245.4,4233.2,0.0,0.0,2026-05-17,7
2026-05-17 08:00:00,BE,2269.7,668.6,6291.6,4021.9,0.0,0.0,2026-05-17,8
2026-05-17 09:00:00,BE,2277.8,1220.9,6832.9,4555.1,0.0,0.0,2026-05-17,9
2026-05-17 10:00:00,BE,2501.1,1414.7,7096.7,4595.6,0.0,0.0,2026-05-17,10
2026-05-17 11:00:00,BE,2364.7,1163.5,6840.5,4475.8,0.0,0.0,2026-05-17,11
2026-05-17 12:00:00,BE,2585.7,774.4,6371.4,3785.7,0.0,0.0,2026-05-17,12
2026-05-17 13:00:00,BE,2614.3,1059.1,6645.1,4030.8,0.0,0.0,2026-05-17,13
2026-05-17 14:00:00,BE,2796.3,1207.9,6833.9,4037.6,0.0,0.0,2026-05-17,14
2026-05-17 15:00:00,BE,2885.8,860.1,6522.1,3636.3,0.0,0.0,2026-05-17,15
2026-05-17 16:00:00,BE,2966.5,870.6,6621.6,3655.1,0.0,0.0,2026-05-17,16
2026-05-17 17:00:00,BE,3122.3,658.4,6360.4,3238.1,0.0,0.0,2026-05-17,17
2026-05-17 18:00:00,BE,3011.4,396.6,5939.6,2928.2,0.0,0.0,2026-05-17,18
2026-05-17 19:00:00,BE,3033.6,17.2,5749.2,2715.6,0.0,0.0,2026-05-17,19
2026-05-17 20:00:00,BE,2893.6,212.1,5795.1,2901.5,0.0,0.0,2026-05-17,20
2026-05-17 21:00:00,BE,3065.3,432.3,6142.3,3077.0,0.0,0.0,2026-05-17,21
2026-05-17 22:00:00,BE,3023.5,411.9,5991.9,2968.4,0.0,0.0,2026-05-17,22
2026-05-17 23:00:00,BE,2930.6,557.7,6197.7,3267.1,0.0,0.0,2026-05-17,23
2026-05-18 00:00:00,BE,2663.8,217.3,5915.3,3251.5,0.0,0.0,2026-05-18,0
2026-05-18 01:00:00,BE,2432.0,613.8,6247.8,3815.8,0.0,0.0,2026-05-18,1
2026-05-18 02:00:00,BE,2203.6,487.3,6067.3,3863.7,0.0,0.0,2026-05-18,2
2026-05-18 03:00:00,BE,2085.0,526.9,6186.9,4101.9,0.0,0.0,2026-05-18,3
2026-05-18 04:00:00,BE,2122.2,488.7,6153.7,4031.5,0.0,0.0,2026-05-18,4
2026-05-18 05:00:00,BE,1932.3,213.2,5806.2,3873.9,0.0,0.0,2026-05-18,5
2026-05-18 06:00:00,BE,2155.2,234.6,5871.6,3716.4,0.0,0.0,2026-05-18,6
2026-05-18 07:00:00,BE,2110.6,600.7,6271.7,4161.1,0.0,0.0,2026-05-18,7
2026-05-18 08:00:00,BE,1968.9,970.3,6604.3,4635.4,0.0,0.0,2026-05-18,8
2026-05-18 09:00:00,BE,2183.0,993.2,6690.2,4507.2,0.0,0.0,2026-05-18,9
2026-05-18 10:00:00,BE,2414.1,1556.9,7204.9,4790.8,0.0,0.0,2026-05-18,10
2026-05-18 11:00:00,BE,2571.1,1733.6,7428.6,4857.5,0.0,0.0,2026-05-18,11
2026-05-18 12:00:00,BE,2587.9,1078.2,6717.2,4129.3,0.0,0.0,2026-05-18,12
2026-05-18 13:00:00,BE,2767.4,1020.2,6654.2,3886.8,0.0,0.0,2026-05-18,13
2026-05-18 14:00:00,BE,2850.4,657.2,6274.2,3423.8,0.0,0.0,2026-05-18,14
2026-05-18 15:00:00,BE,2860.8,1115.4,6782.4,3921.6,0.0,0.0,2026-05-18,15
2026-05-18 16:00:00,BE,3012.2,695.2,6153.2,3141.0,0.0,0.0,2026-05-18,16
2026-05-18 17:00:00,BE,3059.0,616.4,6260.4,3201.4,0.0,0.0,2026-05-18,17
2026-05-18 18:00:00,BE,2991.1,536.5,6216.5,3225.4,0.0,0.0,2026-05-18,18
2026-05-18 19:00:00,BE,3073.0,311.4,6011.4,2938.4,0.0,0.0,2026-05-18,19
2026-05-18 20:00:00,BE,2990.5,476.0,6151.0,3160.5,0.0,0.0,2026-05-18,20
2026-05-18 21:00:00,BE,2958.9,676.4,6391.4,3432.5,0.0,0.0,2026-05-18,21
2026-05-18 22:00:00,BE,2810.8,152.8,5678.8,2868.0,0.0,0.0,2026-05-18,22
2026-05-18 23:00:00,BE,2687.1,425.4,6014.4,3327.3,0.0,0.0,2026-05-18,23
2026-05-19 00:00:00,BE,2342.4,241.4,5902.4,3560.0,0.0,0.0,2026-05-19,0
2026-05-19 01:00:00,BE,2709.7,454.5,6062.5,3352.8,0.0,0.0,2026-05-19,1
2026-05-19 02:00:00,BE,2393.8,463.7,6130.7,3736.9,0.0,0.0,2026-05-19,2
2026-05-19 03:00:00,BE,2255.8,552.0,6241.0,3985.2,0.0,0.0,2026-05-19,3
2026-05-19 04:00:00,BE,2334.4,385.3,6027.3,3692.9,0.0,0.0,2026-05-19,4
2026-05-19 05:00:00,BE,2192.6,274.0,5916.0,3723.4,0.0,0.0,2026-05-19,5
2026-05-19 06:00:00,BE,2113.3,329.9,5983.9,3870.6,0.0,0.0,2026-05-19,6
2026-05-19 07:00:00,BE,2151.3,768.9,6315.9,4164.6,0.0,0.0,2026-05-19,7
2026-05-19 08:00:00,BE,2321.5,772.1,6397.1,4075.6,0.0,0.0,2026-05-19,8
2026-05-19 09:00:00,BE,2232.9,833.2,6523.2,4290.3,0.0,0.0,2026-05-19,9
2026-05-19 10:00:00,BE,2143.6,944.1,6554.1,4410.5,0.0,0.0,2026-05-19,10
2026-05-19 11:00:00,BE,2244.6,1518.1,7222.1,4977.5,0.0,0.0,2026-05-19,11
2026-05-19 12:00:00,BE,2719.0,1050.8,6718.8,3999.8,0.0,0.0,2026-05-19,12
2026-05-19 13:00:00,BE,2659.1,861.4,6534.4,3875.3,0.0,0.0,2026-05-19,13
2026-05-19 14:00:00,BE,2867.2,1161.5,6831.5,3964.3,0.0,0.0,2026-05-19,14
2026-05-19 15:00:00,BE,2895.7,1125.1,6728.1,3832.4,0.0,0.0,2026-05-19,15
2026-05-19 16:00:00,BE,3038.5,849.5,6577.5,3539.0,0.0,0.0,2026-05-19,16
2026-05-19 17:00:00,BE,2933.5,749.8,6400.8,3467.3,0.0,0.0,2026-05-19,17
2026-05-19 18:00:00,BE,3107.2,672.4,6287.4,3180.2,0.0,0.0,2026-05-19,18
2026-05-19 19:00:00,BE,2762.1,598.5,6234.5,3472.4,0.0,0.0,2026-05-19,19
2026-05-19 20:00:00,BE,2950.1,431.0,6018.0,3067.9,0.0,0.0,2026-05-19,20
2026-05-19 21:00:00,BE,2741.1,254.5,5956.5,3215.4,0.0,0.0,2026-05-19,21
2026-05-19 22:00:00,BE,2799.3,343.8,6023.8,3224.5,0.0,0.0,2026-05-19,22
2026-05-19 23:00:00,BE,2688.8,495.8,6037.8,3349.0,0.0,0.0,2026-05-19,23
2026-05-20 00:00:00,BE,2529.2,75.5,5744.5,3215.3,0.0,0.0,2026-05-20,0
2026-05-20 01:00:00,BE,2435.4,325.9,5966.9,3531.5,0.0,0.0,2026-05-20,1
2026-05-20 02:00:00,BE,2085.8,261.0,5899.0,3813.2,0.0,0.0,2026-05-20,2
2026-05-20 03:00:00,BE,2063.3,275.6,5888.6,3825.3,0.0,0.0,2026-05-20,3
2026-05-20 04:00:00,BE,2086.3,379.6,6074.6,3988.3,0.0,0.0,2026-05-20,4
2026-05-20 05:00:00,BE,2107.2,394.1,6068.1,3960.9,0.0,0.0,2026-05-20,5
2026-05-20 06:00:00,BE,2074.6,641.7,6351.7,4277.1,0.0,0.0,2026-05-20,6
2026-05-20 07:00:00,BE,1855.5,634.8,6206.8,4351.3,0.0,0.0,2026-05-20,7
2026-05-20 08:00:00,BE,2264.7,1338.5,6924.5,4659.8,0.0,0.0,2026-05-20,8
2026-05-20 09:00:00,BE,2174.6,1103.9,6716.9,4542.3,0.0,0.0,2026-05-20,9
2026-05-20 10:00:00,BE,2484.3,1153.8,6832.8,4348.5,0.0,0.0,2026-05-20,10
2026-05-20 11:00:00,BE,2492.1,1237.1,6873.1,4381.0,0.0,0.0,2026-05-20,11
2026-05-20 12:00:00,BE,2678.1,900.1,6564.1,3886.0,0.0,0.0,2026-05-20,12
2026-05-20 13:00:00,BE,2732.0,932.4,6536.4,3804.4,0.0,0.0,2026-05-20,13
2026-05-20 14:00:00,BE,2733.3,1056.9,6665.9,3932.6,0.0,0.0,2026-05-20,14
2026-05-20 15:00:00,BE,2860.3,757.9,6479.9,3619.6,0.0,0.0,2026-05-20,15
2026-05-20 16:00:00,BE,3074.7,427.9,5987.9,2913.2,0.0,0.0,2026-05-20,16
2026-05-20 17:00:00,BE,2977.1,677.6,6266.6,3289.5,0.0,0.0,2026-05-20,17
2026-05-20 18:00:00,BE,2809.0,238.5,5828.5,3019.5,0.0,0.0,2026-05-20,18
2026-05-20 19:00:00,BE,3018.5,170.2,5820.2,2801.7,0.0,0.0,2026-05-20,19
2026-05-20 20:00:00,BE,2997.0,635.3,6195.3,3198.3,0.0,0.0,2026-05-20,20
2026-05-20 21:00:00,BE,2942.1,382.1,6095.1,3153.0,0.0,0.0,2026-05-20,21
2026-05-20 22:00:00,BE,2867.8,290.5,5921.5,3053.7,0.0,0.0,2026-05-20,22
2026-05-20 23:00:00,BE,2902.6,486.5,6189.5,3286.9,0.0,0.0,2026-05-20,23
2026-05-21 00:00:00,BE,2353.9,328.3,5902.3,3548.4,0.0,0.0,2026-05-21,0
2026-05-21 01:00:00,BE,2615.0,225.7,5853.7,3238.7,0.0,0.0,2026-05-21,1
2026-05-21 02:00:00,BE,2368.1,353.4,5896.4,3528.3,0.0,0.0,2026-05-21,2
2026-05-21 03:00:00,BE,2176.9,1057.1,6685.1,4508.2,0.0,0.0,2026-05-21,3
2026-05-21 04:00:00,BE,1936.1,315.6,5990.6,4054.5,0.0,0.0,2026-05-21,4
2026-05-21 05:00:00,BE,2056.3,744.1,6344.1,4287.8,0.0,0.0,2026-05-21,5
2026-05-21 06:00:00,BE,2101.9,674.0,6372.0,4270.1,0.0,0.0,2026-05-21,6
2026-05-21 07:00:00,BE,2041.5,510.9,6190.9,4149.4,0.0,0.0,2026-05-21,7
2026-05-21 08:00:00,BE,2040.1,543.4,6121.4,4081.3,0.0,0.0,2026-05-21,8
2026-05-21 09:00:00,BE,2102.9,1048.2,6743.2,4640.3,0.0,0.0,2026-05-21,9
2026-05-21 10:00:00,BE,2182.6,731.5,6310.5,4127.9,0.0,0.0,2026-05-21,10
2026-05-21 11:00:00,BE,2474.8,942.2,6516.2,4041.4,0.0,0.0,2026-05-21,11
2026-05-21 12:00:00,BE,2595.4,1248.1,6850.1,4254.7,0.0,0.0,2026-05-21,12
2026-05-21 13:00:00,BE,2770.5,814.5,6434.5,3664.0,0.0,0.0,2026-05-21,13
2026-05-21 14:00:00,BE,2682.7,843.8,6590.8,3908.1,0.0,0.0,2026-05-21,14
2026-05-21 15:00:00,BE,3039.1,1100.1,6659.1,3620.0,0.0,0.0,2026-05-21,15
2026-05-21 16:00:00,BE,3255.6,650.0,6300.0,3044.4,0.0,0.0,2026-05-21,16
2026-05-21 17:00:00,BE,3019.2,495.7,6065.7,3046.5,0.0,0.0,2026-05-21,17
2026-05-21 18:00:00,BE,3161.3,170.8,5856.8,2695.5,0.0,0.0,2026-05-21,18
2026-05-21 19:00:00,BE,2847.7,115.1,5736.1,2888.4,0.0,0.0,2026-05-21,19
2026-05-21 20:00:00,BE,3241.4,228.4,5862.4,2621.0,0.0,0.0,2026-05-21,20
2026-05-21 21:00:00,BE,2951.4,401.3,6071.3,3119.9,0.0,0.0,2026-05-21,21
2026-05-21 22:00:00,BE,2919.9,318.3,5913.3,2993.4,0.0,0.0,2026-05-21,22
2026-05-21 23:00:00,BE,2686.2,251.5,5941.5,3255.3,0.0,0.0,2026-05-21,23
2026-05-22 00:00:00,BE,2331.3,253.6,6038.6,3707.3,0.0,0.0,2026-05-22,0
2026-05-22 01:00:00,BE,2450.6,7.4,5610.4,3159.8,0.0,0.0,2026-05-22,1
2026-05-22 02:00:00,BE,2269.5,357.7,5926.7,3657.2,0.0,0.0,2026-05-22,2
2026-05-22 03:00:00,BE,2277.0,361.3,5930.3,3653.3,0.0,0.0,2026-05-22,3
2026-05-22 04:00:00,BE,1986.0,435.5,6086.5,4100.5,0.0,0.0,2026-05-22,4
2026-05-22 05:00:00,BE,1672.6,438.8,6056.8,4384.2,0.0,0.0,2026-05-22,5
2026-05-22 06:00:00,BE,2009.8,304.7,5990.7,3980.9,0.0,0.0,2026-05-22,6
2026-05-22 07:00:00,BE,1994.7,793.0,6514.0,4519.3,0.0,0.0,2026-05-22,7
2026-05-22 08:00:00,BE,2172.2,807.1,6500.1,4327.9,0.0,0.0,2026-05-22,8
2026-05-22 09:00:00,BE,2060.4,1098.5,6741.5,4681.1,0.0,0.0,2026-05-22,9
2026-05-22 10:00:00,BE,2221.0,747.3,6341.3,4120.3,0.0,0.0,2026-05-22,10
2026-05-22 11:00:00,BE,2342.3,1365.5,6834.5,4492.2,0.0,0.0,2026-05-22,11
2026-05-22 12:00:00,BE,2427.5,1013.4,6508.4,4080.9,0.0,0.0,2026-05-22,12
2026-05-22 13:00:00,BE,2712.1,873.9,6407.9,3695.8,0.0,0.0,2026-05-22,13
2026-05-22 14:00:00,BE,2731.3,1260.2,6889.2,4157.9,0.0,0.0,2026-05-22,14
2026-05-22 15:00:00,BE,2808.9,551.0,6198.0,3389.1,0.0,0.0,2026-05-22,15
2026-05-22 16:00:00,BE,2864.9,645.7,6336.7,3471.8,0.0,0.0,2026-05-22,16
2026-05-22 17:00:00,BE,2960.1,665.9,6399.9,3439.8,0.0,0.0,2026-05-22,17
2026-05-22 18:00:00,BE,3197.6,355.5,5993.5,2795.9,0.0,0.0,2026-05-22,18
2026-05-22 19:00:00,BE,2967.3,660.4,6280.4,3313.1,0.0,0.0,2026-05-22,19
2026-05-22 20:00:00,BE,2866.5,309.8,5977.8,3111.3,0.0,0.0,2026-05-22,20
2026-05-22 21:00:00,BE,2878.3,114.8,5773.8,2895.5,0.0,0.0,2026-05-22,21
2026-05-22 22:00:00,BE,2857.6,650.8,6245.8,3388.2,0.0,0.0,2026-05-22,22
2026-05-22 23:00:00,BE,2641.8,451.6,6063.6,3421.8,0.0,0.0,2026-05-22,23
2026-05-23 00:00:00,BE,2560.8,626.6,6327.6,3766.8,0.0,0.0,2026-05-23,0
2026-05-23 01:00:00,BE,2457.2,329.4,6029.4,3572.2,0.0,0.0,2026-05-23,1
2026-05-23 02:00:00,BE,2350.9,589.7,6276.7,3925.8,0.0,0.0,2026-05-23,2
2026-05-23 03:00:00,BE,2183.4,299.7,5931.7,3748.3,0.0,0.0,2026-05-23,3
2026-05-23 04:00:00,BE,1910.4,357.4,6056.4,4146.0,0.0,0.0,2026-05-23,4
2026-05-23 05:00:00,BE,2011.9,457.4,6061.4,4049.5,0.0,0.0,2026-05-23,5
2026-05-23 06:00:00,BE,1930.6,255.0,5895.0,3964.4,0.0,0.0,2026-05-23,6
2026-05-23 07:00:00,BE,2112.7,549.8,6201.8,4089.1,0.0,0.0,2026-05-23,7
2026-05-23 08:00:00,BE,2228.6,986.5,6572.5,4343.9,0.0,0.0,2026-05-23,8
2026-05-23 09:00:00,BE,2108.9,954.6,6609.6,4500.7,0.0,0.0,2026-05-23,9
2026-05-23 10:00:00,BE,2345.5,1105.7,6787.7,4442.2,0.0,0.0,2026-05-23,10
2026-05-23 11:00:00,BE,2421.9,851.2,6504.2,4082.3,0.0,0.0,2026-05-23,11
2026-05-23 12:00:00,BE,2478.6,1207.1,6843.1,4364.5,0.0,0.0,2026-05-23,12
2026-05-23 13:00:00,BE,2802.3,1707.6,7346.6,4544.3,0.0,0.0,2026-05-23,13
2026-05-23 14:00:00,BE,2700.1,1298.4,6885.4,4185.3,0.0,0.0,2026-05-23,14
2026-05-23 15:00:00,BE,2776.2,886.8,6596.8,3820.6,0.0,0.0,2026-05-23,15
2026-05-23 16:00:00,BE,2833.0,628.3,6232.3,3399.3,0.0,0.0,2026-05-23,16
2026-05-23 17:00:00,BE,3112.9,307.4,5926.4,2813.5,0.0,0.0,2026-05-23,17
2026-05-23 18:00:00,BE,2914.2,155.9,5682.9,2768.7,0.0,0.0,2026-05-23,18
2026-05-23 19:00:00,BE,2895.2,779.3,6487.3,3592.1,0.0,0.0,2026-05-23,19
2026-05-23 20:00:00,BE,3063.6,254.0,5866.0,2802.4,0.0,0.0,2026-05-23,20
2026-05-23 21:00:00,BE,2897.5,496.5,6245.5,3348.0,0.0,0.0,2026-05-23,21
2026-05-23 22:00:00,BE,2732.6,520.3,6067.3,3334.7,0.0,0.0,2026-05-23,22
2026-05-23 23:00:00,BE,2528.2,40.0,5669.0,3140.8,0.0,0.0,2026-05-23,23
2026-05-24 00:00:00,BE,2528.4,204.4,5949.4,3421.0,0.0,0.0,2026-05-24,0
2026-05-24 01:00:00,BE,2243.4,43.2,5621.2,3377.8,0.0,0.0,2026-05-24,1
2026-05-24 02:00:00,BE,2272.8,542.4,6257.4,3984.6,0.0,0.0,2026-05-24,2
2026-05-24 03:00:00,BE,2163.0,254.8,5936.8,3773.8,0.0,0.0,2026-05-24,3
2026-05-24 04:00:00,BE,2057.0,632.5,6260.5,4203.5,0.0,0.0,2026-05-24,4
2026-05-24 05:00:00,BE,2037.9,198.3,5785.3,3747.4,0.0,0.0,2026-05-24,5
2026-05-24 06:00:00,BE,2071.0,374.4,5993.4,3922.4,0.0,0.0,2026-05-24,6
2026-05-24 07:00:00,BE,1798.9,312.9,5970.9,4172.0,0.0,0.0,2026-05-24,7
2026-05-24 08:00:00,BE,1938.9,588.0,6225.0,4286.1,0.0,0.0,2026-05-24,8
2026-05-24 09:00:00,BE,2229.6,961.3,6629.3,4399.7,0.0,0.0,2026-05-24,9
2026-05-24 10:00:00,BE,2227.9,1485.6,7094.6,4866.7,0.0,0.0,2026-05-24,10
2026-05-24 11:00:00,BE,2467.8,815.5,6430.5,3962.7,0.0,0.0,2026-05-24,11
2026-05-24 12:00:00,BE,2698.1,1242.5,6905.5,4207.4,0.0,0.0,2026-05-24,12
2026-05-24 13:00:00,BE,2810.0,1045.3,6775.3,3965.3,0.0,0.0,2026-05-24,13
2026-05-24 14:00:00,BE,2862.9,838.4,6468.4,3605.5,0.0,0.0,2026-05-24,14
2026-05-24 15:00:00,BE,2860.2,1073.3,6706.3,3846.1,0.0,0.0,2026-05-24,15
2026-05-24 16:00:00,BE,3068.8,416.9,6089.9,3021.1,0.0,0.0,2026-05-24,16
2026-05-24 17:00:00,BE,2905.6,682.9,6381.9,3476.3,0.0,0.0,2026-05-24,17
2026-05-24 18:00:00,BE,3017.4,350.9,5909.9,2892.5,0.0,0.0,2026-05-24,18
2026-05-24 19:00:00,BE,2945.9,143.4,5738.4,2792.5,0.0,0.0,2026-05-24,19
2026-05-24 20:00:00,BE,2870.4,60.0,5687.0,2816.6,0.0,0.0,2026-05-24,20
2026-05-24 21:00:00,BE,2758.4,339.7,6052.7,3294.3,0.0,0.0,2026-05-24,21
2026-05-24 22:00:00,BE,2793.2,619.2,6306.2,3513.0,0.0,0.0,2026-05-24,22
2026-05-24 23:00:00,BE,2438.7,210.9,5850.9,3412.2,0.0,0.0,2026-05-24,23
2026-05-25 00:00:00,BE,2260.4,181.2,5739.2,3478.8,0.0,0.0,2026-05-25,0
2026-05-25 01:00:00,BE,2480.9,513.3,6148.3,3667.4,0.0,0.0,2026-05-25,1
2026-05-25 02:00:00,BE,2289.2,414.9,5989.9,3700.7,0.0,0.0,2026-05-25,2
2026-05-25 03:00:00,BE,2235.0,350.2,6014.2,3779.2,0.0,0.0,2026-05-25,3
2026-05-25 04:00:00,BE,2042.6,308.0,5867.0,3824.4,0.0,0.0,2026-05-25,4
2026-05-25 05:00:00,BE,2062.8,550.4,6114.4,4051.6,0.0,0.0,2026-05-25,5
2026-05-25 06:00:00,BE,1930.4,259.1,5878.1,3947.7,0.0,0.0,2026-05-25,6
2026-05-25 07:00:00,BE,1943.6,795.5,6560.5,4616.9,0.0,0.0,2026-05-25,7
2026-05-25 08:00:00,BE,1921.8,498.2,6105.2,4183.4,0.0,0.0,2026-05-25,8
2026-05-25 09:00:00,BE,2347.6,629.8,6335.8,3988.2,0.0,0.0,2026-05-25,9
2026-05-25 10:00:00,BE,2123.1,890.4,6398.4,4275.3,0.0,0.0,2026-05-25,10
2026-05-25 11:00:00,BE,2544.7,843.8,6501.8,3957.1,0.0,0.0,2026-05-25,11
2026-05-25 12:00:00,BE,2342.4,1373.8,7062.8,4720.4,0.0,0.0,2026-05-25,12
2026-05-25 13:00:00,BE,2507.8,993.3,6589.3,4081.5,0.0,0.0,2026-05-25,13
2026-05-25 14:00:00,BE,2880.9,1306.6,6917.6,4036.7,0.0,0.0,2026-05-25,14
2026-05-25 15:00:00,BE,2907.9,814.2,6402.2,3494.3,0.0,0.0,2026-05-25,15
2026-05-25 16:00:00,BE,2966.9,739.7,6291.7,3324.8,0.0,0.0,2026-05-25,16
2026-05-25 17:00:00,BE,2856.8,729.1,6398.1,3541.3,0.0,0.0,2026-05-25,17
2026-05-25 18:00:00,BE,3099.0,359.3,6088.3,2989.3,0.0,0.0,2026-05-25,18
2026-05-25 19:00:00,BE,2864.1,579.3,6117.3,3253.2,0.0,0.0,2026-05-25,19
2026-05-25 20:00:00,BE,2952.3,263.0,5893.0,2940.7,0.0,0.0,2026-05-25,20
2026-05-25 21:00:00,BE,2750.5,354.2,5930.2,3179.7,0.0,0.0,2026-05-25,21
2026-05-25 22:00:00,BE,2916.7,480.0,6212.0,3295.3,0.0,0.0,2026-05-25,22
2026-05-25 23:00:00,BE,2659.0,672.4,6238.4,3579.4,0.0,0.0,2026-05-25,23
2026-05-26 00:00:00,BE,2641.7,146.4,5841.4,3199.7,0.0,0.0,2026-05-26,0
2026-05-26 01:00:00,BE,2333.4,318.1,5970.1,3636.7,0.0,0.0,2026-05-26,1
2026-05-26 02:00:00,BE,2145.9,545.4,6046.4,3900.5,0.0,0.0,2026-05-26,2
2026-05-26 03:00:00,BE,1964.0,462.3,6145.3,4181.3,0.0,0.0,2026-05-26,3
2026-05-26 04:00:00,BE,2077.1,170.2,5771.2,3694.1,0.0,0.0,2026-05-26,4
2026-05-26 05:00:00,BE,2138.6,517.1,6225.1,4086.5,0.0,0.0,2026-05-26,5
2026-05-26 06:00:00,BE,2042.9,420.3,6029.3,3986.4,0.0,0.0,2026-05-26,6
2026-05-26 07:00:00,BE,1911.2,397.4,5950.4,4039.2,0.0,0.0,2026-05-26,7
2026-05-26 08:00:00,BE,1991.9,768.7,6413.7,4421.8,0.0,0.0,2026-05-26,8
2026-05-26 09:00:00,BE,2071.0,773.2,6549.2,4478.2,0.0,0.0,2026-05-26,9
2026-05-26 10:00:00,BE,2224.1,708.5,6436.5,4212.4,0.0,0.0,2026-05-26,10
2026-05-26 11:00:00,BE,2430.7,1097.8,6677.8,4247.1,0.0,0.0,2026-05-26,11
2026-05-26 12:00:00,BE,2493.4,929.8,6590.8,4097.4,0.0,0.0,2026-05-26,12
2026-05-26 13:00:00,BE,2690.8,952.4,6582.4,3891.6,0.0,0.0,2026-05-26,13
2026-05-26 14:00:00,BE,2778.8,876.7,6396.7,3617.9,0.0,0.0,2026-05-26,14
2026-05-26 15:00:00,BE,2708.1,842.0,6506.0,3797.9,0.0,0.0,2026-05-26,15
2026-05-26 16:00:00,BE,2919.5,565.2,6205.2,3285.7,0.0,0.0,2026-05-26,16
2026-05-26 17:00:00,BE,2838.5,486.7,6159.7,3321.2,0.0,0.0,2026-05-26,17
2026-05-26 18:00:00,BE,2986.0,507.7,6080.7,3094.7,0.0,0.0,2026-05-26,18
2026-05-26 19:00:00,BE,3009.1,456.7,6139.7,3130.6,0.0,0.0,2026-05-26,19
2026-05-26 20:00:00,BE,2814.0,285.4,5883.4,3069.4,0.0,0.0,2026-05-26,20
2026-05-26 21:00:00,BE,2669.7,493.6,6074.6,3404.9,0.0,0.0,2026-05-26,21
2026-05-26 22:00:00,BE,2748.4,175.8,5738.8,2990.4,0.0,0.0,2026-05-26,22
2026-05-26 23:00:00,BE,2588.0,222.6,5854.6,3266.6,0.0,0.0,2026-05-26,23
2026-05-27 00:00:00,BE,2611.2,268.8,5854.8,3243.6,0.0,0.0,2026-05-27,0
2026-05-27 01:00:00,BE,2264.6,317.7,5985.7,3721.1,0.0,0.0,2026-05-27,1
2026-05-27 02:00:00,BE,2416.8,346.3,6020.3,3603.5,0.0,0.0,2026-05-27,2
2026-05-27 03:00:00,BE,2196.1,192.5,5835.5,3639.4,0.0,0.0,2026-05-27,3
2026-05-27 04:00:00,BE,1858.1,435.2,6092.2,4234.1,0.0,0.0,2026-05-27,4
2026-05-27 05:00:00,BE,1907.4,460.5,6104.5,4197.1,0.0,0.0,2026-05-27,5
2026-05-27 06:00:00,BE,1973.8,284.1,5897.1,3923.3,0.0,0.0,2026-05-27,6
2026-05-27 07:00:00,BE,1972.7,352.5,5908.5,3935.8,0.0,0.0,2026-05-27,7
2026-05-27 08:00:00,BE,1930.6,1001.6,6691.6,4761.0,0.0,0.0,2026-05-27,8
2026-05-27 09:00:00,BE,1898.9,992.0,6626.0,4727.1,0.0,0.0,2026-05-27,9
2026-05-27 10:00:00,BE,2181.8,689.6,6297.6,4115.8,0.0,0.0,2026-05-27,10
2026-05-27 11:00:00,BE,2312.1,842.7,6510.7,4198.6,0.0,0.0,2026-05-27,11
2026-05-27 12:00:00,BE,2536.4,1144.6,6876.6,4340.2,0.0,0.0,2026-05-27,12
2026-05-27 13:00:00,BE,2619.7,1523.1,7149.1,4529.4,0.0,0.0,2026-05-27,13
2026-05-27 14:00:00,BE,2588.9,873.3,6388.3,3799.4,0.0,0.0,2026-05-27,14
2026-05-27 15:00:00,BE,2912.9,817.0,6433.0,3520.1,0.0,0.0,2026-05-27,15
2026-05-27 16:00:00,BE,2828.6,1472.5,7028.5,4199.9,0.0,0.0,2026-05-27,16
2026-05-27 17:00:00,BE,3063.0,748.0,6237.0,3174.0,0.0,0.0,2026-05-27,17
2026-05-27 18:00:00,BE,2909.7,335.9,5992.9,3083.2,0.0,0.0,2026-05-27,18
2026-05-27 19:00:00,BE,2882.7,408.9,6029.9,3147.2,0.0,0.0,2026-05-27,19
2026-05-27 20:00:00,BE,2897.0,72.8,5775.8,2878.8,0.0,0.0,2026-05-27,20
2026-05-27 21:00:00,BE,2909.8,239.4,5952.4,3042.6,0.0,0.0,2026-05-27,21
2026-05-27 22:00:00,BE,2745.2,67.5,5710.5,2965.3,0.0,0.0,2026-05-27,22
2026-05-27 23:00:00,BE,2438.2,670.4,6268.4,3830.2,0.0,0.0,2026-05-27,23
2026-05-28 00:00:00,BE,2579.1,546.5,6237.5,3658.4,0.0,0.0,2026-05-28,0
2026-05-28 01:00:00,BE,2253.7,258.0,6018.0,3764.3,0.0,0.0,2026-05-28,1
2026-05-28 02:00:00,BE,2040.4,352.9,5994.9,3954.5,0.0,0.0,2026-05-28,2
2026-05-28 03:00:00,BE,1905.8,49.2,5599.2,3693.4,0.0,0.0,2026-05-28,3
2026-05-28 04:00:00,BE,2184.1,399.4,6050.4,3866.3,0.0,0.0,2026-05-28,4
2026-05-28 05:00:00,BE,2160.1,631.8,6140.8,3980.7,0.0,0.0,2026-05-28,5
2026-05-28 06:00:00,BE,1896.1,84.8,5673.8,3777.7,0.0,0.0,2026-05-28,6
2026-05-28 07:00:00,BE,1942.9,354.3,5943.3,4000.4,0.0,0.0,2026-05-28,7
2026-05-28 08:00:00,BE,2020.8,629.7,6279.7,4258.9,0.0,0.0,2026-05-28,8
2026-05-28 09:00:00,BE,1956.0,1175.3,6787.3,4831.3,0.0,0.0,2026-05-28,9
2026-05-28 10:00:00,BE,2225.3,978.1,6628.1,4402.8,0.0,0.0,2026-05-28,10
2026-05-28 11:00:00,BE,2395.5,844.5,6430.5,4035.0,0.0,0.0,2026-05-28,11
2026-05-28 12:00:00,BE,2408.1,1313.3,6954.3,4546.2,0.0,0.0,2026-05-28,12
2026-05-28 13:00:00,BE,2616.3,857.6,6505.6,3889.3,0.0,0.0,2026-05-28,13
2026-05-28 14:00:00,BE,2658.3,917.9,6562.9,3904.6,0.0,0.0,2026-05-28,14
2026-05-28 15:00:00,BE,2932.9,762.0,6427.0,3494.1,0.0,0.0,2026-05-28,15
2026-05-28 16:00:00,BE,2780.4,856.1,6525.1,3744.7,0.0,0.0,2026-05-28,16
2026-05-28 17:00:00,BE,2883.8,515.3,6061.3,3177.5,0.0,0.0,2026-05-28,17
2026-05-28 18:00:00,BE,3127.3,512.7,6130.7,3003.4,0.0,0.0,2026-05-28,18
2026-05-28 19:00:00,BE,2960.9,363.5,6082.5,3121.6,0.0,0.0,2026-05-28,19
2026-05-28 20:00:00,BE,3176.8,276.6,5867.6,2690.8,0.0,0.0,2026-05-28,20
2026-05-28 21:00:00,BE,2897.5,64.2,5663.2,2765.7,0.0,0.0,2026-05-28,21
2026-05-28 22:00:00,BE,2844.2,479.9,6110.9,3266.7,0.0,0.0,2026-05-28,22
2026-05-28 23:00:00,BE,2661.7,157.6,5886.6,3224.9,0.0,0.0,2026-05-28,23
2026-05-29 00:00:00,BE,2363.7,463.6,6123.6,3759.9,0.0,0.0,2026-05-29,0
2026-05-29 01:00:00,BE,2436.6,248.5,5849.5,3412.9,0.0,0.0,2026-05-29,1
2026-05-29 02:00:00,BE,2084.8,175.0,5766.0,3681.2,0.0,0.0,2026-05-29,2
2026-05-29 03:00:00,BE,1903.2,322.5,5861.5,3958.3,0.0,0.0,2026-05-29,3
2026-05-29 04:00:00,BE,2066.5,175.5,5747.5,3681.0,0.0,0.0,2026-05-29,4
2026-05-29 05:00:00,BE,2089.0,298.5,5808.5,3719.5,0.0,0.0,2026-05-29,5
2026-05-29 06:00:00,BE,2100.5,318.8,5955.8,3855.3,0.0,0.0,2026-05-29,6
2026-05-29 07:00:00,BE,2018.3,378.3,6051.3,4033.0,0.0,0.0,2026-05-29,7
2026-05-29 08:00:00,BE,2009.9,589.7,6358.7,4348.8,0.0,0.0,2026-05-29,8
2026-05-29 09:00:00,BE,2081.1,1050.2,6723.2,4642.1,0.0,0.0,2026-05-29,9
2026-05-29 10:00:00,BE,2264.2,751.8,6375.8,4111.6,0.0,0.0,2026-05-29,10
2026-05-29 11:00:00,BE,2441.0,997.5,6613.5,4172.5,0.0,0.0,2026-05-29,11
2026-05-29 12:00:00,BE,2453.1,864.0,6463.0,4009.9,0.0,0.0,2026-05-29,12
2026-05-29 13:00:00,BE,2655.2,1087.0,6834.0,4178.8,0.0,0.0,2026-05-29,13
2026-05-29 14:00:00,BE,2838.0,813.3,6377.3,3539.3,0.0,0.0,2026-05-29,14
2026-05-29 15:00:00,BE,2946.4,1086.9,6803.9,3857.5,0.0,0.0,2026-05-29,15
2026-05-29 16:00:00,BE,3021.4,570.2,6141.2,3119.8,0.0,0.0,2026-05-29,16
2026-05-29 17:00:00,BE,3031.4,439.8,6177.8,3146.4,0.0,0.0,2026-05-29,17
2026-05-29 18:00:00,BE,3155.5,421.2,5971.2,2815.7,0.0,0.0,2026-05-29,18
2026-05-29 19:00:00,BE,2825.0,68.8,5720.8,2895.8,0.0,0.0,2026-05-29,19
2026-05-29 20:00:00,BE,3081.5,361.7,5957.7,2876.2,0.0,0.0,2026-05-29,20
2026-05-29 21:00:00,BE,2809.5,287.4,5910.4,3100.9,0.0,0.0,2026-05-29,21
2026-05-29 22:00:00,BE,2511.4,721.3,6223.3,3711.9,0.0,0.0,2026-05-29,22
2026-05-29 23:00:00,BE,2590.4,430.6,6052.6,3462.2,0.0,0.0,2026-05-29,23
2026-05-30 00:00:00,BE,2484.2,225.4,5838.4,3354.2,0.0,0.0,2026-05-30,0
2026-05-30 01:00:00,BE,2157.7,366.7,5961.7,3804.0,0.0,0.0,2026-05-30,1
2026-05-30 02:00:00,BE,2198.4,997.8,6508.8,4310.4,0.0,0.0,2026-05-30,2
2026-05-30 03:00:00,BE,1828.7,704.4,6249.4,4420.7,0.0,0.0,2026-05-30,3
2026-05-30 04:00:00,BE,2215.1,453.4,6085.4,3870.3,0.0,0.0,2026-05-30,4
2026-05-30 05:00:00,BE,1929.7,455.1,6178.1,4248.4,0.0,0.0,2026-05-30,5
2026-05-30 06:00:00,BE,1942.9,463.7,6173.7,4230.8,0.0,0.0,2026-05-30,6
2026-05-30 07:00:00,BE,2075.0,326.2,5973.2,3898.2,0.0,0.0,2026-05-30,7
2026-05-30 08:00:00,BE,2011.1,992.8,6491.8,4480.7,0.0,0.0,2026-05-30,8
2026-05-30 09:00:00,BE,1938.0,1269.5,6967.5,5029.5,0.0,0.0,2026-05-30,9
2026-05-30 10:00:00,BE,1960.4,862.2,6533.2,4572.8,0.0,0.0,2026-05-30,10
2026-05-30 11:00:00,BE,2391.7,1146.3,6783.3,4391.6,0.0,0.0,2026-05-30,11
2026-05-30 12:00:00,BE,2537.2,1249.7,6868.7,4331.5,0.0,0.0,2026-05-30,12
2026-05-30 13:00:00,BE,2518.4,1033.5,6593.5,4075.1,0.0,0.0,2026-05-30,13
2026-05-30 14:00:00,BE,2450.3,956.8,6503.8,4053.5,0.0,0.0,2026-05-30,14
2026-05-30 15:00:00,BE,2833.0,665.8,6347.8,3514.8,0.0,0.0,2026-05-30,15
2026-05-30 16:00:00,BE,2870.9,635.9,6217.9,3347.0,0.0,0.0,2026-05-30,16
2026-05-30 17:00:00,BE,2996.5,197.4,5840.4,2843.9,0.0,0.0,2026-05-30,17
2026-05-30 18:00:00,BE,2844.1,72.0,5694.0,2849.9,0.0,0.0,2026-05-30,18
2026-05-30 19:00:00,BE,2670.8,20.8,5601.8,2931.0,0.0,0.0,2026-05-30,19
2026-05-30 20:00:00,BE,2805.7,200.6,5893.6,3087.9,0.0,0.0,2026-05-30,20
2026-05-30 21:00:00,BE,2884.5,146.1,5686.1,2801.6,0.0,0.0,2026-05-30,21
2026-05-30 22:00:00,BE,2812.7,244.6,5891.6,3078.9,0.0,0.0,2026-05-30,22
2026-05-30 23:00:00,BE,2525.2,466.5,6062.5,3537.3,0.0,0.0,2026-05-30,23
2026-05-31 00:00:00,BE,2369.7,587.3,6318.3,3948.6,0.0,0.0,2026-05-31,0
2026-05-31 01:00:00,BE,2090.6,350.9,5954.9,3864.3,0.0,0.0,2026-05-31,1
2026-05-31 02:00:00,BE,2329.2,40.7,5671.7,3342.5,0.0,0.0,2026-05-31,2
2026-05-31 03:00:00,BE,2028.1,331.3,6032.3,4004.2,0.0,0.0,2026-05-31,3
2026-05-31 04:00:00,BE,1916.8,129.2,5862.2,3945.4,0.0,0.0,2026-05-31,4
2026-05-31 05:00:00,BE,1845.2,179.4,5887.4,4042.2,0.0,0.0,2026-05-31,5
2026-05-31 06:00:00,BE,1887.2,192.4,5902.4,4015.2,0.0,0.0,2026-05-31,6
2026-05-31 07:00:00,BE,2001.4,593.4,6223.4,4222.0,0.0,0.0,2026-05-31,7
2026-05-31 08:00:00,BE,1955.5,551.8,6211.8,4256.3,0.0,0.0,2026-05-31,8
2026-05-31 09:00:00,BE,2242.2,639.2,6315.2,4073.0,0.0,0.0,2026-05-31,9
2026-05-31 10:00:00,BE,2261.2,788.4,6480.4,4219.2,0.0,0.0,2026-05-31,10
2026-05-31 11:00:00,BE,2347.9,1063.5,6711.5,4363.6,0.0,0.0,2026-05-31,11
2026-05-31 12:00:00,BE,2588.2,1004.6,6564.6,3976.4,0.0,0.0,2026-05-31,12
2026-05-31 13:00:00,BE,2417.4,949.4,6561.4,4144.0,0.0,0.0,2026-05-31,13
2026-05-31 14:00:00,BE,2699.0,996.0,6584.0,3885.0,0.0,0.0,2026-05-31,14
2026-05-31 15:00:00,BE,2880.3,1279.3,6865.3,3985.0,0.0,0.0,2026-05-31,15
2026-05-31 16:00:00,BE,2962.7,539.5,6295.5,3332.8,0.0,0.0,2026-05-31,16
2026-05-31 17:00:00,BE,2863.3,249.2,5915.2,3051.9,0.0,0.0,2026-05-31,17
2026-05-31 18:00:00,BE,2787.0,638.3,6357.3,3570.3,0.0,0.0,2026-05-31,18
2026-05-31 19:00:00,BE,2690.9,328.4,6053.4,3362.5,0.0,0.0,2026-05-31,19
2026-05-31 20:00:00,BE,2922.6,655.4,6324.4,3401.8,0.0,0.0,2026-05-31,20
2026-05-31 21:00:00,BE,2773.4,628.2,6342.2,3568.8,0.0,0.0,2026-05-31,21
2026-05-31 22:00:00,BE,2658.8,816.7,6449.7,3790.9,0.0,0.0,2026-05-31,22
2026-05-31 23:00:00,BE,2580.0,848.8,6535.8,3955.8,0.0,0.0,2026-05-31,23
2026-06-01 00:00:00,BE,2423.1,72.0,5735.0,3311.9,0.0,0.0,2026-06-01,0
2026-06-01 01:00:00,BE,2238.6,425.8,6021.8,3783.2,0.0,0.0,2026-06-01,1
2026-06-01 02:00:00,BE,2268.4,181.8,5788.8,3520.4,0.0,0.0,2026-06-01,2
2026-06-01 03:00:00,BE,1913.3,325.8,5813.8,3900.5,0.0,0.0,2026-06-01,3
2026-06-01 04:00:00,BE,1860.2,428.1,6107.1,4246.9,0.0,0.0,2026-06-01,4
2026-06-01 05:00:00,BE,1788.1,352.8,6066.8,4278.7,0.0,0.0,2026-06-01,5
2026-06-01 06:00:00,BE,1886.0,184.8,5826.8,3940.8,0.0,0.0,2026-06-01,6
2026-06-01 07:00:00,BE,2018.6,850.0,6521.0,4502.4,0.0,0.0,2026-06-01,7
2026-06-01 08:00:00,BE,1901.9,956.4,6580.4,4678.5,0.0,0.0,2026-06-01,8
2026-06-01 09:00:00,BE,2090.1,541.1,6206.1,4116.0,0.0,0.0,2026-06-01,9
2026-06-01 10:00:00,BE,2288.2,1079.4,6759.4,4471.2,0.0,0.0,2026-06-01,10
2026-06-01 11:00:00,BE,2508.1,1062.1,6775.1,4267.0,0.0,0.0,2026-06-01,11
2026-06-01 12:00:00,BE,2527.6,822.1,6533.1,4005.5,0.0,0.0,2026-06-01,12
2026-06-01 13:00:00,BE,2494.7,1411.6,7034.6,4539.9,0.0,0.0,2026-06-01,13
2026-06-01 14:00:00,BE,2496.3,882.3,6583.3,4087.0,0.0,0.0,2026-06-01,14
2026-06-01 15:00:00,BE,2479.0,712.6,6378.6,3899.6,0.0,0.0,2026-06-01,15
2026-06-01 16:00:00,BE,2787.8,806.7,6535.7,3747.9,0.0,0.0,2026-06-01,16
2026-06-01 17:00:00,BE,2920.8,663.8,6321.8,3401.0,0.0,0.0,2026-06-01,17
2026-06-01 18:00:00,BE,2872.3,176.1,5755.1,2882.8,0.0,0.0,2026-06-01,18
2026-06-01 19:00:00,BE,3140.1,204.0,5839.0,2698.9,0.0,0.0,2026-06-01,19
2026-06-01 20:00:00,BE,2702.8,432.3,6138.3,3435.5,0.0,0.0,2026-06-01,20
2026-06-01 21:00:00,BE,2704.1,382.3,6037.3,3333.2,0.0,0.0,2026-06-01,21
2026-06-01 22:00:00,BE,2399.3,182.4,5800.4,3401.1,0.0,0.0,2026-06-01,22
2026-06-01 23:00:00,BE,2690.0,192.3,5912.3,3222.3,0.0,0.0,2026-06-01,23
2026-06-02 00:00:00,BE,2349.8,318.5,5833.5,3483.7,0.0,0.0,2026-06-02,0
2026-06-02 01:00:00,BE,2075.6,254.2,5907.2,3831.6,0.0,0.0,2026-06-02,1
2026-06-02 02:00:00,BE,2150.8,308.2,5890.2,3739.4,0.0,0.0,2026-06-02,2
2026-06-02 03:00:00,BE,2241.2,263.1,5892.1,3650.9,0.0,0.0,2026-06-02,3
2026-06-02 04:00:00,BE,2222.7,674.1,6295.1,4072.4,0.0,0.0,2026-06-02,4
2026-06-02 05:00:00,BE,1906.7,559.4,6211.4,4304.7,0.0,0.0,2026-06-02,5
2026-06-02 06:00:00,BE,1994.1,517.2,6101.2,4107.1,0.0,0.0,2026-06-02,6
2026-06-02 07:00:00,BE,1885.0,716.6,6361.6,4476.6,0.0,0.0,2026-06-02,7
2026-06-02 08:00:00,BE,1958.8,702.7,6350.7,4391.9,0.0,0.0,2026-06-02,8
2026-06-02 09:00:00,BE,2002.2,849.2,6361.2,4359.0,0.0,0.0,2026-06-02,9
2026-06-02 10:00:00,BE,2355.4,1200.9,6889.9,4534.5,0.0,0.0,2026-06-02,10
2026-06-02 11:00:00,BE,2204.0,916.0,6595.0,4391.0,0.0,0.0,2026-06-02,11
2026-06-02 12:00:00,BE,2174.8,884.3,6342.3,4167.5,0.0,0.0,2026-06-02,12
2026-06-02 13:00:00,BE,2411.2,1071.4,6641.4,4230.2,0.0,0.0,2026-06-02,13
2026-06-02 14:00:00,BE,2592.7,1240.3,6826.3,4233.6,0.0,0.0,2026-06-02,14
2026-06-02 15:00:00,BE,2790.1,793.7,6375.7,3585.6,0.0,0.0,2026-06-02,15
2026-06-02 16:00:00,BE,2780.9,589.0,6270.0,3489.1,0.0,0.0,2026-06-02,16
2026-06-02 17:00:00,BE,2920.9,577.6,6302.6,3381.7,0.0,0.0,2026-06-02,17
2026-06-02 18:00:00,BE,2939.7,740.6,6279.6,3339.9,0.0,0.0,2026-06-02,18
2026-06-02 19:00:00,BE,2852.9,330.8,5950.8,3097.9,0.0,0.0,2026-06-02,19
2026-06-02 20:00:00,BE,2927.4,691.7,6278.7,3351.3,0.0,0.0,2026-06-02,20
2026-06-02 21:00:00,BE,2656.7,747.8,6349.8,3693.1,0.0,0.0,2026-06-02,21
2026-06-02 22:00:00,BE,2541.6,841.8,6555.8,4014.2,0.0,0.0,2026-06-02,22
2026-06-02 23:00:00,BE,2654.4,491.7,6182.7,3528.3,0.0,0.0,2026-06-02,23
2026-06-03 00:00:00,BE,2420.2,52.0,5644.0,3223.8,0.0,0.0,2026-06-03,0
2026-06-03 01:00:00,BE,1937.6,399.5,6043.5,4105.9,0.0,0.0,2026-06-03,1
2026-06-03 02:00:00,BE,2108.6,625.8,6325.8,4217.2,0.0,0.0,2026-06-03,2
2026-06-03 03:00:00,BE,2124.5,562.8,6186.8,4062.3,0.0,0.0,2026-06-03,3
2026-06-03 04:00:00,BE,2154.0,403.9,6055.9,3901.9,0.0,0.0,2026-06-03,4
2026-06-03 05:00:00,BE,2009.3,410.9,6065.9,4056.6,0.0,0.0,2026-06-03,5
2026-06-03 06:00:00,BE,1949.6,282.7,5800.7,3851.1,0.0,0.0,2026-06-03,6
2026-06-03 07:00:00,BE,2050.7,225.4,5815.4,3764.7,0.0,0.0,2026-06-03,7
2026-06-03 08:00:00,BE,2098.0,509.4,6163.4,4065.4,0.0,0.0,2026-06-03,8
2026-06-03 09:00:00,BE,2193.6,768.3,6349.3,4155.7,0.0,0.0,2026-06-03,9
2026-06-03 10:00:00,BE,2024.2,979.6,6643.6,4619.4,0.0,0.0,2026-06-03,10
2026-06-03 11:00:00,BE,2269.5,1454.3,7129.3,4859.8,0.0,0.0,2026-06-03,11
2026-06-03 12:00:00,BE,2229.1,1255.2,6932.2,4703.1,0.0,0.0,2026-06-03,12
2026-06-03 13:00:00,BE,2664.8,1134.5,6756.5,4091.7,0.0,0.0,2026-06-03,13
2026-06-03 14:00:00,BE,2578.1,1299.3,6956.3,4378.2,0.0,0.0,2026-06-03,14
2026-06-03 15:00:00,BE,2640.3,1087.3,6773.3,4133.0,0.0,0.0,2026-06-03,15
2026-06-03 16:00:00,BE,3056.2,696.2,6240.2,3184.0,0.0,0.0,2026-06-03,16
2026-06-03 17:00:00,BE,2761.0,511.8,6171.8,3410.8,0.0,0.0,2026-06-03,17
2026-06-03 18:00:00,BE,2858.5,314.4,5980.4,3121.9,0.0,0.0,2026-06-03,18
2026-06-03 19:00:00,BE,2888.5,587.6,6300.6,3412.1,0.0,0.0,2026-06-03,19
2026-06-03 20:00:00,BE,2816.3,272.5,5979.5,3163.2,0.0,0.0,2026-06-03,20
2026-06-03 21:00:00,BE,2893.6,400.9,6055.9,3162.3,0.0,0.0,2026-06-03,21
2026-06-03 22:00:00,BE,2726.5,291.7,5975.7,3249.2,0.0,0.0,2026-06-03,22
2026-06-03 23:00:00,BE,2414.6,527.9,6154.9,3740.3,0.0,0.0,2026-06-03,23
2026-06-04 00:00:00,BE,2498.2,368.8,5975.8,3477.6,0.0,0.0,2026-06-04,0
2026-06-04 01:00:00,BE,2239.9,86.8,5721.8,3481.9,0.0,0.0,2026-06-04,1
2026-06-04 02:00:00,BE,2084.9,372.6,6056.6,3971.7,0.0,0.0,2026-06-04,2
2026-06-04 03:00:00,BE,2118.5,155.6,5784.6,3666.1,0.0,0.0,2026-06-04,3
2026-06-04 04:00:00,BE,2019.9,251.3,6043.3,4023.4,0.0,0.0,2026-06-04,4
2026-06-04 05:00:00,BE,1934.4,463.7,6046.7,4112.3,0.0,0.0,2026-06-04,5
2026-06-04 06:00:00,BE,1799.5,398.9,6064.9,4265.4,0.0,0.0,2026-06-04,6
2026-06-04 07:00:00,BE,1927.3,342.8,6044.8,4117.5,0.0,0.0,2026-06-04,7
2026-06-04 08:00:00,BE,1822.7,664.0,6283.0,4460.3,0.0,0.0,2026-06-04,8
2026-06-04 09:00:00,BE,2136.0,894.2,6493.2,4357.2,0.0,0.0,2026-06-04,9
2026-06-04 10:00:00,BE,2114.4,983.5,6605.5,4491.1,0.0,0.0,2026-06-04,10
2026-06-04 11:00:00,BE,2258.1,1527.2,7193.2,4935.1,0.0,0.0,2026-06-04,11
2026-06-04 12:00:00,BE,2480.3,919.0,6595.0,4114.7,0.0,0.0,2026-06-04,12
2026-06-04 13:00:00,BE,2503.3,1332.3,7145.3,4642.0,0.0,0.0,2026-06-04,13
2026-06-04 14:00:00,BE,2703.7,908.3,6508.3,3804.6,0.0,0.0,2026-06-04,14
2026-06-04 15:00:00,BE,2665.2,692.6,6295.6,3630.4,0.0,0.0,2026-06-04,15
2026-06-04 16:00:00,BE,2862.7,669.9,6316.9,3454.2,0.0,0.0,2026-06-04,16
2026-06-04 17:00:00,BE,2989.2,534.3,6092.3,3103.1,0.0,0.0,2026-06-04,17
2026-06-04 18:00:00,BE,2676.6,220.6,5928.6,3252.0,0.0,0.0,2026-06-04,18
2026-06-04 19:00:00,BE,2824.5,120.8,5839.8,3015.3,0.0,0.0,2026-06-04,19
2026-06-04 20:00:00,BE,2839.5,819.4,6530.4,3690.9,0.0,0.0,2026-06-04,20
2026-06-04 21:00:00,BE,2727.7,242.2,5867.2,3139.5,0.0,0.0,2026-06-04,21
2026-06-04 22:00:00,BE,2699.3,452.4,6110.4,3411.1,0.0,0.0,2026-06-04,22
2026-06-04 23:00:00,BE,2659.5,181.9,5761.9,3102.4,0.0,0.0,2026-06-04,23
2026-06-05 00:00:00,BE,2404.1,186.5,5730.5,3326.4,0.0,0.0,2026-06-05,0
2026-06-05 01:00:00,BE,2318.2,592.8,6243.8,3925.6,0.0,0.0,2026-06-05,1
2026-06-05 02:00:00,BE,2191.5,330.8,5990.8,3799.3,0.0,0.0,2026-06-05,2
2026-06-05 03:00:00,BE,2157.7,348.1,6020.1,3862.4,0.0,0.0,2026-06-05,3
2026-06-05 04:00:00,BE,2049.2,811.3,6516.3,4467.1,0.0,0.0,2026-06-05,4
2026-06-05 05:00:00,BE,2088.7,676.7,6304.7,4216.0,0.0,0.0,2026-06-05,5
2026-06-05 06:00:00,BE,2023.1,581.9,6313.9,4290.8,0.0,0.0,2026-06-05,6
2026-06-05 07:00:00,BE,1837.7,790.2,6453.2,4615.5,0.0,0.0,2026-06-05,7
2026-06-05 08:00:00,BE,1991.0,709.6,6429.6,4438.6,0.0,0.0,2026-06-05,8
2026-06-05 09:00:00,BE,2154.1,778.6,6454.6,4300.5,0.0,0.0,2026-06-05,9
2026-06-05 10:00:00,BE,2158.4,729.7,6406.7,4248.3,0.0,0.0,2026-06-05,10
2026-06-05 11:00:00,BE,1932.6,1185.7,6790.7,4858.1,0.0,0.0,2026-06-05,11
2026-06-05 12:00:00,BE,2605.5,1380.9,6987.9,4382.4,0.0,0.0,2026-06-05,12
2026-06-05 13:00:00,BE,2573.4,965.6,6625.6,4052.2,0.0,0.0,2026-06-05,13
2026-06-05 14:00:00,BE,2676.2,987.0,6573.0,3896.8,0.0,0.0,2026-06-05,14
2026-06-05 15:00:00,BE,2783.6,735.3,6375.3,3591.7,0.0,0.0,2026-06-05,15
2026-06-05 16:00:00,BE,2727.1,1091.9,6736.9,4009.8,0.0,0.0,2026-06-05,16
2026-06-05 17:00:00,BE,2876.9,605.7,6283.7,3406.8,0.0,0.0,2026-06-05,17
2026-06-05 18:00:00,BE,2848.7,386.8,6046.8,3198.1,0.0,0.0,2026-06-05,18
2026-06-05 19:00:00,BE,2775.2,495.8,6177.8,3402.6,0.0,0.0,2026-06-05,19
2026-06-05 20:00:00,BE,2840.4,328.3,5850.3,3009.9,0.0,0.0,2026-06-05,20
2026-06-05 21:00:00,BE,2791.9,232.8,5856.8,3064.9,0.0,0.0,2026-06-05,21
2026-06-05 22:00:00,BE,2771.2,194.8,5896.8,3125.6,0.0,0.0,2026-06-05,22
2026-06-05 23:00:00,BE,2553.3,435.7,6117.7,3564.4,0.0,0.0,2026-06-05,23
2026-06-06 00:00:00,BE,2373.6,283.5,5911.5,3537.9,0.0,0.0,2026-06-06,0
2026-06-06 01:00:00,BE,2330.1,719.8,6269.8,3939.7,0.0,0.0,2026-06-06,1
2026-06-06 02:00:00,BE,2267.8,394.1,6113.1,3845.3,0.0,0.0,2026-06-06,2
2026-06-06 03:00:00,BE,2154.1,326.7,5996.7,3842.6,0.0,0.0,2026-06-06,3
2026-06-06 04:00:00,BE,1930.4,84.2,5736.2,3805.8,0.0,0.0,2026-06-06,4
2026-06-06 05:00:00,BE,1918.4,501.9,6186.9,4268.5,0.0,0.0,2026-06-06,5
2026-06-06 06:00:00,BE,1856.2,562.0,6144.0,4287.8,0.0,0.0,2026-06-06,6
2026-06-06 07:00:00,BE,2162.8,720.9,6408.9,4246.1,0.0,0.0,2026-06-06,7
2026-06-06 08:00:00,BE,2075.2,755.4,6387.4,4312.2,0.0,0.0,2026-06-06,8
2026-06-06 09:00:00,BE,2182.5,948.3,6596.3,4413.8,0.0,0.0,2026-06-06,9
2026-06-06 10:00:00,BE,2022.4,926.0,6562.0,4539.6,0.0,0.0,2026-06-06,10
2026-06-06 11:00:00,BE,2304.6,1049.3,6703.3,4398.7,0.0,0.0,2026-06-06,11
2026-06-06 12:00:00,BE,2557.2,956.2,6693.2,4136.0,0.0,0.0,2026-06-06,12
2026-06-06 13:00:00,BE,2368.8,1112.3,6650.3,4281.5,0.0,0.0,2026-06-06,13
2026-06-06 14:00:00,BE,2627.7,1120.2,6789.2,4161.5,0.0,0.0,2026-06-06,14
2026-06-06 15:00:00,BE,2513.4,1316.5,7040.5,4527.1,0.0,0.0,2026-06-06,15
2026-06-06 16:00:00,BE,3181.8,537.1,6243.1,3061.3,0.0,0.0,2026-06-06,16
2026-06-06 17:00:00,BE,2899.8,573.2,6285.2,3385.4,0.0,0.0,2026-06-06,17
2026-06-06 18:00:00,BE,2828.1,617.6,6250.6,3422.5,0.0,0.0,2026-06-06,18
2026-06-06 19:00:00,BE,2978.8,59.3,5738.3,2759.5,0.0,0.0,2026-06-06,19
2026-06-06 20:00:00,BE,2774.5,620.5,6193.5,3419.0,0.0,0.0,2026-06-06,20
2026-06-06 21:00:00,BE,2819.9,505.1,6074.1,3254.2,0.0,0.0,2026-06-06,21
2026-06-06 22:00:00,BE,2583.1,498.8,6000.8,3417.7,0.0,0.0,2026-06-06,22
2026-06-06 23:00:00,BE,2654.7,469.6,6115.6,3460.9,0.0,0.0,2026-06-06,23
2026-06-07 00:00:00,BE,2309.7,398.3,6031.3,3721.6,0.0,0.0,2026-06-07,0
2026-06-07 01:00:00,BE,2276.5,390.2,5918.2,3641.7,0.0,0.0,2026-06-07,1
2026-06-07 02:00:00,BE,2016.4,116.9,5754.9,3738.5,0.0,0.0,2026-06-07,2
2026-06-07 03:00:00,BE,2053.8,583.1,6264.1,4210.3,0.0,0.0,2026-06-07,3
2026-06-07 04:00:00,BE,1940.6,906.7,6584.7,4644.1,0.0,0.0,2026-06-07,4
2026-06-07 05:00:00,BE,1753.7,254.6,5970.6,4216.9,0.0,0.0,2026-06-07,5
2026-06-07 06:00:00,BE,2102.7,629.7,6381.7,4279.0,0.0,0.0,2026-06-07,6
2026-06-07 07:00:00,BE,1879.8,673.9,6286.9,4407.1,0.0,0.0,2026-06-07,7
2026-06-07 08:00:00,BE,1952.2,936.6,6646.6,4694.4,0.0,0.0,2026-06-07,8
2026-06-07 09:00:00,BE,2144.3,836.6,6407.6,4263.3,0.0,0.0,2026-06-07,9
2026-06-07 10:00:00,BE,2021.5,1214.3,6800.3,4778.8,0.0,0.0,2026-06-07,10
2026-06-07 11:00:00,BE,2126.3,1011.7,6645.7,4519.4,0.0,0.0,2026-06-07,11
2026-06-07 12:00:00,BE,2306.3,859.3,6516.3,4210.0,0.0,0.0,2026-06-07,12
2026-06-07 13:00:00,BE,2642.1,947.5,6616.5,3974.4,0.0,0.0,2026-06-07,13
2026-06-07 14:00:00,BE,2517.5,833.2,6430.2,3912.7,0.0,0.0,2026-06-07,14
2026-06-07 15:00:00,BE,3049.2,748.1,6273.1,3223.9,0.0,0.0,2026-06-07,15
2026-06-07 16:00:00,BE,2846.4,663.5,6280.5,3434.1,0.0,0.0,2026-06-07,16
2026-06-07 17:00:00,BE,2913.0,409.9,6072.9,3159.9,0.0,0.0,2026-06-07,17
2026-06-07 18:00:00,BE,2942.1,577.3,6264.3,3322.2,0.0,0.0,2026-06-07,18
2026-06-07 19:00:00,BE,2792.4,334.2,5990.2,3197.8,0.0,0.0,2026-06-07,19
2026-06-07 20:00:00,BE,2813.7,207.3,5833.3,3019.6,0.0,0.0,2026-06-07,20
2026-06-07 21:00:00,BE,2665.7,556.3,6086.3,3420.6,0.0,0.0,2026-06-07,21
2026-06-07 22:00:00,BE,2623.1,395.4,6034.4,3411.3,0.0,0.0,2026-06-07,22
2026-06-07 23:00:00,BE,2485.3,159.7,5826.7,3341.4,0.0,0.0,2026-06-07,23
2026-06-08 00:00:00,BE,2554.4,624.9,6294.9,3740.5,0.0,0.0,2026-06-08,0
2026-06-08 01:00:00,BE,2278.3,119.4,5840.4,3562.1,0.0,0.0,2026-06-08,1
2026-06-08 02:00:00,BE,2136.4,242.0,5914.0,3777.6,0.0,0.0,2026-06-08,2
2026-06-08 03:00:00,BE,2010.5,472.6,6122.6,4112.1,0.0,0.0,2026-06-08,3
2026-06-08 04:00:00,BE,1861.4,666.2,6237.2,4375.8,0.0,0.0,2026-06-08,4
2026-06-08 05:00:00,BE,1789.1,231.1,5790.1,4001.0,0.0,0.0,2026-06-08,5
2026-06-08 06:00:00,BE,1856.5,211.6,5823.6,3967.1,0.0,0.0,2026-06-08,6
2026-06-08 07:00:00,BE,2047.1,371.6,5990.6,3943.5,0.0,0.0,2026-06-08,7
2026-06-08 08:00:00,BE,2007.2,624.4,6219.4,4212.2,0.0,0.0,2026-06-08,8
2026-06-08 09:00:00,BE,1953.9,965.7,6622.7,4668.8,0.0,0.0,2026-06-08,9
2026-06-08 10:00:00,BE,2037.8,854.2,6518.2,4480.4,0.0,0.0,2026-06-08,10
2026-06-08 11:00:00,BE,2214.7,1054.2,6726.2,4511.5,0.0,0.0,2026-06-08,11
2026-06-08 12:00:00,BE,2502.6,823.3,6589.3,4086.7,0.0,0.0,2026-06-08,12
2026-06-08 13:00:00,BE,2629.0,1192.2,6867.2,4238.2,0.0,0.0,2026-06-08,13
2026-06-08 14:00:00,BE,2582.3,962.3,6614.3,4032.0,0.0,0.0,2026-06-08,14
2026-06-08 15:00:00,BE,2659.5,1482.3,7116.3,4456.8,0.0,0.0,2026-06-08,15
2026-06-08 16:00:00,BE,2869.3,935.7,6512.7,3643.4,0.0,0.0,2026-06-08,16
2026-06-08 17:00:00,BE,2769.8,416.4,6070.4,3300.6,0.0,0.0,2026-06-08,17
2026-06-08 18:00:00,BE,2847.9,187.1,5780.1,2932.2,0.0,0.0,2026-06-08,18
2026-06-08 19:00:00,BE,3051.1,567.0,6232.0,3180.9,0.0,0.0,2026-06-08,19
2026-06-08 20:00:00,BE,2734.2,637.2,6207.2,3473.0,0.0,0.0,2026-06-08,20
2026-06-08 21:00:00,BE,2744.0,389.3,6144.3,3400.3,0.0,0.0,2026-06-08,21
2026-06-08 22:00:00,BE,2624.3,573.6,6099.6,3475.3,0.0,0.0,2026-06-08,22
2026-06-08 23:00:00,BE,2613.8,96.4,5785.4,3171.6,0.0,0.0,2026-06-08,23
2026-06-09 00:00:00,BE,2405.0,485.6,6182.6,3777.6,0.0,0.0,2026-06-09,0
2026-06-09 01:00:00,BE,2078.0,45.3,5749.3,3671.3,0.0,0.0,2026-06-09,1
2026-06-09 02:00:00,BE,2000.3,465.4,6150.4,4150.1,0.0,0.0,2026-06-09,2
2026-06-09 03:00:00,BE,2087.5,823.1,6488.1,4400.6,0.0,0.0,2026-06-09,3
2026-06-09 04:00:00,BE,1934.3,367.7,5898.7,3964.4,0.0,0.0,2026-06-09,4
2026-06-09 05:00:00,BE,1833.3,486.6,6180.6,4347.3,0.0,0.0,2026-06-09,5
2026-06-09 06:00:00,BE,1713.0,220.6,5838.6,4125.6,0.0,0.0,2026-06-09,6
2026-06-09 07:00:00,BE,1921.4,306.2,5994.2,4072.8,0.0,0.0,2026-06-09,7
2026-06-09 08:00:00,BE,1885.4,728.4,6332.4,4447.0,0.0,0.0,2026-06-09,8
2026-06-09 09:00:00,BE,2101.7,990.8,6521.8,4420.1,0.0,0.0,2026-06-09,9
2026-06-09 10:00:00,BE,2160.1,983.1,6666.1,4506.0,0.0,0.0,2026-06-09,10
2026-06-09 11:00:00,BE,2134.9,951.8,6607.8,4472.9,0.0,0.0,2026-06-09,11
2026-06-09 12:00:00,BE,2221.6,1323.7,6821.7,4600.1,0.0,0.0,2026-06-09,12
2026-06-09 13:00:00,BE,2434.1,941.0,6621.0,4186.9,0.0,0.0,2026-06-09,13
2026-06-09 14:00:00,BE,2663.8,711.0,6386.0,3722.2,0.0,0.0,2026-06-09,14
2026-06-09 15:00:00,BE,2806.6,889.6,6550.6,3744.0,0.0,0.0,2026-06-09,15
2026-06-09 16:00:00,BE,2573.6,534.5,6199.5,3625.9,0.0,0.0,2026-06-09,16
2026-06-09 17:00:00,BE,3014.4,308.9,5996.9,2982.5,0.0,0.0,2026-06-09,17
2026-06-09 18:00:00,BE,2900.2,941.7,6575.7,3675.5,0.0,0.0,2026-06-09,18
2026-06-09 19:00:00,BE,2813.2,301.9,5975.9,3162.7,0.0,0.0,2026-06-09,19
2026-06-09 20:00:00,BE,2568.4,377.5,5904.5,3336.1,0.0,0.0,2026-06-09,20
2026-06-09 21:00:00,BE,2598.8,717.7,6385.7,3786.9,0.0,0.0,2026-06-09,21
2026-06-09 22:00:00,BE,2755.6,468.8,6074.8,3319.2,0.0,0.0,2026-06-09,22
2026-06-09 23:00:00,BE,2504.4,217.3,5836.3,3331.9,0.0,0.0,2026-06-09,23
2026-06-10 00:00:00,BE,2378.4,553.3,6194.3,3815.9,0.0,0.0,2026-06-10,0
2026-06-10 01:00:00,BE,2196.8,333.1,5951.1,3754.3,0.0,0.0,2026-06-10,1
2026-06-10 02:00:00,BE,2057.4,572.3,6206.3,4148.9,0.0,0.0,2026-06-10,2
2026-06-10 03:00:00,BE,1973.0,387.0,6089.0,4116.0,0.0,0.0,2026-06-10,3
2026-06-10 04:00:00,BE,2038.5,78.1,5754.1,3715.6,0.0,0.0,2026-06-10,4
2026-06-10 05:00:00,BE,1984.6,711.2,6315.2,4330.6,0.0,0.0,2026-06-10,5
2026-06-10 06:00:00,BE,1941.2,540.8,6149.8,4208.6,0.0,0.0,2026-06-10,6
2026-06-10 07:00:00,BE,1854.4,273.0,5748.0,3893.6,0.0,0.0,2026-06-10,7
2026-06-10 08:00:00,BE,1979.9,699.5,6468.5,4488.6,0.0,0.0,2026-06-10,8
2026-06-10 09:00:00,BE,2197.0,1059.9,6667.9,4470.9,0.0,0.0,2026-06-10,9
2026-06-10 10:00:00,BE,2219.4,952.5,6594.5,4375.1,0.0,0.0,2026-06-10,10
2026-06-10 11:00:00,BE,2397.9,1498.5,7075.5,4677.6,0.0,0.0,2026-06-10,11
2026-06-10 12:00:00,BE,2200.9,1276.0,6927.0,4726.1,0.0,0.0,2026-06-10,12
2026-06-10 13:00:00,BE,2261.3,1016.4,6623.4,4362.1,0.0,0.0,2026-06-10,13
2026-06-10 14:00:00,BE,2711.7,1078.1,6649.1,3937.4,0.0,0.0,2026-06-10,14
2026-06-10 15:00:00,BE,2702.5,741.7,6454.7,3752.2,0.0,0.0,2026-06-10,15
2026-06-10 16:00:00,BE,2368.4,1224.6,6857.6,4489.2,0.0,0.0,2026-06-10,16
2026-06-10 17:00:00,BE,2939.3,585.0,6167.0,3227.7,0.0,0.0,2026-06-10,17
2026-06-10 18:00:00,BE,2997.9,461.9,6120.9,3123.0,0.0,0.0,2026-06-10,18
2026-06-10 19:00:00,BE,2887.5,257.2,5884.2,2996.7,0.0,0.0,2026-06-10,19
2026-06-10 20:00:00,BE,2815.2,464.7,6164.7,3349.5,0.0,0.0,2026-06-10,20
2026-06-10 21:00:00,BE,2536.0,356.8,6038.8,3502.8,0.0,0.0,2026-06-10,21
2026-06-10 22:00:00,BE,2744.5,89.9,5775.9,3031.4,0.0,0.0,2026-06-10,22
2026-06-10 23:00:00,BE,2796.5,92.7,5787.7,2991.2,0.0,0.0,2026-06-10,23
2026-06-11 00:00:00,BE,2675.4,231.3,5852.3,3176.9,0.0,0.0,2026-06-11,0
2026-06-11 01:00:00,BE,2240.4,718.9,6321.9,4081.5,0.0,0.0,2026-06-11,1
2026-06-11 02:00:00,BE,2132.6,205.3,5900.3,3767.7,0.0,0.0,2026-06-11,2
2026-06-11 03:00:00,BE,2105.0,408.3,5958.3,3853.3,0.0,0.0,2026-06-11,3
2026-06-11 04:00:00,BE,1792.9,371.2,6043.2,4250.3,0.0,0.0,2026-06-11,4
2026-06-11 05:00:00,BE,1816.1,225.1,5859.1,4043.0,0.0,0.0,2026-06-11,5
2026-06-11 06:00:00,BE,1948.3,180.8,5815.8,3867.5,0.0,0.0,2026-06-11,6
2026-06-11 07:00:00,BE,1914.7,209.9,5879.9,3965.2,0.0,0.0,2026-06-11,7
2026-06-11 08:00:00,BE,1866.4,688.4,6268.4,4402.0,0.0,0.0,2026-06-11,8
2026-06-11 09:00:00,BE,1998.7,667.3,6302.3,4303.6,0.0,0.0,2026-06-11,9
2026-06-11 10:00:00,BE,1967.4,1094.8,6790.8,4823.4,0.0,0.0,2026-06-11,10
2026-06-11 11:00:00,BE,2186.5,924.7,6587.7,4401.2,0.0,0.0,2026-06-11,11
2026-06-11 12:00:00,BE,2497.8,939.5,6599.5,4101.7,0.0,0.0,2026-06-11,12
2026-06-11 13:00:00,BE,2416.2,1218.3,6965.3,4549.1,0.0,0.0,2026-06-11,13
2026-06-11 14:00:00,BE,2524.7,827.4,6383.4,3858.7,0.0,0.0,2026-06-11,14
2026-06-11 15:00:00,BE,2664.2,914.0,6487.0,3822.8,0.0,0.0,2026-06-11,15
2026-06-11 16:00:00,BE,2651.1,534.3,6208.3,3557.2,0.0,0.0,2026-06-11,16
2026-06-11 17:00:00,BE,2924.9,1031.0,6677.0,3752.1,0.0,0.0,2026-06-11,17
2026-06-11 18:00:00,BE,2675.9,457.6,6061.6,3385.7,0.0,0.0,2026-06-11,18
2026-06-11 19:00:00,BE,2731.0,332.8,5891.8,3160.8,0.0,0.0,2026-06-11,19
2026-06-11 20:00:00,BE,2823.6,344.1,5942.1,3118.5,0.0,0.0,2026-06-11,20
2026-06-11 21:00:00,BE,2472.5,357.4,6004.4,3531.9,0.0,0.0,2026-06-11,21
2026-06-11 22:00:00,BE,2793.0,445.9,6051.9,3258.9,0.0,0.0,2026-06-11,22
2026-06-11 23:00:00,BE,2649.6,499.2,6184.2,3534.6,0.0,0.0,2026-06-11,23
2026-06-12 00:00:00,BE,2365.5,395.0,6039.0,3673.5,0.0,0.0,2026-06-12,0
2026-06-12 01:00:00,BE,2380.4,336.8,6061.8,3681.4,0.0,0.0,2026-06-12,1
2026-06-12 02:00:00,BE,2146.3,294.9,5977.9,3831.6,0.0,0.0,2026-06-12,2
2026-06-12 03:00:00,BE,2083.2,241.1,5867.1,3783.9,0.0,0.0,2026-06-12,3
2026-06-12 04:00:00,BE,2066.3,116.0,5711.0,3644.7,0.0,0.0,2026-06-12,4
2026-06-12 05:00:00,BE,2145.0,261.7,5874.7,3729.7,0.0,0.0,2026-06-12,5
2026-06-12 06:00:00,BE,1891.2,186.9,5892.9,4001.7,0.0,0.0,2026-06-12,6
2026-06-12 07:00:00,BE,2166.2,636.5,6299.5,4133.3,0.0,0.0,2026-06-12,7
2026-06-12 08:00:00,BE,2064.8,692.7,6336.7,4271.9,0.0,0.0,2026-06-12,8
2026-06-12 09:00:00,BE,2204.7,854.1,6501.1,4296.4,0.0,0.0,2026-06-12,9
2026-06-12 10:00:00,BE,2119.3,1211.8,6844.8,4725.5,0.0,0.0,2026-06-12,10
2026-06-12 11:00:00,BE,2281.7,1107.5,6670.5,4388.8,0.0,0.0,2026-06-12,11
2026-06-12 12:00:00,BE,2635.7,1326.3,7092.3,4456.6,0.0,0.0,2026-06-12,12
2026-06-12 13:00:00,BE,2419.4,1094.4,6737.4,4318.0,0.0,0.0,2026-06-12,13
2026-06-12 14:00:00,BE,2468.4,1241.6,6960.6,4492.2,0.0,0.0,2026-06-12,14
2026-06-12 15:00:00,BE,2994.9,860.2,6501.2,3506.3,0.0,0.0,2026-06-12,15
2026-06-12 16:00:00,BE,2548.9,524.1,6154.1,3605.2,0.0,0.0,2026-06-12,16
2026-06-12 17:00:00,BE,2960.8,511.9,6147.9,3187.1,0.0,0.0,2026-06-12,17
2026-06-12 18:00:00,BE,2778.0,819.0,6440.0,3662.0,0.0,0.0,2026-06-12,18
2026-06-12 19:00:00,BE,2819.2,413.7,5953.7,3134.5,0.0,0.0,2026-06-12,19
2026-06-12 20:00:00,BE,2572.6,582.8,6259.8,3687.2,0.0,0.0,2026-06-12,20
2026-06-12 21:00:00,BE,2686.4,165.2,5794.2,3107.8,0.0,0.0,2026-06-12,21
2026-06-12 22:00:00,BE,2441.1,354.2,6023.2,3582.1,0.0,0.0,2026-06-12,22
2026-06-12 23:00:00,BE,2476.5,591.1,6197.1,3720.6,0.0,0.0,2026-06-12,23
2026-06-13 00:00:00,BE,2407.6,326.4,6000.4,3592.8,0.0,0.0,2026-06-13,0
2026-06-13 01:00:00,BE,2048.8,266.0,5927.0,3878.2,0.0,0.0,2026-06-13,1
2026-06-13 02:00:00,BE,2221.8,209.4,5875.4,3653.6,0.0,0.0,2026-06-13,2
2026-06-13 03:00:00,BE,2110.3,712.4,6397.4,4287.1,0.0,0.0,2026-06-13,3
2026-06-13 04:00:00,BE,1661.8,539.1,6311.1,4649.3,0.0,0.0,2026-06-13,4
2026-06-13 05:00:00,BE,1808.3,383.1,6000.1,4191.8,0.0,0.0,2026-06-13,5
2026-06-13 06:00:00,BE,1756.9,367.9,6016.9,4260.0,0.0,0.0,2026-06-13,6
2026-06-13 07:00:00,BE,2300.3,793.8,6437.8,4137.5,0.0,0.0,2026-06-13,7
2026-06-13 08:00:00,BE,1919.4,774.1,6312.1,4392.7,0.0,0.0,2026-06-13,8
2026-06-13 09:00:00,BE,1826.5,906.1,6549.1,4722.6,0.0,0.0,2026-06-13,9
2026-06-13 10:00:00,BE,2122.4,1189.5,6903.5,4781.1,0.0,0.0,2026-06-13,10
2026-06-13 11:00:00,BE,2061.9,1367.5,6973.5,4911.6,0.0,0.0,2026-06-13,11
2026-06-13 12:00:00,BE,2257.8,1197.6,6841.6,4583.8,0.0,0.0,2026-06-13,12
2026-06-13 13:00:00,BE,2640.1,1098.1,6661.1,4021.0,0.0,0.0,2026-06-13,13
2026-06-13 14:00:00,BE,2599.2,940.6,6678.6,4079.4,0.0,0.0,2026-06-13,14
2026-06-13 15:00:00,BE,2717.4,666.1,6236.1,3518.7,0.0,0.0,2026-06-13,15
2026-06-13 16:00:00,BE,2917.8,808.4,6522.4,3604.6,0.0,0.0,2026-06-13,16
2026-06-13 17:00:00,BE,3075.7,954.7,6575.7,3500.0,0.0,0.0,2026-06-13,17
2026-06-13 18:00:00,BE,2891.1,395.8,6039.8,3148.7,0.0,0.0,2026-06-13,18
2026-06-13 19:00:00,BE,2698.5,82.4,5716.4,3017.9,0.0,0.0,2026-06-13,19
2026-06-13 20:00:00,BE,2775.3,229.7,5907.7,3132.4,0.0,0.0,2026-06-13,20
2026-06-13 21:00:00,BE,2741.3,336.3,5959.3,3218.0,0.0,0.0,2026-06-13,21
2026-06-13 22:00:00,BE,2581.3,567.6,6246.6,3665.3,0.0,0.0,2026-06-13,22
2026-06-13 23:00:00,BE,2560.3,927.3,6556.3,3996.0,0.0,0.0,2026-06-13,23
2026-06-14 00:00:00,BE,2258.8,101.4,5613.4,3354.6,0.0,0.0,2026-06-14,0
2026-06-14 01:00:00,BE,2446.2,278.4,5905.4,3459.2,0.0,0.0,2026-06-14,1
2026-06-14 02:00:00,BE,2160.8,249.6,5894.6,3733.8,0.0,0.0,2026-06-14,2
2026-06-14 03:00:00,BE,1796.3,414.0,6063.0,4266.7,0.0,0.0,2026-06-14,3
2026-06-14 04:00:00,BE,1917.3,219.6,5809.6,3892.3,0.0,0.0,2026-06-14,4
2026-06-14 05:00:00,BE,1954.9,233.9,5858.9,3904.0,0.0,0.0,2026-06-14,5
2026-06-14 06:00:00,BE,1901.4,150.9,5839.9,3938.5,0.0,0.0,2026-06-14,6
2026-06-14 07:00:00,BE,2057.2,623.6,6287.6,4230.4,0.0,0.0,2026-06-14,7
2026-06-14 08:00:00,BE,1788.2,1318.0,7027.0,5238.8,0.0,0.0,2026-06-14,8
2026-06-14 09:00:00,BE,1802.4,1077.1,6735.1,4932.7,0.0,0.0,2026-06-14,9
2026-06-14 10:00:00,BE,2202.9,974.2,6611.2,4408.3,0.0,0.0,2026-06-14,10
2026-06-14 11:00:00,BE,2164.8,942.6,6541.6,4376.8,0.0,0.0,2026-06-14,11
2026-06-14 12:00:00,BE,2301.2,919.2,6560.2,4259.0,0.0,0.0,2026-06-14,12
2026-06-14 13:00:00,BE,2580.4,955.7,6668.7,4088.3,0.0,0.0,2026-06-14,13
2026-06-14 14:00:00,BE,2475.9,950.3,6633.3,4157.4,0.0,0.0,2026-06-14,14
2026-06-14 15:00:00,BE,2533.7,860.6,6509.6,3975.9,0.0,0.0,2026-06-14,15
2026-06-14 16:00:00,BE,2637.1,624.2,6228.2,3591.1,0.0,0.0,2026-06-14,16
2026-06-14 17:00:00,BE,2914.8,480.6,6129.6,3214.8,0.0,0.0,2026-06-14,17
2026-06-14 18:00:00,BE,2825.2,151.3,5793.3,2968.1,0.0,0.0,2026-06-14,18
2026-06-14 19:00:00,BE,2735.0,472.5,6117.5,3382.5,0.0,0.0,2026-06-14,19
2026-06-14 20:00:00,BE,2520.2,543.4,6253.4,3733.2,0.0,0.0,2026-06-14,20
2026-06-14 21:00:00,BE,2780.8,296.1,5956.1,3175.3,0.0,0.0,2026-06-14,21
2026-06-14 22:00:00,BE,2460.5,642.4,6305.4,3844.9,0.0,0.0,2026-06-14,22
2026-06-14 23:00:00,BE,2551.9,155.2,5760.2,3208.3,0.0,0.0,2026-06-14,23
2026-06-15 00:00:00,BE,2289.8,299.1,5900.1,3610.3,0.0,0.0,2026-06-15,0
2026-06-15 01:00:00,BE,2247.9,344.8,5924.8,3676.9,0.0,0.0,2026-06-15,1
2026-06-15 02:00:00,BE,2003.5,964.5,6651.5,4648.0,0.0,0.0,2026-06-15,2
2026-06-15 03:00:00,BE,2028.9,84.8,5670.8,3641.9,0.0,0.0,2026-06-15,3
2026-06-15 04:00:00,BE,1650.0,387.2,5899.2,4249.2,0.0,0.0,2026-06-15,4
2026-06-15 05:00:00,BE,1761.8,377.5,6073.5,4311.7,0.0,0.0,2026-06-15,5
2026-06-15 06:00:00,BE,1905.2,484.7,6097.7,4192.5,0.0,0.0,2026-06-15,6
2026-06-15 07:00:00,BE,2040.4,375.5,6027.5,3987.1,0.0,0.0,2026-06-15,7
2026-06-15 08:00:00,BE,1965.3,648.0,6290.0,4324.7,0.0,0.0,2026-06-15,8
2026-06-15 09:00:00,BE,1900.6,1075.8,6696.8,4796.2,0.0,0.0,2026-06-15,9
2026-06-15 10:00:00,BE,2011.5,911.8,6615.8,4604.3,0.0,0.0,2026-06-15,10
2026-06-15 11:00:00,BE,2221.2,1247.0,6938.0,4716.8,0.0,0.0,2026-06-15,11
2026-06-15 12:00:00,BE,2191.2,1126.7,6790.7,4599.5,0.0,0.0,2026-06-15,12
2026-06-15 13:00:00,BE,2595.7,859.3,6478.3,3882.6,0.0,0.0,2026-06-15,13
2026-06-15 14:00:00,BE,2836.6,1012.3,6716.3,3879.7,0.0,0.0,2026-06-15,14
2026-06-15 15:00:00,BE,2628.7,994.0,6628.0,3999.3,0.0,0.0,2026-06-15,15
2026-06-15 16:00:00,BE,2497.1,849.2,6497.2,4000.1,0.0,0.0,2026-06-15,16
2026-06-15 17:00:00,BE,2724.3,595.1,6264.1,3539.8,0.0,0.0,2026-06-15,17
2026-06-15 18:00:00,BE,2813.0,467.3,6052.3,3239.3,0.0,0.0,2026-06-15,18
2026-06-15 19:00:00,BE,2751.2,465.7,6109.7,3358.5,0.0,0.0,2026-06-15,19
2026-06-15 20:00:00,BE,2922.2,444.0,6038.0,3115.8,0.0,0.0,2026-06-15,20
2026-06-15 21:00:00,BE,2815.1,329.6,6017.6,3202.5,0.0,0.0,2026-06-15,21
2026-06-15 22:00:00,BE,2485.9,477.7,6188.7,3702.8,0.0,0.0,2026-06-15,22
2026-06-15 23:00:00,BE,2613.3,221.9,5933.9,3320.6,0.0,0.0,2026-06-15,23
2026-06-16 00:00:00,BE,2543.5,45.5,5698.5,3155.0,0.0,0.0,2026-06-16,0
2026-06-16 01:00:00,BE,2001.9,622.4,6201.4,4199.5,0.0,0.0,2026-06-16,1
2026-06-16 02:00:00,BE,2057.3,589.6,6185.6,4128.3,0.0,0.0,2026-06-16,2
2026-06-16 03:00:00,BE,1998.1,339.9,5955.9,3957.8,0.0,0.0,2026-06-16,3
2026-06-16 04:00:00,BE,2078.9,667.2,6366.2,4287.3,0.0,0.0,2026-06-16,4
2026-06-16 05:00:00,BE,1661.7,162.5,5816.5,4154.8,0.0,0.0,2026-06-16,5
2026-06-16 06:00:00,BE,1796.3,790.4,6411.4,4615.1,0.0,0.0,2026-06-16,6
2026-06-16 07:00:00,BE,1767.1,450.4,6105.4,4338.3,0.0,0.0,2026-06-16,7
2026-06-16 08:00:00,BE,1794.4,644.5,6246.5,4452.1,0.0,0.0,2026-06-16,8
2026-06-16 09:00:00,BE,1956.7,911.6,6440.6,4483.9,0.0,0.0,2026-06-16,9
2026-06-16 10:00:00,BE,2177.0,1191.1,6807.1,4630.1,0.0,0.0,2026-06-16,10
2026-06-16 11:00:00,BE,2282.9,1111.4,6673.4,4390.5,0.0,0.0,2026-06-16,11
2026-06-16 12:00:00,BE,2498.0,803.9,6385.9,3887.9,0.0,0.0,2026-06-16,12
2026-06-16 13:00:00,BE,2402.3,1125.4,6801.4,4399.1,0.0,0.0,2026-06-16,13
2026-06-16 14:00:00,BE,2602.1,1237.9,6814.9,4212.8,0.0,0.0,2026-06-16,14
2026-06-16 15:00:00,BE,2752.3,1546.7,7107.7,4355.4,0.0,0.0,2026-06-16,15
2026-06-16 16:00:00,BE,2945.8,836.7,6554.7,3608.9,0.0,0.0,2026-06-16,16
2026-06-16 17:00:00,BE,2706.0,811.6,6475.6,3769.6,0.0,0.0,2026-06-16,17
2026-06-16 18:00:00,BE,2835.7,422.3,6133.3,3297.6,0.0,0.0,2026-06-16,18
2026-06-16 19:00:00,BE,2696.5,354.2,5994.2,3297.7,0.0,0.0,2026-06-16,19
2026-06-16 20:00:00,BE,2813.9,408.6,6069.6,3255.7,0.0,0.0,2026-06-16,20
2026-06-16 21:00:00,BE,2496.6,813.6,6375.6,3879.0,0.0,0.0,2026-06-16,21
2026-06-16 22:00:00,BE,2437.4,466.6,6225.6,3788.2,0.0,0.0,2026-06-16,22
2026-06-16 23:00:00,BE,2465.0,487.4,6137.4,3672.4,0.0,0.0,2026-06-16,23
2026-06-17 00:00:00,BE,2196.0,357.1,6101.1,3905.1,0.0,0.0,2026-06-17,0
2026-06-17 01:00:00,BE,2241.2,820.4,6448.4,4207.2,0.0,0.0,2026-06-17,1
2026-06-17 02:00:00,BE,1979.1,379.2,6067.2,4088.1,0.0,0.0,2026-06-17,2
2026-06-17 03:00:00,BE,1695.1,285.7,5967.7,4272.6,0.0,0.0,2026-06-17,3
2026-06-17 04:00:00,BE,1809.9,252.7,5897.7,4087.8,0.0,0.0,2026-06-17,4
2026-06-17 05:00:00,BE,1979.4,431.9,6066.9,4087.5,0.0,0.0,2026-06-17,5
2026-06-17 06:00:00,BE,1878.8,355.0,5954.0,4075.2,0.0,0.0,2026-06-17,6
2026-06-17 07:00:00,BE,1915.9,443.1,6173.1,4257.2,0.0,0.0,2026-06-17,7
2026-06-17 08:00:00,BE,1559.9,1246.2,6930.2,5370.3,0.0,0.0,2026-06-17,8
2026-06-17 09:00:00,BE,1913.0,923.9,6587.9,4674.9,0.0,0.0,2026-06-17,9
2026-06-17 10:00:00,BE,2152.2,940.8,6618.8,4466.6,0.0,0.0,2026-06-17,10
2026-06-17 11:00:00,BE,2168.4,1079.5,6799.5,4631.1,0.0,0.0,2026-06-17,11
2026-06-17 12:00:00,BE,2428.6,1101.8,6806.8,4378.2,0.0,0.0,2026-06-17,12
2026-06-17 13:00:00,BE,2519.6,1007.7,6679.7,4160.1,0.0,0.0,2026-06-17,13
2026-06-17 14:00:00,BE,2512.0,1008.5,6661.5,4149.5,0.0,0.0,2026-06-17,14
2026-06-17 15:00:00,BE,2800.3,1076.3,6747.3,3947.0,0.0,0.0,2026-06-17,15
2026-06-17 16:00:00,BE,2945.3,564.0,6217.0,3271.7,0.0,0.0,2026-06-17,16
2026-06-17 17:00:00,BE,2905.0,496.1,6106.1,3201.1,0.0,0.0,2026-06-17,17
2026-06-17 18:00:00,BE,2908.1,26.1,5694.1,2786.0,0.0,0.0,2026-06-17,18
2026-06-17 19:00:00,BE,2665.9,504.9,6222.9,3557.0,0.0,0.0,2026-06-17,19
2026-06-17 20:00:00,BE,2780.7,383.5,5994.5,3213.8,0.0,0.0,2026-06-17,20
2026-06-17 21:00:00,BE,2715.5,229.6,5844.6,3129.1,0.0,0.0,2026-06-17,21
2026-06-17 22:00:00,BE,2458.6,156.2,5785.2,3326.6,0.0,0.0,2026-06-17,22
2026-06-17 23:00:00,BE,2416.9,297.4,6049.4,3632.5,0.0,0.0,2026-06-17,23
2026-06-18 00:00:00,BE,2248.3,426.5,6074.5,3826.2,0.0,0.0,2026-06-18,0
2026-06-18 01:00:00,BE,2346.0,445.4,6091.4,3745.4,0.0,0.0,2026-06-18,1
2026-06-18 02:00:00,BE,1954.4,292.0,6082.0,4127.6,0.0,0.0,2026-06-18,2
2026-06-18 03:00:00,BE,1999.2,230.0,5851.0,3851.8,0.0,0.0,2026-06-18,3
2026-06-18 04:00:00,BE,1888.7,127.9,5739.9,3851.2,0.0,0.0,2026-06-18,4
2026-06-18 05:00:00,BE,1908.8,350.5,6004.5,4095.7,0.0,0.0,2026-06-18,5
2026-06-18 06:00:00,BE,1820.8,221.7,5915.7,4094.9,0.0,0.0,2026-06-18,6
2026-06-18 07:00:00,BE,1735.6,325.4,5991.4,4255.8,0.0,0.0,2026-06-18,7
2026-06-18 08:00:00,BE,1923.2,424.0,5959.0,4035.8,0.0,0.0,2026-06-18,8
2026-06-18 09:00:00,BE,2208.3,941.7,6572.7,4364.4,0.0,0.0,2026-06-18,9
2026-06-18 10:00:00,BE,2132.8,776.8,6445.8,4313.0,0.0,0.0,2026-06-18,10
2026-06-18 11:00:00,BE,2323.1,1278.3,7027.3,4704.2,0.0,0.0,2026-06-18,11
2026-06-18 12:00:00,BE,2132.0,849.9,6461.9,4329.9,0.0,0.0,2026-06-18,12
2026-06-18 13:00:00,BE,2673.7,1273.2,6997.2,4323.5,0.0,0.0,2026-06-18,13
2026-06-18 14:00:00,BE,2721.5,1359.6,6962.6,4241.1,0.0,0.0,2026-06-18,14
2026-06-18 15:00:00,BE,2665.8,887.3,6551.3,3885.5,0.0,0.0,2026-06-18,15
2026-06-18 16:00:00,BE,2843.9,542.7,6165.7,3321.8,0.0,0.0,2026-06-18,16
2026-06-18 17:00:00,BE,3017.6,903.0,6515.0,3497.4,0.0,0.0,2026-06-18,17
2026-06-18 18:00:00,BE,2817.8,325.9,5912.9,3095.1,0.0,0.0,2026-06-18,18
2026-06-18 19:00:00,BE,2675.2,469.8,6166.8,3491.6,0.0,0.0,2026-06-18,19
2026-06-18 20:00:00,BE,2857.5,626.3,6236.3,3378.8,0.0,0.0,2026-06-18,20
2026-06-18 21:00:00,BE,2649.1,309.2,6027.2,3378.1,0.0,0.0,2026-06-18,21
2026-06-18 22:00:00,BE,2636.6,444.1,5991.1,3354.5,0.0,0.0,2026-06-18,22
2026-06-18 23:00:00,BE,2414.9,1045.6,6668.6,4253.7,0.0,0.0,2026-06-18,23
2026-06-19 00:00:00,BE,2138.6,160.4,5904.4,3765.8,0.0,0.0,2026-06-19,0
2026-06-19 01:00:00,BE,2137.0,166.3,5807.3,3670.3,0.0,0.0,2026-06-19,1
2026-06-19 02:00:00,BE,2138.1,36.0,5666.0,3527.9,0.0,0.0,2026-06-19,2
2026-06-19 03:00:00,BE,1835.2,508.0,6098.0,4262.8,0.0,0.0,2026-06-19,3
2026-06-19 04:00:00,BE,2088.4,181.7,5753.7,3665.3,0.0,0.0,2026-06-19,4
2026-06-19 05:00:00,BE,1594.5,521.6,6266.6,4672.1,0.0,0.0,2026-06-19,5
2026-06-19 06:00:00,BE,1715.3,399.6,6158.6,4443.3,0.0,0.0,2026-06-19,6
2026-06-19 07:00:00,BE,1872.0,995.1,6655.1,4783.1,0.0,0.0,2026-06-19,7
2026-06-19 08:00:00,BE,1912.4,887.8,6525.8,4613.4,0.0,0.0,2026-06-19,8
2026-06-19 09:00:00,BE,2065.5,693.3,6417.3,4351.8,0.0,0.0,2026-06-19,9
2026-06-19 10:00:00,BE,2092.1,1150.5,6769.5,4677.4,0.0,0.0,2026-06-19,10
2026-06-19 11:00:00,BE,2388.9,848.9,6498.9,4110.0,0.0,0.0,2026-06-19,11
2026-06-19 12:00:00,BE,2264.5,1490.9,7018.9,4754.4,0.0,0.0,2026-06-19,12
2026-06-19 13:00:00,BE,2524.0,951.7,6575.7,4051.7,0.0,0.0,2026-06-19,13
2026-06-19 14:00:00,BE,2491.8,890.3,6549.3,4057.5,0.0,0.0,2026-06-19,14
2026-06-19 15:00:00,BE,2815.7,1029.5,6623.5,3807.8,0.0,0.0,2026-06-19,15
2026-06-19 16:00:00,BE,2730.7,797.8,6344.8,3614.1,0.0,0.0,2026-06-19,16
2026-06-19 17:00:00,BE,2768.3,266.7,5952.7,3184.4,0.0,0.0,2026-06-19,17
2026-06-19 18:00:00,BE,2820.8,174.6,5744.6,2923.8,0.0,0.0,2026-06-19,18
2026-06-19 19:00:00,BE,2694.5,750.0,6381.0,3686.5,0.0,0.0,2026-06-19,19
2026-06-19 20:00:00,BE,2709.0,276.0,5886.0,3177.0,0.0,0.0,2026-06-19,20
2026-06-19 21:00:00,BE,2481.9,494.4,6048.4,3566.5,0.0,0.0,2026-06-19,21
2026-06-19 22:00:00,BE,2534.4,494.1,6118.1,3583.7,0.0,0.0,2026-06-19,22
2026-06-19 23:00:00,BE,2441.8,582.6,6197.6,3755.8,0.0,0.0,2026-06-19,23
2026-06-20 00:00:00,BE,2398.8,156.1,5836.1,3437.3,0.0,0.0,2026-06-20,0
2026-06-20 01:00:00,BE,2140.3,133.5,5751.5,3611.2,0.0,0.0,2026-06-20,1
2026-06-20 02:00:00,BE,1914.7,610.9,6224.9,4310.2,0.0,0.0,2026-06-20,2
2026-06-20 03:00:00,BE,1961.6,612.0,6321.0,4359.4,0.0,0.0,2026-06-20,3
2026-06-20 04:00:00,BE,1814.7,561.0,6221.0,4406.3,0.0,0.0,2026-06-20,4
2026-06-20 05:00:00,BE,1726.2,407.1,6153.1,4426.9,0.0,0.0,2026-06-20,5
2026-06-20 06:00:00,BE,2029.0,68.1,5707.1,3678.1,0.0,0.0,2026-06-20,6
2026-06-20 07:00:00,BE,1808.0,624.1,6309.1,4501.1,0.0,0.0,2026-06-20,7
2026-06-20 08:00:00,BE,2235.6,1127.8,6754.8,4519.2,0.0,0.0,2026-06-20,8
2026-06-20 09:00:00,BE,1922.5,1309.0,6882.0,4959.5,0.0,0.0,2026-06-20,9
2026-06-20 10:00:00,BE,1941.5,1011.3,6558.3,4616.8,0.0,0.0,2026-06-20,10
2026-06-20 11:00:00,BE,2160.1,952.2,6533.2,4373.1,0.0,0.0,2026-06-20,11
2026-06-20 12:00:00,BE,2219.7,842.8,6451.8,4232.1,0.0,0.0,2026-06-20,12
2026-06-20 13:00:00,BE,2539.5,822.8,6355.8,3816.3,0.0,0.0,2026-06-20,13
2026-06-20 14:00:00,BE,2508.0,1326.7,6981.7,4473.7,0.0,0.0,2026-06-20,14
2026-06-20 15:00:00,BE,2676.5,748.8,6367.8,3691.3,0.0,0.0,2026-06-20,15
2026-06-20 16:00:00,BE,2849.6,652.0,6338.0,3488.4,0.0,0.0,2026-06-20,16
2026-06-20 17:00:00,BE,2790.7,801.7,6290.7,3500.0,0.0,0.0,2026-06-20,17
2026-06-20 18:00:00,BE,2843.7,101.7,5655.7,2812.0,0.0,0.0,2026-06-20,18
2026-06-20 19:00:00,BE,2731.8,682.4,6262.4,3530.6,0.0,0.0,2026-06-20,19
2026-06-20 20:00:00,BE,2865.7,109.5,5839.5,2973.8,0.0,0.0,2026-06-20,20
2026-06-20 21:00:00,BE,2876.3,437.4,6004.4,3128.1,0.0,0.0,2026-06-20,21
2026-06-20 22:00:00,BE,2545.3,542.2,6224.2,3678.9,0.0,0.0,2026-06-20,22
2026-06-20 23:00:00,BE,2332.5,555.2,6124.2,3791.7,0.0,0.0,2026-06-20,23
2026-06-21 00:00:00,BE,2335.5,920.3,6489.3,4153.8,0.0,0.0,2026-06-21,0
2026-06-21 01:00:00,BE,2400.7,314.7,6008.7,3608.0,0.0,0.0,2026-06-21,1
2026-06-21 02:00:00,BE,2047.1,523.4,6147.4,4100.3,0.0,0.0,2026-06-21,2
2026-06-21 03:00:00,BE,2143.8,246.3,5911.3,3767.5,0.0,0.0,2026-06-21,3
2026-06-21 04:00:00,BE,1783.6,566.4,6298.4,4514.8,0.0,0.0,2026-06-21,4
2026-06-21 05:00:00,BE,1817.6,583.3,6124.3,4306.7,0.0,0.0,2026-06-21,5
2026-06-21 06:00:00,BE,1945.7,477.5,6119.5,4173.8,0.0,0.0,2026-06-21,6
2026-06-21 07:00:00,BE,1871.5,644.3,6301.3,4429.8,0.0,0.0,2026-06-21,7
2026-06-21 08:00:00,BE,1834.5,459.9,5995.9,4161.4,0.0,0.0,2026-06-21,8
2026-06-21 09:00:00,BE,2178.0,664.7,6260.7,4082.7,0.0,0.0,2026-06-21,9
2026-06-21 10:00:00,BE,2066.7,788.1,6451.1,4384.4,0.0,0.0,2026-06-21,10
2026-06-21 11:00:00,BE,2206.5,805.9,6366.9,4160.4,0.0,0.0,2026-06-21,11
2026-06-21 12:00:00,BE,2290.6,1222.4,6932.4,4641.8,0.0,0.0,2026-06-21,12
2026-06-21 13:00:00,BE,2348.3,855.2,6513.2,4164.9,0.0,0.0,2026-06-21,13
2026-06-21 14:00:00,BE,2593.1,1333.7,6883.7,4290.6,0.0,0.0,2026-06-21,14
2026-06-21 15:00:00,BE,2828.4,723.7,6378.7,3550.3,0.0,0.0,2026-06-21,15
2026-06-21 16:00:00,BE,2738.3,1262.0,6936.0,4197.7,0.0,0.0,2026-06-21,16
2026-06-21 17:00:00,BE,2952.5,275.8,5943.8,2991.3,0.0,0.0,2026-06-21,17
2026-06-21 18:00:00,BE,2716.1,421.1,6011.1,3295.0,0.0,0.0,2026-06-21,18
2026-06-21 19:00:00,BE,2827.7,279.5,6010.5,3182.8,0.0,0.0,2026-06-21,19
2026-06-21 20:00:00,BE,2831.5,308.5,6002.5,3171.0,0.0,0.0,2026-06-21,20
2026-06-21 21:00:00,BE,2734.6,297.5,5956.5,3221.9,0.0,0.0,2026-06-21,21
2026-06-21 22:00:00,BE,2547.3,395.0,5985.0,3437.7,0.0,0.0,2026-06-21,22
2026-06-21 23:00:00,BE,2216.0,44.4,5807.4,3591.4,0.0,0.0,2026-06-21,23
2026-06-22 00:00:00,BE,2300.7,479.4,6160.4,3859.7,0.0,0.0,2026-06-22,0
2026-06-22 01:00:00,BE,2297.1,378.6,5981.6,3684.5,0.0,0.0,2026-06-22,1
2026-06-22 02:00:00,BE,2144.8,623.8,6226.8,4082.0,0.0,0.0,2026-06-22,2
2026-06-22 03:00:00,BE,1951.8,610.1,6234.1,4282.3,0.0,0.0,2026-06-22,3
2026-06-22 04:00:00,BE,2048.9,631.9,6158.9,4110.0,0.0,0.0,2026-06-22,4
2026-06-22 05:00:00,BE,1706.2,305.1,6015.1,4308.9,0.0,0.0,2026-06-22,5
2026-06-22 06:00:00,BE,1868.4,60.2,5677.2,3808.8,0.0,0.0,2026-06-22,6
2026-06-22 07:00:00,BE,2034.8,1048.9,6759.9,4725.1,0.0,0.0,2026-06-22,7
2026-06-22 08:00:00,BE,2074.8,573.7,6213.7,4138.9,0.0,0.0,2026-06-22,8
2026-06-22 09:00:00,BE,2201.5,796.3,6297.3,4095.8,0.0,0.0,2026-06-22,9
2026-06-22 10:00:00,BE,1918.7,1082.6,6767.6,4848.9,0.0,0.0,2026-06-22,10
2026-06-22 11:00:00,BE,2139.3,1345.1,7030.1,4890.8,0.0,0.0,2026-06-22,11
2026-06-22 12:00:00,BE,2336.3,997.2,6604.2,4267.9,0.0,0.0,2026-06-22,12
2026-06-22 13:00:00,BE,2544.5,1051.6,6777.6,4233.1,0.0,0.0,2026-06-22,13
2026-06-22 14:00:00,BE,2423.7,858.9,6517.9,4094.2,0.0,0.0,2026-06-22,14
2026-06-22 15:00:00,BE,2706.0,645.6,6256.6,3550.6,0.0,0.0,2026-06-22,15
2026-06-22 16:00:00,BE,2649.6,781.8,6331.8,3682.2,0.0,0.0,2026-06-22,16
2026-06-22 17:00:00,BE,2786.9,614.7,6205.7,3418.8,0.0,0.0,2026-06-22,17
2026-06-22 18:00:00,BE,2622.8,175.0,5915.0,3292.2,0.0,0.0,2026-06-22,18
2026-06-22 19:00:00,BE,2875.2,522.5,6209.5,3334.3,0.0,0.0,2026-06-22,19
2026-06-22 20:00:00,BE,2518.2,341.8,6001.8,3483.6,0.0,0.0,2026-06-22,20
2026-06-22 21:00:00,BE,2716.6,558.9,6168.9,3452.3,0.0,0.0,2026-06-22,21
2026-06-22 22:00:00,BE,2414.9,211.6,5878.6,3463.7,0.0,0.0,2026-06-22,22
2026-06-22 23:00:00,BE,2348.2,510.7,6191.7,3843.5,0.0,0.0,2026-06-22,23
2026-06-23 00:00:00,BE,2386.8,244.6,5851.6,3464.8,0.0,0.0,2026-06-23,0
2026-06-23 01:00:00,BE,2222.3,603.8,6304.8,4082.5,0.0,0.0,2026-06-23,1
2026-06-23 02:00:00,BE,1913.9,256.5,5848.5,3934.6,0.0,0.0,2026-06-23,2
2026-06-23 03:00:00,BE,1671.4,244.7,5939.7,4268.3,0.0,0.0,2026-06-23,3
2026-06-23 04:00:00,BE,1903.9,676.6,6421.6,4517.7,0.0,0.0,2026-06-23,4
2026-06-23 05:00:00,BE,1855.3,367.9,6000.9,4145.6,0.0,0.0,2026-06-23,5
2026-06-23 06:00:00,BE,1631.2,376.3,6098.3,4467.1,0.0,0.0,2026-06-23,6
2026-06-23 07:00:00,BE,2045.4,293.0,5942.0,3896.6,0.0,0.0,2026-06-23,7
2026-06-23 08:00:00,BE,1985.1,737.4,6480.4,4495.3,0.0,0.0,2026-06-23,8
2026-06-23 09:00:00,BE,1780.0,594.8,6177.8,4397.8,0.0,0.0,2026-06-23,9
2026-06-23 10:00:00,BE,2169.6,750.9,6450.9,4281.3,0.0,0.0,2026-06-23,10
2026-06-23 11:00:00,BE,2019.5,1365.3,7089.3,5069.8,0.0,0.0,2026-06-23,11
2026-06-23 12:00:00,BE,2500.7,1272.4,6956.4,4455.7,0.0,0.0,2026-06-23,12
2026-06-23 13:00:00,BE,2644.9,1146.3,6845.3,4200.4,0.0,0.0,2026-06-23,13
2026-06-23 14:00:00,BE,2775.6,989.6,6734.6,3959.0,0.0,0.0,2026-06-23,14
2026-06-23 15:00:00,BE,2513.2,1113.9,6831.9,4318.7,0.0,0.0,2026-06-23,15
2026-06-23 16:00:00,BE,2702.7,501.8,6142.8,3440.1,0.0,0.0,2026-06-23,16
2026-06-23 17:00:00,BE,2640.0,570.9,6152.9,3512.9,0.0,0.0,2026-06-23,17
2026-06-23 18:00:00,BE,2694.3,493.6,6198.6,3504.3,0.0,0.0,2026-06-23,18
2026-06-23 19:00:00,BE,3042.4,592.0,6322.0,3279.6,0.0,0.0,2026-06-23,19
2026-06-23 20:00:00,BE,2761.1,509.9,6170.9,3409.8,0.0,0.0,2026-06-23,20
2026-06-23 21:00:00,BE,2635.8,924.2,6533.2,3897.4,0.0,0.0,2026-06-23,21
2026-06-23 22:00:00,BE,2538.9,140.8,5936.8,3397.9,0.0,0.0,2026-06-23,22
2026-06-23 23:00:00,BE,2339.4,1200.0,6836.0,4496.6,0.0,0.0,2026-06-23,23
2026-06-24 00:00:00,BE,2244.7,321.5,5893.5,3648.8,0.0,0.0,2026-06-24,0
2026-06-24 01:00:00,BE,2244.5,548.7,6223.7,3979.2,0.0,0.0,2026-06-24,1
2026-06-24 02:00:00,BE,2023.9,372.4,6005.4,3981.5,0.0,0.0,2026-06-24,2
2026-06-24 03:00:00,BE,1910.9,325.5,5966.5,4055.6,0.0,0.0,2026-06-24,3
2026-06-24 04:00:00,BE,1854.9,495.8,6001.8,4146.9,0.0,0.0,2026-06-24,4
2026-06-24 05:00:00,BE,1839.6,663.9,6343.9,4504.3,0.0,0.0,2026-06-24,5
2026-06-24 06:00:00,BE,1789.6,459.8,6118.8,4329.2,0.0,0.0,2026-06-24,6
2026-06-24 07:00:00,BE,1767.0,839.6,6384.6,4617.6,0.0,0.0,2026-06-24,7
2026-06-24 08:00:00,BE,1825.0,509.0,6248.0,4423.0,0.0,0.0,2026-06-24,8
2026-06-24 09:00:00,BE,2011.2,1032.3,6657.3,4646.1,0.0,0.0,2026-06-24,9
2026-06-24 10:00:00,BE,2018.4,685.3,6300.3,4281.9,0.0,0.0,2026-06-24,10
2026-06-24 11:00:00,BE,2154.8,1272.1,6967.1,4812.3,0.0,0.0,2026-06-24,11
2026-06-24 12:00:00,BE,2227.9,1426.6,7108.6,4880.7,0.0,0.0,2026-06-24,12
2026-06-24 13:00:00,BE,2427.7,1198.7,6802.7,4375.0,0.0,0.0,2026-06-24,13
2026-06-24 14:00:00,BE,2622.7,1145.2,6830.2,4207.5,0.0,0.0,2026-06-24,14
2026-06-24 15:00:00,BE,2443.5,851.7,6447.7,4004.2,0.0,0.0,2026-06-24,15
2026-06-24 16:00:00,BE,2765.2,676.4,6293.4,3528.2,0.0,0.0,2026-06-24,16
2026-06-24 17:00:00,BE,2868.6,765.3,6458.3,3589.7,0.0,0.0,2026-06-24,17
2026-06-24 18:00:00,BE,2811.7,520.8,6236.8,3425.1,0.0,0.0,2026-06-24,18
2026-06-24 19:00:00,BE,2716.7,397.2,6070.2,3353.5,0.0,0.0,2026-06-24,19
2026-06-24 20:00:00,BE,2856.9,730.6,6419.6,3562.7,0.0,0.0,2026-06-24,20
2026-06-24 21:00:00,BE,2779.4,218.2,5762.2,2982.8,0.0,0.0,2026-06-24,21
2026-06-24 22:00:00,BE,2449.6,452.5,6195.5,3745.9,0.0,0.0,2026-06-24,22
2026-06-24 23:00:00,BE,2492.7,376.4,6016.4,3523.7,0.0,0.0,2026-06-24,23
2026-06-25 00:00:00,BE,2335.7,596.8,6214.8,3879.1,0.0,0.0,2026-06-25,0
2026-06-25 01:00:00,BE,1931.6,263.4,5928.4,3996.8,0.0,0.0,2026-06-25,1
2026-06-25 02:00:00,BE,2098.1,272.5,5919.5,3821.4,0.0,0.0,2026-06-25,2
2026-06-25 03:00:00,BE,1785.0,541.9,6103.9,4318.9,0.0,0.0,2026-06-25,3
2026-06-25 04:00:00,BE,1877.8,546.7,6181.7,4303.9,0.0,0.0,2026-06-25,4
2026-06-25 05:00:00,BE,1645.6,774.4,6424.4,4778.8,0.0,0.0,2026-06-25,5
2026-06-25 06:00:00,BE,1869.9,649.0,6316.0,4446.1,0.0,0.0,2026-06-25,6
2026-06-25 07:00:00,BE,2108.8,572.4,6223.4,4114.6,0.0,0.0,2026-06-25,7
2026-06-25 08:00:00,BE,1797.7,654.9,6207.9,4410.2,0.0,0.0,2026-06-25,8
2026-06-25 09:00:00,BE,1839.1,914.7,6475.7,4636.6,0.0,0.0,2026-06-25,9
2026-06-25 10:00:00,BE,1862.6,875.6,6474.6,4612.0,0.0,0.0,2026-06-25,10
2026-06-25 11:00:00,BE,2052.7,1075.1,6701.1,4648.4,0.0,0.0,2026-06-25,11
2026-06-25 12:00:00,BE,2431.8,1175.4,6838.4,4406.6,0.0,0.0,2026-06-25,12
2026-06-25 13:00:00,BE,2441.2,942.1,6562.1,4120.9,0.0,0.0,2026-06-25,13
2026-06-25 14:00:00,BE,2348.2,1293.2,6895.2,4547.0,0.0,0.0,2026-06-25,14
2026-06-25 15:00:00,BE,2630.2,934.7,6616.7,3986.5,0.0,0.0,2026-06-25,15
2026-06-25 16:00:00,BE,2692.3,379.3,6024.3,3332.0,0.0,0.0,2026-06-25,16
2026-06-25 17:00:00,BE,2861.5,411.1,6064.1,3202.6,0.0,0.0,2026-06-25,17
2026-06-25 18:00:00,BE,2745.8,450.9,6208.9,3463.1,0.0,0.0,2026-06-25,18
2026-06-25 19:00:00,BE,2836.4,205.1,5840.1,3003.7,0.0,0.0,2026-06-25,19
2026-06-25 20:00:00,BE,2725.8,702.7,6403.7,3677.9,0.0,0.0,2026-06-25,20
2026-06-25 21:00:00,BE,2454.7,405.2,6023.2,3568.5,0.0,0.0,2026-06-25,21
2026-06-25 22:00:00,BE,2429.4,416.3,6130.3,3700.9,0.0,0.0,2026-06-25,22
2026-06-25 23:00:00,BE,2592.5,480.1,6116.1,3523.6,0.0,0.0,2026-06-25,23
2026-06-26 00:00:00,BE,2348.5,582.2,6259.2,3910.7,0.0,0.0,2026-06-26,0
2026-06-26 01:00:00,BE,2198.5,383.5,6107.5,3909.0,0.0,0.0,2026-06-26,1
2026-06-26 02:00:00,BE,2052.8,1200.0,6790.0,4737.2,0.0,0.0,2026-06-26,2
2026-06-26 03:00:00,BE,1754.4,314.4,5852.4,4098.0,0.0,0.0,2026-06-26,3
2026-06-26 04:00:00,BE,1839.0,483.2,6225.2,4386.2,0.0,0.0,2026-06-26,4
2026-06-26 05:00:00,BE,1873.8,13.5,5712.5,3838.7,0.0,0.0,2026-06-26,5
2026-06-26 06:00:00,BE,1893.7,573.8,6269.8,4376.1,0.0,0.0,2026-06-26,6
2026-06-26 07:00:00,BE,1948.4,750.7,6390.7,4442.3,0.0,0.0,2026-06-26,7
2026-06-26 08:00:00,BE,1919.2,426.7,6061.7,4142.5,0.0,0.0,2026-06-26,8
2026-06-26 09:00:00,BE,2023.7,792.0,6439.0,4415.3,0.0,0.0,2026-06-26,9
2026-06-26 10:00:00,BE,1988.7,1243.5,6820.5,4831.8,0.0,0.0,2026-06-26,10
2026-06-26 11:00:00,BE,2347.8,1016.5,6621.5,4273.7,0.0,0.0,2026-06-26,11
2026-06-26 12:00:00,BE,2190.2,1200.6,6855.6,4665.4,0.0,0.0,2026-06-26,12
2026-06-26 13:00:00,BE,2476.8,809.2,6386.2,3909.4,0.0,0.0,2026-06-26,13
2026-06-26 14:00:00,BE,2526.0,789.8,6434.8,3908.8,0.0,0.0,2026-06-26,14
2026-06-26 15:00:00,BE,2812.8,876.0,6506.0,3693.2,0.0,0.0,2026-06-26,15
2026-06-26 16:00:00,BE,2724.0,562.9,6356.9,3632.9,0.0,0.0,2026-06-26,16
2026-06-26 17:00:00,BE,2879.4,556.3,6146.3,3266.9,0.0,0.0,2026-06-26,17
2026-06-26 18:00:00,BE,2722.8,288.4,6005.4,3282.6,0.0,0.0,2026-06-26,18
2026-06-26 19:00:00,BE,2934.6,58.2,5762.2,2827.6,0.0,0.0,2026-06-26,19
2026-06-26 20:00:00,BE,2857.0,195.8,5822.8,2965.8,0.0,0.0,2026-06-26,20
2026-06-26 21:00:00,BE,2850.4,287.9,5884.9,3034.5,0.0,0.0,2026-06-26,21
2026-06-26 22:00:00,BE,2524.3,540.1,6174.1,3649.8,0.0,0.0,2026-06-26,22
2026-06-26 23:00:00,BE,2548.4,523.8,6254.8,3706.4,0.0,0.0,2026-06-26,23
2026-06-27 00:00:00,BE,2395.6,117.1,5807.1,3411.5,0.0,0.0,2026-06-27,0
2026-06-27 01:00:00,BE,2319.9,430.1,6103.1,3783.2,0.0,0.0,2026-06-27,1
2026-06-27 02:00:00,BE,2149.3,535.1,6185.1,4035.8,0.0,0.0,2026-06-27,2
2026-06-27 03:00:00,BE,1980.0,615.0,6288.0,4308.0,0.0,0.0,2026-06-27,3
2026-06-27 04:00:00,BE,2018.6,333.8,5978.8,3960.2,0.0,0.0,2026-06-27,4
2026-06-27 05:00:00,BE,1505.6,112.1,5769.1,4263.5,0.0,0.0,2026-06-27,5
2026-06-27 06:00:00,BE,1772.7,333.5,6009.5,4236.8,0.0,0.0,2026-06-27,6
2026-06-27 07:00:00,BE,1725.7,1120.2,6698.2,4972.5,0.0,0.0,2026-06-27,7
2026-06-27 08:00:00,BE,2017.2,637.9,6335.9,4318.7,0.0,0.0,2026-06-27,8
2026-06-27 09:00:00,BE,1936.1,695.4,6350.4,4414.3,0.0,0.0,2026-06-27,9
2026-06-27 10:00:00,BE,2152.0,1606.0,7243.0,5091.0,0.0,0.0,2026-06-27,10
2026-06-27 11:00:00,BE,2200.6,1418.6,7088.6,4888.0,0.0,0.0,2026-06-27,11
2026-06-27 12:00:00,BE,2444.2,1337.5,6988.5,4544.3,0.0,0.0,2026-06-27,12
2026-06-27 13:00:00,BE,2541.5,1177.6,6811.6,4270.1,0.0,0.0,2026-06-27,13
2026-06-27 14:00:00,BE,2563.3,1020.0,6703.0,4139.7,0.0,0.0,2026-06-27,14
2026-06-27 15:00:00,BE,2727.7,919.9,6618.9,3891.2,0.0,0.0,2026-06-27,15
2026-06-27 16:00:00,BE,2747.0,821.7,6477.7,3730.7,0.0,0.0,2026-06-27,16
2026-06-27 17:00:00,BE,2742.4,1105.2,6837.2,4094.8,0.0,0.0,2026-06-27,17
2026-06-27 18:00:00,BE,2873.6,46.6,5668.6,2795.0,0.0,0.0,2026-06-27,18
2026-06-27 19:00:00,BE,2983.6,195.9,5710.9,2727.3,0.0,0.0,2026-06-27,19
2026-06-27 20:00:00,BE,2850.1,246.9,5919.9,3069.8,0.0,0.0,2026-06-27,20
2026-06-27 21:00:00,BE,2571.9,406.7,6087.7,3515.8,0.0,0.0,2026-06-27,21
2026-06-27 22:00:00,BE,2665.5,256.3,6016.3,3350.8,0.0,0.0,2026-06-27,22
2026-06-27 23:00:00,BE,2345.6,298.5,5905.5,3559.9,0.0,0.0,2026-06-27,23
2026-06-28 00:00:00,BE,1951.7,239.1,5913.1,3961.4,0.0,0.0,2026-06-28,0
2026-06-28 01:00:00,BE,2067.3,328.2,5923.2,3855.9,0.0,0.0,2026-06-28,1
2026-06-28 02:00:00,BE,2080.8,105.5,5664.5,3583.7,0.0,0.0,2026-06-28,2
2026-06-28 03:00:00,BE,1782.8,348.5,6046.5,4263.7,0.0,0.0,2026-06-28,3
2026-06-28 04:00:00,BE,1900.1,605.3,6251.3,4351.2,0.0,0.0,2026-06-28,4
2026-06-28 05:00:00,BE,1967.9,313.6,5968.6,4000.7,0.0,0.0,2026-06-28,5
2026-06-28 06:00:00,BE,1800.7,689.3,6382.3,4581.6,0.0,0.0,2026-06-28,6
2026-06-28 07:00:00,BE,1879.8,526.3,6185.3,4305.5,0.0,0.0,2026-06-28,7
2026-06-28 08:00:00,BE,1842.9,843.1,6443.1,4600.2,0.0,0.0,2026-06-28,8
2026-06-28 09:00:00,BE,1672.1,728.4,6429.4,4757.3,0.0,0.0,2026-06-28,9
2026-06-28 10:00:00,BE,2089.0,827.2,6396.2,4307.2,0.0,0.0,2026-06-28,10
2026-06-28 11:00:00,BE,2089.6,1086.9,6598.9,4509.3,0.0,0.0,2026-06-28,11
2026-06-28 12:00:00,BE,2343.8,1308.5,6969.5,4625.7,0.0,0.0,2026-06-28,12
2026-06-28 13:00:00,BE,2202.8,1283.1,6872.1,4669.3,0.0,0.0,2026-06-28,13
2026-06-28 14:00:00,BE,2580.3,788.4,6420.4,3840.1,0.0,0.0,2026-06-28,14
2026-06-28 15:00:00,BE,2726.8,620.2,6290.2,3563.4,0.0,0.0,2026-06-28,15
2026-06-28 16:00:00,BE,2909.3,675.5,6282.5,3373.2,0.0,0.0,2026-06-28,16
2026-06-28 17:00:00,BE,2819.1,575.5,6253.5,3434.4,0.0,0.0,2026-06-28,17
2026-06-28 18:00:00,BE,2650.9,740.8,6332.8,3681.9,0.0,0.0,2026-06-28,18
2026-06-28 19:00:00,BE,2796.3,373.4,6024.4,3228.1,0.0,0.0,2026-06-28,19
2026-06-28 20:00:00,BE,2508.7,466.9,6025.9,3517.2,0.0,0.0,2026-06-28,20
2026-06-28 21:00:00,BE,2435.0,197.5,5920.5,3485.5,0.0,0.0,2026-06-28,21
2026-06-28 22:00:00,BE,2589.5,385.7,5967.7,3378.2,0.0,0.0,2026-06-28,22
2026-06-28 23:00:00,BE,2506.8,234.0,5829.0,3322.2,0.0,0.0,2026-06-28,23
2026-06-29 00:00:00,BE,2336.5,199.0,5833.0,3496.5,0.0,0.0,2026-06-29,0
2026-06-29 01:00:00,BE,2324.6,512.3,6264.3,3939.7,0.0,0.0,2026-06-29,1
2026-06-29 02:00:00,BE,2157.3,405.8,5990.8,3833.5,0.0,0.0,2026-06-29,2
2026-06-29 03:00:00,BE,2025.6,308.7,5990.7,3965.1,0.0,0.0,2026-06-29,3
2026-06-29 04:00:00,BE,1679.5,256.7,5853.7,4174.2,0.0,0.0,2026-06-29,4
2026-06-29 05:00:00,BE,1742.5,473.0,6039.0,4296.5,0.0,0.0,2026-06-29,5
2026-06-29 06:00:00,BE,1829.9,408.0,6017.0,4187.1,0.0,0.0,2026-06-29,6
2026-06-29 07:00:00,BE,1652.5,499.9,6159.9,4507.4,0.0,0.0,2026-06-29,7
2026-06-29 08:00:00,BE,1729.3,484.0,6135.0,4405.7,0.0,0.0,2026-06-29,8
2026-06-29 09:00:00,BE,1771.5,1346.1,7068.1,5296.6,0.0,0.0,2026-06-29,9
2026-06-29 10:00:00,BE,1977.5,1165.2,6905.2,4927.7,0.0,0.0,2026-06-29,10
2026-06-29 11:00:00,BE,2200.1,879.9,6559.9,4359.8,0.0,0.0,2026-06-29,11
2026-06-29 12:00:00,BE,2451.6,937.3,6566.3,4114.7,0.0,0.0,2026-06-29,12
2026-06-29 13:00:00,BE,2442.7,879.1,6562.1,4119.4,0.0,0.0,2026-06-29,13
2026-06-29 14:00:00,BE,2516.0,982.8,6760.8,4244.8,0.0,0.0,2026-06-29,14
2026-06-29 15:00:00,BE,2536.4,564.8,6110.8,3574.4,0.0,0.0,2026-06-29,15
2026-06-29 16:00:00,BE,2899.0,556.6,6301.6,3402.6,0.0,0.0,2026-06-29,16
2026-06-29 17:00:00,BE,2821.7,384.0,6022.0,3200.3,0.0,0.0,2026-06-29,17
2026-06-29 18:00:00,BE,2895.1,283.7,5850.7,2955.6,0.0,0.0,2026-06-29,18
2026-06-29 19:00:00,BE,2666.0,164.9,5698.9,3032.9,0.0,0.0,2026-06-29,19
2026-06-29 20:00:00,BE,2590.6,163.8,5790.8,3200.2,0.0,0.0,2026-06-29,20
2026-06-29 21:00:00,BE,2691.7,153.8,5899.8,3208.1,0.0,0.0,2026-06-29,21
2026-06-29 22:00:00,BE,2571.2,539.0,6163.0,3591.8,0.0,0.0,2026-06-29,22
2026-06-29 23:00:00,BE,2584.1,508.2,6088.2,3504.1,0.0,0.0,2026-06-29,23
2026-06-30 00:00:00,BE,2228.3,425.7,6083.7,3855.4,0.0,0.0,2026-06-30,0
2026-06-30 01:00:00,BE,2149.0,196.2,5890.2,3741.2,0.0,0.0,2026-06-30,1
2026-06-30 02:00:00,BE,1994.8,344.3,6029.3,4034.5,0.0,0.0,2026-06-30,2
2026-06-30 03:00:00,BE,2078.9,599.1,6141.1,4062.2,0.0,0.0,2026-06-30,3
2026-06-30 04:00:00,BE,1777.4,626.3,6268.3,4490.9,0.0,0.0,2026-06-30,4
2026-06-30 05:00:00,BE,1917.8,92.3,5703.3,3785.5,0.0,0.0,2026-06-30,5
2026-06-30 06:00:00,BE,1800.9,243.2,5909.2,4108.3,0.0,0.0,2026-06-30,6
2026-06-30 07:00:00,BE,1891.1,351.6,6075.6,4184.5,0.0,0.0,2026-06-30,7
2026-06-30 08:00:00,BE,2036.8,761.6,6377.6,4340.8,0.0,0.0,2026-06-30,8
2026-06-30 09:00:00,BE,2014.9,1047.3,6751.3,4736.4,0.0,0.0,2026-06-30,9
2026-06-30 10:00:00,BE,2288.7,995.4,6717.4,4428.7,0.0,0.0,2026-06-30,10
2026-06-30 11:00:00,BE,2219.6,1105.3,6755.3,4535.7,0.0,0.0,2026-06-30,11
2026-06-30 12:00:00,BE,2087.5,1018.5,6589.5,4502.0,0.0,0.0,2026-06-30,12
2026-06-30 13:00:00,BE,2480.9,861.2,6542.2,4061.3,0.0,0.0,2026-06-30,13
2026-06-30 14:00:00,BE,2531.1,1433.4,7075.4,4544.3,0.0,0.0,2026-06-30,14
2026-06-30 15:00:00,BE,2555.4,853.3,6475.3,3919.9,0.0,0.0,2026-06-30,15
2026-06-30 16:00:00,BE,2714.8,502.0,6256.0,3541.2,0.0,0.0,2026-06-30,16
2026-06-30 17:00:00,BE,2682.6,242.2,5879.2,3196.6,0.0,0.0,2026-06-30,17
2026-06-30 18:00:00,BE,2856.9,578.3,6260.3,3403.4,0.0,0.0,2026-06-30,18
2026-06-30 19:00:00,BE,2822.3,280.2,5854.2,3031.9,0.0,0.0,2026-06-30,19
2026-06-30 20:00:00,BE,2845.4,684.5,6396.5,3551.1,0.0,0.0,2026-06-30,20
2026-06-30 21:00:00,BE,2734.2,46.3,5806.3,3072.1,0.0,0.0,2026-06-30,21
2026-06-30 22:00:00,BE,2632.5,714.6,6455.6,3823.1,0.0,0.0,2026-06-30,22
2026-06-30 23:00:00,BE,2268.1,346.8,6008.8,3740.7,0.0,0.0,2026-06-30,23
2026-07-01 00:00:00,BE,2271.0,531.9,6258.9,3987.9,0.0,0.0,2026-07-01,0
2026-07-01 01:00:00,BE,1940.6,678.8,6290.8,4350.2,0.0,0.0,2026-07-01,1
2026-07-01 02:00:00,BE,2126.2,477.2,6106.2,3980.0,0.0,0.0,2026-07-01,2
2026-07-01 03:00:00,BE,1950.1,287.7,5779.7,3829.6,0.0,0.0,2026-07-01,3
2026-07-01 04:00:00,BE,1903.7,220.5,5981.5,4077.8,0.0,0.0,2026-07-01,4
2026-07-01 05:00:00,BE,1809.0,548.7,6209.7,4400.7,0.0,0.0,2026-07-01,5
2026-07-01 06:00:00,BE,1840.0,126.2,5857.2,4017.2,0.0,0.0,2026-07-01,6
2026-07-01 07:00:00,BE,1575.3,700.6,6332.6,4757.3,0.0,0.0,2026-07-01,7
2026-07-01 08:00:00,BE,1909.2,779.3,6372.3,4463.1,0.0,0.0,2026-07-01,8
2026-07-01 09:00:00,BE,2159.9,891.5,6584.5,4424.6,0.0,0.0,2026-07-01,9
2026-07-01 10:00:00,BE,2098.1,1248.1,6831.1,4733.0,0.0,0.0,2026-07-01,10
2026-07-01 11:00:00,BE,2119.2,1281.6,6843.6,4724.4,0.0,0.0,2026-07-01,11
2026-07-01 12:00:00,BE,2462.1,1297.6,6893.6,4431.5,0.0,0.0,2026-07-01,12
2026-07-01 13:00:00,BE,2471.4,926.8,6512.8,4041.4,0.0,0.0,2026-07-01,13
2026-07-01 14:00:00,BE,2597.6,815.1,6541.1,3943.5,0.0,0.0,2026-07-01,14
2026-07-01 15:00:00,BE,2894.3,832.3,6503.3,3609.0,0.0,0.0,2026-07-01,15
2026-07-01 16:00:00,BE,2791.5,668.8,6333.8,3542.3,0.0,0.0,2026-07-01,16
2026-07-01 17:00:00,BE,2707.6,613.6,6225.6,3518.0,0.0,0.0,2026-07-01,17
2026-07-01 18:00:00,BE,2700.7,1200.0,6876.0,4175.3,0.0,0.0,2026-07-01,18
2026-07-01 19:00:00,BE,2919.1,56.4,5631.4,2712.3,0.0,0.0,2026-07-01,19
2026-07-01 20:00:00,BE,2539.4,441.3,6150.3,3610.9,0.0,0.0,2026-07-01,20
2026-07-01 21:00:00,BE,2594.5,622.0,6261.0,3666.5,0.0,0.0,2026-07-01,21
2026-07-01 22:00:00,BE,2470.2,116.5,5699.5,3229.3,0.0,0.0,2026-07-01,22
2026-07-01 23:00:00,BE,2550.2,209.0,5884.0,3333.8,0.0,0.0,2026-07-01,23
2026-07-02 00:00:00,BE,2276.2,565.8,6228.8,3952.6,0.0,0.0,2026-07-02,0
2026-07-02 01:00:00,BE,2193.5,567.3,6248.3,4054.8,0.0,0.0,2026-07-02,1
2026-07-02 02:00:00,BE,1826.0,617.9,6280.9,4454.9,0.0,0.0,2026-07-02,2
2026-07-02 03:00:00,BE,1886.1,295.0,5884.0,3997.9,0.0,0.0,2026-07-02,3
2026-07-02 04:00:00,BE,1864.0,306.1,6030.1,4166.1,0.0,0.0,2026-07-02,4
2026-07-02 05:00:00,BE,1812.0,142.3,5784.3,3972.3,0.0,0.0,2026-07-02,5
2026-07-02 06:00:00,BE,1800.2,375.4,5905.4,4105.2,0.0,0.0,2026-07-02,6
2026-07-02 07:00:00,BE,1888.3,306.2,5963.2,4074.9,0.0,0.0,2026-07-02,7
2026-07-02 08:00:00,BE,1897.1,553.0,6187.0,4289.9,0.0,0.0,2026-07-02,8
2026-07-02 09:00:00,BE,2107.0,1094.5,6753.5,4646.5,0.0,0.0,2026-07-02,9
2026-07-02 10:00:00,BE,1987.1,901.1,6469.1,4482.0,0.0,0.0,2026-07-02,10
2026-07-02 11:00:00,BE,2156.2,912.2,6576.2,4420.0,0.0,0.0,2026-07-02,11
2026-07-02 12:00:00,BE,2246.8,863.9,6576.9,4330.1,0.0,0.0,2026-07-02,12
2026-07-02 13:00:00,BE,2617.1,1010.1,6737.1,4120.0,0.0,0.0,2026-07-02,13
2026-07-02 14:00:00,BE,2702.7,996.2,6734.2,4031.5,0.0,0.0,2026-07-02,14
2026-07-02 15:00:00,BE,2493.4,865.3,6563.3,4069.9,0.0,0.0,2026-07-02,15
2026-07-02 16:00:00,BE,2579.5,586.4,6189.4,3609.9,0.0,0.0,2026-07-02,16
2026-07-02 17:00:00,BE,2892.1,556.4,6237.4,3345.3,0.0,0.0,2026-07-02,17
2026-07-02 18:00:00,BE,2923.8,372.6,6160.6,3236.8,0.0,0.0,2026-07-02,18
2026-07-02 19:00:00,BE,2847.6,660.8,6347.8,3500.2,0.0,0.0,2026-07-02,19
2026-07-02 20:00:00,BE,2557.3,567.4,6184.4,3627.1,0.0,0.0,2026-07-02,20
2026-07-02 21:00:00,BE,2585.2,300.1,5913.1,3327.9,0.0,0.0,2026-07-02,21
2026-07-02 22:00:00,BE,2472.0,219.3,5858.3,3386.3,0.0,0.0,2026-07-02,22
2026-07-02 23:00:00,BE,2398.1,264.0,5795.0,3396.9,0.0,0.0,2026-07-02,23
2026-07-03 00:00:00,BE,2278.1,271.9,5913.9,3635.8,0.0,0.0,2026-07-03,0
2026-07-03 01:00:00,BE,1975.0,595.3,6154.3,4179.3,0.0,0.0,2026-07-03,1
2026-07-03 02:00:00,BE,1968.6,245.9,5923.9,3955.3,0.0,0.0,2026-07-03,2
2026-07-03 03:00:00,BE,1881.3,231.6,5939.6,4058.3,0.0,0.0,2026-07-03,3
2026-07-03 04:00:00,BE,1615.2,338.6,5952.6,4337.4,0.0,0.0,2026-07-03,4
2026-07-03 05:00:00,BE,2018.9,74.1,5781.1,3762.2,0.0,0.0,2026-07-03,5
2026-07-03 06:00:00,BE,2001.4,397.7,6143.7,4142.3,0.0,0.0,2026-07-03,6
2026-07-03 07:00:00,BE,1716.0,467.4,6238.4,4522.4,0.0,0.0,2026-07-03,7
2026-07-03 08:00:00,BE,1802.7,662.0,6287.0,4484.3,0.0,0.0,2026-07-03,8
2026-07-03 09:00:00,BE,1885.3,993.3,6617.3,4732.0,0.0,0.0,2026-07-03,9
2026-07-03 10:00:00,BE,1958.2,866.7,6461.7,4503.5,0.0,0.0,2026-07-03,10
2026-07-03 11:00:00,BE,2236.8,1294.0,6973.0,4736.2,0.0,0.0,2026-07-03,11
2026-07-03 12:00:00,BE,2169.4,1049.4,6714.4,4545.0,0.0,0.0,2026-07-03,12
2026-07-03 13:00:00,BE,2541.6,1185.3,6698.3,4156.7,0.0,0.0,2026-07-03,13
2026-07-03 14:00:00,BE,2625.5,676.7,6264.7,3639.2,0.0,0.0,2026-07-03,14
2026-07-03 15:00:00,BE,2652.2,801.2,6317.2,3665.0,0.0,0.0,2026-07-03,15
2026-07-03 16:00:00,BE,2968.3,1206.4,6895.4,3927.1,0.0,0.0,2026-07-03,16
2026-07-03 17:00:00,BE,2884.6,410.3,5961.3,3076.7,0.0,0.0,2026-07-03,17
2026-07-03 18:00:00,BE,2756.1,79.3,5740.3,2984.2,0.0,0.0,2026-07-03,18
2026-07-03 19:00:00,BE,2759.6,328.6,5961.6,3202.0,0.0,0.0,2026-07-03,19
2026-07-03 20:00:00,BE,2873.2,267.5,5889.5,3016.3,0.0,0.0,2026-07-03,20
2026-07-03 21:00:00,BE,2560.6,700.1,6438.1,3877.5,0.0,0.0,2026-07-03,21
2026-07-03 22:00:00,BE,2423.8,212.7,5940.7,3516.9,0.0,0.0,2026-07-03,22
2026-07-03 23:00:00,BE,2528.5,283.3,5875.3,3346.8,0.0,0.0,2026-07-03,23
2026-07-04 00:00:00,BE,2389.5,308.9,5988.9,3599.4,0.0,0.0,2026-07-04,0
2026-07-04 01:00:00,BE,2083.3,704.9,6356.9,4273.6,0.0,0.0,2026-07-04,1
2026-07-04 02:00:00,BE,2281.8,762.4,6343.4,4061.6,0.0,0.0,2026-07-04,2
2026-07-04 03:00:00,BE,1899.6,479.8,6134.8,4235.2,0.0,0.0,2026-07-04,3
2026-07-04 04:00:00,BE,1993.6,323.6,6033.6,4040.0,0.0,0.0,2026-07-04,4
2026-07-04 05:00:00,BE,1877.1,902.8,6617.8,4740.7,0.0,0.0,2026-07-04,5
2026-07-04 06:00:00,BE,1705.8,366.0,5910.0,4204.2,0.0,0.0,2026-07-04,6
2026-07-04 07:00:00,BE,1806.6,569.7,6259.7,4453.1,0.0,0.0,2026-07-04,7
2026-07-04 08:00:00,BE,1574.5,860.3,6502.3,4927.8,0.0,0.0,2026-07-04,8
2026-07-04 09:00:00,BE,2068.8,988.8,6711.8,4643.0,0.0,0.0,2026-07-04,9
2026-07-04 10:00:00,BE,2062.4,832.7,6537.7,4475.3,0.0,0.0,2026-07-04,10
2026-07-04 11:00:00,BE,2290.0,801.5,6460.5,4170.5,0.0,0.0,2026-07-04,11
2026-07-04 12:00:00,BE,2203.8,992.4,6614.4,4410.6,0.0,0.0,2026-07-04,12
2026-07-04 13:00:00,BE,2411.0,916.2,6565.2,4154.2,0.0,0.0,2026-07-04,13
2026-07-04 14:00:00,BE,2388.2,641.0,6308.0,3919.8,0.0,0.0,2026-07-04,14
2026-07-04 15:00:00,BE,2568.9,803.8,6517.8,3948.9,0.0,0.0,2026-07-04,15
2026-07-04 16:00:00,BE,2830.0,1005.8,6664.8,3834.8,0.0,0.0,2026-07-04,16
2026-07-04 17:00:00,BE,2850.1,250.3,5907.3,3057.2,0.0,0.0,2026-07-04,17
2026-07-04 18:00:00,BE,2965.1,127.9,5745.9,2780.8,0.0,0.0,2026-07-04,18
2026-07-04 19:00:00,BE,2914.4,225.6,5889.6,2975.2,0.0,0.0,2026-07-04,19
2026-07-04 20:00:00,BE,2756.9,218.7,5896.7,3139.8,0.0,0.0,2026-07-04,20
2026-07-04 21:00:00,BE,2354.5,669.5,6265.5,3911.0,0.0,0.0,2026-07-04,21
2026-07-04 22:00:00,BE,2728.0,285.5,5974.5,3246.5,0.0,0.0,2026-07-04,22
2026-07-04 23:00:00,BE,2460.0,418.4,6043.4,3583.4,0.0,0.0,2026-07-04,23
2026-07-05 00:00:00,BE,2685.7,351.4,5956.4,3270.7,0.0,0.0,2026-07-05,0
2026-07-05 01:00:00,BE,2401.3,546.6,6264.6,3863.3,0.0,0.0,2026-07-05,1
2026-07-05 02:00:00,BE,2132.8,399.0,6109.0,3976.2,0.0,0.0,2026-07-05,2
2026-07-05 03:00:00,BE,1981.1,45.7,5763.7,3782.6,0.0,0.0,2026-07-05,3
2026-07-05 04:00:00,BE,1837.6,463.3,6177.3,4339.7,0.0,0.0,2026-07-05,4
2026-07-05 05:00:00,BE,1692.7,389.6,6044.6,4351.9,0.0,0.0,2026-07-05,5
2026-07-05 06:00:00,BE,1730.9,303.1,6019.1,4288.2,0.0,0.0,2026-07-05,6
2026-07-05 07:00:00,BE,1816.6,817.1,6562.1,4745.5,0.0,0.0,2026-07-05,7
2026-07-05 08:00:00,BE,1743.8,914.6,6497.6,4753.8,0.0,0.0,2026-07-05,8
2026-07-05 09:00:00,BE,1915.9,1164.3,6792.3,4876.4,0.0,0.0,2026-07-05,9
2026-07-05 10:00:00,BE,2184.6,1082.4,6677.4,4492.8,0.0,0.0,2026-07-05,10
2026-07-05 11:00:00,BE,2055.4,827.3,6444.3,4388.9,0.0,0.0,2026-07-05,11
2026-07-05 12:00:00,BE,2278.8,965.6,6604.6,4325.8,0.0,0.0,2026-07-05,12
2026-07-05 13:00:00,BE,2398.3,954.1,6590.1,4191.8,0.0,0.0,2026-07-05,13
2026-07-05 14:00:00,BE,2571.2,903.7,6551.7,3980.5,0.0,0.0,2026-07-05,14
2026-07-05 15:00:00,BE,2544.9,889.4,6582.4,4037.5,0.0,0.0,2026-07-05,15
2026-07-05 16:00:00,BE,2684.8,894.5,6496.5,3811.7,0.0,0.0,2026-07-05,16
2026-07-05 17:00:00,BE,2509.5,265.9,5861.9,3352.4,0.0,0.0,2026-07-05,17
2026-07-05 18:00:00,BE,2782.0,160.1,5808.1,3026.1,0.0,0.0,2026-07-05,18
2026-07-05 19:00:00,BE,2867.9,199.3,5825.3,2957.4,0.0,0.0,2026-07-05,19
2026-07-05 20:00:00,BE,2818.4,195.4,5887.4,3069.0,0.0,0.0,2026-07-05,20
2026-07-05 21:00:00,BE,2790.4,110.8,5767.8,2977.4,0.0,0.0,2026-07-05,21
2026-07-05 22:00:00,BE,2430.5,502.6,6266.6,3836.1,0.0,0.0,2026-07-05,22
2026-07-05 23:00:00,BE,2468.1,611.2,6175.2,3707.1,0.0,0.0,2026-07-05,23
2026-07-06 00:00:00,BE,2317.3,109.7,5758.7,3441.4,0.0,0.0,2026-07-06,0
2026-07-06 01:00:00,BE,2144.6,621.6,6246.6,4102.0,0.0,0.0,2026-07-06,1
2026-07-06 02:00:00,BE,2093.5,90.0,5782.0,3688.5,0.0,0.0,2026-07-06,2
2026-07-06 03:00:00,BE,1960.0,600.9,6223.9,4263.9,0.0,0.0,2026-07-06,3
2026-07-06 04:00:00,BE,1761.5,441.1,6006.1,4244.6,0.0,0.0,2026-07-06,4
2026-07-06 05:00:00,BE,2019.0,631.3,6263.3,4244.3,0.0,0.0,2026-07-06,5
2026-07-06 06:00:00,BE,1999.1,417.3,6074.3,4075.2,0.0,0.0,2026-07-06,6
2026-07-06 07:00:00,BE,1676.2,453.1,6068.1,4391.9,0.0,0.0,2026-07-06,7
2026-07-06 08:00:00,BE,1941.1,1015.2,6744.2,4803.1,0.0,0.0,2026-07-06,8
2026-07-06 09:00:00,BE,1875.4,643.0,6299.0,4423.6,0.0,0.0,2026-07-06,9
2026-07-06 10:00:00,BE,2153.9,920.0,6618.0,4464.1,0.0,0.0,2026-07-06,10
2026-07-06 11:00:00,BE,2084.0,1271.3,6816.3,4732.3,0.0,0.0,2026-07-06,11
2026-07-06 12:00:00,BE,2166.8,1274.3,6933.3,4766.5,0.0,0.0,2026-07-06,12
2026-07-06 13:00:00,BE,2495.7,794.2,6392.2,3896.5,0.0,0.0,2026-07-06,13
2026-07-06 14:00:00,BE,2493.1,713.3,6427.3,3934.2,0.0,0.0,2026-07-06,14
2026-07-06 15:00:00,BE,2689.8,705.1,6382.1,3692.3,0.0,0.0,2026-07-06,15
2026-07-06 16:00:00,BE,2687.4,540.0,6272.0,3584.6,0.0,0.0,2026-07-06,16
2026-07-06 17:00:00,BE,2658.3,433.2,6091.2,3432.9,0.0,0.0,2026-07-06,17
2026-07-06 18:00:00,BE,2498.2,351.5,6053.5,3555.3,0.0,0.0,2026-07-06,18
2026-07-06 19:00:00,BE,2908.9,311.5,6067.5,3158.6,0.0,0.0,2026-07-06,19
2026-07-06 20:00:00,BE,2778.5,571.3,6139.3,3360.8,0.0,0.0,2026-07-06,20
2026-07-06 21:00:00,BE,2402.1,237.6,5930.6,3528.5,0.0,0.0,2026-07-06,21
2026-07-06 22:00:00,BE,2425.1,500.0,6287.0,3861.9,0.0,0.0,2026-07-06,22
2026-07-06 23:00:00,BE,2404.8,262.2,5834.2,3429.4,0.0,0.0,2026-07-06,23
2026-07-07 00:00:00,BE,2462.0,358.9,6022.9,3560.9,0.0,0.0,2026-07-07,0
2026-07-07 01:00:00,BE,2260.1,496.4,6032.4,3772.3,0.0,0.0,2026-07-07,1
2026-07-07 02:00:00,BE,2151.0,478.8,6115.8,3964.8,0.0,0.0,2026-07-07,2
2026-07-07 03:00:00,BE,1998.9,493.7,6087.7,4088.8,0.0,0.0,2026-07-07,3
2026-07-07 04:00:00,BE,1870.8,168.5,5821.5,3950.7,0.0,0.0,2026-07-07,4
2026-07-07 05:00:00,BE,1837.3,305.9,6040.9,4203.6,0.0,0.0,2026-07-07,5
2026-07-07 06:00:00,BE,1855.6,625.6,6206.6,4351.0,0.0,0.0,2026-07-07,6
2026-07-07 07:00:00,BE,1750.2,646.8,6300.8,4550.6,0.0,0.0,2026-07-07,7
2026-07-07 08:00:00,BE,1625.0,767.7,6413.7,4788.7,0.0,0.0,2026-07-07,8
2026-07-07 09:00:00,BE,1995.7,838.3,6441.3,4445.6,0.0,0.0,2026-07-07,9
2026-07-07 10:00:00,BE,2031.7,1130.1,6756.1,4724.4,0.0,0.0,2026-07-07,10
2026-07-07 11:00:00,BE,1994.6,1207.6,6784.6,4790.0,0.0,0.0,2026-07-07,11
2026-07-07 12:00:00,BE,2276.0,1070.4,6766.4,4490.4,0.0,0.0,2026-07-07,12
2026-07-07 13:00:00,BE,2570.9,891.8,6407.8,3836.9,0.0,0.0,2026-07-07,13
2026-07-07 14:00:00,BE,2446.4,835.5,6437.5,3991.1,0.0,0.0,2026-07-07,14
2026-07-07 15:00:00,BE,2618.6,777.0,6471.0,3852.4,0.0,0.0,2026-07-07,15
2026-07-07 16:00:00,BE,2681.5,659.9,6362.9,3681.4,0.0,0.0,2026-07-07,16
2026-07-07 17:00:00,BE,2683.2,690.1,6299.1,3615.9,0.0,0.0,2026-07-07,17
2026-07-07 18:00:00,BE,2720.0,158.5,5869.5,3149.5,0.0,0.0,2026-07-07,18
2026-07-07 19:00:00,BE,2761.2,340.6,6001.6,3240.4,0.0,0.0,2026-07-07,19
2026-07-07 20:00:00,BE,2842.7,285.2,5865.2,3022.5,0.0,0.0,2026-07-07,20
2026-07-07 21:00:00,BE,2671.1,514.2,6166.2,3495.1,0.0,0.0,2026-07-07,21
2026-07-07 22:00:00,BE,2656.6,331.5,6085.5,3428.9,0.0,0.0,2026-07-07,22
2026-07-07 23:00:00,BE,2408.6,610.7,6227.7,3819.1,0.0,0.0,2026-07-07,23
2026-07-08 00:00:00,BE,2314.8,292.9,5965.9,3651.1,0.0,0.0,2026-07-08,0
2026-07-08 01:00:00,BE,1986.1,214.2,5841.2,3855.1,0.0,0.0,2026-07-08,1
2026-07-08 02:00:00,BE,2105.4,439.1,6057.1,3951.7,0.0,0.0,2026-07-08,2
2026-07-08 03:00:00,BE,2057.0,582.1,6168.1,4111.1,0.0,0.0,2026-07-08,3
2026-07-08 04:00:00,BE,1880.5,199.1,5814.1,3933.6,0.0,0.0,2026-07-08,4
2026-07-08 05:00:00,BE,1944.7,173.4,5801.4,3856.7,0.0,0.0,2026-07-08,5
2026-07-08 06:00:00,BE,1945.7,337.9,5900.9,3955.2,0.0,0.0,2026-07-08,6
2026-07-08 07:00:00,BE,1840.5,405.7,6088.7,4248.2,0.0,0.0,2026-07-08,7
2026-07-08 08:00:00,BE,1928.1,983.9,6618.9,4690.8,0.0,0.0,2026-07-08,8
2026-07-08 09:00:00,BE,2184.1,882.2,6487.2,4303.1,0.0,0.0,2026-07-08,9
2026-07-08 10:00:00,BE,1964.4,984.3,6642.3,4677.9,0.0,0.0,2026-07-08,10
2026-07-08 11:00:00,BE,2223.6,1075.2,6707.2,4483.6,0.0,0.0,2026-07-08,11
2026-07-08 12:00:00,BE,2524.5,1118.7,6701.7,4177.2,0.0,0.0,2026-07-08,12
2026-07-08 13:00:00,BE,2362.8,1240.6,6897.6,4534.8,0.0,0.0,2026-07-08,13
2026-07-08 14:00:00,BE,2782.1,840.8,6488.8,3706.7,0.0,0.0,2026-07-08,14
2026-07-08 15:00:00,BE,2678.4,727.0,6327.0,3648.6,0.0,0.0,2026-07-08,15
2026-07-08 16:00:00,BE,2664.2,941.8,6625.8,3961.6,0.0,0.0,2026-07-08,16
2026-07-08 17:00:00,BE,2864.0,557.5,6244.5,3380.5,0.0,0.0,2026-07-08,17
2026-07-08 18:00:00,BE,2906.1,558.8,6243.8,3337.7,0.0,0.0,2026-07-08,18
2026-07-08 19:00:00,BE,2740.0,443.3,6070.3,3330.3,0.0,0.0,2026-07-08,19
2026-07-08 20:00:00,BE,2771.2,306.6,5986.6,3215.4,0.0,0.0,2026-07-08,20
2026-07-08 21:00:00,BE,2623.7,445.5,6139.5,3515.8,0.0,0.0,2026-07-08,21
2026-07-08 22:00:00,BE,2496.5,267.1,5887.1,3390.6,0.0,0.0,2026-07-08,22
2026-07-08 23:00:00,BE,2489.0,377.8,6048.8,3559.8,0.0,0.0,2026-07-08,23
2026-07-09 00:00:00,BE,2429.5,436.6,6129.6,3700.1,0.0,0.0,2026-07-09,0
2026-07-09 01:00:00,BE,2088.4,282.9,5958.9,3870.5,0.0,0.0,2026-07-09,1
2026-07-09 02:00:00,BE,2044.7,387.9,6064.9,4020.2,0.0,0.0,2026-07-09,2
2026-07-09 03:00:00,BE,2200.4,461.2,6166.2,3965.8,0.0,0.0,2026-07-09,3
2026-07-09 04:00:00,BE,1949.7,502.3,5980.3,4030.6,0.0,0.0,2026-07-09,4
2026-07-09 05:00:00,BE,1656.7,460.6,6060.6,4403.9,0.0,0.0,2026-07-09,5
2026-07-09 06:00:00,BE,1904.8,236.5,5904.5,3999.7,0.0,0.0,2026-07-09,6
2026-07-09 07:00:00,BE,1692.3,425.0,6025.0,4332.7,0.0,0.0,2026-07-09,7
2026-07-09 08:00:00,BE,1700.5,1003.7,6617.7,4917.2,0.0,0.0,2026-07-09,8
2026-07-09 09:00:00,BE,1953.0,1275.6,6922.6,4969.6,0.0,0.0,2026-07-09,9
2026-07-09 10:00:00,BE,2227.3,1144.2,6751.2,4523.9,0.0,0.0,2026-07-09,10
2026-07-09 11:00:00,BE,2296.0,1286.8,6897.8,4601.8,0.0,0.0,2026-07-09,11
2026-07-09 12:00:00,BE,2483.4,1066.3,6765.3,4281.9,0.0,0.0,2026-07-09,12
2026-07-09 13:00:00,BE,2541.3,966.4,6603.4,4062.1,0.0,0.0,2026-07-09,13
2026-07-09 14:00:00,BE,2524.3,1239.2,6864.2,4339.9,0.0,0.0,2026-07-09,14
2026-07-09 15:00:00,BE,2729.4,1008.9,6662.9,3933.5,0.0,0.0,2026-07-09,15
2026-07-09 16:00:00,BE,2957.2,939.1,6538.1,3580.9,0.0,0.0,2026-07-09,16
2026-07-09 17:00:00,BE,3037.8,480.3,6183.3,3145.5,0.0,0.0,2026-07-09,17
2026-07-09 18:00:00,BE,2627.3,339.6,6006.6,3379.3,0.0,0.0,2026-07-09,18
2026-07-09 19:00:00,BE,2835.3,620.4,6340.4,3505.1,0.0,0.0,2026-07-09,19
2026-07-09 20:00:00,BE,2669.2,412.8,6170.8,3501.6,0.0,0.0,2026-07-09,20
2026-07-09 21:00:00,BE,2781.3,295.3,5953.3,3172.0,0.0,0.0,2026-07-09,21
2026-07-09 22:00:00,BE,2647.2,703.8,6328.8,3681.6,0.0,0.0,2026-07-09,22
2026-07-09 23:00:00,BE,2445.9,315.9,5917.9,3472.0,0.0,0.0,2026-07-09,23
2026-07-10 00:00:00,BE,2232.0,177.6,5814.6,3582.6,0.0,0.0,2026-07-10,0
2026-07-10 01:00:00,BE,2237.5,299.8,5913.8,3676.3,0.0,0.0,2026-07-10,1
2026-07-10 02:00:00,BE,2056.3,422.5,6066.5,4010.2,0.0,0.0,2026-07-10,2
2026-07-10 03:00:00,BE,1979.9,308.1,5977.1,3997.2,0.0,0.0,2026-07-10,3
2026-07-10 04:00:00,BE,1865.5,606.1,6260.1,4394.6,0.0,0.0,2026-07-10,4
2026-07-10 05:00:00,BE,1872.4,515.9,6210.9,4338.5,0.0,0.0,2026-07-10,5
2026-07-10 06:00:00,BE,1818.3,629.1,6328.1,4509.8,0.0,0.0,2026-07-10,6
2026-07-10 07:00:00,BE,1931.1,683.6,6357.6,4426.5,0.0,0.0,2026-07-10,7
2026-07-10 08:00:00,BE,1552.9,760.8,6394.8,4841.9,0.0,0.0,2026-07-10,8
2026-07-10 09:00:00,BE,1933.9,888.7,6548.7,4614.8,0.0,0.0,2026-07-10,9
2026-07-10 10:00:00,BE,2008.6,917.9,6585.9,4577.3,0.0,0.0,2026-07-10,10
2026-07-10 11:00:00,BE,2225.7,1031.5,6698.5,4472.8,0.0,0.0,2026-07-10,11
2026-07-10 12:00:00,BE,2418.1,1371.6,6984.6,4566.5,0.0,0.0,2026-07-10,12
2026-07-10 13:00:00,BE,2471.8,870.9,6561.9,4090.1,0.0,0.0,2026-07-10,13
2026-07-10 14:00:00,BE,2574.8,980.9,6637.9,4063.1,0.0,0.0,2026-07-10,14
2026-07-10 15:00:00,BE,2611.8,918.2,6560.2,3948.4,0.0,0.0,2026-07-10,15
2026-07-10 16:00:00,BE,2837.3,772.3,6389.3,3552.0,0.0,0.0,2026-07-10,16
2026-07-10 17:00:00,BE,3018.8,542.5,6272.5,3253.7,0.0,0.0,2026-07-10,17
2026-07-10 18:00:00,BE,2867.9,218.7,5812.7,2944.8,0.0,0.0,2026-07-10,18
2026-07-10 19:00:00,BE,2827.5,575.6,6215.6,3388.1,0.0,0.0,2026-07-10,19
2026-07-10 20:00:00,BE,2801.6,346.4,6029.4,3227.8,0.0,0.0,2026-07-10,20
2026-07-10 21:00:00,BE,2606.2,160.3,5849.3,3243.1,0.0,0.0,2026-07-10,21
2026-07-10 22:00:00,BE,2473.8,213.0,5932.0,3458.2,0.0,0.0,2026-07-10,22
2026-07-10 23:00:00,BE,2347.2,272.8,5964.8,3617.6,0.0,0.0,2026-07-10,23
2026-07-11 00:00:00,BE,2337.7,226.3,5964.3,3626.6,0.0,0.0,2026-07-11,0
2026-07-11 01:00:00,BE,2273.8,381.0,6063.0,3789.2,0.0,0.0,2026-07-11,1
2026-07-11 02:00:00,BE,2101.1,609.5,6191.5,4090.4,0.0,0.0,2026-07-11,2
2026-07-11 03:00:00,BE,1924.9,596.2,6170.2,4245.3,0.0,0.0,2026-07-11,3
2026-07-11 04:00:00,BE,1957.4,369.3,6120.3,4162.9,0.0,0.0,2026-07-11,4
2026-07-11 05:00:00,BE,1793.6,163.1,5853.1,4059.5,0.0,0.0,2026-07-11,5
2026-07-11 06:00:00,BE,1856.2,463.0,6171.0,4314.8,0.0,0.0,2026-07-11,6
2026-07-11 07:00:00,BE,1768.4,318.7,6057.7,4289.3,0.0,0.0,2026-07-11,7
2026-07-11 08:00:00,BE,1925.6,1072.6,6703.6,4778.0,0.0,0.0,2026-07-11,8
2026-07-11 09:00:00,BE,1851.9,510.5,6066.5,4214.6,0.0,0.0,2026-07-11,9
2026-07-11 10:00:00,BE,1875.6,809.2,6492.2,4616.6,0.0,0.0,2026-07-11,10
2026-07-11 11:00:00,BE,2248.4,1217.6,6810.6,4562.2,0.0,0.0,2026-07-11,11
2026-07-11 12:00:00,BE,2484.3,916.0,6676.0,4191.7,0.0,0.0,2026-07-11,12
2026-07-11 13:00:00,BE,2392.1,767.0,6499.0,4106.9,0.0,0.0,2026-07-11,13
2026-07-11 14:00:00,BE,2263.8,1194.2,6903.2,4639.4,0.0,0.0,2026-07-11,14
2026-07-11 15:00:00,BE,2803.3,1024.2,6659.2,3855.9,0.0,0.0,2026-07-11,15
2026-07-11 16:00:00,BE,2766.5,803.9,6481.9,3715.4,0.0,0.0,2026-07-11,16
2026-07-11 17:00:00,BE,3076.7,492.6,6116.6,3039.9,0.0,0.0,2026-07-11,17
2026-07-11 18:00:00,BE,2990.6,824.6,6463.6,3473.0,0.0,0.0,2026-07-11,18
2026-07-11 19:00:00,BE,2737.4,313.0,6085.0,3347.6,0.0,0.0,2026-07-11,19
2026-07-11 20:00:00,BE,2745.7,566.0,6176.0,3430.3,0.0,0.0,2026-07-11,20
2026-07-11 21:00:00,BE,2730.3,633.8,6200.8,3470.5,0.0,0.0,2026-07-11,21
2026-07-11 22:00:00,BE,2495.1,604.7,6279.7,3784.6,0.0,0.0,2026-07-11,22
2026-07-11 23:00:00,BE,2634.6,263.9,5883.9,3249.3,0.0,0.0,2026-07-11,23
2026-07-12 00:00:00,BE,2396.7,458.6,6197.6,3800.9,0.0,0.0,2026-07-12,0
2026-07-12 01:00:00,BE,2096.2,107.4,5804.4,3708.2,0.0,0.0,2026-07-12,1
2026-07-12 02:00:00,BE,2232.9,293.4,5921.4,3688.5,0.0,0.0,2026-07-12,2
2026-07-12 03:00:00,BE,1812.7,713.0,6309.0,4496.3,0.0,0.0,2026-07-12,3
2026-07-12 04:00:00,BE,1957.5,437.2,6014.2,4056.7,0.0,0.0,2026-07-12,4
2026-07-12 05:00:00,BE,1685.1,181.5,5816.5,4131.4,0.0,0.0,2026-07-12,5
2026-07-12 06:00:00,BE,1939.4,515.8,6194.8,4255.4,0.0,0.0,2026-07-12,6
2026-07-12 07:00:00,BE,1740.0,417.1,6114.1,4374.1,0.0,0.0,2026-07-12,7
2026-07-12 08:00:00,BE,1821.9,604.7,6211.7,4389.8,0.0,0.0,2026-07-12,8
2026-07-12 09:00:00,BE,2003.2,1104.3,6844.3,4841.1,0.0,0.0,2026-07-12,9
2026-07-12 10:00:00,BE,2111.1,834.1,6515.1,4404.0,0.0,0.0,2026-07-12,10
2026-07-12 11:00:00,BE,2233.8,1323.1,6785.1,4551.3,0.0,0.0,2026-07-12,11
2026-07-12 12:00:00,BE,2333.9,978.4,6646.4,4312.5,0.0,0.0,2026-07-12,12
2026-07-12 13:00:00,BE,2330.2,854.2,6394.2,4064.0,0.0,0.0,2026-07-12,13
2026-07-12 14:00:00,BE,2541.8,1288.6,6789.6,4247.8,0.0,0.0,2026-07-12,14
2026-07-12 15:00:00,BE,2672.0,1088.0,6730.0,4058.0,0.0,0.0,2026-07-12,15
2026-07-12 16:00:00,BE,2789.4,471.6,6130.6,3341.2,0.0,0.0,2026-07-12,16
2026-07-12 17:00:00,BE,2730.9,805.6,6605.6,3874.7,0.0,0.0,2026-07-12,17
2026-07-12 18:00:00,BE,2908.0,1024.3,6719.3,3811.3,0.0,0.0,2026-07-12,18
2026-07-12 19:00:00,BE,2748.6,301.8,5945.8,3197.2,0.0,0.0,2026-07-12,19
2026-07-12 20:00:00,BE,2672.8,528.3,6180.3,3507.5,0.0,0.0,2026-07-12,20
2026-07-12 21:00:00,BE,2556.8,409.7,5946.7,3389.9,0.0,0.0,2026-07-12,21
2026-07-12 22:00:00,BE,2450.5,39.4,5634.4,3183.9,0.0,0.0,2026-07-12,22
2026-07-12 23:00:00,BE,2323.9,128.0,5705.0,3381.1,0.0,0.0,2026-07-12,23
2026-07-13 00:00:00,BE,2238.1,538.5,6136.5,3898.4,0.0,0.0,2026-07-13,0
2026-07-13 01:00:00,BE,2361.7,95.4,5830.4,3468.7,0.0,0.0,2026-07-13,1
2026-07-13 02:00:00,BE,2069.3,229.8,5937.8,3868.5,0.0,0.0,2026-07-13,2
2026-07-13 03:00:00,BE,2177.5,463.3,6180.3,4002.8,0.0,0.0,2026-07-13,3
2026-07-13 04:00:00,BE,1670.5,18.1,5700.1,4029.6,0.0,0.0,2026-07-13,4
2026-07-13 05:00:00,BE,1930.0,338.8,5974.8,4044.8,0.0,0.0,2026-07-13,5
2026-07-13 06:00:00,BE,1898.0,270.8,5865.8,3967.8,0.0,0.0,2026-07-13,6
2026-07-13 07:00:00,BE,1632.0,439.4,6123.4,4491.4,0.0,0.0,2026-07-13,7
2026-07-13 08:00:00,BE,1905.0,805.8,6355.8,4450.8,0.0,0.0,2026-07-13,8
2026-07-13 09:00:00,BE,1985.3,1188.5,6832.5,4847.2,0.0,0.0,2026-07-13,9
2026-07-13 10:00:00,BE,2114.5,1067.1,6759.1,4644.6,0.0,0.0,2026-07-13,10
2026-07-13 11:00:00,BE,2113.0,1629.7,7329.7,5216.7,0.0,0.0,2026-07-13,11
2026-07-13 12:00:00,BE,2371.0,1111.3,6747.3,4376.3,0.0,0.0,2026-07-13,12
2026-07-13 13:00:00,BE,2569.7,905.1,6537.1,3967.4,0.0,0.0,2026-07-13,13
2026-07-13 14:00:00,BE,2445.9,1008.5,6630.5,4184.6,0.0,0.0,2026-07-13,14
2026-07-13 15:00:00,BE,2624.2,788.1,6445.1,3820.9,0.0,0.0,2026-07-13,15
2026-07-13 16:00:00,BE,2823.1,976.0,6672.0,3848.9,0.0,0.0,2026-07-13,16
2026-07-13 17:00:00,BE,2691.5,689.2,6407.2,3715.7,0.0,0.0,2026-07-13,17
2026-07-13 18:00:00,BE,2922.2,593.9,6200.9,3278.7,0.0,0.0,2026-07-13,18
2026-07-13 19:00:00,BE,2802.1,190.6,5927.6,3125.5,0.0,0.0,2026-07-13,19
2026-07-13 20:00:00,BE,2860.6,229.9,5970.9,3110.3,0.0,0.0,2026-07-13,20
2026-07-13 21:00:00,BE,2309.1,103.7,5746.7,3437.6,0.0,0.0,2026-07-13,21
2026-07-13 22:00:00,BE,2683.5,445.1,6186.1,3502.6,0.0,0.0,2026-07-13,22
2026-07-13 23:00:00,BE,2507.1,226.2,5816.2,3309.1,0.0,0.0,2026-07-13,23
2026-07-14 00:00:00,BE,2399.4,490.4,6113.4,3714.0,0.0,0.0,2026-07-14,0
2026-07-14 01:00:00,BE,2105.4,267.5,5836.5,3731.1,0.0,0.0,2026-07-14,1
2026-07-14 02:00:00,BE,2269.7,787.1,6400.1,4130.4,0.0,0.0,2026-07-14,2
2026-07-14 03:00:00,BE,1875.2,428.9,6064.9,4189.7,0.0,0.0,2026-07-14,3
2026-07-14 04:00:00,BE,1999.0,285.2,5858.2,3859.2,0.0,0.0,2026-07-14,4
2026-07-14 05:00:00,BE,1827.1,275.1,5838.1,4011.0,0.0,0.0,2026-07-14,5
2026-07-14 06:00:00,BE,1591.9,699.1,6309.1,4717.2,0.0,0.0,2026-07-14,6
2026-07-14 07:00:00,BE,1915.3,263.5,5997.5,4082.2,0.0,0.0,2026-07-14,7
2026-07-14 08:00:00,BE,1893.1,1142.1,6822.1,4929.0,0.0,0.0,2026-07-14,8
2026-07-14 09:00:00,BE,1876.3,875.9,6504.9,4628.6,0.0,0.0,2026-07-14,9
2026-07-14 10:00:00,BE,2051.5,1273.5,6884.5,4833.0,0.0,0.0,2026-07-14,10
2026-07-14 11:00:00,BE,2521.4,971.8,6504.8,3983.4,0.0,0.0,2026-07-14,11
2026-07-14 12:00:00,BE,2239.6,1197.9,6908.9,4669.3,0.0,0.0,2026-07-14,12
2026-07-14 13:00:00,BE,2570.3,1139.4,6833.4,4263.1,0.0,0.0,2026-07-14,13
2026-07-14 14:00:00,BE,2551.6,1007.2,6657.2,4105.6,0.0,0.0,2026-07-14,14
2026-07-14 15:00:00,BE,2697.3,837.7,6518.7,3821.4,0.0,0.0,2026-07-14,15
2026-07-14 16:00:00,BE,2868.4,507.6,6102.6,3234.2,0.0,0.0,2026-07-14,16
2026-07-14 17:00:00,BE,2916.9,1006.0,6554.0,3637.1,0.0,0.0,2026-07-14,17
2026-07-14 18:00:00,BE,2870.9,734.7,6367.7,3496.8,0.0,0.0,2026-07-14,18
2026-07-14 19:00:00,BE,2684.2,555.1,6207.1,3522.9,0.0,0.0,2026-07-14,19
2026-07-14 20:00:00,BE,2787.9,841.6,6429.6,3641.7,0.0,0.0,2026-07-14,20
2026-07-14 21:00:00,BE,2701.8,368.7,6024.7,3322.9,0.0,0.0,2026-07-14,21
2026-07-14 22:00:00,BE,2499.3,281.5,5842.5,3343.2,0.0,0.0,2026-07-14,22
2026-07-14 23:00:00,BE,2322.6,429.9,6044.9,3722.3,0.0,0.0,2026-07-14,23
2026-07-15 00:00:00,BE,2468.1,471.7,6111.7,3643.6,0.0,0.0,2026-07-15,0
2026-07-15 01:00:00,BE,2053.2,335.8,5981.8,3928.6,0.0,0.0,2026-07-15,1
2026-07-15 02:00:00,BE,2154.1,108.6,5795.6,3641.5,0.0,0.0,2026-07-15,2
2026-07-15 03:00:00,BE,1878.9,71.2,5703.2,3824.3,0.0,0.0,2026-07-15,3
2026-07-15 04:00:00,BE,1969.1,163.8,5789.8,3820.7,0.0,0.0,2026-07-15,4
2026-07-15 05:00:00,BE,1604.5,514.8,6166.8,4562.3,0.0,0.0,2026-07-15,5
2026-07-15 06:00:00,BE,1927.8,533.3,6180.3,4252.5,0.0,0.0,2026-07-15,6
2026-07-15 07:00:00,BE,1802.1,790.6,6458.6,4656.5,0.0,0.0,2026-07-15,7
2026-07-15 08:00:00,BE,1775.2,549.2,6289.2,4514.0,0.0,0.0,2026-07-15,8
2026-07-15 09:00:00,BE,2207.3,674.0,6285.0,4077.7,0.0,0.0,2026-07-15,9
2026-07-15 10:00:00,BE,2069.4,1158.0,6779.0,4709.6,0.0,0.0,2026-07-15,10
2026-07-15 11:00:00,BE,2219.5,1200.4,6834.4,4614.9,0.0,0.0,2026-07-15,11
2026-07-15 12:00:00,BE,2342.6,1341.0,6875.0,4532.4,0.0,0.0,2026-07-15,12
2026-07-15 13:00:00,BE,2544.7,1506.4,7219.4,4674.7,0.0,0.0,2026-07-15,13
2026-07-15 14:00:00,BE,2509.6,1196.7,6835.7,4326.1,0.0,0.0,2026-07-15,14
2026-07-15 15:00:00,BE,2870.3,759.4,6339.4,3469.1,0.0,0.0,2026-07-15,15
2026-07-15 16:00:00,BE,2660.8,590.2,6345.2,3684.4,0.0,0.0,2026-07-15,16
2026-07-15 17:00:00,BE,2741.8,771.6,6478.6,3736.8,0.0,0.0,2026-07-15,17
2026-07-15 18:00:00,BE,2848.8,172.3,5816.3,2967.5,0.0,0.0,2026-07-15,18
2026-07-15 19:00:00,BE,3063.2,774.2,6500.2,3437.0,0.0,0.0,2026-07-15,19
2026-07-15 20:00:00,BE,2701.3,369.8,6034.8,3333.5,0.0,0.0,2026-07-15,20
2026-07-15 21:00:00,BE,2726.6,569.0,6130.0,3403.4,0.0,0.0,2026-07-15,21
2026-07-15 22:00:00,BE,2522.7,399.9,5981.9,3459.2,0.0,0.0,2026-07-15,22
2026-07-15 23:00:00,BE,2364.7,566.7,6190.7,3826.0,0.0,0.0,2026-07-15,23
2026-07-16 00:00:00,BE,2360.3,337.6,5976.6,3616.3,0.0,0.0,2026-07-16,0
2026-07-16 01:00:00,BE,2374.9,732.4,6393.4,4018.5,0.0,0.0,2026-07-16,1
2026-07-16 02:00:00,BE,1918.6,232.6,5826.6,3908.0,0.0,0.0,2026-07-16,2
2026-07-16 03:00:00,BE,2001.7,486.6,6052.6,4050.9,0.0,0.0,2026-07-16,3
2026-07-16 04:00:00,BE,1957.0,242.6,5940.6,3983.6,0.0,0.0,2026-07-16,4
2026-07-16 05:00:00,BE,1817.4,250.7,5924.7,4107.3,0.0,0.0,2026-07-16,5
2026-07-16 06:00:00,BE,1789.8,256.9,5860.9,4071.1,0.0,0.0,2026-07-16,6
2026-07-16 07:00:00,BE,1749.1,869.6,6537.6,4788.5,0.0,0.0,2026-07-16,7
2026-07-16 08:00:00,BE,1843.7,507.7,6108.7,4265.0,0.0,0.0,2026-07-16,8
2026-07-16 09:00:00,BE,1903.7,1098.3,6759.3,4855.6,0.0,0.0,2026-07-16,9
2026-07-16 10:00:00,BE,2190.1,867.5,6572.5,4382.4,0.0,0.0,2026-07-16,10
2026-07-16 11:00:00,BE,2125.4,1004.0,6768.0,4642.6,0.0,0.0,2026-07-16,11
2026-07-16 12:00:00,BE,2364.6,762.0,6435.0,4070.4,0.0,0.0,2026-07-16,12
2026-07-16 13:00:00,BE,2608.0,930.5,6530.5,3922.5,0.0,0.0,2026-07-16,13
2026-07-16 14:00:00,BE,2458.9,856.4,6538.4,4079.5,0.0,0.0,2026-07-16,14
2026-07-16 15:00:00,BE,2572.1,1052.4,6695.4,4123.3,0.0,0.0,2026-07-16,15
2026-07-16 16:00:00,BE,2766.1,518.8,6131.8,3365.7,0.0,0.0,2026-07-16,16
2026-07-16 17:00:00,BE,2745.4,886.0,6534.0,3788.6,0.0,0.0,2026-07-16,17
2026-07-16 18:00:00,BE,2945.6,312.9,5804.9,2859.3,0.0,0.0,2026-07-16,18
2026-07-16 19:00:00,BE,2905.9,450.0,6109.0,3203.1,0.0,0.0,2026-07-16,19
2026-07-16 20:00:00,BE,2799.6,614.9,6216.9,3417.3,0.0,0.0,2026-07-16,20
2026-07-16 21:00:00,BE,2826.0,245.2,5829.2,3003.2,0.0,0.0,2026-07-16,21
2026-07-16 22:00:00,BE,2544.5,272.4,5932.4,3387.9,0.0,0.0,2026-07-16,22
2026-07-16 23:00:00,BE,2471.9,720.4,6393.4,3921.5,0.0,0.0,2026-07-16,23
2026-07-17 00:00:00,BE,2472.2,524.0,6200.0,3727.8,0.0,0.0,2026-07-17,0
2026-07-17 01:00:00,BE,2491.2,267.4,5924.4,3433.2,0.0,0.0,2026-07-17,1
2026-07-17 02:00:00,BE,2032.4,348.5,5831.5,3799.1,0.0,0.0,2026-07-17,2
2026-07-17 03:00:00,BE,1940.1,106.2,5738.2,3798.1,0.0,0.0,2026-07-17,3
2026-07-17 04:00:00,BE,2086.8,567.0,6299.0,4212.2,0.0,0.0,2026-07-17,4
2026-07-17 05:00:00,BE,1858.3,168.4,5866.4,4008.1,0.0,0.0,2026-07-17,5
2026-07-17 06:00:00,BE,1660.8,388.0,6003.0,4342.2,0.0,0.0,2026-07-17,6
2026-07-17 07:00:00,BE,1903.0,660.5,6312.5,4409.5,0.0,0.0,2026-07-17,7
2026-07-17 08:00:00,BE,1901.2,915.8,6506.8,4605.6,0.0,0.0,2026-07-17,8
2026-07-17 09:00:00,BE,1999.6,829.9,6449.9,4450.3,0.0,0.0,2026-07-17,9
2026-07-17 10:00:00,BE,2197.3,838.2,6538.2,4340.9,0.0,0.0,2026-07-17,10
2026-07-17 11:00:00,BE,2146.1,914.8,6636.8,4490.7,0.0,0.0,2026-07-17,11
2026-07-17 12:00:00,BE,2269.0,1024.2,6767.2,4498.2,0.0,0.0,2026-07-17,12
2026-07-17 13:00:00,BE,2379.2,922.5,6441.5,4062.3,0.0,0.0,2026-07-17,13
2026-07-17 14:00:00,BE,2732.8,1026.8,6705.8,3973.0,0.0,0.0,2026-07-17,14
2026-07-17 15:00:00,BE,2727.7,838.6,6494.6,3766.9,0.0,0.0,2026-07-17,15
2026-07-17 16:00:00,BE,2455.8,974.3,6619.3,4163.5,0.0,0.0,2026-07-17,16
2026-07-17 17:00:00,BE,2933.9,322.2,5998.2,3064.3,0.0,0.0,2026-07-17,17
2026-07-17 18:00:00,BE,2887.7,640.1,6209.1,3321.4,0.0,0.0,2026-07-17,18
2026-07-17 19:00:00,BE,2481.8,275.5,5992.5,3510.7,0.0,0.0,2026-07-17,19
2026-07-17 20:00:00,BE,2966.2,315.5,5852.5,2886.3,0.0,0.0,2026-07-17,20
2026-07-17 21:00:00,BE,2913.4,531.8,6216.8,3303.4,0.0,0.0,2026-07-17,21
2026-07-17 22:00:00,BE,2600.3,312.9,5929.9,3329.6,0.0,0.0,2026-07-17,22
2026-07-17 23:00:00,BE,2544.7,151.9,5827.9,3283.2,0.0,0.0,2026-07-17,23
2026-07-18 00:00:00,BE,2289.8,676.1,6362.1,4072.3,0.0,0.0,2026-07-18,0
2026-07-18 01:00:00,BE,2149.8,33.6,5708.6,3558.8,0.0,0.0,2026-07-18,1
2026-07-18 02:00:00,BE,2227.2,182.7,5693.7,3466.5,0.0,0.0,2026-07-18,2
2026-07-18 03:00:00,BE,1931.4,470.1,6065.1,4133.7,0.0,0.0,2026-07-18,3
2026-07-18 04:00:00,BE,1848.6,343.6,6119.6,4271.0,0.0,0.0,2026-07-18,4
2026-07-18 05:00:00,BE,1910.4,726.2,6221.2,4310.8,0.0,0.0,2026-07-18,5
2026-07-18 06:00:00,BE,1666.9,598.6,6196.6,4529.7,0.0,0.0,2026-07-18,6
2026-07-18 07:00:00,BE,1800.3,425.4,6098.4,4298.1,0.0,0.0,2026-07-18,7
2026-07-18 08:00:00,BE,1999.5,880.9,6484.9,4485.4,0.0,0.0,2026-07-18,8
2026-07-18 09:00:00,BE,1766.6,1031.6,6675.6,4909.0,0.0,0.0,2026-07-18,9
2026-07-18 10:00:00,BE,2067.7,1038.1,6611.1,4543.4,0.0,0.0,2026-07-18,10
2026-07-18 11:00:00,BE,2154.0,1183.1,6893.1,4739.1,0.0,0.0,2026-07-18,11
2026-07-18 12:00:00,BE,2240.4,1081.3,6838.3,4597.9,0.0,0.0,2026-07-18,12
2026-07-18 13:00:00,BE,2313.4,1405.9,7079.9,4766.5,0.0,0.0,2026-07-18,13
2026-07-18 14:00:00,BE,2469.6,1051.9,6679.9,4210.3,0.0,0.0,2026-07-18,14
2026-07-18 15:00:00,BE,2602.0,850.2,6530.2,3928.2,0.0,0.0,2026-07-18,15
2026-07-18 16:00:00,BE,2666.2,632.5,6279.5,3613.3,0.0,0.0,2026-07-18,16
2026-07-18 17:00:00,BE,2784.0,818.6,6428.6,3644.6,0.0,0.0,2026-07-18,17
2026-07-18 18:00:00,BE,2783.3,308.2,5878.2,3094.9,0.0,0.0,2026-07-18,18
2026-07-18 19:00:00,BE,2691.6,226.4,5915.4,3223.8,0.0,0.0,2026-07-18,19
2026-07-18 20:00:00,BE,2805.2,644.4,6375.4,3570.2,0.0,0.0,2026-07-18,20
2026-07-18 21:00:00,BE,2717.9,519.5,6223.5,3505.6,0.0,0.0,2026-07-18,21
2026-07-18 22:00:00,BE,2415.3,250.5,5915.5,3500.2,0.0,0.0,2026-07-18,22
2026-07-18 23:00:00,BE,2586.2,511.8,6159.8,3573.6,0.0,0.0,2026-07-18,23
2026-07-19 00:00:00,BE,2310.5,298.1,5973.1,3662.6,0.0,0.0,2026-07-19,0
2026-07-19 01:00:00,BE,2273.5,408.5,5949.5,3676.0,0.0,0.0,2026-07-19,1
2026-07-19 02:00:00,BE,1998.7,207.8,5905.8,3907.1,0.0,0.0,2026-07-19,2
2026-07-19 03:00:00,BE,1854.5,381.4,5881.4,4026.9,0.0,0.0,2026-07-19,3
2026-07-19 04:00:00,BE,1905.8,682.7,6296.7,4390.9,0.0,0.0,2026-07-19,4
2026-07-19 05:00:00,BE,1733.5,629.2,6352.2,4618.7,0.0,0.0,2026-07-19,5
2026-07-19 06:00:00,BE,1954.7,714.9,6380.9,4426.2,0.0,0.0,2026-07-19,6
2026-07-19 07:00:00,BE,2107.3,895.7,6527.7,4420.4,0.0,0.0,2026-07-19,7
2026-07-19 08:00:00,BE,1993.2,711.2,6280.2,4287.0,0.0,0.0,2026-07-19,8
2026-07-19 09:00:00,BE,1984.4,922.7,6671.7,4687.3,0.0,0.0,2026-07-19,9
2026-07-19 10:00:00,BE,2038.0,796.4,6444.4,4406.4,0.0,0.0,2026-07-19,10
2026-07-19 11:00:00,BE,2108.2,1007.2,6602.2,4494.0,0.0,0.0,2026-07-19,11
2026-07-19 12:00:00,BE,2312.3,1284.7,6892.7,4580.4,0.0,0.0,2026-07-19,12
2026-07-19 13:00:00,BE,2367.9,876.3,6526.3,4158.4,0.0,0.0,2026-07-19,13
2026-07-19 14:00:00,BE,2514.7,1129.6,6737.6,4222.9,0.0,0.0,2026-07-19,14
2026-07-19 15:00:00,BE,2848.2,804.7,6494.7,3646.5,0.0,0.0,2026-07-19,15
2026-07-19 16:00:00,BE,2728.1,1037.3,6673.3,3945.2,0.0,0.0,2026-07-19,16
2026-07-19 17:00:00,BE,2911.7,349.5,5940.5,3028.8,0.0,0.0,2026-07-19,17
2026-07-19 18:00:00,BE,2963.1,352.8,5990.8,3027.7,0.0,0.0,2026-07-19,18
2026-07-19 19:00:00,BE,2839.8,444.1,6059.1,3219.3,0.0,0.0,2026-07-19,19
2026-07-19 20:00:00,BE,2818.1,186.3,5821.3,3003.2,0.0,0.0,2026-07-19,20
2026-07-19 21:00:00,BE,2714.0,638.8,6289.8,3575.8,0.0,0.0,2026-07-19,21
2026-07-19 22:00:00,BE,2493.0,560.8,6255.8,3762.8,0.0,0.0,2026-07-19,22
2026-07-19 23:00:00,BE,2441.6,505.8,6272.8,3831.2,0.0,0.0,2026-07-19,23
2026-07-20 00:00:00,BE,2421.0,937.7,6501.7,4080.7,0.0,0.0,2026-07-20,0
2026-07-20 01:00:00,BE,2054.0,180.0,5768.0,3714.0,0.0,0.0,2026-07-20,1
2026-07-20 02:00:00,BE,2031.4,515.6,6183.6,4152.2,0.0,0.0,2026-07-20,2
2026-07-20 03:00:00,BE,2036.9,619.8,6281.8,4244.9,0.0,0.0,2026-07-20,3
2026-07-20 04:00:00,BE,1975.7,421.7,6114.7,4139.0,0.0,0.0,2026-07-20,4
2026-07-20 05:00:00,BE,1864.0,653.7,6373.7,4509.7,0.0,0.0,2026-07-20,5
2026-07-20 06:00:00,BE,1801.7,229.0,5894.0,4092.3,0.0,0.0,2026-07-20,6
2026-07-20 07:00:00,BE,1908.8,543.9,6265.9,4357.1,0.0,0.0,2026-07-20,7
2026-07-20 08:00:00,BE,1943.4,651.4,6277.4,4334.0,0.0,0.0,2026-07-20,8
2026-07-20 09:00:00,BE,1995.1,1149.7,6780.7,4785.6,0.0,0.0,2026-07-20,9
2026-07-20 10:00:00,BE,2098.0,892.4,6614.4,4516.4,0.0,0.0,2026-07-20,10
2026-07-20 11:00:00,BE,2254.2,808.3,6413.3,4159.1,0.0,0.0,2026-07-20,11
2026-07-20 12:00:00,BE,2272.6,1016.3,6558.3,4285.7,0.0,0.0,2026-07-20,12
2026-07-20 13:00:00,BE,2593.0,1036.1,6733.1,4140.1,0.0,0.0,2026-07-20,13
2026-07-20 14:00:00,BE,2747.1,901.0,6570.0,3822.9,0.0,0.0,2026-07-20,14
2026-07-20 15:00:00,BE,2671.8,822.2,6535.2,3863.4,0.0,0.0,2026-07-20,15
2026-07-20 16:00:00,BE,2499.9,1088.6,6815.6,4315.7,0.0,0.0,2026-07-20,16
2026-07-20 17:00:00,BE,2685.1,672.5,6391.5,3706.4,0.0,0.0,2026-07-20,17
2026-07-20 18:00:00,BE,2930.1,345.1,6081.1,3151.0,0.0,0.0,2026-07-20,18
2026-07-20 19:00:00,BE,2711.4,276.3,5924.3,3212.9,0.0,0.0,2026-07-20,19
2026-07-20 20:00:00,BE,2833.9,189.6,5925.6,3091.7,0.0,0.0,2026-07-20,20
2026-07-20 21:00:00,BE,2549.0,344.7,6047.7,3498.7,0.0,0.0,2026-07-20,21
2026-07-20 22:00:00,BE,2662.7,859.4,6557.4,3894.7,0.0,0.0,2026-07-20,22
2026-07-20 23:00:00,BE,2488.6,282.3,5895.3,3406.7,0.0,0.0,2026-07-20,23
2026-07-21 00:00:00,BE,2348.1,461.2,6191.2,3843.1,0.0,0.0,2026-07-21,0
2026-07-21 01:00:00,BE,2168.5,759.6,6415.6,4247.1,0.0,0.0,2026-07-21,1
2026-07-21 02:00:00,BE,2143.5,387.1,6031.1,3887.6,0.0,0.0,2026-07-21,2
2026-07-21 03:00:00,BE,1855.0,318.3,5959.3,4104.3,0.0,0.0,2026-07-21,3
2026-07-21 04:00:00,BE,1950.7,373.2,6099.2,4148.5,0.0,0.0,2026-07-21,4
2026-07-21 05:00:00,BE,1834.2,518.1,6025.1,4190.9,0.0,0.0,2026-07-21,5
2026-07-21 06:00:00,BE,2041.4,330.3,6007.3,3965.9,0.0,0.0,2026-07-21,6
2026-07-21 07:00:00,BE,1621.8,969.4,6548.4,4926.6,0.0,0.0,2026-07-21,7
2026-07-21 08:00:00,BE,1936.6,746.7,6415.7,4479.1,0.0,0.0,2026-07-21,8
2026-07-21 09:00:00,BE,1910.0,1149.4,6796.4,4886.4,0.0,0.0,2026-07-21,9
2026-07-21 10:00:00,BE,2156.6,707.5,6436.5,4279.9,0.0,0.0,2026-07-21,10
2026-07-21 11:00:00,BE,2330.1,919.3,6497.3,4167.2,0.0,0.0,2026-07-21,11
2026-07-21 12:00:00,BE,2180.7,1303.6,6937.6,4756.9,0.0,0.0,2026-07-21,12
2026-07-21 13:00:00,BE,2644.7,955.2,6595.2,3950.5,0.0,0.0,2026-07-21,13
2026-07-21 14:00:00,BE,2544.2,818.6,6480.6,3936.4,0.0,0.0,2026-07-21,14
2026-07-21 15:00:00,BE,2672.1,634.2,6359.2,3687.1,0.0,0.0,2026-07-21,15
2026-07-21 16:00:00,BE,2695.6,806.3,6538.3,3842.7,0.0,0.0,2026-07-21,16
2026-07-21 17:00:00,BE,2557.9,755.5,6427.5,3869.6,0.0,0.0,2026-07-21,17
2026-07-21 18:00:00,BE,2786.7,694.9,6291.9,3505.2,0.0,0.0,2026-07-21,18
2026-07-21 19:00:00,BE,2678.1,383.1,5971.1,3293.0,0.0,0.0,2026-07-21,19
2026-07-21 20:00:00,BE,2581.2,406.7,5951.7,3370.5,0.0,0.0,2026-07-21,20
2026-07-21 21:00:00,BE,2837.7,290.7,6005.7,3168.0,0.0,0.0,2026-07-21,21
2026-07-21 22:00:00,BE,2729.5,673.1,6372.1,3642.6,0.0,0.0,2026-07-21,22
2026-07-21 23:00:00,BE,2513.6,374.1,6093.1,3579.5,0.0,0.0,2026-07-21,23
2026-07-22 00:00:00,BE,2233.0,215.5,5771.5,3538.5,0.0,0.0,2026-07-22,0
2026-07-22 01:00:00,BE,2354.6,252.1,5882.1,3527.5,0.0,0.0,2026-07-22,1
2026-07-22 02:00:00,BE,2110.2,199.4,5812.4,3702.2,0.0,0.0,2026-07-22,2
2026-07-22 03:00:00,BE,1964.6,554.2,6200.2,4235.6,0.0,0.0,2026-07-22,3
2026-07-22 04:00:00,BE,1817.1,184.6,5994.6,4177.5,0.0,0.0,2026-07-22,4
2026-07-22 05:00:00,BE,1880.2,324.5,6001.5,4121.3,0.0,0.0,2026-07-22,5
2026-07-22 06:00:00,BE,1822.0,487.0,6091.0,4269.0,0.0,0.0,2026-07-22,6
2026-07-22 07:00:00,BE,1824.6,444.4,6037.4,4212.8,0.0,0.0,2026-07-22,7
2026-07-22 08:00:00,BE,1875.1,605.6,6263.6,4388.5,0.0,0.0,2026-07-22,8
2026-07-22 09:00:00,BE,2073.6,1073.3,6723.3,4649.7,0.0,0.0,2026-07-22,9
2026-07-22 10:00:00,BE,2166.3,1027.6,6630.6,4464.3,0.0,0.0,2026-07-22,10
2026-07-22 11:00:00,BE,2381.8,1058.5,6639.5,4257.7,0.0,0.0,2026-07-22,11
2026-07-22 12:00:00,BE,2315.5,1434.9,7052.9,4737.4,0.0,0.0,2026-07-22,12
2026-07-22 13:00:00,BE,2334.0,1037.9,6755.9,4421.9,0.0,0.0,2026-07-22,13
2026-07-22 14:00:00,BE,2620.4,1580.0,7153.0,4532.6,0.0,0.0,2026-07-22,14
2026-07-22 15:00:00,BE,2508.1,1170.5,6754.5,4246.4,0.0,0.0,2026-07-22,15
2026-07-22 16:00:00,BE,2674.7,752.3,6423.3,3748.6,0.0,0.0,2026-07-22,16
2026-07-22 17:00:00,BE,2958.8,657.5,6291.5,3332.7,0.0,0.0,2026-07-22,17
2026-07-22 18:00:00,BE,3045.5,538.7,6142.7,3097.2,0.0,0.0,2026-07-22,18
2026-07-22 19:00:00,BE,2892.2,496.2,6110.2,3218.0,0.0,0.0,2026-07-22,19
2026-07-22 20:00:00,BE,2805.8,272.0,5986.0,3180.2,0.0,0.0,2026-07-22,20
2026-07-22 21:00:00,BE,2667.9,198.6,5907.6,3239.7,0.0,0.0,2026-07-22,21
2026-07-22 22:00:00,BE,2616.6,362.9,6030.9,3414.3,0.0,0.0,2026-07-22,22
2026-07-22 23:00:00,BE,2487.7,344.4,5819.4,3331.7,0.0,0.0,2026-07-22,23
2026-07-23 00:00:00,BE,2391.1,405.0,5978.0,3586.9,0.0,0.0,2026-07-23,0
2026-07-23 01:00:00,BE,2129.4,207.3,5832.3,3702.9,0.0,0.0,2026-07-23,1
2026-07-23 02:00:00,BE,2128.0,420.0,6046.0,3918.0,0.0,0.0,2026-07-23,2
2026-07-23 03:00:00,BE,1833.5,448.4,6199.4,4365.9,0.0,0.0,2026-07-23,3
2026-07-23 04:00:00,BE,1730.5,608.6,6326.6,4596.1,0.0,0.0,2026-07-23,4
2026-07-23 05:00:00,BE,2006.2,51.4,5672.4,3666.2,0.0,0.0,2026-07-23,5
2026-07-23 06:00:00,BE,2213.5,422.0,6103.0,3889.5,0.0,0.0,2026-07-23,6
2026-07-23 07:00:00,BE,1895.2,608.8,6193.8,4298.6,0.0,0.0,2026-07-23,7
2026-07-23 08:00:00,BE,1928.6,636.8,6281.8,4353.2,0.0,0.0,2026-07-23,8
2026-07-23 09:00:00,BE,2165.2,846.7,6530.7,4365.5,0.0,0.0,2026-07-23,9
2026-07-23 10:00:00,BE,1946.7,1330.0,7009.0,5062.3,0.0,0.0,2026-07-23,10
2026-07-23 11:00:00,BE,2039.0,982.4,6558.4,4519.4,0.0,0.0,2026-07-23,11
2026-07-23 12:00:00,BE,2443.6,917.6,6566.6,4123.0,0.0,0.0,2026-07-23,12
2026-07-23 13:00:00,BE,2656.9,807.6,6395.6,3738.7,0.0,0.0,2026-07-23,13
2026-07-23 14:00:00,BE,2678.3,1343.5,7052.5,4374.2,0.0,0.0,2026-07-23,14
2026-07-23 15:00:00,BE,2688.0,755.3,6287.3,3599.3,0.0,0.0,2026-07-23,15
2026-07-23 16:00:00,BE,3004.3,588.2,6257.2,3252.9,0.0,0.0,2026-07-23,16
2026-07-23 17:00:00,BE,2780.0,620.6,6282.6,3502.6,0.0,0.0,2026-07-23,17
2026-07-23 18:00:00,BE,2843.0,290.6,6000.6,3157.6,0.0,0.0,2026-07-23,18
2026-07-23 19:00:00,BE,2787.9,324.3,5943.3,3155.4,0.0,0.0,2026-07-23,19
2026-07-23 20:00:00,BE,2649.1,281.8,5779.8,3130.7,0.0,0.0,2026-07-23,20
2026-07-23 21:00:00,BE,2686.6,294.7,5936.7,3250.1,0.0,0.0,2026-07-23,21
2026-07-23 22:00:00,BE,2594.8,119.9,5747.9,3153.1,0.0,0.0,2026-07-23,22
2026-07-23 23:00:00,BE,2475.6,684.3,6409.3,3933.7,0.0,0.0,2026-07-23,23
2026-07-24 00:00:00,BE,2428.4,450.8,6097.8,3669.4,0.0,0.0,2026-07-24,0
2026-07-24 01:00:00,BE,2160.3,347.4,5935.4,3775.1,0.0,0.0,2026-07-24,1
2026-07-24 02:00:00,BE,2262.9,318.3,5959.3,3696.4,0.0,0.0,2026-07-24,2
2026-07-24 03:00:00,BE,1970.2,365.3,6063.3,4093.1,0.0,0.0,2026-07-24,3
2026-07-24 04:00:00,BE,1801.4,474.5,6059.5,4258.1,0.0,0.0,2026-07-24,4
2026-07-24 05:00:00,BE,1744.1,72.2,5761.2,4017.1,0.0,0.0,2026-07-24,5
2026-07-24 06:00:00,BE,1811.5,407.1,6045.1,4233.6,0.0,0.0,2026-07-24,6
2026-07-24 07:00:00,BE,1854.0,617.7,6269.7,4415.7,0.0,0.0,2026-07-24,7
2026-07-24 08:00:00,BE,1977.6,757.0,6361.0,4383.4,0.0,0.0,2026-07-24,8
2026-07-24 09:00:00,BE,2023.8,520.6,6222.6,4198.8,0.0,0.0,2026-07-24,9
2026-07-24 10:00:00,BE,2244.7,1148.8,6852.8,4608.1,0.0,0.0,2026-07-24,10
2026-07-24 11:00:00,BE,2176.9,1310.5,6924.5,4747.6,0.0,0.0,2026-07-24,11
2026-07-24 12:00:00,BE,2443.0,1094.2,6808.2,4365.2,0.0,0.0,2026-07-24,12
2026-07-24 13:00:00,BE,2504.2,1107.0,6735.0,4230.8,0.0,0.0,2026-07-24,13
2026-07-24 14:00:00,BE,2690.3,1033.9,6697.9,4007.6,0.0,0.0,2026-07-24,14
2026-07-24 15:00:00,BE,2631.3,1007.4,6741.4,4110.1,0.0,0.0,2026-07-24,15
2026-07-24 16:00:00,BE,2902.1,801.2,6464.2,3562.1,0.0,0.0,2026-07-24,16
2026-07-24 17:00:00,BE,2726.6,430.7,6016.7,3290.1,0.0,0.0,2026-07-24,17
2026-07-24 18:00:00,BE,3128.9,314.4,5975.4,2846.5,0.0,0.0,2026-07-24,18
2026-07-24 19:00:00,BE,2662.4,544.0,6215.0,3552.6,0.0,0.0,2026-07-24,19
2026-07-24 20:00:00,BE,2742.6,391.9,5965.9,3223.3,0.0,0.0,2026-07-24,20
2026-07-24 21:00:00,BE,2709.4,785.9,6462.9,3753.5,0.0,0.0,2026-07-24,21
2026-07-24 22:00:00,BE,2797.0,235.4,5887.4,3090.4,0.0,0.0,2026-07-24,22
2026-07-24 23:00:00,BE,2703.1,768.2,6468.2,3765.1,0.0,0.0,2026-07-24,23
2026-07-25 00:00:00,BE,2247.4,469.1,6027.1,3779.7,0.0,0.0,2026-07-25,0
2026-07-25 01:00:00,BE,2381.6,548.3,6143.3,3761.7,0.0,0.0,2026-07-25,1
2026-07-25 02:00:00,BE,1945.7,838.6,6418.6,4472.9,0.0,0.0,2026-07-25,2
2026-07-25 03:00:00,BE,2231.6,159.7,5772.7,3541.1,0.0,0.0,2026-07-25,3
2026-07-25 04:00:00,BE,1876.8,284.1,5871.1,3994.3,0.0,0.0,2026-07-25,4
2026-07-25 05:00:00,BE,1952.7,667.3,6347.3,4394.6,0.0,0.0,2026-07-25,5
2026-07-25 06:00:00,BE,1896.2,234.0,5858.0,3961.8,0.0,0.0,2026-07-25,6
2026-07-25 07:00:00,BE,1783.4,708.2,6374.2,4590.8,0.0,0.0,2026-07-25,7
2026-07-25 08:00:00,BE,1943.9,952.4,6667.4,4723.5,0.0,0.0,2026-07-25,8
2026-07-25 09:00:00,BE,2065.7,1093.9,6827.9,4762.2,0.0,0.0,2026-07-25,9
2026-07-25 10:00:00,BE,1979.6,627.6,6211.6,4232.0,0.0,0.0,2026-07-25,10
2026-07-25 11:00:00,BE,2287.7,948.8,6554.8,4267.1,0.0,0.0,2026-07-25,11
2026-07-25 12:00:00,BE,2352.8,1329.6,6960.6,4607.8,0.0,0.0,2026-07-25,12
2026-07-25 13:00:00,BE,2407.3,1099.5,6774.5,4367.2,0.0,0.0,2026-07-25,13
2026-07-25 14:00:00,BE,2746.3,879.5,6489.5,3743.2,0.0,0.0,2026-07-25,14
2026-07-25 15:00:00,BE,2639.8,686.7,6362.7,3722.9,0.0,0.0,2026-07-25,15
2026-07-25 16:00:00,BE,2607.4,841.1,6582.1,3974.7,0.0,0.0,2026-07-25,16
2026-07-25 17:00:00,BE,2938.9,437.6,5994.6,3055.7,0.0,0.0,2026-07-25,17
2026-07-25 18:00:00,BE,2755.0,137.8,5834.8,3079.8,0.0,0.0,2026-07-25,18
2026-07-25 19:00:00,BE,2866.7,450.2,6075.2,3208.5,0.0,0.0,2026-07-25,19
2026-07-25 20:00:00,BE,2689.8,879.0,6463.0,3773.2,0.0,0.0,2026-07-25,20
2026-07-25 21:00:00,BE,2881.5,592.1,6070.1,3188.6,0.0,0.0,2026-07-25,21
2026-07-25 22:00:00,BE,2643.6,528.6,6186.6,3543.0,0.0,0.0,2026-07-25,22
2026-07-25 23:00:00,BE,2587.0,411.0,6102.0,3515.0,0.0,0.0,2026-07-25,23
2026-07-26 00:00:00,BE,2301.4,203.0,5942.0,3640.6,0.0,0.0,2026-07-26,0
2026-07-26 01:00:00,BE,2128.3,355.5,6089.5,3961.2,0.0,0.0,2026-07-26,1
2026-07-26 02:00:00,BE,2113.2,248.7,5989.7,3876.5,0.0,0.0,2026-07-26,2
2026-07-26 03:00:00,BE,2093.6,361.6,5991.6,3898.0,0.0,0.0,2026-07-26,3
2026-07-26 04:00:00,BE,2016.3,410.3,6139.3,4123.0,0.0,0.0,2026-07-26,4
2026-07-26 05:00:00,BE,2077.1,870.7,6514.7,4437.6,0.0,0.0,2026-07-26,5
2026-07-26 06:00:00,BE,1910.9,666.0,6294.0,4383.1,0.0,0.0,2026-07-26,6
2026-07-26 07:00:00,BE,2082.3,1212.9,6904.9,4822.6,0.0,0.0,2026-07-26,7
2026-07-26 08:00:00,BE,1810.0,528.6,6132.6,4322.6,0.0,0.0,2026-07-26,8
2026-07-26 09:00:00,BE,1980.0,630.4,6325.4,4345.4,0.0,0.0,2026-07-26,9
2026-07-26 10:00:00,BE,2008.2,1290.5,7008.5,5000.3,0.0,0.0,2026-07-26,10
2026-07-26 11:00:00,BE,2265.9,1306.5,6992.5,4726.6,0.0,0.0,2026-07-26,11
2026-07-26 12:00:00,BE,2263.9,1496.3,7157.3,4893.4,0.0,0.0,2026-07-26,12
2026-07-26 13:00:00,BE,2566.9,1217.4,6880.4,4313.5,0.0,0.0,2026-07-26,13
2026-07-26 14:00:00,BE,2627.0,945.9,6548.9,3921.9,0.0,0.0,2026-07-26,14
2026-07-26 15:00:00,BE,2760.8,660.6,6372.6,3611.8,0.0,0.0,2026-07-26,15
2026-07-26 16:00:00,BE,2846.6,604.2,6237.2,3390.6,0.0,0.0,2026-07-26,16
2026-07-26 17:00:00,BE,2824.6,262.6,5955.6,3131.0,0.0,0.0,2026-07-26,17
2026-07-26 18:00:00,BE,3005.6,375.1,6000.1,2994.5,0.0,0.0,2026-07-26,18
2026-07-26 19:00:00,BE,3113.2,421.8,6057.8,2944.6,0.0,0.0,2026-07-26,19
2026-07-26 20:00:00,BE,2875.7,271.0,5893.0,3017.3,0.0,0.0,2026-07-26,20
2026-07-26 21:00:00,BE,2755.0,630.3,6266.3,3511.3,0.0,0.0,2026-07-26,21
2026-07-26 22:00:00,BE,2696.5,299.5,5935.5,3239.0,0.0,0.0,2026-07-26,22
2026-07-26 23:00:00,BE,2439.5,281.6,5889.6,3450.1,0.0,0.0,2026-07-26,23
2026-07-27 00:00:00,BE,2281.5,579.0,6197.0,3915.5,0.0,0.0,2026-07-27,0
2026-07-27 01:00:00,BE,2174.3,429.9,6049.9,3875.6,0.0,0.0,2026-07-27,1
2026-07-27 02:00:00,BE,2188.5,38.8,5776.8,3588.3,0.0,0.0,2026-07-27,2
2026-07-27 03:00:00,BE,2066.9,741.4,6362.4,4295.5,0.0,0.0,2026-07-27,3
2026-07-27 04:00:00,BE,2137.6,435.2,6079.2,3941.6,0.0,0.0,2026-07-27,4
2026-07-27 05:00:00,BE,1732.6,139.0,5832.0,4099.4,0.0,0.0,2026-07-27,5
2026-07-27 06:00:00,BE,1948.8,337.7,5973.7,4024.9,0.0,0.0,2026-07-27,6
2026-07-27 07:00:00,BE,2068.4,327.0,5929.0,3860.6,0.0,0.0,2026-07-27,7
2026-07-27 08:00:00,BE,1807.8,835.8,6448.8,4641.0,0.0,0.0,2026-07-27,8
2026-07-27 09:00:00,BE,2134.7,993.8,6692.8,4558.1,0.0,0.0,2026-07-27,9
2026-07-27 10:00:00,BE,2202.7,728.4,6401.4,4198.7,0.0,0.0,2026-07-27,10
2026-07-27 11:00:00,BE,2257.5,789.4,6408.4,4150.9,0.0,0.0,2026-07-27,11
2026-07-27 12:00:00,BE,2202.0,1094.0,6699.0,4497.0,0.0,0.0,2026-07-27,12
2026-07-27 13:00:00,BE,2428.8,947.2,6582.2,4153.4,0.0,0.0,2026-07-27,13
2026-07-27 14:00:00,BE,2733.2,1159.8,6793.8,4060.6,0.0,0.0,2026-07-27,14
2026-07-27 15:00:00,BE,2858.2,974.2,6546.2,3688.0,0.0,0.0,2026-07-27,15
2026-07-27 16:00:00,BE,2802.5,1057.0,6720.0,3917.5,0.0,0.0,2026-07-27,16
2026-07-27 17:00:00,BE,2841.8,514.1,6032.1,3190.3,0.0,0.0,2026-07-27,17
2026-07-27 18:00:00,BE,3041.1,770.0,6494.0,3452.9,0.0,0.0,2026-07-27,18
2026-07-27 19:00:00,BE,2892.0,319.4,6036.4,3144.4,0.0,0.0,2026-07-27,19
2026-07-27 20:00:00,BE,2889.7,396.3,6068.3,3178.6,0.0,0.0,2026-07-27,20
2026-07-27 21:00:00,BE,2830.0,272.1,5843.1,3013.1,0.0,0.0,2026-07-27,21
2026-07-27 22:00:00,BE,2420.4,294.4,5904.4,3484.0,0.0,0.0,2026-07-27,22
2026-07-27 23:00:00,BE,2886.9,633.0,6237.0,3350.1,0.0,0.0,2026-07-27,23
2026-07-28 00:00:00,BE,2461.0,652.2,6266.2,3805.2,0.0,0.0,2026-07-28,0
2026-07-28 01:00:00,BE,2491.1,673.6,6262.6,3771.5,0.0,0.0,2026-07-28,1
2026-07-28 02:00:00,BE,2055.6,475.5,6181.5,4125.9,0.0,0.0,2026-07-28,2
2026-07-28 03:00:00,BE,1845.6,470.6,6153.6,4308.0,0.0,0.0,2026-07-28,3
2026-07-28 04:00:00,BE,2027.4,241.8,5915.8,3888.4,0.0,0.0,2026-07-28,4
2026-07-28 05:00:00,BE,1715.9,702.6,6319.6,4603.7,0.0,0.0,2026-07-28,5
2026-07-28 06:00:00,BE,1813.3,217.4,5920.4,4107.1,0.0,0.0,2026-07-28,6
2026-07-28 07:00:00,BE,1900.7,510.2,6136.2,4235.5,0.0,0.0,2026-07-28,7
2026-07-28 08:00:00,BE,1804.9,818.4,6586.4,4781.5,0.0,0.0,2026-07-28,8
2026-07-28 09:00:00,BE,2048.3,688.4,6345.4,4297.1,0.0,0.0,2026-07-28,9
2026-07-28 10:00:00,BE,2139.4,739.0,6337.0,4197.6,0.0,0.0,2026-07-28,10
2026-07-28 11:00:00,BE,2233.7,831.0,6451.0,4217.3,0.0,0.0,2026-07-28,11
2026-07-28 12:00:00,BE,2328.9,884.5,6444.5,4115.6,0.0,0.0,2026-07-28,12
2026-07-28 13:00:00,BE,2680.8,1108.1,6803.1,4122.3,0.0,0.0,2026-07-28,13
2026-07-28 14:00:00,BE,2647.9,1052.0,6596.0,3948.1,0.0,0.0,2026-07-28,14
2026-07-28 15:00:00,BE,2774.2,1013.8,6754.8,3980.6,0.0,0.0,2026-07-28,15
2026-07-28 16:00:00,BE,2876.9,1007.2,6640.2,3763.3,0.0,0.0,2026-07-28,16
2026-07-28 17:00:00,BE,2791.0,487.6,6138.6,3347.6,0.0,0.0,2026-07-28,17
2026-07-28 18:00:00,BE,2863.5,233.3,5760.3,2896.8,0.0,0.0,2026-07-28,18
2026-07-28 19:00:00,BE,3151.6,410.8,6117.8,2966.2,0.0,0.0,2026-07-28,19
2026-07-28 20:00:00,BE,2752.2,320.8,5915.8,3163.6,0.0,0.0,2026-07-28,20
2026-07-28 21:00:00,BE,2939.8,512.0,6130.0,3190.2,0.0,0.0,2026-07-28,21
2026-07-28 22:00:00,BE,2434.4,82.5,5724.5,3290.1,0.0,0.0,2026-07-28,22
2026-07-28 23:00:00,BE,2550.2,205.3,5771.3,3221.1,0.0,0.0,2026-07-28,23
2026-07-29 00:00:00,BE,2333.1,409.3,6043.3,3710.2,0.0,0.0,2026-07-29,0
2026-07-29 01:00:00,BE,2299.0,405.9,6042.9,3743.9,0.0,0.0,2026-07-29,1
2026-07-29 02:00:00,BE,2223.4,786.1,6414.1,4190.7,0.0,0.0,2026-07-29,2
2026-07-29 03:00:00,BE,2109.4,798.1,6428.1,4318.7,0.0,0.0,2026-07-29,3
2026-07-29 04:00:00,BE,1871.5,287.4,6027.4,4155.9,0.0,0.0,2026-07-29,4
2026-07-29 05:00:00,BE,1787.8,76.7,5717.7,3929.9,0.0,0.0,2026-07-29,5
2026-07-29 06:00:00,BE,1962.7,594.6,6218.6,4255.9,0.0,0.0,2026-07-29,6
2026-07-29 07:00:00,BE,2061.4,898.1,6585.1,4523.7,0.0,0.0,2026-07-29,7
2026-07-29 08:00:00,BE,2038.0,515.4,6183.4,4145.4,0.0,0.0,2026-07-29,8
2026-07-29 09:00:00,BE,2213.6,1088.9,6705.9,4492.3,0.0,0.0,2026-07-29,9
2026-07-29 10:00:00,BE,2067.0,1098.3,6671.3,4604.3,0.0,0.0,2026-07-29,10
2026-07-29 11:00:00,BE,2159.4,1127.2,6629.2,4469.8,0.0,0.0,2026-07-29,11
2026-07-29 12:00:00,BE,2351.0,975.3,6614.3,4263.3,0.0,0.0,2026-07-29,12
2026-07-29 13:00:00,BE,2645.1,998.1,6732.1,4087.0,0.0,0.0,2026-07-29,13
2026-07-29 14:00:00,BE,2608.8,758.4,6420.4,3811.6,0.0,0.0,2026-07-29,14
2026-07-29 15:00:00,BE,2622.8,688.7,6240.7,3617.9,0.0,0.0,2026-07-29,15
2026-07-29 16:00:00,BE,2930.2,645.6,6269.6,3339.4,0.0,0.0,2026-07-29,16
2026-07-29 17:00:00,BE,2813.8,304.1,6052.1,3238.3,0.0,0.0,2026-07-29,17
2026-07-29 18:00:00,BE,2814.6,857.8,6475.8,3661.2,0.0,0.0,2026-07-29,18
2026-07-29 19:00:00,BE,2727.3,503.1,6104.1,3376.8,0.0,0.0,2026-07-29,19
2026-07-29 20:00:00,BE,2893.4,315.3,5953.3,3059.9,0.0,0.0,2026-07-29,20
2026-07-29 21:00:00,BE,2766.5,495.6,6186.6,3420.1,0.0,0.0,2026-07-29,21
2026-07-29 22:00:00,BE,2763.2,659.1,6401.1,3637.9,0.0,0.0,2026-07-29,22
2026-07-29 23:00:00,BE,2485.7,156.4,5692.4,3206.7,0.0,0.0,2026-07-29,23
2026-07-30 00:00:00,BE,2425.6,650.7,6306.7,3881.1,0.0,0.0,2026-07-30,0
2026-07-30 01:00:00,BE,2413.9,238.3,5902.3,3488.4,0.0,0.0,2026-07-30,1
2026-07-30 02:00:00,BE,2040.9,43.9,5774.9,3734.0,0.0,0.0,2026-07-30,2
2026-07-30 03:00:00,BE,2274.5,449.5,6015.5,3741.0,0.0,0.0,2026-07-30,3
2026-07-30 04:00:00,BE,1992.3,204.1,5853.1,3860.8,0.0,0.0,2026-07-30,4
2026-07-30 05:00:00,BE,1900.9,66.2,5605.2,3704.3,0.0,0.0,2026-07-30,5
2026-07-30 06:00:00,BE,1969.0,378.8,6053.8,4084.8,0.0,0.0,2026-07-30,6
2026-07-30 07:00:00,BE,1954.3,572.1,6225.1,4270.8,0.0,0.0,2026-07-30,7
2026-07-30 08:00:00,BE,1934.3,506.8,6053.8,4119.5,0.0,0.0,2026-07-30,8
2026-07-30 09:00:00,BE,2070.8,790.1,6433.1,4362.3,0.0,0.0,2026-07-30,9
2026-07-30 10:00:00,BE,2248.6,1744.6,7434.6,5186.0,0.0,0.0,2026-07-30,10
2026-07-30 11:00:00,BE,2476.8,1088.8,6692.8,4216.0,0.0,0.0,2026-07-30,11
2026-07-30 12:00:00,BE,2549.2,1456.0,7014.0,4464.8,0.0,0.0,2026-07-30,12
2026-07-30 13:00:00,BE,2699.7,1130.1,6777.1,4077.4,0.0,0.0,2026-07-30,13
2026-07-30 14:00:00,BE,2755.7,742.1,6471.1,3715.4,0.0,0.0,2026-07-30,14
2026-07-30 15:00:00,BE,2775.3,735.2,6336.2,3560.9,0.0,0.0,2026-07-30,15
2026-07-30 16:00:00,BE,2726.2,1083.7,6785.7,4059.5,0.0,0.0,2026-07-30,16
2026-07-30 17:00:00,BE,2867.8,601.9,6229.9,3362.1,0.0,0.0,2026-07-30,17
2026-07-30 18:00:00,BE,2834.4,141.8,5723.8,2889.4,0.0,0.0,2026-07-30,18
2026-07-30 19:00:00,BE,2978.2,285.8,5945.8,2967.6,0.0,0.0,2026-07-30,19
2026-07-30 20:00:00,BE,2565.4,484.9,6200.9,3635.5,0.0,0.0,2026-07-30,20
2026-07-30 21:00:00,BE,2721.5,363.9,6046.9,3325.4,0.0,0.0,2026-07-30,21
2026-07-30 22:00:00,BE,2724.7,870.5,6568.5,3843.8,0.0,0.0,2026-07-30,22
2026-07-30 23:00:00,BE,2585.1,217.5,5810.5,3225.4,0.0,0.0,2026-07-30,23
2026-07-31 00:00:00,BE,2457.2,252.1,5924.1,3466.9,0.0,0.0,2026-07-31,0
2026-07-31 01:00:00,BE,2326.0,843.9,6522.9,4196.9,0.0,0.0,2026-07-31,1
2026-07-31 02:00:00,BE,2001.5,335.9,6032.9,4031.4,0.0,0.0,2026-07-31,2
2026-07-31 03:00:00,BE,2221.9,637.1,6304.1,4082.2,0.0,0.0,2026-07-31,3
2026-07-31 04:00:00,BE,2083.5,110.9,5775.9,3692.4,0.0,0.0,2026-07-31,4
2026-07-31 05:00:00,BE,2079.9,525.8,6169.8,4089.9,0.0,0.0,2026-07-31,5
2026-07-31 06:00:00,BE,1944.5,594.3,6299.3,4354.8,0.0,0.0,2026-07-31,6
2026-07-31 07:00:00,BE,1890.0,305.7,5789.7,3899.7,0.0,0.0,2026-07-31,7
2026-07-31 08:00:00,BE,2086.2,944.3,6547.3,4461.1,0.0,0.0,2026-07-31,8
2026-07-31 09:00:00,BE,1990.6,632.2,6286.2,4295.6,0.0,0.0,2026-07-31,9
2026-07-31 10:00:00,BE,2038.5,800.1,6510.1,4471.6,0.0,0.0,2026-07-31,10
2026-07-31 11:00:00,BE,2061.8,1038.5,6551.5,4489.7,0.0,0.0,2026-07-31,11
2026-07-31 12:00:00,BE,2314.0,972.3,6600.3,4286.3,0.0,0.0,2026-07-31,12
2026-07-31 13:00:00,BE,2520.8,795.2,6540.2,4019.4,0.0,0.0,2026-07-31,13
2026-07-31 14:00:00,BE,2483.9,953.4,6518.4,4034.5,0.0,0.0,2026-07-31,14
2026-07-31 15:00:00,BE,2563.6,1005.4,6589.4,4025.8,0.0,0.0,2026-07-31,15
2026-07-31 16:00:00,BE,2774.5,513.7,6092.7,3318.2,0.0,0.0,2026-07-31,16
2026-07-31 17:00:00,BE,3015.7,641.4,6310.4,3294.7,0.0,0.0,2026-07-31,17
2026-07-31 18:00:00,BE,2875.8,440.3,6017.3,3141.5,0.0,0.0,2026-07-31,18
2026-07-31 19:00:00,BE,2927.8,402.0,6052.0,3124.2,0.0,0.0,2026-07-31,19
2026-07-31 20:00:00,BE,2717.1,521.0,6187.0,3469.9,0.0,0.0,2026-07-31,20
2026-07-31 21:00:00,BE,2783.8,337.5,5936.5,3152.7,0.0,0.0,2026-07-31,21
2026-07-31 22:00:00,BE,2727.6,291.6,5971.6,3244.0,0.0,0.0,2026-07-31,22
2026-07-31 23:00:00,BE,2387.0,730.7,6467.7,4080.7,0.0,0.0,2026-07-31,23
2026-08-01 00:00:00,BE,2353.3,178.7,5926.7,3573.4,0.0,0.0,2026-08-01,0
2026-08-01 01:00:00,BE,2240.4,327.9,6038.9,3798.5,0.0,0.0,2026-08-01,1
2026-08-01 02:00:00,BE,2208.4,253.8,5853.8,3645.4,0.0,0.0,2026-08-01,2
2026-08-01 03:00:00,BE,1988.7,731.2,6280.2,4291.5,0.0,0.0,2026-08-01,3
2026-08-01 04:00:00,BE,1778.2,200.3,5891.3,4113.1,0.0,0.0,2026-08-01,4
2026-08-01 05:00:00,BE,1866.8,239.7,5811.7,3944.9,0.0,0.0,2026-08-01,5
2026-08-01 06:00:00,BE,2086.1,417.9,6090.9,4004.8,0.0,0.0,2026-08-01,6
2026-08-01 07:00:00,BE,2090.7,582.5,6065.5,3974.8,0.0,0.0,2026-08-01,7
2026-08-01 08:00:00,BE,1915.6,595.2,6236.2,4320.6,0.0,0.0,2026-08-01,8
2026-08-01 09:00:00,BE,1961.8,701.2,6325.2,4363.4,0.0,0.0,2026-08-01,9
2026-08-01 10:00:00,BE,2049.8,1110.0,6753.0,4703.2,0.0,0.0,2026-08-01,10
2026-08-01 11:00:00,BE,2239.3,1114.0,6708.0,4468.7,0.0,0.0,2026-08-01,11
2026-08-01 12:00:00,BE,2438.2,928.9,6679.9,4241.7,0.0,0.0,2026-08-01,12
2026-08-01 13:00:00,BE,2640.3,760.2,6404.2,3763.9,0.0,0.0,2026-08-01,13
2026-08-01 14:00:00,BE,2870.2,769.8,6389.8,3519.6,0.0,0.0,2026-08-01,14
2026-08-01 15:00:00,BE,2748.9,537.3,6215.3,3466.4,0.0,0.0,2026-08-01,15
2026-08-01 16:00:00,BE,3062.0,501.6,6216.6,3154.6,0.0,0.0,2026-08-01,16
2026-08-01 17:00:00,BE,3031.2,585.5,6250.5,3219.3,0.0,0.0,2026-08-01,17
2026-08-01 18:00:00,BE,2889.4,307.0,5909.0,3019.6,0.0,0.0,2026-08-01,18
2026-08-01 19:00:00,BE,2734.5,475.4,6190.4,3455.9,0.0,0.0,2026-08-01,19
2026-08-01 20:00:00,BE,2843.7,73.6,5765.6,2921.9,0.0,0.0,2026-08-01,20
2026-08-01 21:00:00,BE,2964.2,483.5,6128.5,3164.3,0.0,0.0,2026-08-01,21
2026-08-01 22:00:00,BE,2652.1,297.9,5904.9,3252.8,0.0,0.0,2026-08-01,22
2026-08-01 23:00:00,BE,2762.3,768.9,6358.9,3596.6,0.0,0.0,2026-08-01,23
2026-08-02 00:00:00,BE,2293.4,487.4,6152.4,3859.0,0.0,0.0,2026-08-02,0
2026-08-02 01:00:00,BE,2514.0,690.5,6352.5,3838.5,0.0,0.0,2026-08-02,1
2026-08-02 02:00:00,BE,2117.0,397.7,5995.7,3878.7,0.0,0.0,2026-08-02,2
2026-08-02 03:00:00,BE,1961.5,281.9,5985.9,4024.4,0.0,0.0,2026-08-02,3
2026-08-02 04:00:00,BE,1931.1,346.5,5979.5,4048.4,0.0,0.0,2026-08-02,4
2026-08-02 05:00:00,BE,1871.5,264.3,5914.3,4042.8,0.0,0.0,2026-08-02,5
2026-08-02 06:00:00,BE,1738.1,92.6,5804.6,4066.5,0.0,0.0,2026-08-02,6
2026-08-02 07:00:00,BE,1836.9,565.2,6177.2,4340.3,0.0,0.0,2026-08-02,7
2026-08-02 08:00:00,BE,1714.3,935.3,6567.3,4853.0,0.0,0.0,2026-08-02,8
2026-08-02 09:00:00,BE,2219.2,816.1,6499.1,4279.9,0.0,0.0,2026-08-02,9
2026-08-02 10:00:00,BE,2249.3,1059.4,6748.4,4499.1,0.0,0.0,2026-08-02,10
2026-08-02 11:00:00,BE,2229.2,1072.0,6720.0,4490.8,0.0,0.0,2026-08-02,11
2026-08-02 12:00:00,BE,2334.7,1446.3,7187.3,4852.6,0.0,0.0,2026-08-02,12
2026-08-02 13:00:00,BE,2723.7,1407.5,7110.5,4386.8,0.0,0.0,2026-08-02,13
2026-08-02 14:00:00,BE,2554.7,975.4,6596.4,4041.7,0.0,0.0,2026-08-02,14
2026-08-02 15:00:00,BE,2892.4,1032.9,6657.9,3765.5,0.0,0.0,2026-08-02,15
2026-08-02 16:00:00,BE,3020.6,872.2,6546.2,3525.6,0.0,0.0,2026-08-02,16
2026-08-02 17:00:00,BE,3000.0,549.4,6251.4,3251.4,0.0,0.0,2026-08-02,17
2026-08-02 18:00:00,BE,2931.4,611.0,6264.0,3332.6,0.0,0.0,2026-08-02,18
2026-08-02 19:00:00,BE,2994.9,402.6,5929.6,2934.7,0.0,0.0,2026-08-02,19
2026-08-02 20:00:00,BE,2847.8,802.3,6449.3,3601.5,0.0,0.0,2026-08-02,20
2026-08-02 21:00:00,BE,2918.3,133.6,5799.6,2881.3,0.0,0.0,2026-08-02,21
2026-08-02 22:00:00,BE,2603.9,637.5,6331.5,3727.6,0.0,0.0,2026-08-02,22
2026-08-02 23:00:00,BE,2785.5,161.9,5820.9,3035.4,0.0,0.0,2026-08-02,23
2026-08-03 00:00:00,BE,2530.5,25.6,5635.6,3105.1,0.0,0.0,2026-08-03,0
2026-08-03 01:00:00,BE,2286.8,298.5,6011.5,3724.7,0.0,0.0,2026-08-03,1
2026-08-03 02:00:00,BE,2324.9,176.5,5764.5,3439.6,0.0,0.0,2026-08-03,2
2026-08-03 03:00:00,BE,2208.2,86.7,5675.7,3467.5,0.0,0.0,2026-08-03,3
2026-08-03 04:00:00,BE,1963.4,156.8,5823.8,3860.4,0.0,0.0,2026-08-03,4
2026-08-03 05:00:00,BE,1821.5,603.3,6232.3,4410.8,0.0,0.0,2026-08-03,5
2026-08-03 06:00:00,BE,1783.6,189.9,5845.9,4062.3,0.0,0.0,2026-08-03,6
2026-08-03 07:00:00,BE,1869.3,651.4,6230.4,4361.1,0.0,0.0,2026-08-03,7
2026-08-03 08:00:00,BE,1974.2,614.3,6333.3,4359.1,0.0,0.0,2026-08-03,8
2026-08-03 09:00:00,BE,2064.2,1047.1,6718.1,4653.9,0.0,0.0,2026-08-03,9
2026-08-03 10:00:00,BE,2464.7,1200.0,6839.0,4374.3,0.0,0.0,2026-08-03,10
2026-08-03 11:00:00,BE,2307.0,1205.9,6859.9,4552.9,0.0,0.0,2026-08-03,11
2026-08-03 12:00:00,BE,2455.5,1027.7,6717.7,4262.2,0.0,0.0,2026-08-03,12
2026-08-03 13:00:00,BE,2500.0,1159.3,6783.3,4283.3,0.0,0.0,2026-08-03,13
2026-08-03 14:00:00,BE,2862.2,1405.2,7143.2,4281.0,0.0,0.0,2026-08-03,14
2026-08-03 15:00:00,BE,2626.1,961.4,6636.4,4010.3,0.0,0.0,2026-08-03,15
2026-08-03 16:00:00,BE,2904.9,652.7,6294.7,3389.8,0.0,0.0,2026-08-03,16
2026-08-03 17:00:00,BE,2915.0,530.3,6317.3,3402.3,0.0,0.0,2026-08-03,17
2026-08-03 18:00:00,BE,2929.0,543.9,6138.9,3209.9,0.0,0.0,2026-08-03,18
2026-08-03 19:00:00,BE,2931.3,203.5,5828.5,2897.2,0.0,0.0,2026-08-03,19
2026-08-03 20:00:00,BE,2809.2,281.5,5893.5,3084.3,0.0,0.0,2026-08-03,20
2026-08-03 21:00:00,BE,2669.7,399.2,6095.2,3425.5,0.0,0.0,2026-08-03,21
2026-08-03 22:00:00,BE,2818.4,50.2,5587.2,2768.8,0.0,0.0,2026-08-03,22
2026-08-03 23:00:00,BE,2736.5,306.1,5938.1,3201.6,0.0,0.0,2026-08-03,23
2026-08-04 00:00:00,BE,2524.8,674.8,6347.8,3823.0,0.0,0.0,2026-08-04,0
2026-08-04 01:00:00,BE,2466.4,56.5,5764.5,3298.1,0.0,0.0,2026-08-04,1
2026-08-04 02:00:00,BE,2216.9,515.9,6080.9,3864.0,0.0,0.0,2026-08-04,2
2026-08-04 03:00:00,BE,1823.0,609.2,6248.2,4425.2,0.0,0.0,2026-08-04,3
2026-08-04 04:00:00,BE,1892.4,523.4,6167.4,4275.0,0.0,0.0,2026-08-04,4
2026-08-04 05:00:00,BE,2022.3,624.0,6182.0,4159.7,0.0,0.0,2026-08-04,5
2026-08-04 06:00:00,BE,1668.3,478.5,6084.5,4416.2,0.0,0.0,2026-08-04,6
2026-08-04 07:00:00,BE,1981.1,908.2,6608.2,4627.1,0.0,0.0,2026-08-04,7
2026-08-04 08:00:00,BE,2054.8,671.3,6164.3,4109.5,0.0,0.0,2026-08-04,8
2026-08-04 09:00:00,BE,2130.1,633.3,6233.3,4103.2,0.0,0.0,2026-08-04,9
2026-08-04 10:00:00,BE,2070.7,846.5,6553.5,4482.8,0.0,0.0,2026-08-04,10
2026-08-04 11:00:00,BE,2276.9,1316.0,6946.0,4669.1,0.0,0.0,2026-08-04,11
2026-08-04 12:00:00,BE,2408.9,922.1,6571.1,4162.2,0.0,0.0,2026-08-04,12
2026-08-04 13:00:00,BE,2606.7,981.3,6590.3,3983.6,0.0,0.0,2026-08-04,13
2026-08-04 14:00:00,BE,2668.0,1360.0,6985.0,4317.0,0.0,0.0,2026-08-04,14
2026-08-04 15:00:00,BE,2596.3,596.2,6167.2,3570.9,0.0,0.0,2026-08-04,15
2026-08-04 16:00:00,BE,3164.7,886.5,6605.5,3440.8,0.0,0.0,2026-08-04,16
2026-08-04 17:00:00,BE,2972.3,385.4,6113.4,3141.1,0.0,0.0,2026-08-04,17
2026-08-04 18:00:00,BE,2923.3,696.2,6437.2,3513.9,0.0,0.0,2026-08-04,18
2026-08-04 19:00:00,BE,2870.9,162.9,5834.9,2964.0,0.0,0.0,2026-08-04,19
2026-08-04 20:00:00,BE,2974.6,63.3,5737.3,2762.7,0.0,0.0,2026-08-04,20
2026-08-04 21:00:00,BE,2830.6,227.7,5882.7,3052.1,0.0,0.0,2026-08-04,21
2026-08-04 22:00:00,BE,2753.6,66.8,5727.8,2974.2,0.0,0.0,2026-08-04,22
2026-08-04 23:00:00,BE,2403.8,309.8,5876.8,3473.0,0.0,0.0,2026-08-04,23
2026-08-05 00:00:00,BE,2205.9,93.3,5727.3,3521.4,0.0,0.0,2026-08-05,0
2026-08-05 01:00:00,BE,2482.6,208.6,5941.6,3459.0,0.0,0.0,2026-08-05,1
2026-08-05 02:00:00,BE,2229.4,591.7,6227.7,3998.3,0.0,0.0,2026-08-05,2
2026-08-05 03:00:00,BE,2134.0,176.0,5844.0,3710.0,0.0,0.0,2026-08-05,3
2026-08-05 04:00:00,BE,2160.2,446.2,6074.2,3914.0,0.0,0.0,2026-08-05,4
2026-08-05 05:00:00,BE,1925.4,479.1,6108.1,4182.7,0.0,0.0,2026-08-05,5
2026-08-05 06:00:00,BE,2014.8,520.7,6197.7,4182.9,0.0,0.0,2026-08-05,6
2026-08-05 07:00:00,BE,1757.5,486.6,6163.6,4406.1,0.0,0.0,2026-08-05,7
2026-08-05 08:00:00,BE,2011.3,748.9,6392.9,4381.6,0.0,0.0,2026-08-05,8
2026-08-05 09:00:00,BE,2092.8,1076.5,6644.5,4551.7,0.0,0.0,2026-08-05,9
2026-08-05 10:00:00,BE,2324.1,1380.9,7088.9,4764.8,0.0,0.0,2026-08-05,10
2026-08-05 11:00:00,BE,2273.3,794.6,6454.6,4181.3,0.0,0.0,2026-08-05,11
2026-08-05 12:00:00,BE,2704.0,853.8,6509.8,3805.8,0.0,0.0,2026-08-05,12
2026-08-05 13:00:00,BE,2280.3,1233.8,6891.8,4611.5,0.0,0.0,2026-08-05,13
2026-08-05 14:00:00,BE,2835.7,1260.9,6883.9,4048.2,0.0,0.0,2026-08-05,14
2026-08-05 15:00:00,BE,2600.8,1086.0,6739.0,4138.2,0.0,0.0,2026-08-05,15
2026-08-05 16:00:00,BE,3009.6,670.6,6343.6,3334.0,0.0,0.0,2026-08-05,16
2026-08-05 17:00:00,BE,3037.0,831.3,6387.3,3350.3,0.0,0.0,2026-08-05,17
2026-08-05 18:00:00,BE,2880.7,221.5,5920.5,3039.8,0.0,0.0,2026-08-05,18
2026-08-05 19:00:00,BE,2896.7,294.7,5959.7,3063.0,0.0,0.0,2026-08-05,19
2026-08-05 20:00:00,BE,2862.0,420.4,6026.4,3164.4,0.0,0.0,2026-08-05,20
2026-08-05 21:00:00,BE,2908.3,704.9,6369.9,3461.6,0.0,0.0,2026-08-05,21
2026-08-05 22:00:00,BE,2648.7,355.0,6018.0,3369.3,0.0,0.0,2026-08-05,22
2026-08-05 23:00:00,BE,2631.5,289.7,5974.7,3343.2,0.0,0.0,2026-08-05,23
2026-08-06 00:00:00,BE,2472.6,479.3,6178.3,3705.7,0.0,0.0,2026-08-06,0
2026-08-06 01:00:00,BE,2411.6,273.2,5935.2,3523.6,0.0,0.0,2026-08-06,1
2026-08-06 02:00:00,BE,2236.3,236.1,5807.1,3570.8,0.0,0.0,2026-08-06,2
2026-08-06 03:00:00,BE,2164.3,364.9,6015.9,3851.6,0.0,0.0,2026-08-06,3
2026-08-06 04:00:00,BE,2120.0,516.4,6210.4,4090.4,0.0,0.0,2026-08-06,4
2026-08-06 05:00:00,BE,2066.9,52.8,5657.8,3590.9,0.0,0.0,2026-08-06,5
2026-08-06 06:00:00,BE,2046.4,268.1,5802.1,3755.7,0.0,0.0,2026-08-06,6
2026-08-06 07:00:00,BE,1962.5,332.5,5924.5,3962.0,0.0,0.0,2026-08-06,7
2026-08-06 08:00:00,BE,2022.5,634.9,6298.9,4276.4,0.0,0.0,2026-08-06,8
2026-08-06 09:00:00,BE,2024.7,851.8,6482.8,4458.1,0.0,0.0,2026-08-06,9
2026-08-06 10:00:00,BE,2291.4,1076.6,6695.6,4404.2,0.0,0.0,2026-08-06,10
2026-08-06 11:00:00,BE,2225.9,748.5,6344.5,4118.6,0.0,0.0,2026-08-06,11
2026-08-06 12:00:00,BE,2440.5,1143.6,6709.6,4269.1,0.0,0.0,2026-08-06,12
2026-08-06 13:00:00,BE,2586.5,1102.0,6826.0,4239.5,0.0,0.0,2026-08-06,13
2026-08-06 14:00:00,BE,2786.7,1383.4,7040.4,4253.7,0.0,0.0,2026-08-06,14
2026-08-06 15:00:00,BE,2881.0,1025.4,6691.4,3810.4,0.0,0.0,2026-08-06,15
2026-08-06 16:00:00,BE,2986.3,803.6,6289.6,3303.3,0.0,0.0,2026-08-06,16
2026-08-06 17:00:00,BE,2977.6,719.5,6446.5,3468.9,0.0,0.0,2026-08-06,17
2026-08-06 18:00:00,BE,2808.6,257.1,5964.1,3155.5,0.0,0.0,2026-08-06,18
2026-08-06 19:00:00,BE,2896.0,308.7,5845.7,2949.7,0.0,0.0,2026-08-06,19
2026-08-06 20:00:00,BE,2924.5,100.6,5640.6,2716.1,0.0,0.0,2026-08-06,20
2026-08-06 21:00:00,BE,2868.1,242.1,5883.1,3015.0,0.0,0.0,2026-08-06,21
2026-08-06 22:00:00,BE,2632.2,549.0,6286.0,3653.8,0.0,0.0,2026-08-06,22
2026-08-06 23:00:00,BE,2529.2,336.0,6016.0,3486.8,0.0,0.0,2026-08-06,23
2026-08-07 00:00:00,BE,2459.9,332.4,5881.4,3421.5,0.0,0.0,2026-08-07,0
2026-08-07 01:00:00,BE,2204.6,298.3,5972.3,3767.7,0.0,0.0,2026-08-07,1
2026-08-07 02:00:00,BE,2202.4,301.4,5985.4,3783.0,0.0,0.0,2026-08-07,2
2026-08-07 03:00:00,BE,2252.2,429.4,6148.4,3896.2,0.0,0.0,2026-08-07,3
2026-08-07 04:00:00,BE,1895.0,103.0,5701.0,3806.0,0.0,0.0,2026-08-07,4
2026-08-07 05:00:00,BE,1830.3,311.8,6071.8,4241.5,0.0,0.0,2026-08-07,5
2026-08-07 06:00:00,BE,2095.6,62.8,5732.8,3637.2,0.0,0.0,2026-08-07,6
2026-08-07 07:00:00,BE,1973.5,576.3,6254.3,4280.8,0.0,0.0,2026-08-07,7
2026-08-07 08:00:00,BE,2229.6,832.4,6488.4,4258.8,0.0,0.0,2026-08-07,8
2026-08-07 09:00:00,BE,1963.3,778.8,6468.8,4505.5,0.0,0.0,2026-08-07,9
2026-08-07 10:00:00,BE,2343.5,897.0,6470.0,4126.5,0.0,0.0,2026-08-07,10
2026-08-07 11:00:00,BE,2379.5,909.5,6519.5,4140.0,0.0,0.0,2026-08-07,11
2026-08-07 12:00:00,BE,2336.0,1049.6,6677.6,4341.6,0.0,0.0,2026-08-07,12
2026-08-07 13:00:00,BE,2649.2,1169.0,6914.0,4264.8,0.0,0.0,2026-08-07,13
2026-08-07 14:00:00,BE,2985.2,814.8,6448.8,3463.6,0.0,0.0,2026-08-07,14
2026-08-07 15:00:00,BE,2933.7,676.0,6299.0,3365.3,0.0,0.0,2026-08-07,15
2026-08-07 16:00:00,BE,2937.7,775.2,6353.2,3415.5,0.0,0.0,2026-08-07,16
2026-08-07 17:00:00,BE,2920.8,764.1,6379.1,3458.3,0.0,0.0,2026-08-07,17
2026-08-07 18:00:00,BE,2825.2,358.3,6015.3,3190.1,0.0,0.0,2026-08-07,18
2026-08-07 19:00:00,BE,2806.2,604.2,6201.2,3395.0,0.0,0.0,2026-08-07,19
2026-08-07 20:00:00,BE,2868.2,405.6,6005.6,3137.4,0.0,0.0,2026-08-07,20
2026-08-07 21:00:00,BE,2940.3,358.8,5993.8,3053.5,0.0,0.0,2026-08-07,21
2026-08-07 22:00:00,BE,2711.9,599.3,6254.3,3542.4,0.0,0.0,2026-08-07,22
2026-08-07 23:00:00,BE,2806.8,451.0,5994.0,3187.2,0.0,0.0,2026-08-07,23
2026-08-08 00:00:00,BE,2370.7,491.0,6208.0,3837.3,0.0,0.0,2026-08-08,0
2026-08-08 01:00:00,BE,2226.1,470.4,6120.4,3894.3,0.0,0.0,2026-08-08,1
2026-08-08 02:00:00,BE,2241.4,372.5,6111.5,3870.1,0.0,0.0,2026-08-08,2
2026-08-08 03:00:00,BE,2121.3,511.0,6078.0,3956.7,0.0,0.0,2026-08-08,3
2026-08-08 04:00:00,BE,2233.1,310.1,5950.1,3717.0,0.0,0.0,2026-08-08,4
2026-08-08 05:00:00,BE,2079.4,566.6,6270.6,4191.2,0.0,0.0,2026-08-08,5
2026-08-08 06:00:00,BE,1991.2,677.9,6277.9,4286.7,0.0,0.0,2026-08-08,6
2026-08-08 07:00:00,BE,1912.4,848.5,6512.5,4600.1,0.0,0.0,2026-08-08,7
2026-08-08 08:00:00,BE,2135.5,518.4,6163.4,4027.9,0.0,0.0,2026-08-08,8
2026-08-08 09:00:00,BE,2420.8,985.7,6785.7,4364.9,0.0,0.0,2026-08-08,9
2026-08-08 10:00:00,BE,2250.1,899.2,6620.2,4370.1,0.0,0.0,2026-08-08,10
2026-08-08 11:00:00,BE,2209.6,1231.5,6869.5,4659.9,0.0,0.0,2026-08-08,11
2026-08-08 12:00:00,BE,2302.1,1173.1,6727.1,4425.0,0.0,0.0,2026-08-08,12
2026-08-08 13:00:00,BE,2576.8,923.1,6582.1,4005.3,0.0,0.0,2026-08-08,13
2026-08-08 14:00:00,BE,2764.8,909.5,6516.5,3751.7,0.0,0.0,2026-08-08,14
2026-08-08 15:00:00,BE,2759.5,994.2,6662.2,3902.7,0.0,0.0,2026-08-08,15
2026-08-08 16:00:00,BE,2869.7,715.0,6278.0,3408.3,0.0,0.0,2026-08-08,16
2026-08-08 17:00:00,BE,2916.9,425.8,6105.8,3188.9,0.0,0.0,2026-08-08,17
2026-08-08 18:00:00,BE,3144.6,372.4,6100.4,2955.8,0.0,0.0,2026-08-08,18
2026-08-08 19:00:00,BE,2823.7,777.8,6484.8,3661.1,0.0,0.0,2026-08-08,19
2026-08-08 20:00:00,BE,2867.5,165.1,5763.1,2895.6,0.0,0.0,2026-08-08,20
2026-08-08 21:00:00,BE,2974.1,164.4,5885.4,2911.3,0.0,0.0,2026-08-08,21
2026-08-08 22:00:00,BE,2922.8,647.5,6255.5,3332.7,0.0,0.0,2026-08-08,22
2026-08-08 23:00:00,BE,2553.3,850.4,6541.4,3988.1,0.0,0.0,2026-08-08,23
2026-08-09 00:00:00,BE,2473.3,719.0,6368.0,3894.7,0.0,0.0,2026-08-09,0
2026-08-09 01:00:00,BE,2587.6,345.0,5880.0,3292.4,0.0,0.0,2026-08-09,1
2026-08-09 02:00:00,BE,2399.3,186.1,5822.1,3422.8,0.0,0.0,2026-08-09,2
2026-08-09 03:00:00,BE,2047.9,430.4,5962.4,3914.5,0.0,0.0,2026-08-09,3
2026-08-09 04:00:00,BE,1950.0,586.8,6296.8,4346.8,0.0,0.0,2026-08-09,4
2026-08-09 05:00:00,BE,2030.7,219.2,5939.2,3908.5,0.0,0.0,2026-08-09,5
2026-08-09 06:00:00,BE,1891.1,257.9,5902.9,4011.8,0.0,0.0,2026-08-09,6
2026-08-09 07:00:00,BE,1967.1,367.3,6067.3,4100.2,0.0,0.0,2026-08-09,7
2026-08-09 08:00:00,BE,2109.0,856.3,6414.3,4305.3,0.0,0.0,2026-08-09,8
2026-08-09 09:00:00,BE,1951.4,1110.1,6680.1,4728.7,0.0,0.0,2026-08-09,9
2026-08-09 10:00:00,BE,2281.6,997.4,6602.4,4320.8,0.0,0.0,2026-08-09,10
2026-08-09 11:00:00,BE,2428.1,1458.0,7090.0,4661.9,0.0,0.0,2026-08-09,11
2026-08-09 12:00:00,BE,2475.0,1309.4,6970.4,4495.4,0.0,0.0,2026-08-09,12
2026-08-09 13:00:00,BE,2730.7,926.5,6639.5,3908.8,0.0,0.0,2026-08-09,13
2026-08-09 14:00:00,BE,2677.3,1057.7,6721.7,4044.4,0.0,0.0,2026-08-09,14
2026-08-09 15:00:00,BE,2822.1,813.1,6381.1,3559.0,0.0,0.0,2026-08-09,15
2026-08-09 16:00:00,BE,2722.7,893.3,6572.3,3849.6,0.0,0.0,2026-08-09,16
2026-08-09 17:00:00,BE,2633.3,570.3,6288.3,3655.0,0.0,0.0,2026-08-09,17
2026-08-09 18:00:00,BE,2871.8,201.3,5864.3,2992.5,0.0,0.0,2026-08-09,18
2026-08-09 19:00:00,BE,2975.0,555.6,6154.6,3179.6,0.0,0.0,2026-08-09,19
2026-08-09 20:00:00,BE,2933.5,590.9,6346.9,3413.4,0.0,0.0,2026-08-09,20
2026-08-09 21:00:00,BE,2818.5,110.2,5780.2,2961.7,0.0,0.0,2026-08-09,21
2026-08-09 22:00:00,BE,2715.7,498.1,6099.1,3383.4,0.0,0.0,2026-08-09,22
2026-08-09 23:00:00,BE,2616.2,423.3,6168.3,3552.1,0.0,0.0,2026-08-09,23
2026-08-10 00:00:00,BE,2505.5,107.5,5755.5,3250.0,0.0,0.0,2026-08-10,0
2026-08-10 01:00:00,BE,2280.3,100.7,5710.7,3430.4,0.0,0.0,2026-08-10,1
2026-08-10 02:00:00,BE,2061.8,277.0,6003.0,3941.2,0.0,0.0,2026-08-10,2
2026-08-10 03:00:00,BE,2221.4,695.9,6294.9,4073.5,0.0,0.0,2026-08-10,3
2026-08-10 04:00:00,BE,1909.6,128.4,5772.4,3862.8,0.0,0.0,2026-08-10,4
2026-08-10 05:00:00,BE,2194.6,564.2,6211.2,4016.6,0.0,0.0,2026-08-10,5
2026-08-10 06:00:00,BE,1875.0,231.0,5947.0,4072.0,0.0,0.0,2026-08-10,6
2026-08-10 07:00:00,BE,1975.8,553.4,6191.4,4215.6,0.0,0.0,2026-08-10,7
2026-08-10 08:00:00,BE,2178.8,781.8,6455.8,4277.0,0.0,0.0,2026-08-10,8
2026-08-10 09:00:00,BE,2092.3,808.2,6475.2,4382.9,0.0,0.0,2026-08-10,9
2026-08-10 10:00:00,BE,2110.1,624.0,6161.0,4050.9,0.0,0.0,2026-08-10,10
2026-08-10 11:00:00,BE,2349.6,1230.1,6827.1,4477.5,0.0,0.0,2026-08-10,11
2026-08-10 12:00:00,BE,2609.6,1364.7,7043.7,4434.1,0.0,0.0,2026-08-10,12
2026-08-10 13:00:00,BE,2629.5,1134.3,6836.3,4206.8,0.0,0.0,2026-08-10,13
2026-08-10 14:00:00,BE,2730.9,1384.8,6957.8,4226.9,0.0,0.0,2026-08-10,14
2026-08-10 15:00:00,BE,2842.0,1016.6,6714.6,3872.6,0.0,0.0,2026-08-10,15
2026-08-10 16:00:00,BE,3085.2,763.2,6392.2,3307.0,0.0,0.0,2026-08-10,16
2026-08-10 17:00:00,BE,2834.9,789.5,6494.5,3659.6,0.0,0.0,2026-08-10,17
2026-08-10 18:00:00,BE,3037.2,374.5,6038.5,3001.3,0.0,0.0,2026-08-10,18
2026-08-10 19:00:00,BE,3271.5,429.0,6123.0,2851.5,0.0,0.0,2026-08-10,19
2026-08-10 20:00:00,BE,2938.4,200.7,5776.7,2838.3,0.0,0.0,2026-08-10,20
2026-08-10 21:00:00,BE,2956.5,456.8,6169.8,3213.3,0.0,0.0,2026-08-10,21
2026-08-10 22:00:00,BE,2671.0,401.4,6164.4,3493.4,0.0,0.0,2026-08-10,22
2026-08-10 23:00:00,BE,2571.9,344.6,5992.6,3420.7,0.0,0.0,2026-08-10,23
2026-08-11 00:00:00,BE,2515.4,126.5,5831.5,3316.1,0.0,0.0,2026-08-11,0
2026-08-11 01:00:00,BE,2367.3,100.9,5767.9,3400.6,0.0,0.0,2026-08-11,1
2026-08-11 02:00:00,BE,2141.8,110.2,5692.2,3550.4,0.0,0.0,2026-08-11,2
2026-08-11 03:00:00,BE,2250.7,221.3,5913.3,3662.6,0.0,0.0,2026-08-11,3
2026-08-11 04:00:00,BE,2019.3,423.7,6032.7,4013.4,0.0,0.0,2026-08-11,4
2026-08-11 05:00:00,BE,2111.2,219.3,5922.3,3811.1,0.0,0.0,2026-08-11,5
2026-08-11 06:00:00,BE,1998.6,253.3,5908.3,3909.7,0.0,0.0,2026-08-11,6
2026-08-11 07:00:00,BE,2191.2,321.9,6123.9,3932.7,0.0,0.0,2026-08-11,7
2026-08-11 08:00:00,BE,2058.1,588.8,6223.8,4165.7,0.0,0.0,2026-08-11,8
2026-08-11 09:00:00,BE,2055.9,1266.0,6922.0,4866.1,0.0,0.0,2026-08-11,9
2026-08-11 10:00:00,BE,2396.5,1338.9,6933.9,4537.4,0.0,0.0,2026-08-11,10
2026-08-11 11:00:00,BE,2216.5,1097.8,6707.8,4491.3,0.0,0.0,2026-08-11,11
2026-08-11 12:00:00,BE,2467.7,989.5,6645.5,4177.8,0.0,0.0,2026-08-11,12
2026-08-11 13:00:00,BE,2605.9,1228.0,6774.0,4168.1,0.0,0.0,2026-08-11,13
2026-08-11 14:00:00,BE,2886.2,1055.6,6646.6,3760.4,0.0,0.0,2026-08-11,14
2026-08-11 15:00:00,BE,2921.0,962.7,6694.7,3773.7,0.0,0.0,2026-08-11,15
2026-08-11 16:00:00,BE,2967.3,404.3,6164.3,3197.0,0.0,0.0,2026-08-11,16
2026-08-11 17:00:00,BE,3189.6,242.8,5876.8,2687.2,0.0,0.0,2026-08-11,17
2026-08-11 18:00:00,BE,3027.5,505.5,6109.5,3082.0,0.0,0.0,2026-08-11,18
2026-08-11 19:00:00,BE,2837.9,654.6,6239.6,3401.7,0.0,0.0,2026-08-11,19
2026-08-11 20:00:00,BE,2810.1,148.9,5814.9,3004.8,0.0,0.0,2026-08-11,20
2026-08-11 21:00:00,BE,2696.4,676.2,6281.2,3584.8,0.0,0.0,2026-08-11,21
2026-08-11 22:00:00,BE,2758.9,305.9,5947.9,3189.0,0.0,0.0,2026-08-11,22
2026-08-11 23:00:00,BE,2632.7,294.8,5806.8,3174.1,0.0,0.0,2026-08-11,23
2026-08-12 00:00:00,BE,2554.1,325.6,5978.6,3424.5,0.0,0.0,2026-08-12,0
2026-08-12 01:00:00,BE,2410.8,832.5,6608.5,4197.7,0.0,0.0,2026-08-12,1
2026-08-12 02:00:00,BE,2284.8,465.8,6086.8,3802.0,0.0,0.0,2026-08-12,2
2026-08-12 03:00:00,BE,2362.5,176.1,5912.1,3549.6,0.0,0.0,2026-08-12,3
2026-08-12 04:00:00,BE,2119.9,371.1,5956.1,3836.2,0.0,0.0,2026-08-12,4
2026-08-12 05:00:00,BE,1931.2,718.0,6295.0,4363.8,0.0,0.0,2026-08-12,5
2026-08-12 06:00:00,BE,1957.5,480.3,6126.3,4168.8,0.0,0.0,2026-08-12,6
2026-08-12 07:00:00,BE,1973.7,776.3,6425.3,4451.6,0.0,0.0,2026-08-12,7
2026-08-12 08:00:00,BE,2073.2,1045.5,6698.5,4625.3,0.0,0.0,2026-08-12,8
2026-08-12 09:00:00,BE,1987.1,963.3,6652.3,4665.2,0.0,0.0,2026-08-12,9
2026-08-12 10:00:00,BE,2394.0,986.3,6600.3,4206.3,0.0,0.0,2026-08-12,10
2026-08-12 11:00:00,BE,2237.6,1488.4,7163.4,4925.8,0.0,0.0,2026-08-12,11
2026-08-12 12:00:00,BE,2575.1,1277.6,6961.6,4386.5,0.0,0.0,2026-08-12,12
2026-08-12 13:00:00,BE,2750.2,834.3,6483.3,3733.1,0.0,0.0,2026-08-12,13
2026-08-12 14:00:00,BE,2850.8,1034.0,6684.0,3833.2,0.0,0.0,2026-08-12,14
2026-08-12 15:00:00,BE,2894.1,895.5,6634.5,3740.4,0.0,0.0,2026-08-12,15
2026-08-12 16:00:00,BE,2958.8,936.8,6563.8,3605.0,0.0,0.0,2026-08-12,16
2026-08-12 17:00:00,BE,3198.5,655.4,6232.4,3033.9,0.0,0.0,2026-08-12,17
2026-08-12 18:00:00,BE,3112.1,361.9,5864.9,2752.8,0.0,0.0,2026-08-12,18
2026-08-12 19:00:00,BE,2845.9,372.0,6081.0,3235.1,0.0,0.0,2026-08-12,19
2026-08-12 20:00:00,BE,3027.5,302.5,5956.5,2929.0,0.0,0.0,2026-08-12,20
2026-08-12 21:00:00,BE,2745.3,845.0,6463.0,3717.7,0.0,0.0,2026-08-12,21
2026-08-12 22:00:00,BE,2869.4,256.5,5882.5,3013.1,0.0,0.0,2026-08-12,22
2026-08-12 23:00:00,BE,2746.8,108.4,5805.4,3058.6,0.0,0.0,2026-08-12,23
2026-08-13 00:00:00,BE,2834.2,127.9,5836.9,3002.7,0.0,0.0,2026-08-13,0
2026-08-13 01:00:00,BE,2414.8,157.6,5802.6,3387.8,0.0,0.0,2026-08-13,1
2026-08-13 02:00:00,BE,2253.0,96.2,5717.2,3464.2,0.0,0.0,2026-08-13,2
2026-08-13 03:00:00,BE,2139.5,155.1,5724.1,3584.6,0.0,0.0,2026-08-13,3
2026-08-13 04:00:00,BE,2167.9,784.7,6421.7,4253.8,0.0,0.0,2026-08-13,4
2026-08-13 05:00:00,BE,2108.1,572.1,6308.1,4200.0,0.0,0.0,2026-08-13,5
2026-08-13 06:00:00,BE,2086.7,609.0,6263.0,4176.3,0.0,0.0,2026-08-13,6
2026-08-13 07:00:00,BE,2193.4,757.9,6457.9,4264.5,0.0,0.0,2026-08-13,7
2026-08-13 08:00:00,BE,2160.3,407.5,6070.5,3910.2,0.0,0.0,2026-08-13,8
2026-08-13 09:00:00,BE,2000.5,1173.6,6831.6,4831.1,0.0,0.0,2026-08-13,9
2026-08-13 10:00:00,BE,2226.3,711.1,6352.1,4125.8,0.0,0.0,2026-08-13,10
2026-08-13 11:00:00,BE,2416.9,744.9,6360.9,3944.0,0.0,0.0,2026-08-13,11
2026-08-13 12:00:00,BE,2588.6,1168.4,6856.4,4267.8,0.0,0.0,2026-08-13,12
2026-08-13 13:00:00,BE,2523.0,906.8,6602.8,4079.8,0.0,0.0,2026-08-13,13
2026-08-13 14:00:00,BE,2919.0,794.1,6417.1,3498.1,0.0,0.0,2026-08-13,14
2026-08-13 15:00:00,BE,2842.7,1334.5,7005.5,4162.8,0.0,0.0,2026-08-13,15
2026-08-13 16:00:00,BE,3078.8,941.1,6484.1,3405.3,0.0,0.0,2026-08-13,16
2026-08-13 17:00:00,BE,3120.9,474.1,6091.1,2970.2,0.0,0.0,2026-08-13,17
2026-08-13 18:00:00,BE,2958.3,492.9,6109.9,3151.6,0.0,0.0,2026-08-13,18
2026-08-13 19:00:00,BE,3099.5,488.2,6181.2,3081.7,0.0,0.0,2026-08-13,19
2026-08-13 20:00:00,BE,3111.6,285.2,6022.2,2910.6,0.0,0.0,2026-08-13,20
2026-08-13 21:00:00,BE,2908.5,309.1,5969.1,3060.6,0.0,0.0,2026-08-13,21
2026-08-13 22:00:00,BE,2866.6,219.4,5931.4,3064.8,0.0,0.0,2026-08-13,22
2026-08-13 23:00:00,BE,2527.9,332.2,5933.2,3405.3,0.0,0.0,2026-08-13,23
2026-08-14 00:00:00,BE,2396.8,242.3,5899.3,3502.5,0.0,0.0,2026-08-14,0
2026-08-14 01:00:00,BE,2460.8,938.0,6510.0,4049.2,0.0,0.0,2026-08-14,1
2026-08-14 02:00:00,BE,2068.9,135.6,5823.6,3754.7,0.0,0.0,2026-08-14,2
2026-08-14 03:00:00,BE,2111.5,192.1,5877.1,3765.6,0.0,0.0,2026-08-14,3
2026-08-14 04:00:00,BE,2095.6,343.1,6010.1,3914.5,0.0,0.0,2026-08-14,4
2026-08-14 05:00:00,BE,2137.9,552.4,6168.4,4030.5,0.0,0.0,2026-08-14,5
2026-08-14 06:00:00,BE,2206.6,448.1,6108.1,3901.5,0.0,0.0,2026-08-14,6
2026-08-14 07:00:00,BE,2176.4,505.6,6199.6,4023.2,0.0,0.0,2026-08-14,7
2026-08-14 08:00:00,BE,1955.2,547.1,6170.1,4214.9,0.0,0.0,2026-08-14,8
2026-08-14 09:00:00,BE,2148.4,891.0,6523.0,4374.6,0.0,0.0,2026-08-14,9
2026-08-14 10:00:00,BE,2343.9,800.0,6497.0,4153.1,0.0,0.0,2026-08-14,10
2026-08-14 11:00:00,BE,2364.9,934.0,6611.0,4246.1,0.0,0.0,2026-08-14,11
2026-08-14 12:00:00,BE,2594.8,956.0,6699.0,4104.2,0.0,0.0,2026-08-14,12
2026-08-14 13:00:00,BE,2552.4,972.9,6658.9,4106.5,0.0,0.0,2026-08-14,13
2026-08-14 14:00:00,BE,2678.9,1458.5,7140.5,4461.6,0.0,0.0,2026-08-14,14
2026-08-14 15:00:00,BE,3218.9,934.0,6650.0,3431.1,0.0,0.0,2026-08-14,15
2026-08-14 16:00:00,BE,2923.8,476.4,6177.4,3253.6,0.0,0.0,2026-08-14,16
2026-08-14 17:00:00,BE,3017.9,542.8,6220.8,3202.9,0.0,0.0,2026-08-14,17
2026-08-14 18:00:00,BE,3179.9,52.6,5687.6,2507.7,0.0,0.0,2026-08-14,18
2026-08-14 19:00:00,BE,3029.5,433.6,6085.6,3056.1,0.0,0.0,2026-08-14,19
2026-08-14 20:00:00,BE,3144.5,190.1,5706.1,2561.6,0.0,0.0,2026-08-14,20
2026-08-14 21:00:00,BE,3211.1,465.7,6058.7,2847.6,0.0,0.0,2026-08-14,21
2026-08-14 22:00:00,BE,2834.0,425.0,6055.0,3221.0,0.0,0.0,2026-08-14,22
2026-08-14 23:00:00,BE,3046.5,455.4,6140.4,3093.9,0.0,0.0,2026-08-14,23
2026-08-15 00:00:00,BE,2502.0,231.7,5869.7,3367.7,0.0,0.0,2026-08-15,0
2026-08-15 01:00:00,BE,2134.7,280.3,5985.3,3850.6,0.0,0.0,2026-08-15,1
2026-08-15 02:00:00,BE,2345.2,282.8,5870.8,3525.6,0.0,0.0,2026-08-15,2
2026-08-15 03:00:00,BE,2269.5,236.4,5871.4,3601.9,0.0,0.0,2026-08-15,3
2026-08-15 04:00:00,BE,1969.4,159.8,5814.8,3845.4,0.0,0.0,2026-08-15,4
2026-08-15 05:00:00,BE,1909.6,503.9,6262.9,4353.3,0.0,0.0,2026-08-15,5
2026-08-15 06:00:00,BE,1947.6,339.2,6013.2,4065.6,0.0,0.0,2026-08-15,6
2026-08-15 07:00:00,BE,1869.7,713.0,6389.0,4519.3,0.0,0.0,2026-08-15,7
2026-08-15 08:00:00,BE,2120.2,673.8,6415.8,4295.6,0.0,0.0,2026-08-15,8
2026-08-15 09:00:00,BE,2116.8,724.2,6279.2,4162.4,0.0,0.0,2026-08-15,9
2026-08-15 10:00:00,BE,2511.2,1155.0,6808.0,4296.8,0.0,0.0,2026-08-15,10
2026-08-15 11:00:00,BE,2558.1,1159.8,6805.8,4247.7,0.0,0.0,2026-08-15,11
2026-08-15 12:00:00,BE,2526.4,1111.9,6772.9,4246.5,0.0,0.0,2026-08-15,12
2026-08-15 13:00:00,BE,2660.3,853.9,6488.9,3828.6,0.0,0.0,2026-08-15,13
2026-08-15 14:00:00,BE,2975.7,866.1,6490.1,3514.4,0.0,0.0,2026-08-15,14
2026-08-15 15:00:00,BE,3005.9,1020.5,6732.5,3726.6,0.0,0.0,2026-08-15,15
2026-08-15 16:00:00,BE,2810.4,1004.7,6674.7,3864.3,0.0,0.0,2026-08-15,16
2026-08-15 17:00:00,BE,3062.6,1259.8,6995.8,3933.2,0.0,0.0,2026-08-15,17
2026-08-15 18:00:00,BE,3110.0,750.5,6456.5,3346.5,0.0,0.0,2026-08-15,18
2026-08-15 19:00:00,BE,3066.8,718.0,6304.0,3237.2,0.0,0.0,2026-08-15,19
2026-08-15 20:00:00,BE,3105.5,222.6,5895.6,2790.1,0.0,0.0,2026-08-15,20
2026-08-15 21:00:00,BE,2858.5,621.0,6340.0,3481.5,0.0,0.0,2026-08-15,21
2026-08-15 22:00:00,BE,2596.1,654.2,6344.2,3748.1,0.0,0.0,2026-08-15,22
2026-08-15 23:00:00,BE,2816.2,469.6,6106.6,3290.4,0.0,0.0,2026-08-15,23
2026-08-16 00:00:00,BE,2435.7,381.6,6050.6,3614.9,0.0,0.0,2026-08-16,0
2026-08-16 01:00:00,BE,2376.2,404.6,5990.6,3614.4,0.0,0.0,2026-08-16,1
2026-08-16 02:00:00,BE,2342.2,169.8,5831.8,3489.6,0.0,0.0,2026-08-16,2
2026-08-16 03:00:00,BE,2039.4,702.8,6427.8,4388.4,0.0,0.0,2026-08-16,3
2026-08-16 04:00:00,BE,2108.8,162.7,5753.7,3644.9,0.0,0.0,2026-08-16,4
2026-08-16 05:00:00,BE,1948.9,322.9,6026.9,4078.0,0.0,0.0,2026-08-16,5
2026-08-16 06:00:00,BE,1978.0,43.5,5763.5,3785.5,0.0,0.0,2026-08-16,6
2026-08-16 07:00:00,BE,1954.6,303.6,5934.6,3980.0,0.0,0.0,2026-08-16,7
2026-08-16 08:00:00,BE,1982.1,731.4,6531.4,4549.3,0.0,0.0,2026-08-16,8
2026-08-16 09:00:00,BE,2304.7,895.1,6537.1,4232.4,0.0,0.0,2026-08-16,9
2026-08-16 10:00:00,BE,2389.4,1177.8,6774.8,4385.4,0.0,0.0,2026-08-16,10
2026-08-16 11:00:00,BE,2443.2,864.0,6512.0,4068.8,0.0,0.0,2026-08-16,11
2026-08-16 12:00:00,BE,2489.0,1499.5,7068.5,4579.5,0.0,0.0,2026-08-16,12
2026-08-16 13:00:00,BE,2541.7,1258.2,6923.2,4381.5,0.0,0.0,2026-08-16,13
2026-08-16 14:00:00,BE,2505.4,953.1,6557.1,4051.7,0.0,0.0,2026-08-16,14
2026-08-16 15:00:00,BE,2842.2,925.8,6615.8,3773.6,0.0,0.0,2026-08-16,15
2026-08-16 16:00:00,BE,2951.1,811.8,6435.8,3484.7,0.0,0.0,2026-08-16,16
2026-08-16 17:00:00,BE,3078.9,284.5,5950.5,2871.6,0.0,0.0,2026-08-16,17
2026-08-16 18:00:00,BE,3171.7,182.8,5866.8,2695.1,0.0,0.0,2026-08-16,18
2026-08-16 19:00:00,BE,3036.1,795.3,6479.3,3443.2,0.0,0.0,2026-08-16,19
2026-08-16 20:00:00,BE,3002.1,244.1,5952.1,2950.0,0.0,0.0,2026-08-16,20
2026-08-16 21:00:00,BE,2838.3,187.7,5880.7,3042.4,0.0,0.0,2026-08-16,21
2026-08-16 22:00:00,BE,2791.8,194.6,5861.6,3069.8,0.0,0.0,2026-08-16,22
2026-08-16 23:00:00,BE,2753.5,214.3,5847.3,3093.8,0.0,0.0,2026-08-16,23
2026-08-17 00:00:00,BE,2449.4,645.5,6188.5,3739.1,0.0,0.0,2026-08-17,0
2026-08-17 01:00:00,BE,2425.5,608.0,6287.0,3861.5,0.0,0.0,2026-08-17,1
2026-08-17 02:00:00,BE,2319.9,226.4,5949.4,3629.5,0.0,0.0,2026-08-17,2
2026-08-17 03:00:00,BE,2096.0,205.5,5872.5,3776.5,0.0,0.0,2026-08-17,3
2026-08-17 04:00:00,BE,1996.9,543.4,6066.4,4069.5,0.0,0.0,2026-08-17,4
2026-08-17 05:00:00,BE,2244.4,147.1,5894.1,3649.7,0.0,0.0,2026-08-17,5
2026-08-17 06:00:00,BE,2160.4,240.4,5838.4,3678.0,0.0,0.0,2026-08-17,6
2026-08-17 07:00:00,BE,2040.6,592.2,6237.2,4196.6,0.0,0.0,2026-08-17,7
2026-08-17 08:00:00,BE,2127.4,561.1,6146.1,4018.7,0.0,0.0,2026-08-17,8
2026-08-17 09:00:00,BE,2306.7,717.0,6362.0,4055.3,0.0,0.0,2026-08-17,9
2026-08-17 10:00:00,BE,2196.1,754.9,6443.9,4247.8,0.0,0.0,2026-08-17,10
2026-08-17 11:00:00,BE,2433.3,787.6,6426.6,3993.3,0.0,0.0,2026-08-17,11
2026-08-17 12:00:00,BE,2668.7,1084.3,6668.3,3999.6,0.0,0.0,2026-08-17,12
2026-08-17 13:00:00,BE,2598.4,924.2,6560.2,3961.8,0.0,0.0,2026-08-17,13
2026-08-17 14:00:00,BE,2845.1,1157.0,6732.0,3886.9,0.0,0.0,2026-08-17,14
2026-08-17 15:00:00,BE,2688.7,1116.6,6798.6,4109.9,0.0,0.0,2026-08-17,15
2026-08-17 16:00:00,BE,3010.7,507.0,6163.0,3152.3,0.0,0.0,2026-08-17,16
2026-08-17 17:00:00,BE,3037.6,582.8,6291.8,3254.2,0.0,0.0,2026-08-17,17
2026-08-17 18:00:00,BE,3298.4,483.9,6112.9,2814.5,0.0,0.0,2026-08-17,18
2026-08-17 19:00:00,BE,3081.0,820.9,6442.9,3361.9,0.0,0.0,2026-08-17,19
2026-08-17 20:00:00,BE,2948.8,182.4,5824.4,2875.6,0.0,0.0,2026-08-17,20
2026-08-17 21:00:00,BE,2989.6,514.9,6035.9,3046.3,0.0,0.0,2026-08-17,21
2026-08-17 22:00:00,BE,2849.2,181.6,5880.6,3031.4,0.0,0.0,2026-08-17,22
2026-08-17 23:00:00,BE,2587.4,637.5,6316.5,3729.1,0.0,0.0,2026-08-17,23
2026-08-18 00:00:00,BE,2575.2,131.2,5812.2,3237.0,0.0,0.0,2026-08-18,0
2026-08-18 01:00:00,BE,2677.7,509.5,6187.5,3509.8,0.0,0.0,2026-08-18,1
2026-08-18 02:00:00,BE,2377.0,420.1,6033.1,3656.1,0.0,0.0,2026-08-18,2
2026-08-18 03:00:00,BE,2042.0,55.4,5713.4,3671.4,0.0,0.0,2026-08-18,3
2026-08-18 04:00:00,BE,2114.3,428.5,6079.5,3965.2,0.0,0.0,2026-08-18,4
2026-08-18 05:00:00,BE,2140.4,159.5,5821.5,3681.1,0.0,0.0,2026-08-18,5
2026-08-18 06:00:00,BE,2066.3,997.4,6554.4,4488.1,0.0,0.0,2026-08-18,6
2026-08-18 07:00:00,BE,2267.6,831.6,6512.6,4245.0,0.0,0.0,2026-08-18,7
2026-08-18 08:00:00,BE,2095.8,888.6,6478.6,4382.8,0.0,0.0,2026-08-18,8
2026-08-18 09:00:00,BE,2423.3,828.8,6441.8,4018.5,0.0,0.0,2026-08-18,9
2026-08-18 10:00:00,BE,2256.7,840.2,6618.2,4361.5,0.0,0.0,2026-08-18,10
2026-08-18 11:00:00,BE,2452.6,1163.5,6796.5,4343.9,0.0,0.0,2026-08-18,11
2026-08-18 12:00:00,BE,2724.2,939.9,6606.9,3882.7,0.0,0.0,2026-08-18,12
2026-08-18 13:00:00,BE,2520.7,1506.7,7138.7,4618.0,0.0,0.0,2026-08-18,13
2026-08-18 14:00:00,BE,2726.6,939.5,6607.5,3880.9,0.0,0.0,2026-08-18,14
2026-08-18 15:00:00,BE,3005.8,1120.7,6791.7,3785.9,0.0,0.0,2026-08-18,15
2026-08-18 16:00:00,BE,3196.0,373.2,5949.2,2753.2,0.0,0.0,2026-08-18,16
2026-08-18 17:00:00,BE,2987.3,684.4,6354.4,3367.1,0.0,0.0,2026-08-18,17
2026-08-18 18:00:00,BE,3152.3,193.7,5836.7,2684.4,0.0,0.0,2026-08-18,18
2026-08-18 19:00:00,BE,2929.7,330.6,5916.6,2986.9,0.0,0.0,2026-08-18,19
2026-08-18 20:00:00,BE,3083.4,197.6,5684.6,2601.2,0.0,0.0,2026-08-18,20
2026-08-18 21:00:00,BE,3128.4,155.0,5831.0,2702.6,0.0,0.0,2026-08-18,21
2026-08-18 22:00:00,BE,2800.8,361.1,6017.1,3216.3,0.0,0.0,2026-08-18,22
2026-08-18 23:00:00,BE,2660.6,200.4,5875.4,3214.8,0.0,0.0,2026-08-18,23
2026-08-19 00:00:00,BE,2742.9,268.0,5857.0,3114.1,0.0,0.0,2026-08-19,0
2026-08-19 01:00:00,BE,2541.8,348.1,6049.1,3507.3,0.0,0.0,2026-08-19,1
2026-08-19 02:00:00,BE,2457.5,190.1,5817.1,3359.6,0.0,0.0,2026-08-19,2
2026-08-19 03:00:00,BE,2376.4,496.4,6249.4,3873.0,0.0,0.0,2026-08-19,3
2026-08-19 04:00:00,BE,2144.3,835.3,6536.3,4392.0,0.0,0.0,2026-08-19,4
2026-08-19 05:00:00,BE,2226.2,415.9,6082.9,3856.7,0.0,0.0,2026-08-19,5
2026-08-19 06:00:00,BE,2307.1,629.2,6227.2,3920.1,0.0,0.0,2026-08-19,6
2026-08-19 07:00:00,BE,2063.4,531.7,6224.7,4161.3,0.0,0.0,2026-08-19,7
2026-08-19 08:00:00,BE,2265.0,613.2,6274.2,4009.2,0.0,0.0,2026-08-19,8
2026-08-19 09:00:00,BE,2187.9,622.6,6291.6,4103.7,0.0,0.0,2026-08-19,9
2026-08-19 10:00:00,BE,2516.0,1183.5,6793.5,4277.5,0.0,0.0,2026-08-19,10
2026-08-19 11:00:00,BE,2530.9,910.8,6518.8,3987.9,0.0,0.0,2026-08-19,11
2026-08-19 12:00:00,BE,2438.8,775.8,6432.8,3994.0,0.0,0.0,2026-08-19,12
2026-08-19 13:00:00,BE,2745.9,854.2,6353.2,3607.3,0.0,0.0,2026-08-19,13
2026-08-19 14:00:00,BE,2781.3,979.5,6701.5,3920.2,0.0,0.0,2026-08-19,14
2026-08-19 15:00:00,BE,3047.6,1110.2,6701.2,3653.6,0.0,0.0,2026-08-19,15
2026-08-19 16:00:00,BE,3007.9,830.1,6570.1,3562.2,0.0,0.0,2026-08-19,16
2026-08-19 17:00:00,BE,3064.8,404.6,5957.6,2892.8,0.0,0.0,2026-08-19,17
2026-08-19 18:00:00,BE,3174.0,664.6,6248.6,3074.6,0.0,0.0,2026-08-19,18
2026-08-19 19:00:00,BE,3023.8,457.0,6168.0,3144.2,0.0,0.0,2026-08-19,19
2026-08-19 20:00:00,BE,2704.0,344.0,5973.0,3269.0,0.0,0.0,2026-08-19,20
2026-08-19 21:00:00,BE,2885.7,171.4,5774.4,2888.7,0.0,0.0,2026-08-19,21
2026-08-19 22:00:00,BE,2776.2,832.8,6482.8,3706.6,0.0,0.0,2026-08-19,22
2026-08-19 23:00:00,BE,2907.7,783.8,6262.8,3355.1,0.0,0.0,2026-08-19,23
2026-08-20 00:00:00,BE,2402.9,313.2,6121.2,3718.3,0.0,0.0,2026-08-20,0
2026-08-20 01:00:00,BE,2680.6,392.3,6101.3,3420.7,0.0,0.0,2026-08-20,1
2026-08-20 02:00:00,BE,2366.0,576.1,6142.1,3776.1,0.0,0.0,2026-08-20,2
2026-08-20 03:00:00,BE,2294.6,801.4,6373.4,4078.8,0.0,0.0,2026-08-20,3
2026-08-20 04:00:00,BE,2146.4,788.3,6295.3,4148.9,0.0,0.0,2026-08-20,4
2026-08-20 05:00:00,BE,2095.2,455.9,6140.9,4045.7,0.0,0.0,2026-08-20,5
2026-08-20 06:00:00,BE,2031.4,443.1,6087.1,4055.7,0.0,0.0,2026-08-20,6
2026-08-20 07:00:00,BE,2358.5,572.2,6117.2,3758.7,0.0,0.0,2026-08-20,7
2026-08-20 08:00:00,BE,2084.4,515.9,6171.9,4087.5,0.0,0.0,2026-08-20,8
2026-08-20 09:00:00,BE,2302.8,646.7,6233.7,3930.9,0.0,0.0,2026-08-20,9
2026-08-20 10:00:00,BE,2375.2,1125.7,6679.7,4304.5,0.0,0.0,2026-08-20,10
2026-08-20 11:00:00,BE,2477.0,1425.7,7125.7,4648.7,0.0,0.0,2026-08-20,11
2026-08-20 12:00:00,BE,2721.7,955.3,6587.3,3865.6,0.0,0.0,2026-08-20,12
2026-08-20 13:00:00,BE,2797.8,1607.0,7341.0,4543.2,0.0,0.0,2026-08-20,13
2026-08-20 14:00:00,BE,2644.0,855.0,6582.0,3938.0,0.0,0.0,2026-08-20,14
2026-08-20 15:00:00,BE,2758.0,823.0,6428.0,3670.0,0.0,0.0,2026-08-20,15
2026-08-20 16:00:00,BE,2976.2,553.0,6278.0,3301.8,0.0,0.0,2026-08-20,16
2026-08-20 17:00:00,BE,3255.6,544.2,6183.2,2927.6,0.0,0.0,2026-08-20,17
2026-08-20 18:00:00,BE,3333.6,363.4,6104.4,2770.8,0.0,0.0,2026-08-20,18
2026-08-20 19:00:00,BE,3045.8,624.9,6239.9,3194.1,0.0,0.0,2026-08-20,19
2026-08-20 20:00:00,BE,3047.0,303.9,6053.9,3006.9,0.0,0.0,2026-08-20,20
2026-08-20 21:00:00,BE,2825.7,135.4,5763.4,2937.7,0.0,0.0,2026-08-20,21
2026-08-20 22:00:00,BE,2897.5,602.6,6263.6,3366.1,0.0,0.0,2026-08-20,22
2026-08-20 23:00:00,BE,2774.2,206.5,6005.5,3231.3,0.0,0.0,2026-08-20,23
2026-08-21 00:00:00,BE,2533.3,368.0,6053.0,3519.7,0.0,0.0,2026-08-21,0
2026-08-21 01:00:00,BE,2466.3,143.5,5744.5,3278.2,0.0,0.0,2026-08-21,1
2026-08-21 02:00:00,BE,2417.8,183.0,5891.0,3473.2,0.0,0.0,2026-08-21,2
2026-08-21 03:00:00,BE,2461.8,160.9,5795.9,3334.1,0.0,0.0,2026-08-21,3
2026-08-21 04:00:00,BE,2408.6,473.9,6026.9,3618.3,0.0,0.0,2026-08-21,4
2026-08-21 05:00:00,BE,2439.5,512.3,6175.3,3735.8,0.0,0.0,2026-08-21,5
2026-08-21 06:00:00,BE,2037.3,169.6,5724.6,3687.3,0.0,0.0,2026-08-21,6
2026-08-21 07:00:00,BE,1862.9,445.6,6101.6,4238.7,0.0,0.0,2026-08-21,7
2026-08-21 08:00:00,BE,2191.2,565.0,6148.0,3956.8,0.0,0.0,2026-08-21,8
2026-08-21 09:00:00,BE,2122.8,755.5,6353.5,4230.7,0.0,0.0,2026-08-21,9
2026-08-21 10:00:00,BE,2424.9,907.5,6554.5,4129.6,0.0,0.0,2026-08-21,10
2026-08-21 11:00:00,BE,2443.3,1049.4,6764.4,4321.1,0.0,0.0,2026-08-21,11
2026-08-21 12:00:00,BE,2525.9,1244.6,6888.6,4362.7,0.0,0.0,2026-08-21,12
2026-08-21 13:00:00,BE,2738.1,1090.8,6756.8,4018.7,0.0,0.0,2026-08-21,13
2026-08-21 14:00:00,BE,2988.9,1243.8,7044.8,4055.9,0.0,0.0,2026-08-21,14
2026-08-21 15:00:00,BE,3015.5,1083.8,6670.8,3655.3,0.0,0.0,2026-08-21,15
2026-08-21 16:00:00,BE,3048.3,588.9,6202.9,3154.6,0.0,0.0,2026-08-21,16
2026-08-21 17:00:00,BE,3000.3,874.9,6493.9,3493.6,0.0,0.0,2026-08-21,17
2026-08-21 18:00:00,BE,2982.6,771.9,6315.9,3333.3,0.0,0.0,2026-08-21,18
2026-08-21 19:00:00,BE,3145.5,212.0,5873.0,2727.5,0.0,0.0,2026-08-21,19
2026-08-21 20:00:00,BE,3002.8,157.8,5775.8,2773.0,0.0,0.0,2026-08-21,20
2026-08-21 21:00:00,BE,2854.8,419.9,6036.9,3182.1,0.0,0.0,2026-08-21,21
2026-08-21 22:00:00,BE,2935.0,358.8,6006.8,3071.8,0.0,0.0,2026-08-21,22
2026-08-21 23:00:00,BE,2748.9,93.5,5696.5,2947.6,0.0,0.0,2026-08-21,23
2026-08-22 00:00:00,BE,2586.4,357.1,6025.1,3438.7,0.0,0.0,2026-08-22,0
2026-08-22 01:00:00,BE,2681.2,257.3,5893.3,3212.1,0.0,0.0,2026-08-22,1
2026-08-22 02:00:00,BE,2293.1,794.8,6406.8,4113.7,0.0,0.0,2026-08-22,2
2026-08-22 03:00:00,BE,2384.6,974.9,6614.9,4230.3,0.0,0.0,2026-08-22,3
2026-08-22 04:00:00,BE,2206.7,310.1,6029.1,3822.4,0.0,0.0,2026-08-22,4
2026-08-22 05:00:00,BE,2193.9,264.5,5959.5,3765.6,0.0,0.0,2026-08-22,5
2026-08-22 06:00:00,BE,2136.6,512.7,6204.7,4068.1,0.0,0.0,2026-08-22,6
2026-08-22 07:00:00,BE,2258.4,394.7,6069.7,3811.3,0.0,0.0,2026-08-22,7
2026-08-22 08:00:00,BE,2376.1,819.3,6493.3,4117.2,0.0,0.0,2026-08-22,8
2026-08-22 09:00:00,BE,2114.4,880.6,6562.6,4448.2,0.0,0.0,2026-08-22,9
2026-08-22 10:00:00,BE,2521.4,692.3,6243.3,3721.9,0.0,0.0,2026-08-22,10
2026-08-22 11:00:00,BE,2464.2,877.2,6576.2,4112.0,0.0,0.0,2026-08-22,11
2026-08-22 12:00:00,BE,2670.5,1267.3,6902.3,4231.8,0.0,0.0,2026-08-22,12
2026-08-22 13:00:00,BE,2792.6,1427.2,7100.2,4307.6,0.0,0.0,2026-08-22,13
2026-08-22 14:00:00,BE,2815.6,967.3,6652.3,3836.7,0.0,0.0,2026-08-22,14
2026-08-22 15:00:00,BE,2914.5,969.8,6625.8,3711.3,0.0,0.0,2026-08-22,15
2026-08-22 16:00:00,BE,3085.7,970.9,6593.9,3508.2,0.0,0.0,2026-08-22,16
2026-08-22 17:00:00,BE,3040.2,967.7,6545.7,3505.5,0.0,0.0,2026-08-22,17
2026-08-22 18:00:00,BE,3214.0,520.2,6118.2,2904.2,0.0,0.0,2026-08-22,18
2026-08-22 19:00:00,BE,2933.8,711.6,6434.6,3500.8,0.0,0.0,2026-08-22,19
2026-08-22 20:00:00,BE,3042.6,293.8,5907.8,2865.2,0.0,0.0,2026-08-22,20
2026-08-22 21:00:00,BE,3150.2,542.2,6103.2,2953.0,0.0,0.0,2026-08-22,21
2026-08-22 22:00:00,BE,2861.4,530.2,6183.2,3321.8,0.0,0.0,2026-08-22,22
2026-08-22 23:00:00,BE,2649.5,155.2,5816.2,3166.7,0.0,0.0,2026-08-22,23
2026-08-23 00:00:00,BE,2623.5,282.3,5990.3,3366.8,0.0,0.0,2026-08-23,0
2026-08-23 01:00:00,BE,2383.4,507.3,6096.3,3712.9,0.0,0.0,2026-08-23,1
2026-08-23 02:00:00,BE,2477.5,633.6,6290.6,3813.1,0.0,0.0,2026-08-23,2
2026-08-23 03:00:00,BE,2294.5,456.2,6131.2,3836.7,0.0,0.0,2026-08-23,3
2026-08-23 04:00:00,BE,2172.4,480.2,6169.2,3996.8,0.0,0.0,2026-08-23,4
2026-08-23 05:00:00,BE,2236.4,231.4,5813.4,3577.0,0.0,0.0,2026-08-23,5
2026-08-23 06:00:00,BE,2125.8,342.7,6052.7,3926.9,0.0,0.0,2026-08-23,6
2026-08-23 07:00:00,BE,2068.6,909.5,6431.5,4362.9,0.0,0.0,2026-08-23,7
2026-08-23 08:00:00,BE,2163.8,769.4,6500.4,4336.6,0.0,0.0,2026-08-23,8
2026-08-23 09:00:00,BE,2189.9,965.4,6660.4,4470.5,0.0,0.0,2026-08-23,9
2026-08-23 10:00:00,BE,2255.7,1314.6,7018.6,4762.9,0.0,0.0,2026-08-23,10
2026-08-23 11:00:00,BE,2581.2,833.3,6555.3,3974.1,0.0,0.0,2026-08-23,11
2026-08-23 12:00:00,BE,2558.6,818.4,6429.4,3870.8,0.0,0.0,2026-08-23,12
2026-08-23 13:00:00,BE,2694.0,1159.7,6832.7,4138.7,0.0,0.0,2026-08-23,13
2026-08-23 14:00:00,BE,2996.0,1296.9,6938.9,3942.9,0.0,0.0,2026-08-23,14
2026-08-23 15:00:00,BE,2832.4,581.0,6253.0,3420.6,0.0,0.0,2026-08-23,15
2026-08-23 16:00:00,BE,2973.8,781.1,6467.1,3493.3,0.0,0.0,2026-08-23,16
2026-08-23 17:00:00,BE,3056.6,955.2,6565.2,3508.6,0.0,0.0,2026-08-23,17
2026-08-23 18:00:00,BE,3329.4,156.9,5814.9,2485.5,0.0,0.0,2026-08-23,18
2026-08-23 19:00:00,BE,3102.4,206.2,5908.2,2805.8,0.0,0.0,2026-08-23,19
2026-08-23 20:00:00,BE,3095.0,84.4,5832.4,2737.4,0.0,0.0,2026-08-23,20
2026-08-23 21:00:00,BE,3002.6,650.9,6214.9,3212.3,0.0,0.0,2026-08-23,21
2026-08-23 22:00:00,BE,2744.0,631.1,6193.1,3449.1,0.0,0.0,2026-08-23,22
2026-08-23 23:00:00,BE,2817.0,271.8,5922.8,3105.8,0.0,0.0,2026-08-23,23
2026-08-24 00:00:00,BE,2745.1,378.8,6026.8,3281.7,0.0,0.0,2026-08-24,0
2026-08-24 01:00:00,BE,2718.4,281.1,5908.1,3189.7,0.0,0.0,2026-08-24,1
2026-08-24 02:00:00,BE,2370.7,196.9,5803.9,3433.2,0.0,0.0,2026-08-24,2
2026-08-24 03:00:00,BE,2363.0,131.8,5725.8,3362.8,0.0,0.0,2026-08-24,3
2026-08-24 04:00:00,BE,2322.8,236.4,5883.4,3560.6,0.0,0.0,2026-08-24,4
2026-08-24 05:00:00,BE,2172.3,91.5,5713.5,3541.2,0.0,0.0,2026-08-24,5
2026-08-24 06:00:00,BE,2399.9,53.5,5726.5,3326.6,0.0,0.0,2026-08-24,6
2026-08-24 07:00:00,BE,2399.3,378.0,5977.0,3577.7,0.0,0.0,2026-08-24,7
2026-08-24 08:00:00,BE,2391.3,997.3,6752.3,4361.0,0.0,0.0,2026-08-24,8
2026-08-24 09:00:00,BE,2145.4,926.4,6545.4,4400.0,0.0,0.0,2026-08-24,9
2026-08-24 10:00:00,BE,2370.9,1220.7,6838.7,4467.8,0.0,0.0,2026-08-24,10
2026-08-24 11:00:00,BE,2614.9,991.9,6660.9,4046.0,0.0,0.0,2026-08-24,11
2026-08-24 12:00:00,BE,2662.7,1326.7,6999.7,4337.0,0.0,0.0,2026-08-24,12
2026-08-24 13:00:00,BE,2578.7,1517.2,7156.2,4577.5,0.0,0.0,2026-08-24,13
2026-08-24 14:00:00,BE,2931.2,835.6,6469.6,3538.4,0.0,0.0,2026-08-24,14
2026-08-24 15:00:00,BE,3250.4,932.7,6472.7,3222.3,0.0,0.0,2026-08-24,15
2026-08-24 16:00:00,BE,3285.4,810.3,6346.3,3060.9,0.0,0.0,2026-08-24,16
2026-08-24 17:00:00,BE,3241.3,558.0,6173.0,2931.7,0.0,0.0,2026-08-24,17
2026-08-24 18:00:00,BE,3166.7,307.0,5943.0,2776.3,0.0,0.0,2026-08-24,18
2026-08-24 19:00:00,BE,3141.0,244.3,5902.3,2761.3,0.0,0.0,2026-08-24,19
2026-08-24 20:00:00,BE,3126.4,313.7,6020.7,2894.3,0.0,0.0,2026-08-24,20
2026-08-24 21:00:00,BE,2953.1,525.1,6122.1,3169.0,0.0,0.0,2026-08-24,21
2026-08-24 22:00:00,BE,2852.8,431.1,6078.1,3225.3,0.0,0.0,2026-08-24,22
2026-08-24 23:00:00,BE,2810.8,183.6,5859.6,3048.8,0.0,0.0,2026-08-24,23
2026-08-25 00:00:00,BE,2907.1,405.5,6059.5,3152.4,0.0,0.0,2026-08-25,0
2026-08-25 01:00:00,BE,2601.2,212.5,5925.5,3324.3,0.0,0.0,2026-08-25,1
2026-08-25 02:00:00,BE,2442.7,531.6,6258.6,3815.9,0.0,0.0,2026-08-25,2
2026-08-25 03:00:00,BE,2440.0,407.0,6095.0,3655.0,0.0,0.0,2026-08-25,3
2026-08-25 04:00:00,BE,2431.6,908.5,6484.5,4052.9,0.0,0.0,2026-08-25,4
2026-08-25 05:00:00,BE,2321.9,169.1,5940.1,3618.2,0.0,0.0,2026-08-25,5
2026-08-25 06:00:00,BE,2040.4,379.7,5981.7,3941.3,0.0,0.0,2026-08-25,6
2026-08-25 07:00:00,BE,2389.6,326.0,6031.0,3641.4,0.0,0.0,2026-08-25,7
2026-08-25 08:00:00,BE,2338.3,488.7,6142.7,3804.4,0.0,0.0,2026-08-25,8
2026-08-25 09:00:00,BE,2162.9,953.1,6566.1,4403.2,0.0,0.0,2026-08-25,9
2026-08-25 10:00:00,BE,2376.6,1401.8,7110.8,4734.2,0.0,0.0,2026-08-25,10
2026-08-25 11:00:00,BE,2276.9,857.7,6435.7,4158.8,0.0,0.0,2026-08-25,11
2026-08-25 12:00:00,BE,2571.1,850.9,6511.9,3940.8,0.0,0.0,2026-08-25,12
2026-08-25 13:00:00,BE,2787.2,1081.0,6679.0,3891.8,0.0,0.0,2026-08-25,13
2026-08-25 14:00:00,BE,2953.8,740.7,6322.7,3368.9,0.0,0.0,2026-08-25,14
2026-08-25 15:00:00,BE,2975.5,952.6,6630.6,3655.1,0.0,0.0,2026-08-25,15
2026-08-25 16:00:00,BE,3125.6,717.5,6302.5,3176.9,0.0,0.0,2026-08-25,16
2026-08-25 17:00:00,BE,3090.5,517.1,6167.1,3076.6,0.0,0.0,2026-08-25,17
2026-08-25 18:00:00,BE,3220.1,340.4,5922.4,2702.3,0.0,0.0,2026-08-25,18
2026-08-25 19:00:00,BE,3151.5,958.4,6624.4,3472.9,0.0,0.0,2026-08-25,19
2026-08-25 20:00:00,BE,3175.0,799.1,6459.1,3284.1,0.0,0.0,2026-08-25,20
2026-08-25 21:00:00,BE,3137.0,859.0,6376.0,3239.0,0.0,0.0,2026-08-25,21
2026-08-25 22:00:00,BE,3010.2,219.6,5908.6,2898.4,0.0,0.0,2026-08-25,22
2026-08-25 23:00:00,BE,2771.8,309.0,5949.0,3177.2,0.0,0.0,2026-08-25,23
2026-08-26 00:00:00,BE,2463.5,462.3,5949.3,3485.8,0.0,0.0,2026-08-26,0
2026-08-26 01:00:00,BE,2602.7,520.3,6237.3,3634.6,0.0,0.0,2026-08-26,1
2026-08-26 02:00:00,BE,2251.3,766.3,6364.3,4113.0,0.0,0.0,2026-08-26,2
2026-08-26 03:00:00,BE,2413.5,156.9,5702.9,3289.4,0.0,0.0,2026-08-26,3
2026-08-26 04:00:00,BE,2383.4,379.7,6002.7,3619.3,0.0,0.0,2026-08-26,4
2026-08-26 05:00:00,BE,2311.9,357.2,5966.2,3654.3,0.0,0.0,2026-08-26,5
2026-08-26 06:00:00,BE,2323.3,213.5,5870.5,3547.2,0.0,0.0,2026-08-26,6
2026-08-26 07:00:00,BE,2322.7,271.1,6017.1,3694.4,0.0,0.0,2026-08-26,7
2026-08-26 08:00:00,BE,2138.8,1056.3,6720.3,4581.5,0.0,0.0,2026-08-26,8
2026-08-26 09:00:00,BE,2166.8,596.3,6273.3,4106.5,0.0,0.0,2026-08-26,9
2026-08-26 10:00:00,BE,2160.9,1461.2,7070.2,4909.3,0.0,0.0,2026-08-26,10
2026-08-26 11:00:00,BE,2559.4,828.1,6450.1,3890.7,0.0,0.0,2026-08-26,11
2026-08-26 12:00:00,BE,2732.3,1330.5,7005.5,4273.2,0.0,0.0,2026-08-26,12
2026-08-26 13:00:00,BE,2848.1,951.3,6631.3,3783.2,0.0,0.0,2026-08-26,13
2026-08-26 14:00:00,BE,2920.1,955.7,6662.7,3742.6,0.0,0.0,2026-08-26,14
2026-08-26 15:00:00,BE,3149.5,1163.8,6739.8,3590.3,0.0,0.0,2026-08-26,15
2026-08-26 16:00:00,BE,3147.7,733.5,6343.5,3195.8,0.0,0.0,2026-08-26,16
2026-08-26 17:00:00,BE,2968.9,650.5,6310.5,3341.6,0.0,0.0,2026-08-26,17
2026-08-26 18:00:00,BE,3011.3,404.7,6052.7,3041.4,0.0,0.0,2026-08-26,18
2026-08-26 19:00:00,BE,3311.5,481.7,6036.7,2725.2,0.0,0.0,2026-08-26,19
2026-08-26 20:00:00,BE,3175.2,443.9,6104.9,2929.7,0.0,0.0,2026-08-26,20
2026-08-26 21:00:00,BE,2858.9,615.1,6251.1,3392.2,0.0,0.0,2026-08-26,21
2026-08-26 22:00:00,BE,3086.8,544.2,6199.2,3112.4,0.0,0.0,2026-08-26,22
2026-08-26 23:00:00,BE,2761.0,794.8,6468.8,3707.8,0.0,0.0,2026-08-26,23
2026-08-27 00:00:00,BE,2825.8,186.7,5868.7,3042.9,0.0,0.0,2026-08-27,0
2026-08-27 01:00:00,BE,2500.4,153.8,5795.8,3295.4,0.0,0.0,2026-08-27,1
2026-08-27 02:00:00,BE,2572.8,211.8,5890.8,3318.0,0.0,0.0,2026-08-27,2
2026-08-27 03:00:00,BE,2423.8,155.0,5870.0,3446.2,0.0,0.0,2026-08-27,3
2026-08-27 04:00:00,BE,2197.3,88.5,5706.5,3509.2,0.0,0.0,2026-08-27,4
2026-08-27 05:00:00,BE,2146.1,229.0,5905.0,3758.9,0.0,0.0,2026-08-27,5
2026-08-27 06:00:00,BE,2347.7,287.2,6018.2,3670.5,0.0,0.0,2026-08-27,6
2026-08-27 07:00:00,BE,2246.4,699.6,6416.6,4170.2,0.0,0.0,2026-08-27,7
2026-08-27 08:00:00,BE,2122.1,742.6,6413.6,4291.5,0.0,0.0,2026-08-27,8
2026-08-27 09:00:00,BE,2215.5,768.8,6467.8,4252.3,0.0,0.0,2026-08-27,9
2026-08-27 10:00:00,BE,2377.4,894.3,6518.3,4140.9,0.0,0.0,2026-08-27,10
2026-08-27 11:00:00,BE,2537.1,1455.3,7159.3,4622.2,0.0,0.0,2026-08-27,11
2026-08-27 12:00:00,BE,2540.8,913.4,6542.4,4001.6,0.0,0.0,2026-08-27,12
2026-08-27 13:00:00,BE,3023.7,984.3,6672.3,3648.6,0.0,0.0,2026-08-27,13
2026-08-27 14:00:00,BE,2824.9,1409.3,7072.3,4247.4,0.0,0.0,2026-08-27,14
2026-08-27 15:00:00,BE,2917.1,926.7,6565.7,3648.6,0.0,0.0,2026-08-27,15
2026-08-27 16:00:00,BE,2899.7,1000.9,6584.9,3685.2,0.0,0.0,2026-08-27,16
2026-08-27 17:00:00,BE,3152.0,583.2,6300.2,3148.2,0.0,0.0,2026-08-27,17
2026-08-27 18:00:00,BE,3152.9,258.9,5837.9,2685.0,0.0,0.0,2026-08-27,18
2026-08-27 19:00:00,BE,3261.5,476.5,5983.5,2722.0,0.0,0.0,2026-08-27,19
2026-08-27 20:00:00,BE,3065.8,415.2,5939.2,2873.4,0.0,0.0,2026-08-27,20
2026-08-27 21:00:00,BE,3039.2,545.0,6168.0,3128.8,0.0,0.0,2026-08-27,21
2026-08-27 22:00:00,BE,2922.6,146.1,5729.1,2806.5,0.0,0.0,2026-08-27,22
2026-08-27 23:00:00,BE,2821.2,528.1,6061.1,3239.9,0.0,0.0,2026-08-27,23
2026-08-28 00:00:00,BE,2645.0,82.9,5709.9,3064.9,0.0,0.0,2026-08-28,0
2026-08-28 01:00:00,BE,2484.7,273.4,5962.4,3477.7,0.0,0.0,2026-08-28,1
2026-08-28 02:00:00,BE,2466.8,299.2,5993.2,3526.4,0.0,0.0,2026-08-28,2
2026-08-28 03:00:00,BE,2474.6,291.8,5977.8,3503.2,0.0,0.0,2026-08-28,3
2026-08-28 04:00:00,BE,2566.9,1077.3,6846.3,4279.4,0.0,0.0,2026-08-28,4
2026-08-28 05:00:00,BE,2082.8,469.4,6177.4,4094.6,0.0,0.0,2026-08-28,5
2026-08-28 06:00:00,BE,2086.7,334.5,5972.5,3885.8,0.0,0.0,2026-08-28,6
2026-08-28 07:00:00,BE,2197.8,715.3,6414.3,4216.5,0.0,0.0,2026-08-28,7
2026-08-28 08:00:00,BE,2369.3,537.8,6145.8,3776.5,0.0,0.0,2026-08-28,8
2026-08-28 09:00:00,BE,2374.0,854.6,6508.6,4134.6,0.0,0.0,2026-08-28,9
2026-08-28 10:00:00,BE,2374.6,1559.6,7171.6,4797.0,0.0,0.0,2026-08-28,10
2026-08-28 11:00:00,BE,2672.1,1271.8,6849.8,4177.7,0.0,0.0,2026-08-28,11
2026-08-28 12:00:00,BE,2538.5,1059.7,6728.7,4190.2,0.0,0.0,2026-08-28,12
2026-08-28 13:00:00,BE,2784.9,1131.7,6767.7,3982.8,0.0,0.0,2026-08-28,13
2026-08-28 14:00:00,BE,2851.1,948.3,6485.3,3634.2,0.0,0.0,2026-08-28,14
2026-08-28 15:00:00,BE,2933.6,1001.8,6692.8,3759.2,0.0,0.0,2026-08-28,15
2026-08-28 16:00:00,BE,2974.3,906.2,6530.2,3555.9,0.0,0.0,2026-08-28,16
2026-08-28 17:00:00,BE,3105.2,303.6,5941.6,2836.4,0.0,0.0,2026-08-28,17
2026-08-28 18:00:00,BE,3117.7,478.1,6126.1,3008.4,0.0,0.0,2026-08-28,18
2026-08-28 19:00:00,BE,3001.3,479.9,6120.9,3119.6,0.0,0.0,2026-08-28,19
2026-08-28 20:00:00,BE,2956.0,146.5,5863.5,2907.5,0.0,0.0,2026-08-28,20
2026-08-28 21:00:00,BE,2963.1,292.9,6014.9,3051.8,0.0,0.0,2026-08-28,21
2026-08-28 22:00:00,BE,3011.0,517.8,6171.8,3160.8,0.0,0.0,2026-08-28,22
2026-08-28 23:00:00,BE,2690.2,366.1,5911.1,3220.9,0.0,0.0,2026-08-28,23
2026-08-29 00:00:00,BE,2748.7,403.2,6008.2,3259.5,0.0,0.0,2026-08-29,0
2026-08-29 01:00:00,BE,2575.7,190.2,5852.2,3276.5,0.0,0.0,2026-08-29,1
2026-08-29 02:00:00,BE,2511.7,652.1,6259.1,3747.4,0.0,0.0,2026-08-29,2
2026-08-29 03:00:00,BE,2152.7,536.6,6172.6,4019.9,0.0,0.0,2026-08-29,3
2026-08-29 04:00:00,BE,2166.6,341.6,5998.6,3832.0,0.0,0.0,2026-08-29,4
2026-08-29 05:00:00,BE,2296.6,316.0,5990.0,3693.4,0.0,0.0,2026-08-29,5
2026-08-29 06:00:00,BE,2442.0,522.2,6171.2,3729.2,0.0,0.0,2026-08-29,6
2026-08-29 07:00:00,BE,2146.9,606.7,6183.7,4036.8,0.0,0.0,2026-08-29,7
2026-08-29 08:00:00,BE,2068.0,814.0,6465.0,4397.0,0.0,0.0,2026-08-29,8
2026-08-29 09:00:00,BE,2390.7,1263.3,6918.3,4527.6,0.0,0.0,2026-08-29,9
2026-08-29 10:00:00,BE,2627.9,665.8,6342.8,3714.9,0.0,0.0,2026-08-29,10
2026-08-29 11:00:00,BE,2600.9,988.2,6605.2,4004.3,0.0,0.0,2026-08-29,11
2026-08-29 12:00:00,BE,2627.8,969.5,6622.5,3994.7,0.0,0.0,2026-08-29,12
2026-08-29 13:00:00,BE,2759.2,1011.1,6746.1,3986.9,0.0,0.0,2026-08-29,13
2026-08-29 14:00:00,BE,3084.2,936.7,6615.7,3531.5,0.0,0.0,2026-08-29,14
2026-08-29 15:00:00,BE,3366.8,742.0,6250.0,2883.2,0.0,0.0,2026-08-29,15
2026-08-29 16:00:00,BE,3316.9,505.4,6135.4,2818.5,0.0,0.0,2026-08-29,16
2026-08-29 17:00:00,BE,3273.3,645.3,6297.3,3024.0,0.0,0.0,2026-08-29,17
2026-08-29 18:00:00,BE,3273.2,51.2,5635.2,2362.0,0.0,0.0,2026-08-29,18
2026-08-29 19:00:00,BE,3186.8,689.0,6231.0,3044.2,0.0,0.0,2026-08-29,19
2026-08-29 20:00:00,BE,3165.5,432.6,6011.6,2846.1,0.0,0.0,2026-08-29,20
2026-08-29 21:00:00,BE,3055.7,36.7,5720.7,2665.0,0.0,0.0,2026-08-29,21
2026-08-29 22:00:00,BE,2747.1,205.9,5855.9,3108.8,0.0,0.0,2026-08-29,22
2026-08-29 23:00:00,BE,2557.4,247.9,5864.9,3307.5,0.0,0.0,2026-08-29,23
2026-08-30 00:00:00,BE,2775.6,186.0,5666.0,2890.4,0.0,0.0,2026-08-30,0
2026-08-30 01:00:00,BE,2568.2,453.1,6124.1,3555.9,0.0,0.0,2026-08-30,1
2026-08-30 02:00:00,BE,2386.5,515.9,6187.9,3801.4,0.0,0.0,2026-08-30,2
2026-08-30 03:00:00,BE,2386.7,467.1,6108.1,3721.4,0.0,0.0,2026-08-30,3
2026-08-30 04:00:00,BE,2308.1,378.2,5977.2,3669.1,0.0,0.0,2026-08-30,4
2026-08-30 05:00:00,BE,2111.8,374.6,5983.6,3871.8,0.0,0.0,2026-08-30,5
2026-08-30 06:00:00,BE,2074.3,1006.3,6665.3,4591.0,0.0,0.0,2026-08-30,6
2026-08-30 07:00:00,BE,2327.5,389.0,6002.0,3674.5,0.0,0.0,2026-08-30,7
2026-08-30 08:00:00,BE,2167.8,1208.4,6777.4,4609.6,0.0,0.0,2026-08-30,8
2026-08-30 09:00:00,BE,2382.4,828.4,6434.4,4052.0,0.0,0.0,2026-08-30,9
2026-08-30 10:00:00,BE,2475.5,1332.0,6944.0,4468.5,0.0,0.0,2026-08-30,10
2026-08-30 11:00:00,BE,2553.0,769.2,6356.2,3803.2,0.0,0.0,2026-08-30,11
2026-08-30 12:00:00,BE,2689.1,1171.6,6763.6,4074.5,0.0,0.0,2026-08-30,12
2026-08-30 13:00:00,BE,2842.8,1085.8,6753.8,3911.0,0.0,0.0,2026-08-30,13
2026-08-30 14:00:00,BE,2960.5,812.0,6464.0,3503.5,0.0,0.0,2026-08-30,14
2026-08-30 15:00:00,BE,2933.8,917.8,6503.8,3570.0,0.0,0.0,2026-08-30,15
2026-08-30 16:00:00,BE,3130.6,652.9,6294.9,3164.3,0.0,0.0,2026-08-30,16
2026-08-30 17:00:00,BE,3284.1,694.2,6386.2,3102.1,0.0,0.0,2026-08-30,17
2026-08-30 18:00:00,BE,3416.9,483.7,6194.7,2777.8,0.0,0.0,2026-08-30,18
2026-08-30 19:00:00,BE,3379.0,425.4,6068.4,2689.4,0.0,0.0,2026-08-30,19
2026-08-30 20:00:00,BE,2865.5,267.5,5947.5,3082.0,0.0,0.0,2026-08-30,20
2026-08-30 21:00:00,BE,3199.3,491.5,6104.5,2905.2,0.0,0.0,2026-08-30,21
2026-08-30 22:00:00,BE,2976.9,223.1,5793.1,2816.2,0.0,0.0,2026-08-30,22
2026-08-30 23:00:00,BE,2726.1,360.6,6007.6,3281.5,0.0,0.0,2026-08-30,23
2026-08-31 00:00:00,BE,2701.4,489.0,6043.0,3341.6,0.0,0.0,2026-08-31,0
2026-08-31 01:00:00,BE,2755.5,189.6,5805.6,3050.1,0.0,0.0,2026-08-31,1
2026-08-31 02:00:00,BE,2501.9,483.5,6217.5,3715.6,0.0,0.0,2026-08-31,2
2026-08-31 03:00:00,BE,2324.2,620.0,6308.0,3983.8,0.0,0.0,2026-08-31,3
2026-08-31 04:00:00,BE,2204.4,374.5,5953.5,3749.1,0.0,0.0,2026-08-31,4
2026-08-31 05:00:00,BE,2224.2,184.1,5928.1,3703.9,0.0,0.0,2026-08-31,5
2026-08-31 06:00:00,BE,2195.5,359.2,6032.2,3836.7,0.0,0.0,2026-08-31,6
2026-08-31 07:00:00,BE,2130.7,534.0,6223.0,4092.3,0.0,0.0,2026-08-31,7
2026-08-31 08:00:00,BE,2100.8,562.2,6239.2,4138.4,0.0,0.0,2026-08-31,8
2026-08-31 09:00:00,BE,2260.2,832.7,6478.7,4218.5,0.0,0.0,2026-08-31,9
2026-08-31 10:00:00,BE,2514.6,1036.8,6637.8,4123.2,0.0,0.0,2026-08-31,10
2026-08-31 11:00:00,BE,2330.2,1021.5,6654.5,4324.3,0.0,0.0,2026-08-31,11
2026-08-31 12:00:00,BE,2612.2,1202.0,6837.0,4224.8,0.0,0.0,2026-08-31,12
2026-08-31 13:00:00,BE,3150.5,1266.4,6827.4,3676.9,0.0,0.0,2026-08-31,13
2026-08-31 14:00:00,BE,3048.8,759.8,6363.8,3315.0,0.0,0.0,2026-08-31,14
2026-08-31 15:00:00,BE,3318.0,709.2,6371.2,3053.2,0.0,0.0,2026-08-31,15
2026-08-31 16:00:00,BE,3293.1,1098.8,6686.8,3393.7,0.0,0.0,2026-08-31,16
2026-08-31 17:00:00,BE,3347.1,395.3,6044.3,2697.2,0.0,0.0,2026-08-31,17
2026-08-31 18:00:00,BE,3329.5,537.6,6250.6,2921.1,0.0,0.0,2026-08-31,18
2026-08-31 19:00:00,BE,3155.9,295.9,5937.9,2782.0,0.0,0.0,2026-08-31,19
2026-08-31 20:00:00,BE,3201.1,421.7,6159.7,2958.6,0.0,0.0,2026-08-31,20
2026-08-31 21:00:00,BE,3278.5,433.4,6062.4,2783.9,0.0,0.0,2026-08-31,21
2026-08-31 22:00:00,BE,3025.2,374.8,6062.8,3037.6,0.0,0.0,2026-08-31,22
2026-08-31 23:00:00,BE,2835.3,633.6,6279.6,3444.3,0.0,0.0,2026-08-31,23
2026-09-01 00:00:00,BE,2734.3,214.0,5903.0,3168.7,0.0,0.0,2026-09-01,0
2026-09-01 01:00:00,BE,2791.7,269.7,5880.7,3089.0,0.0,0.0,2026-09-01,1
2026-09-01 02:00:00,BE,2335.3,286.4,6012.4,3677.1,0.0,0.0,2026-09-01,2
2026-09-01 03:00:00,BE,2619.9,281.4,5903.4,3283.5,0.0,0.0,2026-09-01,3
2026-09-01 04:00:00,BE,2279.2,594.6,6160.6,3881.4,0.0,0.0,2026-09-01,4
2026-09-01 05:00:00,BE,2238.8,581.5,6218.5,3979.7,0.0,0.0,2026-09-01,5
2026-09-01 06:00:00,BE,2187.5,552.0,6196.0,4008.5,0.0,0.0,2026-09-01,6
2026-09-01 07:00:00,BE,2283.1,350.9,6049.9,3766.8,0.0,0.0,2026-09-01,7
2026-09-01 08:00:00,BE,2325.0,432.9,6112.9,3787.9,0.0,0.0,2026-09-01,8
2026-09-01 09:00:00,BE,2443.9,758.4,6340.4,3896.5,0.0,0.0,2026-09-01,9
2026-09-01 10:00:00,BE,2447.2,1159.6,6835.6,4388.4,0.0,0.0,2026-09-01,10
2026-09-01 11:00:00,BE,2481.0,1299.4,6862.4,4381.4,0.0,0.0,2026-09-01,11
2026-09-01 12:00:00,BE,2668.2,964.5,6564.5,3896.3,0.0,0.0,2026-09-01,12
2026-09-01 13:00:00,BE,2755.5,1062.5,6668.5,3913.0,0.0,0.0,2026-09-01,13
2026-09-01 14:00:00,BE,2823.6,1397.1,7165.1,4341.5,0.0,0.0,2026-09-01,14
2026-09-01 15:00:00,BE,3157.1,608.4,6230.4,3073.3,0.0,0.0,2026-09-01,15
2026-09-01 16:00:00,BE,3238.3,732.9,6343.9,3105.6,0.0,0.0,2026-09-01,16
2026-09-01 17:00:00,BE,3012.0,684.2,6359.2,3347.2,0.0,0.0,2026-09-01,17
2026-09-01 18:00:00,BE,3107.6,204.6,5807.6,2700.0,0.0,0.0,2026-09-01,18
2026-09-01 19:00:00,BE,3359.6,406.0,6106.0,2746.4,0.0,0.0,2026-09-01,19
2026-09-01 20:00:00,BE,3252.4,145.1,5783.1,2530.7,0.0,0.0,2026-09-01,20
2026-09-01 21:00:00,BE,3259.3,394.7,6058.7,2799.4,0.0,0.0,2026-09-01,21
2026-09-01 22:00:00,BE,2893.2,700.4,6170.4,3277.2,0.0,0.0,2026-09-01,22
2026-09-01 23:00:00,BE,2596.4,382.0,6053.0,3456.6,0.0,0.0,2026-09-01,23
2026-09-02 00:00:00,BE,2543.0,322.2,5931.2,3388.2,0.0,0.0,2026-09-02,0
2026-09-02 01:00:00,BE,2663.9,470.1,6050.1,3386.2,0.0,0.0,2026-09-02,1
2026-09-02 02:00:00,BE,2342.9,420.7,6023.7,3680.8,0.0,0.0,2026-09-02,2
2026-09-02 03:00:00,BE,2580.7,113.2,5638.2,3057.5,0.0,0.0,2026-09-02,3
2026-09-02 04:00:00,BE,2323.2,318.8,5943.8,3620.6,0.0,0.0,2026-09-02,4
2026-09-02 05:00:00,BE,2325.5,537.4,6155.4,3829.9,0.0,0.0,2026-09-02,5
2026-09-02 06:00:00,BE,2333.5,433.0,6027.0,3693.5,0.0,0.0,2026-09-02,6
2026-09-02 07:00:00,BE,2407.7,733.7,6450.7,4043.0,0.0,0.0,2026-09-02,7
2026-09-02 08:00:00,BE,2341.1,1053.0,6650.0,4308.9,0.0,0.0,2026-09-02,8
2026-09-02 09:00:00,BE,2453.6,713.3,6375.3,3921.7,0.0,0.0,2026-09-02,9
2026-09-02 10:00:00,BE,2281.2,1046.6,6689.6,4408.4,0.0,0.0,2026-09-02,10
2026-09-02 11:00:00,BE,2492.8,945.0,6530.0,4037.2,0.0,0.0,2026-09-02,11
2026-09-02 12:00:00,BE,2815.0,1028.4,6699.4,3884.4,0.0,0.0,2026-09-02,12
2026-09-02 13:00:00,BE,2908.5,1224.0,6895.0,3986.5,0.0,0.0,2026-09-02,13
2026-09-02 14:00:00,BE,2964.9,757.2,6328.2,3363.3,0.0,0.0,2026-09-02,14
2026-09-02 15:00:00,BE,3022.2,891.0,6595.0,3572.8,0.0,0.0,2026-09-02,15
2026-09-02 16:00:00,BE,3281.7,526.5,6135.5,2853.8,0.0,0.0,2026-09-02,16
2026-09-02 17:00:00,BE,3273.7,572.8,6232.8,2959.1,0.0,0.0,2026-09-02,17
2026-09-02 18:00:00,BE,3218.2,519.7,6085.7,2867.5,0.0,0.0,2026-09-02,18
2026-09-02 19:00:00,BE,3495.7,163.8,5765.8,2270.1,0.0,0.0,2026-09-02,19
2026-09-02 20:00:00,BE,3162.9,336.7,5980.7,2817.8,0.0,0.0,2026-09-02,20
2026-09-02 21:00:00,BE,3033.1,352.6,6050.6,3017.5,0.0,0.0,2026-09-02,21
2026-09-02 22:00:00,BE,3165.5,507.4,6167.4,3001.9,0.0,0.0,2026-09-02,22
2026-09-02 23:00:00,BE,2781.9,564.3,6250.3,3468.4,0.0,0.0,2026-09-02,23
2026-09-03 00:00:00,BE,2683.0,370.5,6066.5,3383.5,0.0,0.0,2026-09-03,0
2026-09-03 01:00:00,BE,2683.8,703.5,6349.5,3665.7,0.0,0.0,2026-09-03,1
2026-09-03 02:00:00,BE,2723.9,626.2,6266.2,3542.3,0.0,0.0,2026-09-03,2
2026-09-03 03:00:00,BE,2361.8,188.2,5940.2,3578.4,0.0,0.0,2026-09-03,3
2026-09-03 04:00:00,BE,2086.4,774.5,6314.5,4228.1,0.0,0.0,2026-09-03,4
2026-09-03 05:00:00,BE,2430.5,341.5,5895.5,3465.0,0.0,0.0,2026-09-03,5
2026-09-03 06:00:00,BE,2269.8,208.0,5848.0,3578.2,0.0,0.0,2026-09-03,6
2026-09-03 07:00:00,BE,2407.8,300.1,5827.1,3419.3,0.0,0.0,2026-09-03,7
2026-09-03 08:00:00,BE,2402.1,757.5,6457.5,4055.4,0.0,0.0,2026-09-03,8
2026-09-03 09:00:00,BE,2577.7,853.2,6463.2,3885.5,0.0,0.0,2026-09-03,9
2026-09-03 10:00:00,BE,2539.5,1216.5,6980.5,4441.0,0.0,0.0,2026-09-03,10
2026-09-03 11:00:00,BE,2425.9,817.3,6439.3,4013.4,0.0,0.0,2026-09-03,11
2026-09-03 12:00:00,BE,2765.5,1234.6,6850.6,4085.1,0.0,0.0,2026-09-03,12
2026-09-03 13:00:00,BE,3095.4,907.3,6611.3,3515.9,0.0,0.0,2026-09-03,13
2026-09-03 14:00:00,BE,3242.0,1404.3,6912.3,3670.3,0.0,0.0,2026-09-03,14
2026-09-03 15:00:00,BE,3277.7,898.6,6481.6,3203.9,0.0,0.0,2026-09-03,15
2026-09-03 16:00:00,BE,3239.3,895.2,6488.2,3248.9,0.0,0.0,2026-09-03,16
2026-09-03 17:00:00,BE,3128.7,472.2,6199.2,3070.5,0.0,0.0,2026-09-03,17
2026-09-03 18:00:00,BE,3468.6,315.4,5987.4,2518.8,0.0,0.0,2026-09-03,18
2026-09-03 19:00:00,BE,3138.5,359.7,6055.7,2917.2,0.0,0.0,2026-09-03,19
2026-09-03 20:00:00,BE,3216.5,656.9,6245.9,3029.4,0.0,0.0,2026-09-03,20
2026-09-03 21:00:00,BE,3105.4,514.3,6116.3,3010.9,0.0,0.0,2026-09-03,21
2026-09-03 22:00:00,BE,3094.8,373.0,6067.0,2972.2,0.0,0.0,2026-09-03,22
2026-09-03 23:00:00,BE,2985.2,328.8,5865.8,2880.6,0.0,0.0,2026-09-03,23
2026-09-04 00:00:00,BE,3130.5,368.1,6107.1,2976.6,0.0,0.0,2026-09-04,0
2026-09-04 01:00:00,BE,2841.6,506.7,6176.7,3335.1,0.0,0.0,2026-09-04,1
2026-09-04 02:00:00,BE,2525.8,348.6,5974.6,3448.8,0.0,0.0,2026-09-04,2
2026-09-04 03:00:00,BE,2397.4,768.6,6445.6,4048.2,0.0,0.0,2026-09-04,3
2026-09-04 04:00:00,BE,2208.4,90.2,5796.2,3587.8,0.0,0.0,2026-09-04,4
2026-09-04 05:00:00,BE,2399.3,570.4,6229.4,3830.1,0.0,0.0,2026-09-04,5
2026-09-04 06:00:00,BE,2070.2,139.7,5831.7,3761.5,0.0,0.0,2026-09-04,6
2026-09-04 07:00:00,BE,2119.2,669.3,6307.3,4188.1,0.0,0.0,2026-09-04,7
2026-09-04 08:00:00,BE,2342.2,957.4,6595.4,4253.2,0.0,0.0,2026-09-04,8
2026-09-04 09:00:00,BE,2462.1,539.9,6177.9,3715.8,0.0,0.0,2026-09-04,9
2026-09-04 10:00:00,BE,2487.9,1806.2,7513.2,5025.3,0.0,0.0,2026-09-04,10
2026-09-04 11:00:00,BE,2741.7,989.5,6567.5,3825.8,0.0,0.0,2026-09-04,11
2026-09-04 12:00:00,BE,2738.8,1095.1,6647.1,3908.3,0.0,0.0,2026-09-04,12
2026-09-04 13:00:00,BE,3097.5,985.1,6650.1,3552.6,0.0,0.0,2026-09-04,13
2026-09-04 14:00:00,BE,3098.6,898.7,6466.7,3368.1,0.0,0.0,2026-09-04,14
2026-09-04 15:00:00,BE,3098.8,728.8,6336.8,3238.0,0.0,0.0,2026-09-04,15
2026-09-04 16:00:00,BE,3114.8,799.1,6399.1,3284.3,0.0,0.0,2026-09-04,16
2026-09-04 17:00:00,BE,3497.4,482.9,6051.9,2554.5,0.0,0.0,2026-09-04,17
2026-09-04 18:00:00,BE,3238.6,275.8,6065.8,2827.2,0.0,0.0,2026-09-04,18
2026-09-04 19:00:00,BE,3088.3,327.0,5881.0,2792.7,0.0,0.0,2026-09-04,19
2026-09-04 20:00:00,BE,3309.9,477.7,6144.7,2834.8,0.0,0.0,2026-09-04,20
2026-09-04 21:00:00,BE,3078.9,494.7,6036.7,2957.8,0.0,0.0,2026-09-04,21
2026-09-04 22:00:00,BE,3337.7,24.7,5629.7,2292.0,0.0,0.0,2026-09-04,22
2026-09-04 23:00:00,BE,2864.2,555.4,6194.4,3330.2,0.0,0.0,2026-09-04,23
2026-09-05 00:00:00,BE,2633.5,337.7,5861.7,3228.2,0.0,0.0,2026-09-05,0
2026-09-05 01:00:00,BE,2481.7,291.1,6034.1,3552.4,0.0,0.0,2026-09-05,1
2026-09-05 02:00:00,BE,2307.9,364.5,6044.5,3736.6,0.0,0.0,2026-09-05,2
2026-09-05 03:00:00,BE,2537.3,505.4,6112.4,3575.1,0.0,0.0,2026-09-05,3
2026-09-05 04:00:00,BE,2601.3,445.9,6040.9,3439.6,0.0,0.0,2026-09-05,4
2026-09-05 05:00:00,BE,2350.8,295.5,5956.5,3605.7,0.0,0.0,2026-09-05,5
2026-09-05 06:00:00,BE,2268.4,958.1,6483.1,4214.7,0.0,0.0,2026-09-05,6
2026-09-05 07:00:00,BE,2188.2,996.0,6625.0,4436.8,0.0,0.0,2026-09-05,7
2026-09-05 08:00:00,BE,2467.0,585.0,6291.0,3824.0,0.0,0.0,2026-09-05,8
2026-09-05 09:00:00,BE,2296.9,1030.0,6711.0,4414.1,0.0,0.0,2026-09-05,9
2026-09-05 10:00:00,BE,2484.5,862.3,6539.3,4054.8,0.0,0.0,2026-09-05,10
2026-09-05 11:00:00,BE,2637.0,712.7,6308.7,3671.7,0.0,0.0,2026-09-05,11
2026-09-05 12:00:00,BE,2943.5,893.2,6580.2,3636.7,0.0,0.0,2026-09-05,12
2026-09-05 13:00:00,BE,3030.9,1311.3,6913.3,3882.4,0.0,0.0,2026-09-05,13
2026-09-05 14:00:00,BE,3234.3,918.5,6626.5,3392.2,0.0,0.0,2026-09-05,14
2026-09-05 15:00:00,BE,3446.9,1367.1,7046.1,3599.2,0.0,0.0,2026-09-05,15
2026-09-05 16:00:00,BE,3223.6,1015.3,6641.3,3417.7,0.0,0.0,2026-09-05,16
2026-09-05 17:00:00,BE,3538.8,955.4,6692.4,3153.6,0.0,0.0,2026-09-05,17
2026-09-05 18:00:00,BE,3505.9,573.3,6165.3,2659.4,0.0,0.0,2026-09-05,18
2026-09-05 19:00:00,BE,3328.8,559.5,6184.5,2855.7,0.0,0.0,2026-09-05,19
2026-09-05 20:00:00,BE,3426.3,84.9,5813.9,2387.6,0.0,0.0,2026-09-05,20
2026-09-05 21:00:00,BE,3298.4,215.9,5862.9,2564.5,0.0,0.0,2026-09-05,21
2026-09-05 22:00:00,BE,3275.8,539.2,6312.2,3036.4,0.0,0.0,2026-09-05,22
2026-09-05 23:00:00,BE,2636.2,239.7,5878.7,3242.5,0.0,0.0,2026-09-05,23
2026-09-06 00:00:00,BE,2703.2,116.5,5738.5,3035.3,0.0,0.0,2026-09-06,0
2026-09-06 01:00:00,BE,2527.1,126.6,5801.6,3274.5,0.0,0.0,2026-09-06,1
2026-09-06 02:00:00,BE,2603.2,591.7,6319.7,3716.5,0.0,0.0,2026-09-06,2
2026-09-06 03:00:00,BE,2496.4,552.0,6145.0,3648.6,0.0,0.0,2026-09-06,3
2026-09-06 04:00:00,BE,2230.6,650.4,6301.4,4070.8,0.0,0.0,2026-09-06,4
2026-09-06 05:00:00,BE,2252.4,431.3,6018.3,3765.9,0.0,0.0,2026-09-06,5
2026-09-06 06:00:00,BE,2336.2,183.0,5821.0,3484.8,0.0,0.0,2026-09-06,6
2026-09-06 07:00:00,BE,2316.6,582.3,6221.3,3904.7,0.0,0.0,2026-09-06,7
2026-09-06 08:00:00,BE,2386.7,551.3,6165.3,3778.6,0.0,0.0,2026-09-06,8
2026-09-06 09:00:00,BE,2415.8,867.7,6587.7,4171.9,0.0,0.0,2026-09-06,9
2026-09-06 10:00:00,BE,2422.1,920.2,6534.2,4112.1,0.0,0.0,2026-09-06,10
2026-09-06 11:00:00,BE,2766.1,1181.3,6909.3,4143.2,0.0,0.0,2026-09-06,11
2026-09-06 12:00:00,BE,2657.7,1153.7,6835.7,4178.0,0.0,0.0,2026-09-06,12
2026-09-06 13:00:00,BE,3048.3,956.7,6684.7,3636.4,0.0,0.0,2026-09-06,13
2026-09-06 14:00:00,BE,3099.6,1061.4,6765.4,3665.8,0.0,0.0,2026-09-06,14
2026-09-06 15:00:00,BE,3290.6,888.0,6552.0,3261.4,0.0,0.0,2026-09-06,15
2026-09-06 16:00:00,BE,3365.8,988.1,6710.1,3344.3,0.0,0.0,2026-09-06,16
2026-09-06 17:00:00,BE,3122.1,419.9,6184.9,3062.8,0.0,0.0,2026-09-06,17
2026-09-06 18:00:00,BE,3174.1,562.3,6121.3,2947.2,0.0,0.0,2026-09-06,18
2026-09-06 19:00:00,BE,3010.7,624.7,6357.7,3347.0,0.0,0.0,2026-09-06,19
2026-09-06 20:00:00,BE,3076.8,257.4,5874.4,2797.6,0.0,0.0,2026-09-06,20
2026-09-06 21:00:00,BE,3042.1,333.5,5945.5,2903.4,0.0,0.0,2026-09-06,21
2026-09-06 22:00:00,BE,3177.7,363.6,5993.6,2815.9,0.0,0.0,2026-09-06,22
2026-09-06 23:00:00,BE,3018.6,779.5,6512.5,3493.9,0.0,0.0,2026-09-06,23
2026-09-07 00:00:00,BE,2608.3,201.7,5857.7,3249.4,0.0,0.0,2026-09-07,0
2026-09-07 01:00:00,BE,2786.5,969.9,6506.9,3720.4,0.0,0.0,2026-09-07,1
2026-09-07 02:00:00,BE,2501.1,299.9,5864.9,3363.8,0.0,0.0,2026-09-07,2
2026-09-07 03:00:00,BE,2496.1,464.6,6105.6,3609.5,0.0,0.0,2026-09-07,3
2026-09-07 04:00:00,BE,2399.3,306.1,5874.1,3474.8,0.0,0.0,2026-09-07,4
2026-09-07 05:00:00,BE,2310.6,560.4,6213.4,3902.8,0.0,0.0,2026-09-07,5
2026-09-07 06:00:00,BE,2474.4,99.6,5816.6,3342.2,0.0,0.0,2026-09-07,6
2026-09-07 07:00:00,BE,2165.7,694.7,6351.7,4186.0,0.0,0.0,2026-09-07,7
2026-09-07 08:00:00,BE,2467.2,575.9,6313.9,3846.7,0.0,0.0,2026-09-07,8
2026-09-07 09:00:00,BE,2644.3,927.1,6578.1,3933.8,0.0,0.0,2026-09-07,9
2026-09-07 10:00:00,BE,2535.0,1300.8,6980.8,4445.8,0.0,0.0,2026-09-07,10
2026-09-07 11:00:00,BE,2627.3,824.3,6516.3,3889.0,0.0,0.0,2026-09-07,11
2026-09-07 12:00:00,BE,2714.9,918.0,6551.0,3836.1,0.0,0.0,2026-09-07,12
2026-09-07 13:00:00,BE,2989.2,867.5,6517.5,3528.3,0.0,0.0,2026-09-07,13
2026-09-07 14:00:00,BE,3125.6,942.5,6524.5,3398.9,0.0,0.0,2026-09-07,14
2026-09-07 15:00:00,BE,3224.6,735.2,6358.2,3133.6,0.0,0.0,2026-09-07,15
2026-09-07 16:00:00,BE,2997.1,802.4,6424.4,3427.3,0.0,0.0,2026-09-07,16
2026-09-07 17:00:00,BE,3518.1,794.1,6332.1,2814.0,0.0,0.0,2026-09-07,17
2026-09-07 18:00:00,BE,3443.7,215.1,5800.1,2356.4,0.0,0.0,2026-09-07,18
2026-09-07 19:00:00,BE,3297.9,231.7,6016.7,2718.8,0.0,0.0,2026-09-07,19
2026-09-07 20:00:00,BE,3336.7,425.4,5989.4,2652.7,0.0,0.0,2026-09-07,20
2026-09-07 21:00:00,BE,3026.7,502.4,6174.4,3147.7,0.0,0.0,2026-09-07,21
2026-09-07 22:00:00,BE,3137.9,463.5,6104.5,2966.6,0.0,0.0,2026-09-07,22
2026-09-07 23:00:00,BE,2878.7,221.1,5847.1,2968.4,0.0,0.0,2026-09-07,23
2026-09-08 00:00:00,BE,2885.5,263.8,5885.8,3000.3,0.0,0.0,2026-09-08,0
2026-09-08 01:00:00,BE,2581.8,142.7,5758.7,3176.9,0.0,0.0,2026-09-08,1
2026-09-08 02:00:00,BE,2534.2,743.2,6456.2,3922.0,0.0,0.0,2026-09-08,2
2026-09-08 03:00:00,BE,2549.1,249.2,5775.2,3226.1,0.0,0.0,2026-09-08,3
2026-09-08 04:00:00,BE,2341.0,579.0,6222.0,3881.0,0.0,0.0,2026-09-08,4
2026-09-08 05:00:00,BE,2379.7,374.6,5947.6,3567.9,0.0,0.0,2026-09-08,5
2026-09-08 06:00:00,BE,2331.3,17.9,5736.9,3405.6,0.0,0.0,2026-09-08,6
2026-09-08 07:00:00,BE,2518.3,392.1,5970.1,3451.8,0.0,0.0,2026-09-08,7
2026-09-08 08:00:00,BE,2510.1,800.2,6426.2,3916.1,0.0,0.0,2026-09-08,8
2026-09-08 09:00:00,BE,2515.2,908.4,6596.4,4081.2,0.0,0.0,2026-09-08,9
2026-09-08 10:00:00,BE,2872.1,651.9,6277.9,3405.8,0.0,0.0,2026-09-08,10
2026-09-08 11:00:00,BE,2760.7,935.9,6707.9,3947.2,0.0,0.0,2026-09-08,11
2026-09-08 12:00:00,BE,2775.5,1031.5,6752.5,3977.0,0.0,0.0,2026-09-08,12
2026-09-08 13:00:00,BE,3189.8,1139.4,6808.4,3618.6,0.0,0.0,2026-09-08,13
2026-09-08 14:00:00,BE,3052.6,900.6,6534.6,3482.0,0.0,0.0,2026-09-08,14
2026-09-08 15:00:00,BE,3158.9,1040.6,6750.6,3591.7,0.0,0.0,2026-09-08,15
2026-09-08 16:00:00,BE,3162.1,1004.9,6698.9,3536.8,0.0,0.0,2026-09-08,16
2026-09-08 17:00:00,BE,3315.9,612.0,6301.0,2985.1,0.0,0.0,2026-09-08,17
2026-09-08 18:00:00,BE,3440.8,623.2,6163.2,2722.4,0.0,0.0,2026-09-08,18
2026-09-08 19:00:00,BE,3117.7,694.0,6359.0,3241.3,0.0,0.0,2026-09-08,19
2026-09-08 20:00:00,BE,3270.6,466.0,6079.0,2808.4,0.0,0.0,2026-09-08,20
2026-09-08 21:00:00,BE,3013.2,286.1,5872.1,2858.9,0.0,0.0,2026-09-08,21
2026-09-08 22:00:00,BE,3266.1,402.3,6053.3,2787.2,0.0,0.0,2026-09-08,22
2026-09-08 23:00:00,BE,2986.0,160.4,5772.4,2786.4,0.0,0.0,2026-09-08,23
2026-09-09 00:00:00,BE,3021.5,102.9,5749.9,2728.4,0.0,0.0,2026-09-09,0
2026-09-09 01:00:00,BE,2711.4,590.3,6253.3,3541.9,0.0,0.0,2026-09-09,1
2026-09-09 02:00:00,BE,2398.8,520.8,6272.8,3874.0,0.0,0.0,2026-09-09,2
2026-09-09 03:00:00,BE,2445.5,290.3,6003.3,3557.8,0.0,0.0,2026-09-09,3
2026-09-09 04:00:00,BE,2836.0,527.6,6130.6,3294.6,0.0,0.0,2026-09-09,4
2026-09-09 05:00:00,BE,2377.0,570.7,6089.7,3712.7,0.0,0.0,2026-09-09,5
2026-09-09 06:00:00,BE,2488.9,329.3,5912.3,3423.4,0.0,0.0,2026-09-09,6
2026-09-09 07:00:00,BE,2270.0,684.8,6289.8,4019.8,0.0,0.0,2026-09-09,7
2026-09-09 08:00:00,BE,2375.4,952.3,6544.3,4168.9,0.0,0.0,2026-09-09,8
2026-09-09 09:00:00,BE,2611.2,1070.6,6600.6,3989.4,0.0,0.0,2026-09-09,9
2026-09-09 10:00:00,BE,2770.6,979.2,6626.2,3855.6,0.0,0.0,2026-09-09,10
2026-09-09 11:00:00,BE,2866.2,1090.5,6740.5,3874.3,0.0,0.0,2026-09-09,11
2026-09-09 12:00:00,BE,2733.5,1072.9,6648.9,3915.4,0.0,0.0,2026-09-09,12
2026-09-09 13:00:00,BE,2786.9,906.4,6590.4,3803.5,0.0,0.0,2026-09-09,13
2026-09-09 14:00:00,BE,2930.7,1021.4,6643.4,3712.7,0.0,0.0,2026-09-09,14
2026-09-09 15:00:00,BE,3121.4,661.7,6377.7,3256.3,0.0,0.0,2026-09-09,15
2026-09-09 16:00:00,BE,3245.9,453.8,6016.8,2770.9,0.0,0.0,2026-09-09,16
2026-09-09 17:00:00,BE,3403.8,786.2,6442.2,3038.4,0.0,0.0,2026-09-09,17
2026-09-09 18:00:00,BE,3135.9,30.6,5606.6,2470.7,0.0,0.0,2026-09-09,18
2026-09-09 19:00:00,BE,3168.0,789.6,6394.6,3226.6,0.0,0.0,2026-09-09,19
2026-09-09 20:00:00,BE,3325.0,261.4,5927.4,2602.4,0.0,0.0,2026-09-09,20
2026-09-09 21:00:00,BE,3217.9,497.7,6122.7,2904.8,0.0,0.0,2026-09-09,21
2026-09-09 22:00:00,BE,3066.4,233.4,5855.4,2789.0,0.0,0.0,2026-09-09,22
2026-09-09 23:00:00,BE,3209.8,545.1,6239.1,3029.3,0.0,0.0,2026-09-09,23
2026-09-10 00:00:00,BE,2737.2,362.0,5890.0,3152.8,0.0,0.0,2026-09-10,0
2026-09-10 01:00:00,BE,2841.7,277.1,5971.1,3129.4,0.0,0.0,2026-09-10,1
2026-09-10 02:00:00,BE,2630.1,872.6,6478.6,3848.5,0.0,0.0,2026-09-10,2
2026-09-10 03:00:00,BE,2471.4,186.5,5909.5,3438.1,0.0,0.0,2026-09-10,3
2026-09-10 04:00:00,BE,2332.7,836.4,6489.4,4156.7,0.0,0.0,2026-09-10,4
2026-09-10 05:00:00,BE,2173.7,436.7,6053.7,3880.0,0.0,0.0,2026-09-10,5
2026-09-10 06:00:00,BE,2208.3,560.9,6179.9,3971.6,0.0,0.0,2026-09-10,6
2026-09-10 07:00:00,BE,2339.9,905.4,6497.4,4157.5,0.0,0.0,2026-09-10,7
2026-09-10 08:00:00,BE,2330.1,520.9,6259.9,3929.8,0.0,0.0,2026-09-10,8
2026-09-10 09:00:00,BE,2418.9,750.9,6391.9,3973.0,0.0,0.0,2026-09-10,9
2026-09-10 10:00:00,BE,2601.0,974.7,6679.7,4078.7,0.0,0.0,2026-09-10,10
2026-09-10 11:00:00,BE,2892.4,1324.6,6954.6,4062.2,0.0,0.0,2026-09-10,11
2026-09-10 12:00:00,BE,2929.2,1226.6,6828.6,3899.4,0.0,0.0,2026-09-10,12
2026-09-10 13:00:00,BE,3003.4,1030.2,6692.2,3688.8,0.0,0.0,2026-09-10,13
2026-09-10 14:00:00,BE,2998.8,1007.2,6630.2,3631.4,0.0,0.0,2026-09-10,14
2026-09-10 15:00:00,BE,3194.3,1072.6,6729.6,3535.3,0.0,0.0,2026-09-10,15
2026-09-10 16:00:00,BE,3339.9,750.3,6459.3,3119.4,0.0,0.0,2026-09-10,16
2026-09-10 17:00:00,BE,3264.4,981.9,6620.9,3356.5,0.0,0.0,2026-09-10,17
2026-09-10 18:00:00,BE,3427.8,264.2,5945.2,2517.4,0.0,0.0,2026-09-10,18
2026-09-10 19:00:00,BE,3353.9,467.0,6145.0,2791.1,0.0,0.0,2026-09-10,19
2026-09-10 20:00:00,BE,3375.8,186.3,5849.3,2473.5,0.0,0.0,2026-09-10,20
2026-09-10 21:00:00,BE,3586.9,250.8,5955.8,2368.9,0.0,0.0,2026-09-10,21
2026-09-10 22:00:00,BE,3156.5,449.0,6097.0,2940.5,0.0,0.0,2026-09-10,22
2026-09-10 23:00:00,BE,3056.4,442.1,6078.1,3021.7,0.0,0.0,2026-09-10,23
2026-09-11 00:00:00,BE,2835.4,603.7,6334.7,3499.3,0.0,0.0,2026-09-11,0
2026-09-11 01:00:00,BE,2847.8,699.6,6285.6,3437.8,0.0,0.0,2026-09-11,1
2026-09-11 02:00:00,BE,2541.0,428.5,6060.5,3519.5,0.0,0.0,2026-09-11,2
2026-09-11 03:00:00,BE,2542.3,249.5,5914.5,3372.2,0.0,0.0,2026-09-11,3
2026-09-11 04:00:00,BE,2222.2,293.3,5926.3,3704.1,0.0,0.0,2026-09-11,4
2026-09-11 05:00:00,BE,2611.4,587.0,6186.0,3574.6,0.0,0.0,2026-09-11,5
2026-09-11 06:00:00,BE,2512.3,197.5,5905.5,3393.2,0.0,0.0,2026-09-11,6
2026-09-11 07:00:00,BE,2276.6,677.4,6258.4,3981.8,0.0,0.0,2026-09-11,7
2026-09-11 08:00:00,BE,2643.8,436.7,6090.7,3446.9,0.0,0.0,2026-09-11,8
2026-09-11 09:00:00,BE,2566.3,837.3,6495.3,3929.0,0.0,0.0,2026-09-11,9
2026-09-11 10:00:00,BE,2716.6,687.0,6382.0,3665.4,0.0,0.0,2026-09-11,10
2026-09-11 11:00:00,BE,2780.4,914.1,6579.1,3798.7,0.0,0.0,2026-09-11,11
2026-09-11 12:00:00,BE,2861.0,1233.1,6961.1,4100.1,0.0,0.0,2026-09-11,12
2026-09-11 13:00:00,BE,3120.2,1073.8,6706.8,3586.6,0.0,0.0,2026-09-11,13
2026-09-11 14:00:00,BE,3093.5,751.4,6335.4,3241.9,0.0,0.0,2026-09-11,14
2026-09-11 15:00:00,BE,3110.7,745.1,6329.1,3218.4,0.0,0.0,2026-09-11,15
2026-09-11 16:00:00,BE,3481.9,799.8,6442.8,2960.9,0.0,0.0,2026-09-11,16
2026-09-11 17:00:00,BE,3364.8,925.7,6595.7,3230.9,0.0,0.0,2026-09-11,17
2026-09-11 18:00:00,BE,3499.6,211.6,5920.6,2421.0,0.0,0.0,2026-09-11,18
2026-09-11 19:00:00,BE,3369.0,741.8,6318.8,2949.8,0.0,0.0,2026-09-11,19
2026-09-11 20:00:00,BE,3432.2,921.5,6591.5,3159.3,0.0,0.0,2026-09-11,20
2026-09-11 21:00:00,BE,3039.2,554.9,6130.9,3091.7,0.0,0.0,2026-09-11,21
2026-09-11 22:00:00,BE,3237.6,234.1,5869.1,2631.5,0.0,0.0,2026-09-11,22
2026-09-11 23:00:00,BE,3078.6,524.7,6166.7,3088.1,0.0,0.0,2026-09-11,23
2026-09-12 00:00:00,BE,2793.9,635.6,6318.6,3524.7,0.0,0.0,2026-09-12,0
2026-09-12 01:00:00,BE,2850.9,461.4,6152.4,3301.5,0.0,0.0,2026-09-12,1
2026-09-12 02:00:00,BE,2731.3,165.1,5842.1,3110.8,0.0,0.0,2026-09-12,2
2026-09-12 03:00:00,BE,2556.5,113.2,5829.2,3272.7,0.0,0.0,2026-09-12,3
2026-09-12 04:00:00,BE,2567.5,227.2,5850.2,3282.7,0.0,0.0,2026-09-12,4
2026-09-12 05:00:00,BE,2327.5,83.6,5779.6,3452.1,0.0,0.0,2026-09-12,5
2026-09-12 06:00:00,BE,2287.2,344.1,6033.1,3745.9,0.0,0.0,2026-09-12,6
2026-09-12 07:00:00,BE,2240.9,658.7,6390.7,4149.8,0.0,0.0,2026-09-12,7
2026-09-12 08:00:00,BE,2533.8,893.9,6527.9,3994.1,0.0,0.0,2026-09-12,8
2026-09-12 09:00:00,BE,2577.2,636.8,6246.8,3669.6,0.0,0.0,2026-09-12,9
2026-09-12 10:00:00,BE,2452.6,925.2,6539.2,4086.6,0.0,0.0,2026-09-12,10
2026-09-12 11:00:00,BE,2856.1,865.4,6525.4,3669.3,0.0,0.0,2026-09-12,11
2026-09-12 12:00:00,BE,3015.3,965.6,6643.6,3628.3,0.0,0.0,2026-09-12,12
2026-09-12 13:00:00,BE,3275.1,841.1,6467.1,3192.0,0.0,0.0,2026-09-12,13
2026-09-12 14:00:00,BE,3154.9,811.3,6513.3,3358.4,0.0,0.0,2026-09-12,14
2026-09-12 15:00:00,BE,3452.6,727.8,6304.8,2852.2,0.0,0.0,2026-09-12,15
2026-09-12 16:00:00,BE,3155.1,675.9,6226.9,3071.8,0.0,0.0,2026-09-12,16
2026-09-12 17:00:00,BE,3541.5,342.1,6004.1,2462.6,0.0,0.0,2026-09-12,17
2026-09-12 18:00:00,BE,3530.8,443.5,5973.5,2442.7,0.0,0.0,2026-09-12,18
2026-09-12 19:00:00,BE,3367.1,729.0,6327.0,2959.9,0.0,0.0,2026-09-12,19
2026-09-12 20:00:00,BE,3443.2,444.5,6089.5,2646.3,0.0,0.0,2026-09-12,20
2026-09-12 21:00:00,BE,3011.2,535.8,6204.8,3193.6,0.0,0.0,2026-09-12,21
2026-09-12 22:00:00,BE,3176.5,196.3,5831.3,2654.8,0.0,0.0,2026-09-12,22
2026-09-12 23:00:00,BE,3094.8,171.8,5899.8,2805.0,0.0,0.0,2026-09-12,23
2026-09-13 00:00:00,BE,2926.7,422.3,6024.3,3097.6,0.0,0.0,2026-09-13,0
2026-09-13 01:00:00,BE,2886.1,537.5,6199.5,3313.4,0.0,0.0,2026-09-13,1
2026-09-13 02:00:00,BE,2761.7,337.4,5864.4,3102.7,0.0,0.0,2026-09-13,2
2026-09-13 03:00:00,BE,2390.6,862.0,6581.0,4190.4,0.0,0.0,2026-09-13,3
2026-09-13 04:00:00,BE,2540.3,228.2,5853.2,3312.9,0.0,0.0,2026-09-13,4
2026-09-13 05:00:00,BE,2351.8,148.7,5866.7,3514.9,0.0,0.0,2026-09-13,5
2026-09-13 06:00:00,BE,2561.1,442.6,6167.6,3606.5,0.0,0.0,2026-09-13,6
2026-09-13 07:00:00,BE,2472.9,1240.1,6890.1,4417.2,0.0,0.0,2026-09-13,7
2026-09-13 08:00:00,BE,2609.3,646.5,6311.5,3702.2,0.0,0.0,2026-09-13,8
2026-09-13 09:00:00,BE,2867.0,769.0,6419.0,3552.0,0.0,0.0,2026-09-13,9
2026-09-13 10:00:00,BE,2825.3,1573.0,7078.0,4252.7,0.0,0.0,2026-09-13,10
2026-09-13 11:00:00,BE,2531.6,1298.5,6932.5,4400.9,0.0,0.0,2026-09-13,11
2026-09-13 12:00:00,BE,2784.1,1177.0,6771.0,3986.9,0.0,0.0,2026-09-13,12
2026-09-13 13:00:00,BE,3059.4,862.2,6640.2,3580.8,0.0,0.0,2026-09-13,13
2026-09-13 14:00:00,BE,3218.4,1045.0,6634.0,3415.6,0.0,0.0,2026-09-13,14
2026-09-13 15:00:00,BE,3299.2,782.6,6316.6,3017.4,0.0,0.0,2026-09-13,15
2026-09-13 16:00:00,BE,3355.9,680.3,6231.3,2875.4,0.0,0.0,2026-09-13,16
2026-09-13 17:00:00,BE,3519.2,281.9,6015.9,2496.7,0.0,0.0,2026-09-13,17
2026-09-13 18:00:00,BE,3334.2,379.2,6074.2,2740.0,0.0,0.0,2026-09-13,18
2026-09-13 19:00:00,BE,3465.9,269.2,5972.2,2506.3,0.0,0.0,2026-09-13,19
2026-09-13 20:00:00,BE,3315.0,790.1,6343.1,3028.1,0.0,0.0,2026-09-13,20
2026-09-13 21:00:00,BE,3416.7,390.2,6045.2,2628.5,0.0,0.0,2026-09-13,21
2026-09-13 22:00:00,BE,3209.4,563.3,6195.3,2985.9,0.0,0.0,2026-09-13,22
2026-09-13 23:00:00,BE,2934.9,394.5,6070.5,3135.6,0.0,0.0,2026-09-13,23
2026-09-14 00:00:00,BE,2806.4,125.4,5865.4,3059.0,0.0,0.0,2026-09-14,0
2026-09-14 01:00:00,BE,3048.3,285.8,5988.8,2940.5,0.0,0.0,2026-09-14,1
2026-09-14 02:00:00,BE,2764.9,152.1,5705.1,2940.2,0.0,0.0,2026-09-14,2
2026-09-14 03:00:00,BE,2676.7,106.0,5779.0,3102.3,0.0,0.0,2026-09-14,3
2026-09-14 04:00:00,BE,2444.0,100.5,5730.5,3286.5,0.0,0.0,2026-09-14,4
2026-09-14 05:00:00,BE,2407.5,173.7,5704.7,3297.2,0.0,0.0,2026-09-14,5
2026-09-14 06:00:00,BE,2180.4,74.9,5645.9,3465.5,0.0,0.0,2026-09-14,6
2026-09-14 07:00:00,BE,2548.8,867.1,6529.1,3980.3,0.0,0.0,2026-09-14,7
2026-09-14 08:00:00,BE,2503.9,584.2,6337.2,3833.3,0.0,0.0,2026-09-14,8
2026-09-14 09:00:00,BE,2727.0,875.4,6397.4,3670.4,0.0,0.0,2026-09-14,9
2026-09-14 10:00:00,BE,2853.5,1214.0,6813.0,3959.5,0.0,0.0,2026-09-14,10
2026-09-14 11:00:00,BE,2825.0,963.7,6589.7,3764.7,0.0,0.0,2026-09-14,11
2026-09-14 12:00:00,BE,2991.6,991.4,6506.4,3514.8,0.0,0.0,2026-09-14,12
2026-09-14 13:00:00,BE,3204.3,1300.9,6942.9,3738.6,0.0,0.0,2026-09-14,13
2026-09-14 14:00:00,BE,3144.7,915.6,6568.6,3423.9,0.0,0.0,2026-09-14,14
2026-09-14 15:00:00,BE,3402.9,595.1,6202.1,2799.2,0.0,0.0,2026-09-14,15
2026-09-14 16:00:00,BE,3147.6,462.0,6117.0,2969.4,0.0,0.0,2026-09-14,16
2026-09-14 17:00:00,BE,3495.1,853.7,6424.7,2929.6,0.0,0.0,2026-09-14,17
2026-09-14 18:00:00,BE,3409.1,269.6,5894.6,2485.5,0.0,0.0,2026-09-14,18
2026-09-14 19:00:00,BE,3444.0,179.8,5728.8,2284.8,0.0,0.0,2026-09-14,19
2026-09-14 20:00:00,BE,3250.5,99.5,5720.5,2470.0,0.0,0.0,2026-09-14,20
2026-09-14 21:00:00,BE,3195.4,420.6,6061.6,2866.2,0.0,0.0,2026-09-14,21
2026-09-14 22:00:00,BE,3117.9,211.1,5858.1,2740.2,0.0,0.0,2026-09-14,22
2026-09-14 23:00:00,BE,3069.9,251.1,5933.1,2863.2,0.0,0.0,2026-09-14,23
2026-09-15 00:00:00,BE,2843.2,362.2,6064.2,3221.0,0.0,0.0,2026-09-15,0
2026-09-15 01:00:00,BE,2632.6,392.3,6078.3,3445.7,0.0,0.0,2026-09-15,1
2026-09-15 02:00:00,BE,2938.7,373.6,5983.6,3044.9,0.0,0.0,2026-09-15,2
2026-09-15 03:00:00,BE,2666.3,782.4,6484.4,3818.1,0.0,0.0,2026-09-15,3
2026-09-15 04:00:00,BE,2399.5,146.5,5748.5,3349.0,0.0,0.0,2026-09-15,4
2026-09-15 05:00:00,BE,2418.6,181.2,5885.2,3466.6,0.0,0.0,2026-09-15,5
2026-09-15 06:00:00,BE,2434.8,216.4,5917.4,3482.6,0.0,0.0,2026-09-15,6
2026-09-15 07:00:00,BE,2517.6,769.6,6356.6,3839.0,0.0,0.0,2026-09-15,7
2026-09-15 08:00:00,BE,2398.0,543.9,6218.9,3820.9,0.0,0.0,2026-09-15,8
2026-09-15 09:00:00,BE,2506.5,746.9,6297.9,3791.4,0.0,0.0,2026-09-15,9
2026-09-15 10:00:00,BE,2788.8,952.9,6599.9,3811.1,0.0,0.0,2026-09-15,10
2026-09-15 11:00:00,BE,3145.5,1078.8,6684.8,3539.3,0.0,0.0,2026-09-15,11
2026-09-15 12:00:00,BE,3039.3,1506.6,7215.6,4176.3,0.0,0.0,2026-09-15,12
2026-09-15 13:00:00,BE,3085.8,751.5,6397.5,3311.7,0.0,0.0,2026-09-15,13
2026-09-15 14:00:00,BE,3042.4,1105.2,6786.2,3743.8,0.0,0.0,2026-09-15,14
2026-09-15 15:00:00,BE,3381.0,806.4,6385.4,3004.4,0.0,0.0,2026-09-15,15
2026-09-15 16:00:00,BE,3256.7,623.4,6189.4,2932.7,0.0,0.0,2026-09-15,16
2026-09-15 17:00:00,BE,3556.4,731.2,6353.2,2796.8,0.0,0.0,2026-09-15,17
2026-09-15 18:00:00,BE,3433.8,373.1,6156.1,2722.3,0.0,0.0,2026-09-15,18
2026-09-15 19:00:00,BE,3350.5,544.5,6106.5,2756.0,0.0,0.0,2026-09-15,19
2026-09-15 20:00:00,BE,3539.3,162.2,5867.2,2327.9,0.0,0.0,2026-09-15,20
2026-09-15 21:00:00,BE,3289.1,446.8,6081.8,2792.7,0.0,0.0,2026-09-15,21
2026-09-15 22:00:00,BE,3130.0,479.1,6099.1,2969.1,0.0,0.0,2026-09-15,22
2026-09-15 23:00:00,BE,3090.4,592.5,6302.5,3212.1,0.0,0.0,2026-09-15,23
2026-09-16 00:00:00,BE,3233.1,335.4,5928.4,2695.3,0.0,0.0,2026-09-16,0
2026-09-16 01:00:00,BE,2884.8,355.9,5905.9,3021.1,0.0,0.0,2026-09-16,1
2026-09-16 02:00:00,BE,2735.6,234.8,5910.8,3175.2,0.0,0.0,2026-09-16,2
2026-09-16 03:00:00,BE,2392.8,292.9,5918.9,3526.1,0.0,0.0,2026-09-16,3
2026-09-16 04:00:00,BE,2733.9,331.0,6062.0,3328.1,0.0,0.0,2026-09-16,4
2026-09-16 05:00:00,BE,2317.7,23.0,5622.0,3304.3,0.0,0.0,2026-09-16,5
2026-09-16 06:00:00,BE,2475.6,356.2,5982.2,3506.6,0.0,0.0,2026-09-16,6
2026-09-16 07:00:00,BE,2451.4,431.8,6146.8,3695.4,0.0,0.0,2026-09-16,7
2026-09-16 08:00:00,BE,2528.5,819.9,6539.9,4011.4,0.0,0.0,2026-09-16,8
2026-09-16 09:00:00,BE,2611.6,543.9,6158.9,3547.3,0.0,0.0,2026-09-16,9
2026-09-16 10:00:00,BE,2540.7,806.5,6412.5,3871.8,0.0,0.0,2026-09-16,10
2026-09-16 11:00:00,BE,2815.3,900.6,6472.6,3657.3,0.0,0.0,2026-09-16,11
2026-09-16 12:00:00,BE,2844.8,801.3,6431.3,3586.5,0.0,0.0,2026-09-16,12
2026-09-16 13:00:00,BE,2943.4,1481.0,7147.0,4203.6,0.0,0.0,2026-09-16,13
2026-09-16 14:00:00,BE,3185.8,1224.1,6884.1,3698.3,0.0,0.0,2026-09-16,14
2026-09-16 15:00:00,BE,3444.5,731.4,6414.4,2969.9,0.0,0.0,2026-09-16,15
2026-09-16 16:00:00,BE,3435.4,616.2,6364.2,2928.8,0.0,0.0,2026-09-16,16
2026-09-16 17:00:00,BE,3357.3,358.4,6088.4,2731.1,0.0,0.0,2026-09-16,17
2026-09-16 18:00:00,BE,3588.0,274.1,5961.1,2373.1,0.0,0.0,2026-09-16,18
2026-09-16 19:00:00,BE,3664.7,513.6,6178.6,2513.9,0.0,0.0,2026-09-16,19
2026-09-16 20:00:00,BE,3235.7,365.8,6024.8,2789.1,0.0,0.0,2026-09-16,20
2026-09-16 21:00:00,BE,3152.3,418.9,6048.9,2896.6,0.0,0.0,2026-09-16,21
2026-09-16 22:00:00,BE,3437.1,102.6,5709.6,2272.5,0.0,0.0,2026-09-16,22
2026-09-16 23:00:00,BE,3026.6,268.6,5835.6,2809.0,0.0,0.0,2026-09-16,23
2026-09-17 00:00:00,BE,3079.0,368.5,6053.5,2974.5,0.0,0.0,2026-09-17,0
2026-09-17 01:00:00,BE,2755.4,409.5,6022.5,3267.1,0.0,0.0,2026-09-17,1
2026-09-17 02:00:00,BE,2769.2,365.0,5999.0,3229.8,0.0,0.0,2026-09-17,2
2026-09-17 03:00:00,BE,2703.2,440.2,6049.2,3346.0,0.0,0.0,2026-09-17,3
2026-09-17 04:00:00,BE,2376.7,126.6,5721.6,3344.9,0.0,0.0,2026-09-17,4
2026-09-17 05:00:00,BE,2642.2,292.2,5959.2,3317.0,0.0,0.0,2026-09-17,5
2026-09-17 06:00:00,BE,2385.8,361.4,5886.4,3500.6,0.0,0.0,2026-09-17,6
2026-09-17 07:00:00,BE,2495.2,600.7,6232.7,3737.5,0.0,0.0,2026-09-17,7
2026-09-17 08:00:00,BE,2493.9,624.6,6225.6,3731.7,0.0,0.0,2026-09-17,8
2026-09-17 09:00:00,BE,2678.5,995.9,6703.9,4025.4,0.0,0.0,2026-09-17,9
2026-09-17 10:00:00,BE,2796.1,976.0,6638.0,3841.9,0.0,0.0,2026-09-17,10
2026-09-17 11:00:00,BE,2746.9,1270.0,6941.0,4194.1,0.0,0.0,2026-09-17,11
2026-09-17 12:00:00,BE,3126.2,1205.8,6843.8,3717.6,0.0,0.0,2026-09-17,12
2026-09-17 13:00:00,BE,3079.5,1112.7,6784.7,3705.2,0.0,0.0,2026-09-17,13
2026-09-17 14:00:00,BE,3279.8,914.6,6445.6,3165.8,0.0,0.0,2026-09-17,14
2026-09-17 15:00:00,BE,3417.4,955.4,6528.4,3111.0,0.0,0.0,2026-09-17,15
2026-09-17 16:00:00,BE,3374.2,648.2,6153.2,2779.0,0.0,0.0,2026-09-17,16
2026-09-17 17:00:00,BE,3467.8,825.3,6303.3,2835.5,0.0,0.0,2026-09-17,17
2026-09-17 18:00:00,BE,3591.7,234.8,5750.8,2159.1,0.0,0.0,2026-09-17,18
2026-09-17 19:00:00,BE,3299.1,509.3,6098.3,2799.2,0.0,0.0,2026-09-17,19
2026-09-17 20:00:00,BE,3387.8,738.7,6369.7,2981.9,0.0,0.0,2026-09-17,20
2026-09-17 21:00:00,BE,3598.3,347.7,6027.7,2429.4,0.0,0.0,2026-09-17,21
2026-09-17 22:00:00,BE,3166.3,587.9,6171.9,3005.6,0.0,0.0,2026-09-17,22
2026-09-17 23:00:00,BE,3315.4,333.9,6035.9,2720.5,0.0,0.0,2026-09-17,23
2026-09-18 00:00:00,BE,3141.4,233.9,5808.9,2667.5,0.0,0.0,2026-09-18,0
2026-09-18 01:00:00,BE,3006.0,443.0,6101.0,3095.0,0.0,0.0,2026-09-18,1
2026-09-18 02:00:00,BE,2862.4,462.2,6084.2,3221.8,0.0,0.0,2026-09-18,2
2026-09-18 03:00:00,BE,2626.4,79.4,5724.4,3098.0,0.0,0.0,2026-09-18,3
2026-09-18 04:00:00,BE,2598.0,392.4,6046.4,3448.4,0.0,0.0,2026-09-18,4
2026-09-18 05:00:00,BE,2703.2,111.3,5855.3,3152.1,0.0,0.0,2026-09-18,5
2026-09-18 06:00:00,BE,2314.1,522.3,6150.3,3836.2,0.0,0.0,2026-09-18,6
2026-09-18 07:00:00,BE,2683.8,441.6,6090.6,3406.8,0.0,0.0,2026-09-18,7
2026-09-18 08:00:00,BE,2531.0,922.6,6549.6,4018.6,0.0,0.0,2026-09-18,8
2026-09-18 09:00:00,BE,2856.0,956.1,6572.1,3716.1,0.0,0.0,2026-09-18,9
2026-09-18 10:00:00,BE,2953.6,1015.2,6693.2,3739.6,0.0,0.0,2026-09-18,10
2026-09-18 11:00:00,BE,2965.8,1341.1,6992.1,4026.3,0.0,0.0,2026-09-18,11
2026-09-18 12:00:00,BE,3126.7,963.6,6745.6,3618.9,0.0,0.0,2026-09-18,12
2026-09-18 13:00:00,BE,3053.0,1125.3,6830.3,3777.3,0.0,0.0,2026-09-18,13
2026-09-18 14:00:00,BE,3344.3,718.7,6181.7,2837.4,0.0,0.0,2026-09-18,14
2026-09-18 15:00:00,BE,3412.8,961.0,6607.0,3194.2,0.0,0.0,2026-09-18,15
2026-09-18 16:00:00,BE,3541.7,507.4,6170.4,2628.7,0.0,0.0,2026-09-18,16
2026-09-18 17:00:00,BE,3678.7,429.1,6015.1,2336.4,0.0,0.0,2026-09-18,17
2026-09-18 18:00:00,BE,3499.4,520.2,6097.2,2597.8,0.0,0.0,2026-09-18,18
2026-09-18 19:00:00,BE,3406.8,460.9,6125.9,2719.1,0.0,0.0,2026-09-18,19
2026-09-18 20:00:00,BE,3431.2,232.5,5815.5,2384.3,0.0,0.0,2026-09-18,20
2026-09-18 21:00:00,BE,3390.4,785.0,6295.0,2904.6,0.0,0.0,2026-09-18,21
2026-09-18 22:00:00,BE,3209.1,547.0,6193.0,2983.9,0.0,0.0,2026-09-18,22
2026-09-18 23:00:00,BE,3189.3,327.1,5841.1,2651.8,0.0,0.0,2026-09-18,23
2026-09-19 00:00:00,BE,3061.5,423.3,6148.3,3086.8,0.0,0.0,2026-09-19,0
2026-09-19 01:00:00,BE,2851.5,239.4,5920.4,3068.9,0.0,0.0,2026-09-19,1
2026-09-19 02:00:00,BE,2925.2,653.7,6327.7,3402.5,0.0,0.0,2026-09-19,2
2026-09-19 03:00:00,BE,2544.8,314.2,5894.2,3349.4,0.0,0.0,2026-09-19,3
2026-09-19 04:00:00,BE,2667.4,695.5,6283.5,3616.1,0.0,0.0,2026-09-19,4
2026-09-19 05:00:00,BE,2573.8,299.1,5934.1,3360.3,0.0,0.0,2026-09-19,5
2026-09-19 06:00:00,BE,2465.6,168.8,5856.8,3391.2,0.0,0.0,2026-09-19,6
2026-09-19 07:00:00,BE,2593.9,520.9,6076.9,3483.0,0.0,0.0,2026-09-19,7
2026-09-19 08:00:00,BE,2314.8,733.6,6313.6,3998.8,0.0,0.0,2026-09-19,8
2026-09-19 09:00:00,BE,2702.4,802.8,6467.8,3765.4,0.0,0.0,2026-09-19,9
2026-09-19 10:00:00,BE,2822.9,757.2,6347.2,3524.3,0.0,0.0,2026-09-19,10
2026-09-19 11:00:00,BE,2873.0,1487.4,7185.4,4312.4,0.0,0.0,2026-09-19,11
2026-09-19 12:00:00,BE,3009.6,1165.2,6725.2,3715.6,0.0,0.0,2026-09-19,12
2026-09-19 13:00:00,BE,3027.4,1305.6,6942.6,3915.2,0.0,0.0,2026-09-19,13
2026-09-19 14:00:00,BE,3115.4,803.1,6458.1,3342.7,0.0,0.0,2026-09-19,14
2026-09-19 15:00:00,BE,3225.8,1102.5,6827.5,3601.7,0.0,0.0,2026-09-19,15
2026-09-19 16:00:00,BE,3417.0,842.1,6399.1,2982.1,0.0,0.0,2026-09-19,16
2026-09-19 17:00:00,BE,3293.7,352.8,5909.8,2616.1,0.0,0.0,2026-09-19,17
2026-09-19 18:00:00,BE,3421.9,818.9,6375.9,2954.0,0.0,0.0,2026-09-19,18
2026-09-19 19:00:00,BE,3608.2,489.2,6206.2,2598.0,0.0,0.0,2026-09-19,19
2026-09-19 20:00:00,BE,3401.5,246.5,5916.5,2515.0,0.0,0.0,2026-09-19,20
2026-09-19 21:00:00,BE,3206.8,515.6,6177.6,2970.8,0.0,0.0,2026-09-19,21
2026-09-19 22:00:00,BE,3421.5,167.3,5819.3,2397.8,0.0,0.0,2026-09-19,22
2026-09-19 23:00:00,BE,3067.0,253.4,5838.4,2771.4,0.0,0.0,2026-09-19,23
2026-09-20 00:00:00,BE,2895.3,486.4,6133.4,3238.1,0.0,0.0,2026-09-20,0
2026-09-20 01:00:00,BE,2770.6,20.7,5749.7,2979.1,0.0,0.0,2026-09-20,1
2026-09-20 02:00:00,BE,2898.3,279.3,5947.3,3049.0,0.0,0.0,2026-09-20,2
2026-09-20 03:00:00,BE,2668.3,253.3,5864.3,3196.0,0.0,0.0,2026-09-20,3
2026-09-20 04:00:00,BE,2574.9,623.1,6247.1,3672.2,0.0,0.0,2026-09-20,4
2026-09-20 05:00:00,BE,2608.9,379.5,6035.5,3426.6,0.0,0.0,2026-09-20,5
2026-09-20 06:00:00,BE,2511.6,400.0,6104.0,3592.4,0.0,0.0,2026-09-20,6
2026-09-20 07:00:00,BE,2563.2,887.0,6608.0,4044.8,0.0,0.0,2026-09-20,7
2026-09-20 08:00:00,BE,2484.4,642.7,6371.7,3887.3,0.0,0.0,2026-09-20,8
2026-09-20 09:00:00,BE,2712.4,1226.1,6851.1,4138.7,0.0,0.0,2026-09-20,9
2026-09-20 10:00:00,BE,2652.8,874.5,6492.5,3839.7,0.0,0.0,2026-09-20,10
2026-09-20 11:00:00,BE,2904.8,1183.7,6819.7,3914.9,0.0,0.0,2026-09-20,11
2026-09-20 12:00:00,BE,2823.9,841.0,6399.0,3575.1,0.0,0.0,2026-09-20,12
2026-09-20 13:00:00,BE,3181.6,1503.5,7148.5,3966.9,0.0,0.0,2026-09-20,13
2026-09-20 14:00:00,BE,3411.0,1205.0,6839.0,3428.0,0.0,0.0,2026-09-20,14
2026-09-20 15:00:00,BE,3431.5,934.4,6573.4,3141.9,0.0,0.0,2026-09-20,15
2026-09-20 16:00:00,BE,3454.9,605.1,6222.1,2767.2,0.0,0.0,2026-09-20,16
2026-09-20 17:00:00,BE,3506.1,450.7,6092.7,2586.6,0.0,0.0,2026-09-20,17
2026-09-20 18:00:00,BE,3495.8,406.5,6070.5,2574.7,0.0,0.0,2026-09-20,18
2026-09-20 19:00:00,BE,3223.7,469.4,6022.4,2798.7,0.0,0.0,2026-09-20,19
2026-09-20 20:00:00,BE,3573.5,395.1,6081.1,2507.6,0.0,0.0,2026-09-20,20
2026-09-20 21:00:00,BE,3444.8,405.3,6093.3,2648.5,0.0,0.0,2026-09-20,21
2026-09-20 22:00:00,BE,3166.9,305.6,5936.6,2769.7,0.0,0.0,2026-09-20,22
2026-09-20 23:00:00,BE,3152.8,676.8,6296.8,3144.0,0.0,0.0,2026-09-20,23
2026-09-21 00:00:00,BE,3177.1,174.4,5805.4,2628.3,0.0,0.0,2026-09-21,0
2026-09-21 01:00:00,BE,2755.6,162.1,5794.1,3038.5,0.0,0.0,2026-09-21,1
2026-09-21 02:00:00,BE,2786.2,708.1,6374.1,3587.9,0.0,0.0,2026-09-21,2
2026-09-21 03:00:00,BE,2753.3,313.8,6022.8,3269.5,0.0,0.0,2026-09-21,3
2026-09-21 04:00:00,BE,2511.9,475.5,6192.5,3680.6,0.0,0.0,2026-09-21,4
2026-09-21 05:00:00,BE,2620.9,423.2,6141.2,3520.3,0.0,0.0,2026-09-21,5
2026-09-21 06:00:00,BE,2429.1,696.1,6418.1,3989.0,0.0,0.0,2026-09-21,6
2026-09-21 07:00:00,BE,2694.8,629.4,6337.4,3642.6,0.0,0.0,2026-09-21,7
2026-09-21 08:00:00,BE,2558.0,607.4,6142.4,3584.4,0.0,0.0,2026-09-21,8
2026-09-21 09:00:00,BE,2583.1,699.0,6223.0,3639.9,0.0,0.0,2026-09-21,9
2026-09-21 10:00:00,BE,2826.3,910.5,6508.5,3682.2,0.0,0.0,2026-09-21,10
2026-09-21 11:00:00,BE,2695.7,1200.8,6865.8,4170.1,0.0,0.0,2026-09-21,11
2026-09-21 12:00:00,BE,3018.2,775.3,6528.3,3510.1,0.0,0.0,2026-09-21,12
2026-09-21 13:00:00,BE,3148.5,1108.6,6785.6,3637.1,0.0,0.0,2026-09-21,13
2026-09-21 14:00:00,BE,3531.2,1543.5,7266.5,3735.3,0.0,0.0,2026-09-21,14
2026-09-21 15:00:00,BE,3469.0,1211.8,6846.8,3377.8,0.0,0.0,2026-09-21,15
2026-09-21 16:00:00,BE,3610.7,502.8,6197.8,2587.1,0.0,0.0,2026-09-21,16
2026-09-21 17:00:00,BE,3436.1,441.1,6148.1,2712.0,0.0,0.0,2026-09-21,17
2026-09-21 18:00:00,BE,3407.9,198.4,5890.4,2482.5,0.0,0.0,2026-09-21,18
2026-09-21 19:00:00,BE,3346.3,154.3,5810.3,2464.0,0.0,0.0,2026-09-21,19
2026-09-21 20:00:00,BE,3561.4,460.6,6060.6,2499.2,0.0,0.0,2026-09-21,20
2026-09-21 21:00:00,BE,3283.0,311.7,5927.7,2644.7,0.0,0.0,2026-09-21,21
2026-09-21 22:00:00,BE,3139.8,326.2,5947.2,2807.4,0.0,0.0,2026-09-21,22
2026-09-21 23:00:00,BE,3302.9,674.1,6440.1,3137.2,0.0,0.0,2026-09-21,23
2026-09-22 00:00:00,BE,3162.9,187.2,5766.2,2603.3,0.0,0.0,2026-09-22,0
2026-09-22 01:00:00,BE,2866.2,710.5,6373.5,3507.3,0.0,0.0,2026-09-22,1
2026-09-22 02:00:00,BE,2755.2,743.7,6327.7,3572.5,0.0,0.0,2026-09-22,2
2026-09-22 03:00:00,BE,2677.6,201.8,5759.8,3082.2,0.0,0.0,2026-09-22,3
2026-09-22 04:00:00,BE,2520.6,440.9,6065.9,3545.3,0.0,0.0,2026-09-22,4
2026-09-22 05:00:00,BE,2454.0,555.9,6192.9,3738.9,0.0,0.0,2026-09-22,5
2026-09-22 06:00:00,BE,2571.3,297.4,6032.4,3461.1,0.0,0.0,2026-09-22,6
2026-09-22 07:00:00,BE,2568.7,359.8,6008.8,3440.1,0.0,0.0,2026-09-22,7
2026-09-22 08:00:00,BE,2514.2,1262.7,6994.7,4480.5,0.0,0.0,2026-09-22,8
2026-09-22 09:00:00,BE,2815.8,1030.7,6615.7,3799.9,0.0,0.0,2026-09-22,9
2026-09-22 10:00:00,BE,3049.7,997.3,6668.3,3618.6,0.0,0.0,2026-09-22,10
2026-09-22 11:00:00,BE,2810.6,1232.4,6850.4,4039.8,0.0,0.0,2026-09-22,11
2026-09-22 12:00:00,BE,3022.3,1389.3,7117.3,4095.0,0.0,0.0,2026-09-22,12
2026-09-22 13:00:00,BE,2921.5,1187.1,6843.1,3921.6,0.0,0.0,2026-09-22,13
2026-09-22 14:00:00,BE,3431.0,801.1,6437.1,3006.1,0.0,0.0,2026-09-22,14
2026-09-22 15:00:00,BE,3242.2,839.8,6382.8,3140.6,0.0,0.0,2026-09-22,15
2026-09-22 16:00:00,BE,3488.0,565.0,6123.0,2635.0,0.0,0.0,2026-09-22,16
2026-09-22 17:00:00,BE,3611.1,566.5,6213.5,2602.4,0.0,0.0,2026-09-22,17
2026-09-22 18:00:00,BE,3652.8,548.0,6236.0,2583.2,0.0,0.0,2026-09-22,18
2026-09-22 19:00:00,BE,3396.9,669.5,6305.5,2908.6,0.0,0.0,2026-09-22,19
2026-09-22 20:00:00,BE,3398.6,132.6,5746.6,2348.0,0.0,0.0,2026-09-22,20
2026-09-22 21:00:00,BE,3378.3,271.0,5886.0,2507.7,0.0,0.0,2026-09-22,21
2026-09-22 22:00:00,BE,3112.3,774.9,6393.9,3281.6,0.0,0.0,2026-09-22,22
2026-09-22 23:00:00,BE,3105.3,415.5,6098.5,2993.2,0.0,0.0,2026-09-22,23
2026-09-23 00:00:00,BE,3127.6,80.6,5667.6,2540.0,0.0,0.0,2026-09-23,0
2026-09-23 01:00:00,BE,3050.5,701.0,6416.0,3365.5,0.0,0.0,2026-09-23,1
2026-09-23 02:00:00,BE,2655.5,193.0,5853.0,3197.5,0.0,0.0,2026-09-23,2
2026-09-23 03:00:00,BE,2596.7,453.1,6155.1,3558.4,0.0,0.0,2026-09-23,3
2026-09-23 04:00:00,BE,2536.4,806.8,6480.8,3944.4,0.0,0.0,2026-09-23,4
2026-09-23 05:00:00,BE,2733.4,417.7,6105.7,3372.3,0.0,0.0,2026-09-23,5
2026-09-23 06:00:00,BE,2486.9,858.1,6498.1,4011.2,0.0,0.0,2026-09-23,6
2026-09-23 07:00:00,BE,2593.0,841.4,6436.4,3843.4,0.0,0.0,2026-09-23,7
2026-09-23 08:00:00,BE,2765.4,1271.4,6959.4,4194.0,0.0,0.0,2026-09-23,8
2026-09-23 09:00:00,BE,2792.0,543.5,6103.5,3311.5,0.0,0.0,2026-09-23,9
2026-09-23 10:00:00,BE,2899.4,838.4,6463.4,3564.0,0.0,0.0,2026-09-23,10
2026-09-23 11:00:00,BE,3083.0,1013.2,6636.2,3553.2,0.0,0.0,2026-09-23,11
2026-09-23 12:00:00,BE,2859.0,1737.2,7348.2,4489.2,0.0,0.0,2026-09-23,12
2026-09-23 13:00:00,BE,3236.9,930.6,6680.6,3443.7,0.0,0.0,2026-09-23,13
2026-09-23 14:00:00,BE,3342.3,1064.9,6783.9,3441.6,0.0,0.0,2026-09-23,14
2026-09-23 15:00:00,BE,3345.4,1163.4,6865.4,3520.0,0.0,0.0,2026-09-23,15
2026-09-23 16:00:00,BE,3625.2,534.3,6276.3,2651.1,0.0,0.0,2026-09-23,16
2026-09-23 17:00:00,BE,3701.1,501.4,6151.4,2450.3,0.0,0.0,2026-09-23,17
2026-09-23 18:00:00,BE,3500.6,424.8,6144.8,2644.2,0.0,0.0,2026-09-23,18
2026-09-23 19:00:00,BE,3375.3,380.2,5800.2,2424.9,0.0,0.0,2026-09-23,19
2026-09-23 20:00:00,BE,3170.4,326.8,5948.8,2778.4,0.0,0.0,2026-09-23,20
2026-09-23 21:00:00,BE,3669.4,6.4,5578.4,1909.0,0.0,0.0,2026-09-23,21
2026-09-23 22:00:00,BE,3255.4,1183.6,6789.6,3534.2,0.0,0.0,2026-09-23,22
2026-09-23 23:00:00,BE,3240.0,55.4,5723.4,2483.4,0.0,0.0,2026-09-23,23
2026-09-24 00:00:00,BE,3081.1,224.7,5880.7,2799.6,0.0,0.0,2026-09-24,0
2026-09-24 01:00:00,BE,3132.7,284.7,5938.7,2806.0,0.0,0.0,2026-09-24,1
2026-09-24 02:00:00,BE,2655.2,568.2,6194.2,3539.0,0.0,0.0,2026-09-24,2
2026-09-24 03:00:00,BE,2696.3,125.4,5884.4,3188.1,0.0,0.0,2026-09-24,3
2026-09-24 04:00:00,BE,2545.8,198.1,5874.1,3328.3,0.0,0.0,2026-09-24,4
2026-09-24 05:00:00,BE,2538.9,123.5,5733.5,3194.6,0.0,0.0,2026-09-24,5
2026-09-24 06:00:00,BE,2446.7,315.4,6026.4,3579.7,0.0,0.0,2026-09-24,6
2026-09-24 07:00:00,BE,2470.1,366.4,6057.4,3587.3,0.0,0.0,2026-09-24,7
2026-09-24 08:00:00,BE,2673.0,840.9,6490.9,3817.9,0.0,0.0,2026-09-24,8
2026-09-24 09:00:00,BE,2745.8,876.5,6394.5,3648.7,0.0,0.0,2026-09-24,9
2026-09-24 10:00:00,BE,2687.2,771.5,6416.5,3729.3,0.0,0.0,2026-09-24,10
2026-09-24 11:00:00,BE,2932.0,1394.8,7028.8,4096.8,0.0,0.0,2026-09-24,11
2026-09-24 12:00:00,BE,2955.9,1899.7,7436.7,4480.8,0.0,0.0,2026-09-24,12
2026-09-24 13:00:00,BE,3300.5,838.3,6440.3,3139.8,0.0,0.0,2026-09-24,13
2026-09-24 14:00:00,BE,3431.1,841.2,6522.2,3091.1,0.0,0.0,2026-09-24,14
2026-09-24 15:00:00,BE,3576.2,959.0,6623.0,3046.8,0.0,0.0,2026-09-24,15
2026-09-24 16:00:00,BE,3487.0,634.6,6287.6,2800.6,0.0,0.0,2026-09-24,16
2026-09-24 17:00:00,BE,3499.2,497.9,6127.9,2628.7,0.0,0.0,2026-09-24,17
2026-09-24 18:00:00,BE,3587.7,368.9,6052.9,2465.2,0.0,0.0,2026-09-24,18
2026-09-24 19:00:00,BE,3510.3,143.5,5831.5,2321.2,0.0,0.0,2026-09-24,19
2026-09-24 20:00:00,BE,3524.1,939.3,6411.3,2887.2,0.0,0.0,2026-09-24,20
2026-09-24 21:00:00,BE,3382.3,518.5,6092.5,2710.2,0.0,0.0,2026-09-24,21
2026-09-24 22:00:00,BE,3199.4,590.1,6256.1,3056.7,0.0,0.0,2026-09-24,22
2026-09-24 23:00:00,BE,3253.4,376.9,6063.9,2810.5,0.0,0.0,2026-09-24,23
2026-09-25 00:00:00,BE,3194.8,271.2,5877.2,2682.4,0.0,0.0,2026-09-25,0
2026-09-25 01:00:00,BE,3045.0,253.4,5948.4,2903.4,0.0,0.0,2026-09-25,1
2026-09-25 02:00:00,BE,2702.1,554.0,6261.0,3558.9,0.0,0.0,2026-09-25,2
2026-09-25 03:00:00,BE,2901.9,243.1,5998.1,3096.2,0.0,0.0,2026-09-25,3
2026-09-25 04:00:00,BE,2458.3,285.5,5870.5,3412.2,0.0,0.0,2026-09-25,4
2026-09-25 05:00:00,BE,2533.7,116.7,5712.7,3179.0,0.0,0.0,2026-09-25,5
2026-09-25 06:00:00,BE,2611.2,367.6,5970.6,3359.4,0.0,0.0,2026-09-25,6
2026-09-25 07:00:00,BE,2621.7,797.2,6284.2,3662.5,0.0,0.0,2026-09-25,7
2026-09-25 08:00:00,BE,2630.9,630.8,6238.8,3607.9,0.0,0.0,2026-09-25,8
2026-09-25 09:00:00,BE,2688.0,727.5,6211.5,3523.5,0.0,0.0,2026-09-25,9
2026-09-25 10:00:00,BE,2804.1,853.1,6469.1,3665.0,0.0,0.0,2026-09-25,10
2026-09-25 11:00:00,BE,3095.0,1005.9,6720.9,3625.9,0.0,0.0,2026-09-25,11
2026-09-25 12:00:00,BE,3232.8,1110.5,6819.5,3586.7,0.0,0.0,2026-09-25,12
2026-09-25 13:00:00,BE,3246.3,998.4,6646.4,3400.1,0.0,0.0,2026-09-25,13
2026-09-25 14:00:00,BE,3232.1,1002.2,6742.2,3510.1,0.0,0.0,2026-09-25,14
2026-09-25 15:00:00,BE,3533.9,886.5,6549.5,3015.6,0.0,0.0,2026-09-25,15
2026-09-25 16:00:00,BE,3711.1,761.4,6522.4,2811.3,0.0,0.0,2026-09-25,16
2026-09-25 17:00:00,BE,3676.0,733.3,6357.3,2681.3,0.0,0.0,2026-09-25,17
2026-09-25 18:00:00,BE,3527.5,333.5,5944.5,2417.0,0.0,0.0,2026-09-25,18
2026-09-25 19:00:00,BE,3545.6,712.9,6359.9,2814.3,0.0,0.0,2026-09-25,19
2026-09-25 20:00:00,BE,3705.4,417.9,6083.9,2378.5,0.0,0.0,2026-09-25,20
2026-09-25 21:00:00,BE,3499.2,705.2,6376.2,2877.0,0.0,0.0,2026-09-25,21
2026-09-25 22:00:00,BE,3238.1,110.3,5614.3,2376.2,0.0,0.0,2026-09-25,22
2026-09-25 23:00:00,BE,3392.4,181.6,5827.6,2435.2,0.0,0.0,2026-09-25,23
2026-09-26 00:00:00,BE,3050.2,124.1,5674.1,2623.9,0.0,0.0,2026-09-26,0
2026-09-26 01:00:00,BE,3188.7,196.7,5874.7,2686.0,0.0,0.0,2026-09-26,1
2026-09-26 02:00:00,BE,3158.1,360.3,6011.3,2853.2,0.0,0.0,2026-09-26,2
2026-09-26 03:00:00,BE,2950.6,517.8,6187.8,3237.2,0.0,0.0,2026-09-26,3
2026-09-26 04:00:00,BE,2780.4,178.4,5901.4,3121.0,0.0,0.0,2026-09-26,4
2026-09-26 05:00:00,BE,2642.8,493.3,6133.3,3490.5,0.0,0.0,2026-09-26,5
2026-09-26 06:00:00,BE,2451.9,380.1,6049.1,3597.2,0.0,0.0,2026-09-26,6
2026-09-26 07:00:00,BE,2554.2,525.2,6147.2,3593.0,0.0,0.0,2026-09-26,7
2026-09-26 08:00:00,BE,2553.1,547.6,6264.6,3711.5,0.0,0.0,2026-09-26,8
2026-09-26 09:00:00,BE,2701.4,1063.8,6742.8,4041.4,0.0,0.0,2026-09-26,9
2026-09-26 10:00:00,BE,2912.1,787.6,6379.6,3467.5,0.0,0.0,2026-09-26,10
2026-09-26 11:00:00,BE,2930.3,806.5,6359.5,3429.2,0.0,0.0,2026-09-26,11
2026-09-26 12:00:00,BE,3227.4,1005.9,6606.9,3379.5,0.0,0.0,2026-09-26,12
2026-09-26 13:00:00,BE,3157.0,865.8,6573.8,3416.8,0.0,0.0,2026-09-26,13
2026-09-26 14:00:00,BE,3431.6,783.7,6431.7,3000.1,0.0,0.0,2026-09-26,14
2026-09-26 15:00:00,BE,3616.9,869.0,6477.0,2860.1,0.0,0.0,2026-09-26,15
2026-09-26 16:00:00,BE,3472.1,881.0,6641.0,3168.9,0.0,0.0,2026-09-26,16
2026-09-26 17:00:00,BE,3590.1,496.6,6123.6,2533.5,0.0,0.0,2026-09-26,17
2026-09-26 18:00:00,BE,3506.0,404.4,6054.4,2548.4,0.0,0.0,2026-09-26,18
2026-09-26 19:00:00,BE,3519.4,679.1,6305.1,2785.7,0.0,0.0,2026-09-26,19
2026-09-26 20:00:00,BE,3583.3,213.2,5768.2,2184.9,0.0,0.0,2026-09-26,20
2026-09-26 21:00:00,BE,3503.7,94.9,5705.9,2202.2,0.0,0.0,2026-09-26,21
2026-09-26 22:00:00,BE,3475.4,102.1,5731.1,2255.7,0.0,0.0,2026-09-26,22
2026-09-26 23:00:00,BE,3166.2,301.3,5880.3,2714.1,0.0,0.0,2026-09-26,23
2026-09-27 00:00:00,BE,3151.3,209.8,5831.8,2680.5,0.0,0.0,2026-09-27,0
2026-09-27 01:00:00,BE,3078.5,617.7,6214.7,3136.2,0.0,0.0,2026-09-27,1
2026-09-27 02:00:00,BE,2864.0,448.8,6150.8,3286.8,0.0,0.0,2026-09-27,2
2026-09-27 03:00:00,BE,2806.4,259.1,5925.1,3118.7,0.0,0.0,2026-09-27,3
2026-09-27 04:00:00,BE,2514.9,426.4,6092.4,3577.5,0.0,0.0,2026-09-27,4
2026-09-27 05:00:00,BE,2532.4,142.9,5780.9,3248.5,0.0,0.0,2026-09-27,5
2026-09-27 06:00:00,BE,2769.0,164.3,5806.3,3037.3,0.0,0.0,2026-09-27,6
2026-09-27 07:00:00,BE,2437.1,363.8,5978.8,3541.7,0.0,0.0,2026-09-27,7
2026-09-27 08:00:00,BE,2474.6,701.1,6317.1,3842.5,0.0,0.0,2026-09-27,8
2026-09-27 09:00:00,BE,2792.3,639.0,6292.0,3499.7,0.0,0.0,2026-09-27,9
2026-09-27 10:00:00,BE,2696.1,1124.5,6851.5,4155.4,0.0,0.0,2026-09-27,10
2026-09-27 11:00:00,BE,3184.0,1541.7,7193.7,4009.7,0.0,0.0,2026-09-27,11
2026-09-27 12:00:00,BE,3285.2,1259.6,6861.6,3576.4,0.0,0.0,2026-09-27,12
2026-09-27 13:00:00,BE,3175.1,827.0,6600.0,3424.9,0.0,0.0,2026-09-27,13
2026-09-27 14:00:00,BE,3398.0,1079.1,6698.1,3300.1,0.0,0.0,2026-09-27,14
2026-09-27 15:00:00,BE,3375.6,577.8,6130.8,2755.2,0.0,0.0,2026-09-27,15
2026-09-27 16:00:00,BE,3327.8,662.8,6266.8,2939.0,0.0,0.0,2026-09-27,16
2026-09-27 17:00:00,BE,3650.6,442.1,6086.1,2435.5,0.0,0.0,2026-09-27,17
2026-09-27 18:00:00,BE,3452.3,313.2,5833.2,2380.9,0.0,0.0,2026-09-27,18
2026-09-27 19:00:00,BE,3693.1,350.8,5985.8,2292.7,0.0,0.0,2026-09-27,19
2026-09-27 20:00:00,BE,3748.3,261.3,5850.3,2102.0,0.0,0.0,2026-09-27,20
2026-09-27 21:00:00,BE,3531.8,437.8,6023.8,2492.0,0.0,0.0,2026-09-27,21
2026-09-27 22:00:00,BE,3565.1,163.2,5734.2,2169.1,0.0,0.0,2026-09-27,22
2026-09-27 23:00:00,BE,3257.3,304.8,5890.8,2633.5,0.0,0.0,2026-09-27,23
2026-09-28 00:00:00,BE,3238.8,241.3,5832.3,2593.5,0.0,0.0,2026-09-28,0
2026-09-28 01:00:00,BE,3123.2,531.3,6114.3,2991.1,0.0,0.0,2026-09-28,1
2026-09-28 02:00:00,BE,2842.7,209.5,5841.5,2998.8,0.0,0.0,2026-09-28,2
2026-09-28 03:00:00,BE,2858.1,499.2,6169.2,3311.1,0.0,0.0,2026-09-28,3
2026-09-28 04:00:00,BE,2727.6,351.7,6061.7,3334.1,0.0,0.0,2026-09-28,4
2026-09-28 05:00:00,BE,2474.5,92.6,5801.6,3327.1,0.0,0.0,2026-09-28,5
2026-09-28 06:00:00,BE,2550.5,317.9,5859.9,3309.4,0.0,0.0,2026-09-28,6
2026-09-28 07:00:00,BE,2576.8,826.9,6373.9,3797.1,0.0,0.0,2026-09-28,7
2026-09-28 08:00:00,BE,2596.5,1090.2,6761.2,4164.7,0.0,0.0,2026-09-28,8
2026-09-28 09:00:00,BE,2699.8,920.6,6428.6,3728.8,0.0,0.0,2026-09-28,9
2026-09-28 10:00:00,BE,3042.7,1464.8,7105.8,4063.1,0.0,0.0,2026-09-28,10
2026-09-28 11:00:00,BE,2937.9,1067.0,6725.0,3787.1,0.0,0.0,2026-09-28,11
2026-09-28 12:00:00,BE,3208.1,992.6,6675.6,3467.5,0.0,0.0,2026-09-28,12
2026-09-28 13:00:00,BE,3483.8,926.9,6547.9,3064.1,0.0,0.0,2026-09-28,13
2026-09-28 14:00:00,BE,3388.5,761.0,6382.0,2993.5,0.0,0.0,2026-09-28,14
2026-09-28 15:00:00,BE,3445.3,1038.5,6724.5,3279.2,0.0,0.0,2026-09-28,15
2026-09-28 16:00:00,BE,3624.7,422.7,6016.7,2392.0,0.0,0.0,2026-09-28,16
2026-09-28 17:00:00,BE,3420.3,536.0,6190.0,2769.7,0.0,0.0,2026-09-28,17
2026-09-28 18:00:00,BE,3555.2,140.3,5822.3,2267.1,0.0,0.0,2026-09-28,18
2026-09-28 19:00:00,BE,3653.0,548.4,6159.4,2506.4,0.0,0.0,2026-09-28,19
2026-09-28 20:00:00,BE,3322.9,621.7,6263.7,2940.8,0.0,0.0,2026-09-28,20
2026-09-28 21:00:00,BE,3659.1,346.4,5899.4,2240.3,0.0,0.0,2026-09-28,21
2026-09-28 22:00:00,BE,3472.6,329.5,5938.5,2465.9,0.0,0.0,2026-09-28,22
2026-09-28 23:00:00,BE,3438.8,769.0,6400.0,2961.2,0.0,0.0,2026-09-28,23
2026-09-29 00:00:00,BE,3101.9,632.4,6292.4,3190.5,0.0,0.0,2026-09-29,0
2026-09-29 01:00:00,BE,3020.2,361.6,6018.6,2998.4,0.0,0.0,2026-09-29,1
2026-09-29 02:00:00,BE,3021.0,541.7,6276.7,3255.7,0.0,0.0,2026-09-29,2
2026-09-29 03:00:00,BE,3028.0,224.4,5852.4,2824.4,0.0,0.0,2026-09-29,3
2026-09-29 04:00:00,BE,2836.2,350.8,5992.8,3156.6,0.0,0.0,2026-09-29,4
2026-09-29 05:00:00,BE,2739.9,350.6,5976.6,3236.7,0.0,0.0,2026-09-29,5
2026-09-29 06:00:00,BE,2868.5,167.3,5839.3,2970.8,0.0,0.0,2026-09-29,6
2026-09-29 07:00:00,BE,2786.7,572.0,6231.0,3444.3,0.0,0.0,2026-09-29,7
2026-09-29 08:00:00,BE,2481.9,573.1,6291.1,3809.2,0.0,0.0,2026-09-29,8
2026-09-29 09:00:00,BE,2849.4,862.4,6440.4,3591.0,0.0,0.0,2026-09-29,9
2026-09-29 10:00:00,BE,2932.1,1700.5,7300.5,4368.4,0.0,0.0,2026-09-29,10
2026-09-29 11:00:00,BE,3114.5,910.4,6650.4,3535.9,0.0,0.0,2026-09-29,11
2026-09-29 12:00:00,BE,3242.4,947.9,6510.9,3268.5,0.0,0.0,2026-09-29,12
2026-09-29 13:00:00,BE,3264.9,1270.5,6935.5,3670.6,0.0,0.0,2026-09-29,13
2026-09-29 14:00:00,BE,3435.7,844.0,6440.0,3004.3,0.0,0.0,2026-09-29,14
2026-09-29 15:00:00,BE,3405.4,623.8,6264.8,2859.4,0.0,0.0,2026-09-29,15
2026-09-29 16:00:00,BE,3688.0,567.1,6164.1,2476.1,0.0,0.0,2026-09-29,16
2026-09-29 17:00:00,BE,3654.9,285.7,5966.7,2311.8,0.0,0.0,2026-09-29,17
2026-09-29 18:00:00,BE,3658.6,464.9,6190.9,2532.3,0.0,0.0,2026-09-29,18
2026-09-29 19:00:00,BE,3814.7,628.2,6343.2,2528.5,0.0,0.0,2026-09-29,19
2026-09-29 20:00:00,BE,3672.0,52.7,5786.7,2114.7,0.0,0.0,2026-09-29,20
2026-09-29 21:00:00,BE,3619.2,528.4,6222.4,2603.2,0.0,0.0,2026-09-29,21
2026-09-29 22:00:00,BE,3410.6,504.6,6111.6,2701.0,0.0,0.0,2026-09-29,22
2026-09-29 23:00:00,BE,3251.0,488.3,6175.3,2924.3,0.0,0.0,2026-09-29,23
2026-09-30 00:00:00,BE,3190.1,286.7,5906.7,2716.6,0.0,0.0,2026-09-30,0
2026-09-30 01:00:00,BE,3080.3,393.2,6026.2,2945.9,0.0,0.0,2026-09-30,1
2026-09-30 02:00:00,BE,2937.6,360.7,6008.7,3071.1,0.0,0.0,2026-09-30,2
2026-09-30 03:00:00,BE,2848.7,522.3,6116.3,3267.6,0.0,0.0,2026-09-30,3
2026-09-30 04:00:00,BE,2805.9,798.3,6492.3,3686.4,0.0,0.0,2026-09-30,4
2026-09-30 05:00:00,BE,2828.6,306.6,6013.6,3185.0,0.0,0.0,2026-09-30,5
2026-09-30 06:00:00,BE,2551.4,152.5,5773.5,3222.1,0.0,0.0,2026-09-30,6
2026-09-30 07:00:00,BE,2589.0,300.1,5819.1,3230.1,0.0,0.0,2026-09-30,7
2026-09-30 08:00:00,BE,2398.0,1056.5,6699.5,4301.5,0.0,0.0,2026-09-30,8
2026-09-30 09:00:00,BE,2839.6,802.9,6394.9,3555.3,0.0,0.0,2026-09-30,9
2026-09-30 10:00:00,BE,2783.6,1172.3,6830.3,4046.7,0.0,0.0,2026-09-30,10
2026-09-30 11:00:00,BE,2820.5,969.7,6713.7,3893.2,0.0,0.0,2026-09-30,11
2026-09-30 12:00:00,BE,3161.4,1480.4,7005.4,3844.0,0.0,0.0,2026-09-30,12
2026-09-30 13:00:00,BE,3195.2,1097.5,6613.5,3418.3,0.0,0.0,2026-09-30,13
2026-09-30 14:00:00,BE,3551.1,1203.1,6773.1,3222.0,0.0,0.0,2026-09-30,14
2026-09-30 15:00:00,BE,3687.9,970.4,6608.4,2920.5,0.0,0.0,2026-09-30,15
2026-09-30 16:00:00,BE,3693.4,549.9,6139.9,2446.5,0.0,0.0,2026-09-30,16
2026-09-30 17:00:00,BE,3616.6,580.7,6242.7,2626.1,0.0,0.0,2026-09-30,17
2026-09-30 18:00:00,BE,3516.8,238.6,5820.6,2303.8,0.0,0.0,2026-09-30,18
2026-09-30 19:00:00,BE,3559.6,59.5,5681.5,2121.9,0.0,0.0,2026-09-30,19
2026-09-30 20:00:00,BE,3501.9,754.1,6363.1,2861.2,0.0,0.0,2026-09-30,20
2026-09-30 21:00:00,BE,3491.4,523.7,6117.7,2626.3,0.0,0.0,2026-09-30,21
2026-09-30 22:00:00,BE,3397.7,166.5,5856.5,2458.8,0.0,0.0,2026-09-30,22
2026-09-30 23:00:00,BE,3526.6,479.5,6220.5,2693.9,0.0,0.0,2026-09-30,23
2026-10-01 00:00:00,BE,3287.9,172.4,5733.4,2445.5,0.0,0.0,2026-10-01,0
2026-10-01 01:00:00,BE,3285.5,633.1,6278.1,2992.6,0.0,0.0,2026-10-01,1
2026-10-01 02:00:00,BE,2967.6,789.4,6366.4,3398.8,0.0,0.0,2026-10-01,2
2026-10-01 03:00:00,BE,2731.3,375.5,5986.5,3255.2,0.0,0.0,2026-10-01,3
2026-10-01 04:00:00,BE,2681.1,389.3,6128.3,3447.2,0.0,0.0,2026-10-01,4
2026-10-01 05:00:00,BE,2704.5,348.6,5895.6,3191.1,0.0,0.0,2026-10-01,5
2026-10-01 06:00:00,BE,2738.7,784.7,6478.7,3740.0,0.0,0.0,2026-10-01,6
2026-10-01 07:00:00,BE,2847.9,559.5,6252.5,3404.6,0.0,0.0,2026-10-01,7
2026-10-01 08:00:00,BE,2690.6,1038.2,6691.2,4000.6,0.0,0.0,2026-10-01,8
2026-10-01 09:00:00,BE,2794.4,902.8,6619.8,3825.4,0.0,0.0,2026-10-01,9
2026-10-01 10:00:00,BE,2967.0,943.8,6547.8,3580.8,0.0,0.0,2026-10-01,10
2026-10-01 11:00:00,BE,3225.3,872.7,6587.7,3362.4,0.0,0.0,2026-10-01,11
2026-10-01 12:00:00,BE,3143.5,1574.3,7229.3,4085.8,0.0,0.0,2026-10-01,12
2026-10-01 13:00:00,BE,3387.6,900.1,6551.1,3163.5,0.0,0.0,2026-10-01,13
2026-10-01 14:00:00,BE,3315.4,1053.8,6655.8,3340.4,0.0,0.0,2026-10-01,14
2026-10-01 15:00:00,BE,3600.5,1040.0,6605.0,3004.5,0.0,0.0,2026-10-01,15
2026-10-01 16:00:00,BE,3690.0,601.2,6265.2,2575.2,0.0,0.0,2026-10-01,16
2026-10-01 17:00:00,BE,3751.5,902.2,6488.2,2736.7,0.0,0.0,2026-10-01,17
2026-10-01 18:00:00,BE,3858.4,459.3,6114.3,2255.9,0.0,0.0,2026-10-01,18
2026-10-01 19:00:00,BE,3676.7,551.4,6242.4,2565.7,0.0,0.0,2026-10-01,19
2026-10-01 20:00:00,BE,3713.7,506.0,6240.0,2526.3,0.0,0.0,2026-10-01,20
2026-10-01 21:00:00,BE,3448.4,495.8,6150.8,2702.4,0.0,0.0,2026-10-01,21
2026-10-01 22:00:00,BE,3310.3,793.0,6501.0,3190.7,0.0,0.0,2026-10-01,22
2026-10-01 23:00:00,BE,3326.0,515.5,6118.5,2792.5,0.0,0.0,2026-10-01,23
2026-10-02 00:00:00,BE,3173.1,710.7,6387.7,3214.6,0.0,0.0,2026-10-02,0
2026-10-02 01:00:00,BE,3279.3,346.1,6011.1,2731.8,0.0,0.0,2026-10-02,1
2026-10-02 02:00:00,BE,3038.8,224.0,5874.0,2835.2,0.0,0.0,2026-10-02,2
2026-10-02 03:00:00,BE,3020.5,277.6,5924.6,2904.1,0.0,0.0,2026-10-02,3
2026-10-02 04:00:00,BE,2820.3,245.6,5832.6,3012.3,0.0,0.0,2026-10-02,4
2026-10-02 05:00:00,BE,2824.9,579.3,6137.3,3312.4,0.0,0.0,2026-10-02,5
2026-10-02 06:00:00,BE,2674.4,183.0,5885.0,3210.6,0.0,0.0,2026-10-02,6
2026-10-02 07:00:00,BE,2806.3,623.0,6383.0,3576.7,0.0,0.0,2026-10-02,7
2026-10-02 08:00:00,BE,2713.5,475.0,6098.0,3384.5,0.0,0.0,2026-10-02,8
2026-10-02 09:00:00,BE,2796.6,852.5,6521.5,3724.9,0.0,0.0,2026-10-02,9
2026-10-02 10:00:00,BE,2678.5,579.8,6220.8,3542.3,0.0,0.0,2026-10-02,10
2026-10-02 11:00:00,BE,3127.5,565.4,6196.4,3068.9,0.0,0.0,2026-10-02,11
2026-10-02 12:00:00,BE,3319.6,840.2,6501.2,3181.6,0.0,0.0,2026-10-02,12
2026-10-02 13:00:00,BE,3422.3,635.4,6308.4,2886.1,0.0,0.0,2026-10-02,13
2026-10-02 14:00:00,BE,3494.7,595.7,6170.7,2676.0,0.0,0.0,2026-10-02,14
2026-10-02 15:00:00,BE,3514.3,766.8,6435.8,2921.5,0.0,0.0,2026-10-02,15
2026-10-02 16:00:00,BE,3367.8,617.1,6204.1,2836.3,0.0,0.0,2026-10-02,16
2026-10-02 17:00:00,BE,3557.9,462.7,6101.7,2543.8,0.0,0.0,2026-10-02,17
2026-10-02 18:00:00,BE,3699.9,282.9,5979.9,2280.0,0.0,0.0,2026-10-02,18
2026-10-02 19:00:00,BE,3783.1,329.7,5996.7,2213.6,0.0,0.0,2026-10-02,19
2026-10-02 20:00:00,BE,3795.1,585.0,6327.0,2531.9,0.0,0.0,2026-10-02,20
2026-10-02 21:00:00,BE,3707.6,455.6,6096.6,2389.0,0.0,0.0,2026-10-02,21
2026-10-02 22:00:00,BE,3389.2,234.6,5897.6,2508.4,0.0,0.0,2026-10-02,22
2026-10-02 23:00:00,BE,3323.1,486.1,6163.1,2840.0,0.0,0.0,2026-10-02,23
2026-10-03 00:00:00,BE,3065.5,108.0,5741.0,2675.5,0.0,0.0,2026-10-03,0
2026-10-03 01:00:00,BE,2869.0,58.6,5637.6,2768.6,0.0,0.0,2026-10-03,1
2026-10-03 02:00:00,BE,2868.5,322.5,5983.5,3115.0,0.0,0.0,2026-10-03,2
2026-10-03 03:00:00,BE,2772.5,182.1,5749.1,2976.6,0.0,0.0,2026-10-03,3
2026-10-03 04:00:00,BE,2681.2,110.4,5786.4,3105.2,0.0,0.0,2026-10-03,4
2026-10-03 05:00:00,BE,2835.1,226.2,5849.2,3014.1,0.0,0.0,2026-10-03,5
2026-10-03 06:00:00,BE,2901.5,579.3,6156.3,3254.8,0.0,0.0,2026-10-03,6
2026-10-03 07:00:00,BE,2644.2,307.0,5972.0,3327.8,0.0,0.0,2026-10-03,7
2026-10-03 08:00:00,BE,2994.4,485.5,6062.5,3068.1,0.0,0.0,2026-10-03,8
2026-10-03 09:00:00,BE,2667.5,832.3,6395.3,3727.8,0.0,0.0,2026-10-03,9
2026-10-03 10:00:00,BE,3026.9,755.5,6411.5,3384.6,0.0,0.0,2026-10-03,10
2026-10-03 11:00:00,BE,3167.3,723.7,6365.7,3198.4,0.0,0.0,2026-10-03,11
2026-10-03 12:00:00,BE,3059.6,1054.1,6825.1,3765.5,0.0,0.0,2026-10-03,12
2026-10-03 13:00:00,BE,3476.1,764.9,6504.9,3028.8,0.0,0.0,2026-10-03,13
2026-10-03 14:00:00,BE,3433.0,1093.7,6799.7,3366.7,0.0,0.0,2026-10-03,14
2026-10-03 15:00:00,BE,3614.6,864.0,6481.0,2866.4,0.0,0.0,2026-10-03,15
2026-10-03 16:00:00,BE,3799.7,843.3,6475.3,2675.6,0.0,0.0,2026-10-03,16
2026-10-03 17:00:00,BE,3794.4,375.9,6036.9,2242.5,0.0,0.0,2026-10-03,17
2026-10-03 18:00:00,BE,3677.0,862.6,6511.6,2834.6,0.0,0.0,2026-10-03,18
2026-10-03 19:00:00,BE,3708.1,20.7,5592.7,1884.6,0.0,0.0,2026-10-03,19
2026-10-03 20:00:00,BE,3874.4,249.9,5947.9,2073.5,0.0,0.0,2026-10-03,20
2026-10-03 21:00:00,BE,3379.0,274.4,5921.4,2542.4,0.0,0.0,2026-10-03,21
2026-10-03 22:00:00,BE,3597.5,607.2,6161.2,2563.7,0.0,0.0,2026-10-03,22
2026-10-03 23:00:00,BE,3479.1,436.0,6086.0,2606.9,0.0,0.0,2026-10-03,23
2026-10-04 00:00:00,BE,3461.7,403.4,6009.4,2547.7,0.0,0.0,2026-10-04,0
2026-10-04 01:00:00,BE,3267.3,397.0,6025.0,2757.7,0.0,0.0,2026-10-04,1
2026-10-04 02:00:00,BE,2802.7,1200.0,6873.0,4070.3,0.0,0.0,2026-10-04,2
2026-10-04 03:00:00,BE,2955.7,614.9,6226.9,3271.2,0.0,0.0,2026-10-04,3
2026-10-04 04:00:00,BE,2849.0,466.9,6097.9,3248.9,0.0,0.0,2026-10-04,4
2026-10-04 05:00:00,BE,2857.8,331.5,5989.5,3131.7,0.0,0.0,2026-10-04,5
2026-10-04 06:00:00,BE,2959.1,403.3,6018.3,3059.2,0.0,0.0,2026-10-04,6
2026-10-04 07:00:00,BE,2799.8,223.4,5861.4,3061.6,0.0,0.0,2026-10-04,7
2026-10-04 08:00:00,BE,2784.4,835.2,6475.2,3690.8,0.0,0.0,2026-10-04,8
2026-10-04 09:00:00,BE,2862.8,757.2,6296.2,3433.4,0.0,0.0,2026-10-04,9
2026-10-04 10:00:00,BE,3122.9,859.5,6554.5,3431.6,0.0,0.0,2026-10-04,10
2026-10-04 11:00:00,BE,2987.4,833.8,6415.8,3428.4,0.0,0.0,2026-10-04,11
2026-10-04 12:00:00,BE,3323.4,627.9,6225.9,2902.5,0.0,0.0,2026-10-04,12
2026-10-04 13:00:00,BE,3417.5,833.0,6388.0,2970.5,0.0,0.0,2026-10-04,13
2026-10-04 14:00:00,BE,3278.1,623.7,6174.7,2896.6,0.0,0.0,2026-10-04,14
2026-10-04 15:00:00,BE,3658.4,1088.9,6755.9,3097.5,0.0,0.0,2026-10-04,15
2026-10-04 16:00:00,BE,3545.8,314.6,5961.6,2415.8,0.0,0.0,2026-10-04,16
2026-10-04 17:00:00,BE,3969.4,227.9,5820.9,1851.5,0.0,0.0,2026-10-04,17
2026-10-04 18:00:00,BE,3636.0,247.4,5884.4,2248.4,0.0,0.0,2026-10-04,18
2026-10-04 19:00:00,BE,3848.6,400.5,5939.5,2090.9,0.0,0.0,2026-10-04,19
2026-10-04 20:00:00,BE,3651.5,306.4,6027.4,2375.9,0.0,0.0,2026-10-04,20
2026-10-04 21:00:00,BE,3476.7,258.4,5868.4,2391.7,0.0,0.0,2026-10-04,21
2026-10-04 22:00:00,BE,3552.7,528.5,6283.5,2730.8,0.0,0.0,2026-10-04,22
2026-10-04 23:00:00,BE,3221.9,401.9,5990.9,2769.0,0.0,0.0,2026-10-04,23
2026-10-05 00:00:00,BE,3226.5,426.7,6049.7,2823.2,0.0,0.0,2026-10-05,0
2026-10-05 01:00:00,BE,3292.5,582.5,6261.5,2969.0,0.0,0.0,2026-10-05,1
2026-10-05 02:00:00,BE,2961.3,742.8,6367.8,3406.5,0.0,0.0,2026-10-05,2
2026-10-05 03:00:00,BE,3166.3,436.8,6121.8,2955.5,0.0,0.0,2026-10-05,3
2026-10-05 04:00:00,BE,2948.9,433.0,6116.0,3167.1,0.0,0.0,2026-10-05,4
2026-10-05 05:00:00,BE,2589.0,165.9,5691.9,3102.9,0.0,0.0,2026-10-05,5
2026-10-05 06:00:00,BE,3020.1,208.1,5923.1,2903.0,0.0,0.0,2026-10-05,6
2026-10-05 07:00:00,BE,2977.9,470.1,6081.1,3103.2,0.0,0.0,2026-10-05,7
2026-10-05 08:00:00,BE,2587.4,314.1,5885.1,3297.7,0.0,0.0,2026-10-05,8
2026-10-05 09:00:00,BE,2867.8,498.5,6192.5,3324.7,0.0,0.0,2026-10-05,9
2026-10-05 10:00:00,BE,3229.4,454.2,6000.2,2770.8,0.0,0.0,2026-10-05,10
2026-10-05 11:00:00,BE,3119.1,803.6,6494.6,3375.5,0.0,0.0,2026-10-05,11
2026-10-05 12:00:00,BE,3263.6,968.4,6577.4,3313.8,0.0,0.0,2026-10-05,12
2026-10-05 13:00:00,BE,3280.1,1411.7,6942.7,3662.6,0.0,0.0,2026-10-05,13
2026-10-05 14:00:00,BE,3515.5,823.5,6475.5,2960.0,0.0,0.0,2026-10-05,14
2026-10-05 15:00:00,BE,3677.6,743.1,6454.1,2776.5,0.0,0.0,2026-10-05,15
2026-10-05 16:00:00,BE,3925.4,971.4,6617.4,2692.0,0.0,0.0,2026-10-05,16
2026-10-05 17:00:00,BE,3664.7,309.2,5970.2,2305.5,0.0,0.0,2026-10-05,17
2026-10-05 18:00:00,BE,3780.9,587.3,6254.3,2473.4,0.0,0.0,2026-10-05,18
2026-10-05 19:00:00,BE,3953.9,1200.0,6838.0,2884.1,0.0,0.0,2026-10-05,19
2026-10-05 20:00:00,BE,3767.2,518.5,6111.5,2344.3,0.0,0.0,2026-10-05,20
2026-10-05 21:00:00,BE,3467.9,375.3,5970.3,2502.4,0.0,0.0,2026-10-05,21
2026-10-05 22:00:00,BE,3619.1,183.2,5936.2,2317.1,0.0,0.0,2026-10-05,22
2026-10-05 23:00:00,BE,3445.7,380.7,5986.7,2541.0,0.0,0.0,2026-10-05,23
2026-10-06 00:00:00,BE,3063.4,291.8,5952.8,2889.4,0.0,0.0,2026-10-06,0
2026-10-06 01:00:00,BE,3310.6,173.3,5842.3,2531.7,0.0,0.0,2026-10-06,1
2026-10-06 02:00:00,BE,2855.7,310.6,5992.6,3136.9,0.0,0.0,2026-10-06,2
2026-10-06 03:00:00,BE,3064.0,403.8,6076.8,3012.8,0.0,0.0,2026-10-06,3
2026-10-06 04:00:00,BE,2868.3,170.5,5842.5,2974.2,0.0,0.0,2026-10-06,4
2026-10-06 05:00:00,BE,2871.9,383.9,6025.9,3154.0,0.0,0.0,2026-10-06,5
2026-10-06 06:00:00,BE,2624.1,302.6,5891.6,3267.5,0.0,0.0,2026-10-06,6
2026-10-06 07:00:00,BE,2699.7,486.5,6122.5,3422.8,0.0,0.0,2026-10-06,7
2026-10-06 08:00:00,BE,2855.0,958.7,6566.7,3711.7,0.0,0.0,2026-10-06,8
2026-10-06 09:00:00,BE,2846.6,751.6,6472.6,3626.0,0.0,0.0,2026-10-06,9
2026-10-06 10:00:00,BE,2891.5,905.7,6645.7,3754.2,0.0,0.0,2026-10-06,10
2026-10-06 11:00:00,BE,3088.6,809.4,6497.4,3408.8,0.0,0.0,2026-10-06,11
2026-10-06 12:00:00,BE,3162.4,959.4,6589.4,3427.0,0.0,0.0,2026-10-06,12
2026-10-06 13:00:00,BE,3418.6,878.0,6481.0,3062.4,0.0,0.0,2026-10-06,13
2026-10-06 14:00:00,BE,3427.9,723.7,6289.7,2861.8,0.0,0.0,2026-10-06,14
2026-10-06 15:00:00,BE,3236.3,615.2,6237.2,3000.9,0.0,0.0,2026-10-06,15
2026-10-06 16:00:00,BE,3924.6,679.8,6264.8,2340.2,0.0,0.0,2026-10-06,16
2026-10-06 17:00:00,BE,3762.3,556.2,6194.2,2431.9,0.0,0.0,2026-10-06,17
2026-10-06 18:00:00,BE,3854.3,53.3,5774.3,1920.0,0.0,0.0,2026-10-06,18
2026-10-06 19:00:00,BE,3510.3,197.6,5839.6,2329.3,0.0,0.0,2026-10-06,19
2026-10-06 20:00:00,BE,3570.1,288.7,6033.7,2463.6,0.0,0.0,2026-10-06,20
2026-10-06 21:00:00,BE,3634.7,522.7,6201.7,2567.0,0.0,0.0,2026-10-06,21
2026-10-06 22:00:00,BE,3803.8,433.9,6037.9,2234.1,0.0,0.0,2026-10-06,22
2026-10-06 23:00:00,BE,3459.8,244.6,5906.6,2446.8,0.0,0.0,2026-10-06,23
2026-10-07 00:00:00,BE,3226.0,294.9,6050.9,2824.9,0.0,0.0,2026-10-07,0
2026-10-07 01:00:00,BE,3174.3,171.7,5660.7,2486.4,0.0,0.0,2026-10-07,1
2026-10-07 02:00:00,BE,2850.9,278.0,5959.0,3108.1,0.0,0.0,2026-10-07,2
2026-10-07 03:00:00,BE,2793.3,243.6,5837.6,3044.3,0.0,0.0,2026-10-07,3
2026-10-07 04:00:00,BE,2951.5,696.6,6433.6,3482.1,0.0,0.0,2026-10-07,4
2026-10-07 05:00:00,BE,2808.5,410.3,6077.3,3268.8,0.0,0.0,2026-10-07,5
2026-10-07 06:00:00,BE,2809.7,798.1,6382.1,3572.4,0.0,0.0,2026-10-07,6
2026-10-07 07:00:00,BE,2952.9,620.9,6224.9,3272.0,0.0,0.0,2026-10-07,7
2026-10-07 08:00:00,BE,2877.9,688.0,6381.0,3503.1,0.0,0.0,2026-10-07,8
2026-10-07 09:00:00,BE,2739.0,714.0,6352.0,3613.0,0.0,0.0,2026-10-07,9
2026-10-07 10:00:00,BE,3240.4,563.4,6273.4,3033.0,0.0,0.0,2026-10-07,10
2026-10-07 11:00:00,BE,3243.1,619.6,6211.6,2968.5,0.0,0.0,2026-10-07,11
2026-10-07 12:00:00,BE,3420.7,810.6,6474.6,3053.9,0.0,0.0,2026-10-07,12
2026-10-07 13:00:00,BE,3349.5,710.0,6313.0,2963.5,0.0,0.0,2026-10-07,13
2026-10-07 14:00:00,BE,3599.9,648.9,6247.9,2648.0,0.0,0.0,2026-10-07,14
2026-10-07 15:00:00,BE,3841.9,478.2,6130.2,2288.3,0.0,0.0,2026-10-07,15
2026-10-07 16:00:00,BE,3648.8,456.5,6087.5,2438.7,0.0,0.0,2026-10-07,16
2026-10-07 17:00:00,BE,3880.3,599.6,6224.6,2344.3,0.0,0.0,2026-10-07,17
2026-10-07 18:00:00,BE,3972.3,244.0,5787.0,1814.7,0.0,0.0,2026-10-07,18
2026-10-07 19:00:00,BE,4013.4,417.7,6167.7,2154.3,0.0,0.0,2026-10-07,19
2026-10-07 20:00:00,BE,3579.6,717.1,6391.1,2811.5,0.0,0.0,2026-10-07,20
2026-10-07 21:00:00,BE,3513.8,357.2,6125.2,2611.4,0.0,0.0,2026-10-07,21
2026-10-07 22:00:00,BE,3446.1,619.1,6244.1,2798.0,0.0,0.0,2026-10-07,22
2026-10-07 23:00:00,BE,3425.2,706.7,6330.7,2905.5,0.0,0.0,2026-10-07,23
2026-10-08 00:00:00,BE,3281.7,203.6,5888.6,2606.9,0.0,0.0,2026-10-08,0
2026-10-08 01:00:00,BE,3185.1,453.2,6132.2,2947.1,0.0,0.0,2026-10-08,1
2026-10-08 02:00:00,BE,3108.2,598.2,6251.2,3143.0,0.0,0.0,2026-10-08,2
2026-10-08 03:00:00,BE,2848.1,267.5,5921.5,3073.4,0.0,0.0,2026-10-08,3
2026-10-08 04:00:00,BE,2939.2,333.5,5933.5,2994.3,0.0,0.0,2026-10-08,4
2026-10-08 05:00:00,BE,2680.1,575.5,6272.5,3592.4,0.0,0.0,2026-10-08,5
2026-10-08 06:00:00,BE,2777.2,584.6,6261.6,3484.4,0.0,0.0,2026-10-08,6
2026-10-08 07:00:00,BE,2637.9,1086.0,6768.0,4130.1,0.0,0.0,2026-10-08,7
2026-10-08 08:00:00,BE,3077.2,1045.9,6564.9,3487.7,0.0,0.0,2026-10-08,8
2026-10-08 09:00:00,BE,2618.4,961.7,6601.7,3983.3,0.0,0.0,2026-10-08,9
2026-10-08 10:00:00,BE,2982.4,578.5,6120.5,3138.1,0.0,0.0,2026-10-08,10
2026-10-08 11:00:00,BE,2986.0,1043.5,6635.5,3649.5,0.0,0.0,2026-10-08,11
2026-10-08 12:00:00,BE,3374.5,1008.0,6717.0,3342.5,0.0,0.0,2026-10-08,12
2026-10-08 13:00:00,BE,3517.9,786.1,6341.1,2823.2,0.0,0.0,2026-10-08,13
2026-10-08 14:00:00,BE,3529.6,705.8,6424.8,2895.2,0.0,0.0,2026-10-08,14
2026-10-08 15:00:00,BE,3522.5,1144.1,6808.1,3285.6,0.0,0.0,2026-10-08,15
2026-10-08 16:00:00,BE,3554.1,590.3,6305.3,2751.2,0.0,0.0,2026-10-08,16
2026-10-08 17:00:00,BE,3689.3,1113.0,6778.0,3088.7,0.0,0.0,2026-10-08,17
2026-10-08 18:00:00,BE,3812.6,411.6,5961.6,2149.0,0.0,0.0,2026-10-08,18
2026-10-08 19:00:00,BE,3947.4,341.8,5807.8,1860.4,0.0,0.0,2026-10-08,19
2026-10-08 20:00:00,BE,3802.3,236.2,5872.2,2069.9,0.0,0.0,2026-10-08,20
2026-10-08 21:00:00,BE,3806.2,240.3,5947.3,2141.1,0.0,0.0,2026-10-08,21
2026-10-08 22:00:00,BE,3555.2,130.2,5742.2,2187.0,0.0,0.0,2026-10-08,22
2026-10-08 23:00:00,BE,3427.1,179.4,5841.4,2414.3,0.0,0.0,2026-10-08,23
2026-10-09 00:00:00,BE,3362.6,366.3,5978.3,2615.7,0.0,0.0,2026-10-09,0
2026-10-09 01:00:00,BE,3221.2,200.5,5806.5,2585.3,0.0,0.0,2026-10-09,1
2026-10-09 02:00:00,BE,2981.2,254.5,5946.5,2965.3,0.0,0.0,2026-10-09,2
2026-10-09 03:00:00,BE,3048.4,810.4,6439.4,3391.0,0.0,0.0,2026-10-09,3
2026-10-09 04:00:00,BE,2926.2,422.6,6053.6,3127.4,0.0,0.0,2026-10-09,4
2026-10-09 05:00:00,BE,2761.0,640.6,6312.6,3551.6,0.0,0.0,2026-10-09,5
2026-10-09 06:00:00,BE,2890.5,377.0,5944.0,3053.5,0.0,0.0,2026-10-09,6
2026-10-09 07:00:00,BE,2771.3,774.6,6423.6,3652.3,0.0,0.0,2026-10-09,7
2026-10-09 08:00:00,BE,2864.2,473.3,6178.3,3314.1,0.0,0.0,2026-10-09,8
2026-10-09 09:00:00,BE,2911.4,604.7,6138.7,3227.3,0.0,0.0,2026-10-09,9
2026-10-09 10:00:00,BE,3076.8,570.7,6167.7,3090.9,0.0,0.0,2026-10-09,10
2026-10-09 11:00:00,BE,3295.9,870.3,6511.3,3215.4,0.0,0.0,2026-10-09,11
2026-10-09 12:00:00,BE,3164.9,824.1,6485.1,3320.2,0.0,0.0,2026-10-09,12
2026-10-09 13:00:00,BE,3505.2,769.1,6449.1,2943.9,0.0,0.0,2026-10-09,13
2026-10-09 14:00:00,BE,3544.7,692.0,6281.0,2736.3,0.0,0.0,2026-10-09,14
2026-10-09 15:00:00,BE,3590.4,599.2,6159.2,2568.8,0.0,0.0,2026-10-09,15
2026-10-09 16:00:00,BE,3609.3,686.3,6154.3,2545.0,0.0,0.0,2026-10-09,16
2026-10-09 17:00:00,BE,3889.5,249.3,5971.3,2081.8,0.0,0.0,2026-10-09,17
2026-10-09 18:00:00,BE,3783.8,404.7,6026.7,2242.9,0.0,0.0,2026-10-09,18
2026-10-09 19:00:00,BE,3841.4,392.8,6039.8,2198.4,0.0,0.0,2026-10-09,19
2026-10-09 20:00:00,BE,3800.7,89.5,5791.5,1990.8,0.0,0.0,2026-10-09,20
2026-10-09 21:00:00,BE,3868.4,321.8,5987.8,2119.4,0.0,0.0,2026-10-09,21
2026-10-09 22:00:00,BE,3760.3,95.8,5803.8,2043.5,0.0,0.0,2026-10-09,22
2026-10-09 23:00:00,BE,3572.1,363.3,6008.3,2436.2,0.0,0.0,2026-10-09,23
2026-10-10 00:00:00,BE,3450.1,268.5,5902.5,2452.4,0.0,0.0,2026-10-10,0
2026-10-10 01:00:00,BE,3472.5,572.4,6192.4,2719.9,0.0,0.0,2026-10-10,1
2026-10-10 02:00:00,BE,3136.5,83.9,5680.9,2544.4,0.0,0.0,2026-10-10,2
2026-10-10 03:00:00,BE,3067.1,247.1,5925.1,2858.0,0.0,0.0,2026-10-10,3
2026-10-10 04:00:00,BE,2977.2,218.1,5803.1,2825.9,0.0,0.0,2026-10-10,4
2026-10-10 05:00:00,BE,2779.6,652.6,6340.6,3561.0,0.0,0.0,2026-10-10,5
2026-10-10 06:00:00,BE,2848.9,360.3,5933.3,3084.4,0.0,0.0,2026-10-10,6
2026-10-10 07:00:00,BE,2876.4,529.5,6176.5,3300.1,0.0,0.0,2026-10-10,7
2026-10-10 08:00:00,BE,2933.9,380.6,6006.6,3072.7,0.0,0.0,2026-10-10,8
2026-10-10 09:00:00,BE,3014.3,671.9,6220.9,3206.6,0.0,0.0,2026-10-10,9
2026-10-10 10:00:00,BE,3085.7,956.9,6702.9,3617.2,0.0,0.0,2026-10-10,10
2026-10-10 11:00:00,BE,3303.2,853.6,6531.6,3228.4,0.0,0.0,2026-10-10,11
2026-10-10 12:00:00,BE,3206.8,667.4,6331.4,3124.6,0.0,0.0,2026-10-10,12
2026-10-10 13:00:00,BE,3530.3,517.9,6109.9,2579.6,0.0,0.0,2026-10-10,13
2026-10-10 14:00:00,BE,3507.7,1248.4,6931.4,3423.7,0.0,0.0,2026-10-10,14
2026-10-10 15:00:00,BE,3450.1,1031.1,6715.1,3265.0,0.0,0.0,2026-10-10,15
2026-10-10 16:00:00,BE,3601.1,553.9,6249.9,2648.8,0.0,0.0,2026-10-10,16
2026-10-10 17:00:00,BE,3822.8,951.8,6640.8,2818.0,0.0,0.0,2026-10-10,17
2026-10-10 18:00:00,BE,3930.4,544.2,6253.2,2322.8,0.0,0.0,2026-10-10,18
2026-10-10 19:00:00,BE,3769.8,397.7,6162.7,2392.9,0.0,0.0,2026-10-10,19
2026-10-10 20:00:00,BE,3767.9,531.9,6278.9,2511.0,0.0,0.0,2026-10-10,20
2026-10-10 21:00:00,BE,3760.2,759.3,6382.3,2622.1,0.0,0.0,2026-10-10,21
2026-10-10 22:00:00,BE,3557.1,323.2,6077.2,2520.1,0.0,0.0,2026-10-10,22
2026-10-10 23:00:00,BE,3550.7,236.5,5898.5,2347.8,0.0,0.0,2026-10-10,23
2026-10-11 00:00:00,BE,3522.5,523.2,6204.2,2681.7,0.0,0.0,2026-10-11,0
2026-10-11 01:00:00,BE,3361.0,161.7,5874.7,2513.7,0.0,0.0,2026-10-11,1
2026-10-11 02:00:00,BE,3014.2,333.7,5999.7,2985.5,0.0,0.0,2026-10-11,2
2026-10-11 03:00:00,BE,2871.9,210.6,5940.6,3068.7,0.0,0.0,2026-10-11,3
2026-10-11 04:00:00,BE,3153.2,246.5,5939.5,2786.3,0.0,0.0,2026-10-11,4
2026-10-11 05:00:00,BE,3016.1,700.5,6332.5,3316.4,0.0,0.0,2026-10-11,5
2026-10-11 06:00:00,BE,3031.1,196.5,5966.5,2935.4,0.0,0.0,2026-10-11,6
2026-10-11 07:00:00,BE,2913.0,174.0,5859.0,2946.0,0.0,0.0,2026-10-11,7
2026-10-11 08:00:00,BE,2856.5,247.0,5873.0,3016.5,0.0,0.0,2026-10-11,8
2026-10-11 09:00:00,BE,3092.5,937.8,6605.8,3513.3,0.0,0.0,2026-10-11,9
2026-10-11 10:00:00,BE,2983.1,980.6,6642.6,3659.5,0.0,0.0,2026-10-11,10
2026-10-11 11:00:00,BE,3202.5,902.8,6569.8,3367.3,0.0,0.0,2026-10-11,11
2026-10-11 12:00:00,BE,3429.6,591.4,6294.4,2864.8,0.0,0.0,2026-10-11,12
2026-10-11 13:00:00,BE,3520.0,773.5,6420.5,2900.5,0.0,0.0,2026-10-11,13
2026-10-11 14:00:00,BE,3517.4,644.2,6179.2,2661.8,0.0,0.0,2026-10-11,14
2026-10-11 15:00:00,BE,3784.0,978.2,6636.2,2852.2,0.0,0.0,2026-10-11,15
2026-10-11 16:00:00,BE,3767.9,626.6,6187.6,2419.7,0.0,0.0,2026-10-11,16
2026-10-11 17:00:00,BE,3934.8,480.3,6099.3,2164.5,0.0,0.0,2026-10-11,17
2026-10-11 18:00:00,BE,3835.1,506.1,6143.1,2308.0,0.0,0.0,2026-10-11,18
2026-10-11 19:00:00,BE,3840.0,310.0,6043.0,2203.0,0.0,0.0,2026-10-11,19
2026-10-11 20:00:00,BE,3681.1,367.8,6006.8,2325.7,0.02,5.27,2026-10-11,20
2026-10-11 21:00:00,BE,3945.4,119.6,5596.6,1651.2,0.0,0.0,2026-10-11,21
2026-10-11 22:00:00,BE,3807.5,286.2,5927.2,2119.7,0.0,0.0,2026-10-11,22
2026-10-11 23:00:00,BE,3400.6,762.5,6424.5,3023.9,0.0,0.0,2026-10-11,23
2026-10-12 00:00:00,BE,3315.5,331.4,5960.4,2644.9,0.0,0.0,2026-10-12,0
2026-10-12 01:00:00,BE,3388.9,662.7,6388.7,2999.8,0.0,0.0,2026-10-12,1
2026-10-12 02:00:00,BE,2986.0,142.4,5800.4,2814.4,0.0,0.0,2026-10-12,2
2026-10-12 03:00:00,BE,3141.6,477.4,6057.4,2915.8,0.0,0.0,2026-10-12,3
2026-10-12 04:00:00,BE,3040.7,267.6,5844.6,2803.9,0.0,0.0,2026-10-12,4
2026-10-12 05:00:00,BE,2839.8,267.7,6036.7,3196.9,0.0,0.0,2026-10-12,5
2026-10-12 06:00:00,BE,3007.4,405.2,5961.2,2953.8,0.0,0.0,2026-10-12,6
2026-10-12 07:00:00,BE,2937.5,699.2,6346.2,3408.7,0.0,0.0,2026-10-12,7
2026-10-12 08:00:00,BE,2963.0,742.0,6449.0,3486.0,0.0,0.0,2026-10-12,8
2026-10-12 09:00:00,BE,3060.2,850.8,6541.8,3481.6,0.0,0.0,2026-10-12,9
2026-10-12 10:00:00,BE,3157.1,787.9,6321.9,3164.8,0.0,0.0,2026-10-12,10
2026-10-12 11:00:00,BE,3114.4,660.1,6307.1,3192.7,0.0,0.0,2026-10-12,11
2026-10-12 12:00:00,BE,3388.2,819.3,6547.3,3159.1,0.0,0.0,2026-10-12,12
2026-10-12 13:00:00,BE,3485.9,945.4,6686.4,3200.5,0.0,0.0,2026-10-12,13
2026-10-12 14:00:00,BE,3599.7,918.9,6585.9,2986.2,0.0,0.0,2026-10-12,14
2026-10-12 15:00:00,BE,3786.2,744.6,6366.6,2580.4,0.0,0.0,2026-10-12,15
2026-10-12 16:00:00,BE,3772.5,848.1,6457.1,2684.6,0.0,0.0,2026-10-12,16
2026-10-12 17:00:00,BE,3884.4,497.7,6154.7,2270.3,0.0,0.0,2026-10-12,17
2026-10-12 18:00:00,BE,3954.5,383.6,5944.6,1990.1,0.02,10.42,2026-10-12,18
2026-10-12 19:00:00,BE,3778.0,529.1,6188.1,2410.1,0.0,0.0,2026-10-12,19
2026-10-12 20:00:00,BE,3803.3,247.8,5877.8,2074.5,0.0,0.0,2026-10-12,20
2026-10-12 21:00:00,BE,3626.6,318.0,5905.0,2278.4,0.0,0.0,2026-10-12,21
2026-10-12 22:00:00,BE,3602.8,314.8,5991.8,2389.0,0.0,0.0,2026-10-12,22
2026-10-12 23:00:00,BE,3606.0,66.3,5701.3,2095.3,0.0,0.0,2026-10-12,23
2026-10-13 00:00:00,BE,3438.2,403.0,6065.0,2626.8,0.0,0.0,2026-10-13,0
2026-10-13 01:00:00,BE,3045.0,591.5,6278.5,3233.5,0.0,0.0,2026-10-13,1
2026-10-13 02:00:00,BE,3023.7,103.5,5710.5,2686.8,0.0,0.0,2026-10-13,2
2026-10-13 03:00:00,BE,3074.4,538.9,6119.9,3045.5,0.0,0.0,2026-10-13,3
2026-10-13 04:00:00,BE,2629.3,412.8,6099.8,3470.5,0.0,0.0,2026-10-13,4
2026-10-13 05:00:00,BE,2847.2,389.7,6041.7,3194.5,0.0,0.0,2026-10-13,5
2026-10-13 06:00:00,BE,2748.8,553.4,6267.4,3518.6,0.0,0.0,2026-10-13,6
2026-10-13 07:00:00,BE,2893.8,868.2,6404.2,3510.4,0.0,0.0,2026-10-13,7
2026-10-13 08:00:00,BE,2686.8,866.3,6571.3,3884.5,0.0,0.0,2026-10-13,8
2026-10-13 09:00:00,BE,2982.2,581.8,6261.8,3279.6,0.0,0.0,2026-10-13,9
2026-10-13 10:00:00,BE,3116.6,782.9,6373.9,3257.3,0.0,0.0,2026-10-13,10
2026-10-13 11:00:00,BE,3036.5,621.7,6322.7,3286.2,0.0,0.0,2026-10-13,11
2026-10-13 12:00:00,BE,3438.7,815.7,6472.7,3034.0,0.0,0.0,2026-10-13,12
2026-10-13 13:00:00,BE,3551.4,486.7,6142.7,2591.3,0.0,0.0,2026-10-13,13
2026-10-13 14:00:00,BE,3714.8,468.4,6133.4,2418.6,0.0,0.0,2026-10-13,14
2026-10-13 15:00:00,BE,3607.8,448.6,6087.6,2479.8,0.0,0.0,2026-10-13,15
2026-10-13 16:00:00,BE,3849.1,589.2,6284.2,2435.1,0.0,0.0,2026-10-13,16
2026-10-13 17:00:00,BE,3852.9,306.8,6028.8,2175.9,0.0,0.0,2026-10-13,17
2026-10-13 18:00:00,BE,3979.7,611.0,6155.0,2175.3,0.0,0.0,2026-10-13,18
2026-10-13 19:00:00,BE,3942.8,406.4,5993.4,2050.6,0.0,0.0,2026-10-13,19
2026-10-13 20:00:00,BE,3751.7,92.9,5720.9,1969.2,0.0,0.0,2026-10-13,20
2026-10-13 21:00:00,BE,3751.5,432.3,6109.3,2357.8,0.0,0.0,2026-10-13,21
2026-10-13 22:00:00,BE,3710.3,338.6,5970.6,2260.3,0.0,0.0,2026-10-13,22
2026-10-13 23:00:00,BE,3498.5,439.2,6067.2,2568.7,0.0,0.0,2026-10-13,23
2026-10-14 00:00:00,BE,3480.7,227.4,5792.4,2311.7,0.0,0.0,2026-10-14,0
2026-10-14 01:00:00,BE,3303.4,427.5,6112.5,2809.1,0.0,0.0,2026-10-14,1
2026-10-14 02:00:00,BE,3164.2,621.1,6348.1,3183.9,0.0,0.0,2026-10-14,2
2026-10-14 03:00:00,BE,2971.1,349.3,5985.3,3014.2,0.0,0.0,2026-10-14,3
2026-10-14 04:00:00,BE,2860.0,200.0,5772.0,2912.0,0.0,0.0,2026-10-14,4
2026-10-14 05:00:00,BE,2670.3,199.9,5753.9,3083.6,0.0,0.0,2026-10-14,5
2026-10-14 06:00:00,BE,2656.9,405.1,5996.1,3339.2,0.0,0.0,2026-10-14,6
2026-10-14 07:00:00,BE,2746.5,477.7,6100.7,3354.2,0.0,0.0,2026-10-14,7
2026-10-14 08:00:00,BE,2967.8,686.7,6236.7,3268.9,0.0,0.0,2026-10-14,8
2026-10-14 09:00:00,BE,2948.5,586.8,6304.8,3356.3,0.0,0.0,2026-10-14,9
2026-10-14 10:00:00,BE,3103.6,706.3,6386.3,3282.7,0.0,0.0,2026-10-14,10
2026-10-14 11:00:00,BE,3287.0,881.6,6480.6,3193.6,0.0,0.0,2026-10-14,11
2026-10-14 12:00:00,BE,3108.8,1001.9,6704.9,3596.1,0.0,0.0,2026-10-14,12
2026-10-14 13:00:00,BE,3497.3,450.0,5976.0,2478.7,0.0,0.0,2026-10-14,13
2026-10-14 14:00:00,BE,3878.9,1033.2,6661.2,2782.3,0.0,0.0,2026-10-14,14
2026-10-14 15:00:00,BE,3734.2,818.7,6493.7,2759.5,0.0,0.0,2026-10-14,15
2026-10-14 16:00:00,BE,3728.8,468.5,6096.5,2367.7,0.0,0.0,2026-10-14,16
2026-10-14 17:00:00,BE,3820.3,506.3,6085.3,2265.0,0.0,0.0,2026-10-14,17
2026-10-14 18:00:00,BE,3754.1,525.0,6218.0,2463.9,0.0,0.0,2026-10-14,18
2026-10-14 19:00:00,BE,3911.4,306.7,5884.7,1973.3,0.0,0.0,2026-10-14,19
2026-10-14 20:00:00,BE,4077.7,379.0,6057.0,1979.3,0.0,0.0,2026-10-14,20
2026-10-14 21:00:00,BE,3989.1,371.5,6046.5,2057.4,0.0,0.0,2026-10-14,21
2026-10-14 22:00:00,BE,3425.6,362.5,5972.5,2546.9,0.0,0.0,2026-10-14,22
2026-10-14 23:00:00,BE,3469.9,673.3,6317.3,2847.4,0.0,0.0,2026-10-14,23
2026-10-15 00:00:00,BE,3490.7,417.4,5998.4,2507.7,0.0,0.0,2026-10-15,0
2026-10-15 01:00:00,BE,3208.9,370.3,6082.3,2873.4,0.0,0.0,2026-10-15,1
2026-10-15 02:00:00,BE,3395.4,461.1,6027.1,2631.7,0.0,0.0,2026-10-15,2
2026-10-15 03:00:00,BE,2928.3,609.2,6218.2,3289.9,0.0,0.0,2026-10-15,3
2026-10-15 04:00:00,BE,3061.5,74.3,5681.3,2619.8,0.0,0.0,2026-10-15,4
2026-10-15 05:00:00,BE,2883.9,675.7,6312.7,3428.8,0.0,0.0,2026-10-15,5
2026-10-15 06:00:00,BE,2811.3,432.7,6083.7,3272.4,0.0,0.0,2026-10-15,6
2026-10-15 07:00:00,BE,2676.5,446.0,6051.0,3374.5,0.0,0.0,2026-10-15,7
2026-10-15 08:00:00,BE,2990.0,516.9,6249.9,3259.9,0.0,0.0,2026-10-15,8
2026-10-15 09:00:00,BE,3156.2,566.2,6210.2,3054.0,0.0,0.0,2026-10-15,9
2026-10-15 10:00:00,BE,3236.7,713.7,6398.7,3162.0,0.0,0.0,2026-10-15,10
2026-10-15 11:00:00,BE,3372.2,830.9,6279.9,2907.7,0.0,0.0,2026-10-15,11
2026-10-15 12:00:00,BE,3430.3,868.4,6552.4,3122.1,0.0,0.0,2026-10-15,12
2026-10-15 13:00:00,BE,3569.6,651.0,6289.0,2719.4,0.0,0.0,2026-10-15,13
2026-10-15 14:00:00,BE,3812.4,786.8,6441.8,2629.4,0.0,0.0,2026-10-15,14
2026-10-15 15:00:00,BE,3530.8,477.6,6129.6,2598.8,0.0,0.0,2026-10-15,15
2026-10-15 16:00:00,BE,3974.1,656.0,6293.0,2318.9,0.0,0.0,2026-10-15,16
2026-10-15 17:00:00,BE,3899.5,582.5,6235.5,2336.0,0.0,0.0,2026-10-15,17
2026-10-15 18:00:00,BE,3753.7,342.7,5953.7,2200.0,0.0,0.0,2026-10-15,18
2026-10-15 19:00:00,BE,3930.5,641.8,6328.8,2398.3,0.0,0.0,2026-10-15,19
2026-10-15 20:00:00,BE,3623.1,395.6,6052.6,2429.5,0.0,0.0,2026-10-15,20
2026-10-15 21:00:00,BE,3852.4,751.0,6346.0,2493.6,0.0,0.0,2026-10-15,21
2026-10-15 22:00:00,BE,3639.7,480.9,6150.9,2511.2,0.0,0.0,2026-10-15,22
2026-10-15 23:00:00,BE,3437.7,190.3,5884.3,2446.6,0.0,0.0,2026-10-15,23
2026-10-16 00:00:00,BE,3616.8,324.7,5968.7,2351.9,0.0,0.0,2026-10-16,0
2026-10-16 01:00:00,BE,3049.8,192.8,5764.8,2715.0,0.0,0.0,2026-10-16,1
2026-10-16 02:00:00,BE,3351.7,229.1,5910.1,2558.4,0.0,0.0,2026-10-16,2
2026-10-16 03:00:00,BE,3174.9,334.7,6009.7,2834.8,0.0,0.0,2026-10-16,3
2026-10-16 04:00:00,BE,2837.1,507.2,6078.2,3241.1,0.0,0.0,2026-10-16,4
2026-10-16 05:00:00,BE,2902.0,450.2,6156.2,3254.2,0.0,0.0,2026-10-16,5
2026-10-16 06:00:00,BE,2770.9,386.5,6060.5,3289.6,0.0,0.0,2026-10-16,6
2026-10-16 07:00:00,BE,2798.9,840.0,6445.0,3646.1,0.0,0.0,2026-10-16,7
2026-10-16 08:00:00,BE,3279.3,743.5,6452.5,3173.2,0.0,0.0,2026-10-16,8
2026-10-16 09:00:00,BE,2959.4,834.6,6491.6,3532.2,0.0,0.0,2026-10-16,9
2026-10-16 10:00:00,BE,3185.8,843.4,6547.4,3361.6,0.0,0.0,2026-10-16,10
2026-10-16 11:00:00,BE,3404.8,842.6,6424.6,3019.8,0.0,0.0,2026-10-16,11
2026-10-16 12:00:00,BE,3383.2,671.1,6384.1,3000.9,0.0,0.0,2026-10-16,12
2026-10-16 13:00:00,BE,3468.9,738.1,6395.1,2926.2,0.0,0.0,2026-10-16,13
2026-10-16 14:00:00,BE,3692.1,1175.9,6934.9,3242.8,0.0,0.0,2026-10-16,14
2026-10-16 15:00:00,BE,3775.6,672.1,6267.1,2491.5,0.0,0.0,2026-10-16,15
2026-10-16 16:00:00,BE,3738.4,583.0,6206.0,2467.6,0.0,0.0,2026-10-16,16
2026-10-16 17:00:00,BE,3919.9,1308.7,7014.7,3094.8,0.0,0.0,2026-10-16,17
2026-10-16 18:00:00,BE,3799.4,605.5,6295.5,2496.1,0.0,0.0,2026-10-16,18
2026-10-16 19:00:00,BE,3863.9,230.2,5849.2,1985.3,0.0,0.0,2026-10-16,19
2026-10-16 20:00:00,BE,3884.3,330.9,5979.9,2095.6,0.0,0.0,2026-10-16,20
2026-10-16 21:00:00,BE,3910.9,334.9,6021.9,2111.0,0.0,0.0,2026-10-16,21
2026-10-16 22:00:00,BE,3610.6,147.2,5634.2,2023.6,0.0,0.0,2026-10-16,22
2026-10-16 23:00:00,BE,3402.5,816.4,6600.4,3197.9,0.0,0.0,2026-10-16,23
2026-10-17 00:00:00,BE,3417.8,480.6,6202.6,2784.8,0.0,0.0,2026-10-17,0
2026-10-17 01:00:00,BE,3351.3,757.3,6427.3,3076.0,0.0,0.0,2026-10-17,1
2026-10-17 02:00:00,BE,3294.8,409.7,6082.7,2787.9,0.0,0.0,2026-10-17,2
2026-10-17 03:00:00,BE,3074.1,406.0,6162.0,3087.9,0.0,0.0,2026-10-17,3
2026-10-17 04:00:00,BE,2873.3,291.3,5931.3,3058.0,0.0,0.0,2026-10-17,4
2026-10-17 05:00:00,BE,2819.8,265.4,5868.4,3048.6,0.0,0.0,2026-10-17,5
2026-10-17 06:00:00,BE,2767.5,230.8,5891.8,3124.3,0.0,0.0,2026-10-17,6
2026-10-17 07:00:00,BE,2949.6,493.5,6112.5,3162.9,0.0,0.0,2026-10-17,7
2026-10-17 08:00:00,BE,2870.3,1245.3,6912.3,4042.0,0.0,0.0,2026-10-17,8
2026-10-17 09:00:00,BE,3021.9,780.0,6448.0,3426.1,0.0,0.0,2026-10-17,9
2026-10-17 10:00:00,BE,3284.4,865.2,6567.2,3282.8,0.0,0.0,2026-10-17,10
2026-10-17 11:00:00,BE,3248.4,843.4,6492.4,3244.0,0.0,0.0,2026-10-17,11
2026-10-17 12:00:00,BE,3440.9,976.8,6613.8,3172.9,0.0,0.0,2026-10-17,12
2026-10-17 13:00:00,BE,3581.2,511.1,6136.1,2554.9,0.0,0.0,2026-10-17,13
2026-10-17 14:00:00,BE,3566.2,741.2,6454.2,2888.0,0.0,0.0,2026-10-17,14
2026-10-17 15:00:00,BE,3720.9,736.9,6323.9,2603.0,0.0,0.0,2026-10-17,15
2026-10-17 16:00:00,BE,3940.6,839.3,6512.3,2571.7,0.0,0.0,2026-10-17,16
2026-10-17 17:00:00,BE,3777.4,730.6,6254.6,2477.2,0.0,0.0,2026-10-17,17
2026-10-17 18:00:00,BE,4090.3,345.8,5929.8,1839.5,0.0,0.0,2026-10-17,18
2026-10-17 19:00:00,BE,3989.7,443.5,6154.5,2164.8,0.0,0.0,2026-10-17,19
2026-10-17 20:00:00,BE,3960.0,207.5,5690.5,1730.5,0.0,0.0,2026-10-17,20
2026-10-17 21:00:00,BE,3741.9,349.3,5939.3,2197.4,0.0,0.0,2026-10-17,21
2026-10-17 22:00:00,BE,3593.0,150.0,5798.0,2205.0,0.0,0.0,2026-10-17,22
2026-10-17 23:00:00,BE,3636.9,359.2,5988.2,2351.3,0.0,0.0,2026-10-17,23
2026-10-18 00:00:00,BE,3696.9,183.9,5769.9,2073.0,0.0,0.0,2026-10-18,0
2026-10-18 01:00:00,BE,3414.5,294.4,6020.4,2605.9,0.0,0.0,2026-10-18,1
2026-10-18 02:00:00,BE,3114.5,170.3,5869.3,2754.8,0.0,0.0,2026-10-18,2
2026-10-18 03:00:00,BE,2868.0,419.8,6062.8,3194.8,0.0,0.0,2026-10-18,3
2026-10-18 04:00:00,BE,2972.4,689.5,6358.5,3386.1,0.0,0.0,2026-10-18,4
2026-10-18 05:00:00,BE,2902.0,278.4,5870.4,2968.4,0.0,0.0,2026-10-18,5
2026-10-18 06:00:00,BE,2808.6,446.6,6140.6,3332.0,0.0,0.0,2026-10-18,6
2026-10-18 07:00:00,BE,2882.4,180.5,5756.5,2874.1,0.0,0.0,2026-10-18,7
2026-10-18 08:00:00,BE,3173.2,455.1,6158.1,2984.9,0.0,0.0,2026-10-18,8
2026-10-18 09:00:00,BE,3006.4,442.1,6037.1,3030.7,0.0,0.0,2026-10-18,9
2026-10-18 10:00:00,BE,3225.5,664.0,6260.0,3034.5,0.0,0.0,2026-10-18,10
2026-10-18 11:00:00,BE,3451.7,697.7,6380.7,2929.0,0.0,0.0,2026-10-18,11
2026-10-18 12:00:00,BE,3564.1,837.8,6430.8,2866.7,0.0,0.0,2026-10-18,12
2026-10-18 13:00:00,BE,3674.7,1191.8,6797.8,3123.1,0.0,0.0,2026-10-18,13
2026-10-18 14:00:00,BE,3577.1,561.3,6172.3,2595.2,0.0,0.0,2026-10-18,14
2026-10-18 15:00:00,BE,3869.1,849.4,6420.4,2551.3,0.0,0.0,2026-10-18,15
2026-10-18 16:00:00,BE,3624.0,340.5,6064.5,2440.5,0.0,0.0,2026-10-18,16
2026-10-18 17:00:00,BE,3782.3,204.6,5848.6,2066.3,0.0,0.0,2026-10-18,17
2026-10-18 18:00:00,BE,4029.3,393.5,6068.5,2039.2,0.0,0.0,2026-10-18,18
2026-10-18 19:00:00,BE,4039.1,352.4,5979.4,1940.3,0.0,0.0,2026-10-18,19
2026-10-18 20:00:00,BE,3997.2,288.3,5810.3,1813.1,0.0,0.0,2026-10-18,20
2026-10-18 21:00:00,BE,3832.5,289.6,6009.6,2177.1,0.0,0.0,2026-10-18,21
2026-10-18 22:00:00,BE,3789.4,283.3,5901.3,2111.9,0.0,0.0,2026-10-18,22
2026-10-18 23:00:00,BE,3541.8,128.0,5809.0,2267.2,0.0,0.0,2026-10-18,23
2026-10-19 00:00:00,BE,3315.1,400.7,6069.7,2754.6,0.0,0.0,2026-10-19,0
2026-10-19 01:00:00,BE,3357.8,450.9,5940.9,2583.1,0.0,0.0,2026-10-19,1
2026-10-19 02:00:00,BE,3369.7,738.8,6330.8,2961.1,0.0,0.0,2026-10-19,2
2026-10-19 03:00:00,BE,3312.7,371.7,5936.7,2624.0,0.0,0.0,2026-10-19,3
2026-10-19 04:00:00,BE,3097.0,487.1,6181.1,3084.1,0.0,0.0,2026-10-19,4
2026-10-19 05:00:00,BE,2810.2,443.4,6083.4,3273.2,0.0,0.0,2026-10-19,5
2026-10-19 06:00:00,BE,2981.7,823.4,6436.4,3454.7,0.0,0.0,2026-10-19,6
2026-10-19 07:00:00,BE,2964.4,315.7,5957.7,2993.3,0.0,0.0,2026-10-19,7
2026-10-19 08:00:00,BE,2951.2,593.3,6275.3,3324.1,0.0,0.0,2026-10-19,8
2026-10-19 09:00:00,BE,3132.7,498.8,6151.8,3019.1,0.0,0.0,2026-10-19,9
2026-10-19 10:00:00,BE,3118.6,466.4,6159.4,3040.8,0.0,0.0,2026-10-19,10
2026-10-19 11:00:00,BE,3302.5,829.3,6549.3,3246.8,0.0,0.0,2026-10-19,11
2026-10-19 12:00:00,BE,3573.7,771.5,6460.5,2886.8,0.0,0.0,2026-10-19,12
2026-10-19 13:00:00,BE,3452.3,615.8,6183.8,2731.5,0.0,0.0,2026-10-19,13
2026-10-19 14:00:00,BE,3818.4,820.7,6335.7,2517.3,0.0,0.0,2026-10-19,14
2026-10-19 15:00:00,BE,3761.1,433.1,6029.1,2268.0,0.0,0.0,2026-10-19,15
2026-10-19 16:00:00,BE,3932.4,527.7,6121.7,2189.3,0.0,0.0,2026-10-19,16
2026-10-19 17:00:00,BE,4168.4,378.0,6105.0,1936.6,0.0,0.0,2026-10-19,17
2026-10-19 18:00:00,BE,3893.5,189.6,5829.6,1936.1,0.0,0.0,2026-10-19,18
2026-10-19 19:00:00,BE,3930.5,513.5,6170.5,2240.0,0.0,0.0,2026-10-19,19
2026-10-19 20:00:00,BE,4010.8,275.7,5853.7,1842.9,0.0,0.0,2026-10-19,20
2026-10-19 21:00:00,BE,3894.9,815.4,6496.4,2601.5,0.0,0.0,2026-10-19,21
2026-10-19 22:00:00,BE,4015.6,279.5,5897.5,1881.9,0.0,0.0,2026-10-19,22
2026-10-19 23:00:00,BE,3704.9,660.6,6332.6,2627.7,0.0,0.0,2026-10-19,23
2026-10-20 00:00:00,BE,3482.1,317.2,5894.2,2412.1,0.0,0.0,2026-10-20,0
2026-10-20 01:00:00,BE,3238.1,202.8,5920.8,2682.7,0.0,0.0,2026-10-20,1
2026-10-20 02:00:00,BE,3261.7,669.8,6304.8,3043.1,0.0,0.0,2026-10-20,2
2026-10-20 03:00:00,BE,3387.6,585.5,6126.5,2738.9,0.0,0.0,2026-10-20,3
2026-10-20 04:00:00,BE,3093.1,577.1,6220.1,3127.0,0.0,0.0,2026-10-20,4
2026-10-20 05:00:00,BE,2851.0,373.5,5938.5,3087.5,0.0,0.0,2026-10-20,5
2026-10-20 06:00:00,BE,2946.8,365.4,6013.4,3066.6,0.0,0.0,2026-10-20,6
2026-10-20 07:00:00,BE,2922.4,377.7,5981.7,3059.3,0.0,0.0,2026-10-20,7
2026-10-20 08:00:00,BE,3082.0,790.3,6460.3,3378.3,0.0,0.0,2026-10-20,8
2026-10-20 09:00:00,BE,3099.3,694.6,6332.6,3233.3,0.0,0.0,2026-10-20,9
2026-10-20 10:00:00,BE,3157.0,476.4,6137.4,2980.4,0.0,0.0,2026-10-20,10
2026-10-20 11:00:00,BE,3227.2,495.8,6179.8,2952.6,0.0,0.0,2026-10-20,11
2026-10-20 12:00:00,BE,3451.7,972.2,6671.2,3219.5,0.0,0.0,2026-10-20,12
2026-10-20 13:00:00,BE,3667.8,792.9,6521.9,2854.1,0.0,0.0,2026-10-20,13
2026-10-20 14:00:00,BE,3856.8,489.5,6130.5,2273.7,0.0,0.0,2026-10-20,14
2026-10-20 15:00:00,BE,3779.2,558.2,6173.2,2394.0,0.0,0.0,2026-10-20,15
2026-10-20 16:00:00,BE,4056.6,427.7,6064.7,2008.1,0.0,0.0,2026-10-20,16
2026-10-20 17:00:00,BE,3722.1,209.2,5908.2,2186.1,0.0,0.0,2026-10-20,17
2026-10-20 18:00:00,BE,4183.8,588.2,6175.2,1991.4,0.0,0.0,2026-10-20,18
2026-10-20 19:00:00,BE,3769.8,270.3,5812.3,2042.5,0.0,0.0,2026-10-20,19
2026-10-20 20:00:00,BE,3837.7,357.6,5997.6,2159.9,0.0,0.0,2026-10-20,20
2026-10-20 21:00:00,BE,3821.9,364.5,5938.5,2116.6,0.0,0.0,2026-10-20,21
2026-10-20 22:00:00,BE,3666.3,114.0,5699.0,2032.7,0.0,0.0,2026-10-20,22
2026-10-20 23:00:00,BE,3860.4,517.7,6188.7,2328.3,0.0,0.0,2026-10-20,23
2026-10-21 00:00:00,BE,3414.5,545.0,6158.0,2743.5,0.0,0.0,2026-10-21,0
2026-10-21 01:00:00,BE,3594.9,494.1,6140.1,2545.2,0.0,0.0,2026-10-21,1
2026-10-21 02:00:00,BE,2765.5,645.2,6384.2,3618.7,0.0,0.0,2026-10-21,2
2026-10-21 03:00:00,BE,2876.6,452.5,5988.5,3111.9,0.0,0.0,2026-10-21,3
2026-10-21 04:00:00,BE,3069.5,421.1,6083.1,3013.6,0.0,0.0,2026-10-21,4
2026-10-21 05:00:00,BE,2864.8,607.5,6216.5,3351.7,0.0,0.0,2026-10-21,5
2026-10-21 06:00:00,BE,2800.3,162.2,5891.2,3090.9,0.0,0.0,2026-10-21,6
2026-10-21 07:00:00,BE,2959.5,562.6,6172.6,3213.1,0.0,0.0,2026-10-21,7
2026-10-21 08:00:00,BE,2990.8,814.2,6482.2,3491.4,0.0,0.0,2026-10-21,8
2026-10-21 09:00:00,BE,3052.5,691.5,6430.5,3378.0,0.0,0.0,2026-10-21,9
2026-10-21 10:00:00,BE,3167.3,570.0,6058.0,2890.7,0.0,0.0,2026-10-21,10
2026-10-21 11:00:00,BE,3363.5,444.5,6135.5,2772.0,0.0,0.0,2026-10-21,11
2026-10-21 12:00:00,BE,3560.0,735.7,6379.7,2819.7,0.0,0.0,2026-10-21,12
2026-10-21 13:00:00,BE,3720.5,673.3,6388.3,2667.8,0.0,0.0,2026-10-21,13
2026-10-21 14:00:00,BE,3745.1,674.5,6277.5,2532.4,0.0,0.0,2026-10-21,14
2026-10-21 15:00:00,BE,3679.0,426.2,6054.2,2375.2,0.0,0.0,2026-10-21,15
2026-10-21 16:00:00,BE,3818.2,592.6,6211.6,2393.4,0.0,0.0,2026-10-21,16
2026-10-21 17:00:00,BE,3907.8,256.2,5844.2,1936.4,0.0,0.0,2026-10-21,17
2026-10-21 18:00:00,BE,4080.5,208.9,5821.9,1741.4,0.0,0.0,2026-10-21,18
2026-10-21 19:00:00,BE,3845.2,365.8,6050.8,2205.6,0.0,0.0,2026-10-21,19
2026-10-21 20:00:00,BE,4046.2,374.5,5936.5,1890.3,0.0,0.0,2026-10-21,20
2026-10-21 21:00:00,BE,3683.0,367.1,6035.1,2352.1,0.0,0.0,2026-10-21,21
2026-10-21 22:00:00,BE,3759.0,344.0,6129.0,2370.0,0.0,0.0,2026-10-21,22
2026-10-21 23:00:00,BE,3585.5,260.5,5934.5,2349.0,0.0,0.0,2026-10-21,23
2026-10-22 00:00:00,BE,3580.6,484.0,5984.0,2403.4,0.0,0.0,2026-10-22,0
2026-10-22 01:00:00,BE,3494.9,177.8,5815.8,2320.9,0.0,0.0,2026-10-22,1
2026-10-22 02:00:00,BE,3232.2,629.1,6184.1,2951.9,0.0,0.0,2026-10-22,2
2026-10-22 03:00:00,BE,3085.2,556.5,6184.5,3099.3,0.0,0.0,2026-10-22,3
2026-10-22 04:00:00,BE,3171.1,188.1,5784.1,2613.0,0.0,0.0,2026-10-22,4
2026-10-22 05:00:00,BE,2940.7,727.3,6389.3,3448.6,0.0,0.0,2026-10-22,5
2026-10-22 06:00:00,BE,3039.9,330.7,5998.7,2958.8,0.0,0.0,2026-10-22,6
2026-10-22 07:00:00,BE,3043.3,356.2,6006.2,2962.9,0.0,0.0,2026-10-22,7
2026-10-22 08:00:00,BE,3018.8,537.1,6175.1,3156.3,0.0,0.0,2026-10-22,8
2026-10-22 09:00:00,BE,3067.8,690.8,6408.8,3341.0,0.0,0.0,2026-10-22,9
2026-10-22 10:00:00,BE,3355.4,592.2,6197.2,2841.8,0.0,0.0,2026-10-22,10
2026-10-22 11:00:00,BE,3421.4,795.7,6449.7,3028.3,0.0,0.0,2026-10-22,11
2026-10-22 12:00:00,BE,3382.4,535.1,6261.1,2878.7,0.0,0.0,2026-10-22,12
2026-10-22 13:00:00,BE,3486.4,734.5,6452.5,2966.1,0.0,0.0,2026-10-22,13
2026-10-22 14:00:00,BE,3890.0,820.4,6458.4,2568.4,0.0,0.0,2026-10-22,14
2026-10-22 15:00:00,BE,4102.7,520.9,6086.9,1984.2,0.0,0.0,2026-10-22,15
2026-10-22 16:00:00,BE,3933.6,605.4,6317.4,2383.8,0.0,0.0,2026-10-22,16
2026-10-22 17:00:00,BE,3977.4,557.2,6111.2,2133.8,0.0,0.0,2026-10-22,17
2026-10-22 18:00:00,BE,4114.9,607.5,6243.5,2128.6,0.0,0.0,2026-10-22,18
2026-10-22 19:00:00,BE,3927.0,186.0,5783.0,1856.0,0.02,2.82,2026-10-22,19
2026-10-22 20:00:00,BE,3795.1,180.0,5807.0,2011.9,0.0,0.0,2026-10-22,20
2026-10-22 21:00:00,BE,3956.2,140.2,5812.2,1856.0,0.0,0.0,2026-10-22,21
2026-10-22 22:00:00,BE,3744.4,430.2,6120.2,2375.8,0.0,0.0,2026-10-22,22
2026-10-22 23:00:00,BE,3804.3,720.1,6354.1,2549.8,0.0,0.0,2026-10-22,23
2026-10-23 00:00:00,BE,3544.7,473.7,6087.7,2543.0,0.0,0.0,2026-10-23,0
2026-10-23 01:00:00,BE,3484.0,265.8,5812.8,2328.8,0.0,0.0,2026-10-23,1
2026-10-23 02:00:00,BE,3193.6,454.9,5960.9,2767.3,0.02,5.77,2026-10-23,2
2026-10-23 03:00:00,BE,3234.4,190.3,5917.3,2682.9,0.0,0.0,2026-10-23,3
2026-10-23 04:00:00,BE,3041.4,363.1,5973.1,2931.7,0.0,0.0,2026-10-23,4
2026-10-23 05:00:00,BE,3153.5,673.6,6372.6,3219.1,0.0,0.0,2026-10-23,5
2026-10-23 06:00:00,BE,3199.5,200.8,5795.8,2596.3,0.0,0.0,2026-10-23,6
2026-10-23 07:00:00,BE,3026.2,184.1,5779.1,2752.9,0.0,0.0,2026-10-23,7
2026-10-23 08:00:00,BE,3065.3,527.6,6201.6,3136.3,0.0,0.0,2026-10-23,8
2026-10-23 09:00:00,BE,2957.7,858.4,6500.4,3542.7,0.0,0.0,2026-10-23,9
2026-10-23 10:00:00,BE,3497.2,907.8,6582.8,3085.6,0.0,0.0,2026-10-23,10
2026-10-23 11:00:00,BE,3642.2,794.6,6405.6,2763.4,0.0,0.0,2026-10-23,11
2026-10-23 12:00:00,BE,3680.8,462.0,6022.0,2341.2,0.0,0.0,2026-10-23,12
2026-10-23 13:00:00,BE,3510.2,869.9,6468.9,2958.7,0.0,0.0,2026-10-23,13
2026-10-23 14:00:00,BE,3771.5,1380.7,7038.7,3267.2,0.0,0.0,2026-10-23,14
2026-10-23 15:00:00,BE,3780.6,669.0,6301.0,2520.4,0.0,0.0,2026-10-23,15
2026-10-23 16:00:00,BE,3983.6,1202.5,6813.5,2829.9,0.0,0.0,2026-10-23,16
2026-10-23 17:00:00,BE,3970.6,379.9,6007.9,2037.3,0.0,0.0,2026-10-23,17
2026-10-23 18:00:00,BE,4001.2,427.2,6075.2,2074.0,0.0,0.0,2026-10-23,18
2026-10-23 19:00:00,BE,3757.2,647.2,6250.2,2493.0,0.0,0.0,2026-10-23,19
2026-10-23 20:00:00,BE,3960.1,291.6,5934.6,1974.5,0.0,0.0,2026-10-23,20
2026-10-23 21:00:00,BE,3995.8,130.0,5840.0,1844.2,0.02,1.32,2026-10-23,21
2026-10-23 22:00:00,BE,3732.1,150.7,5802.7,2070.6,0.0,0.0,2026-10-23,22
2026-10-23 23:00:00,BE,3538.6,167.9,5782.9,2244.3,0.0,0.0,2026-10-23,23
2026-10-24 00:00:00,BE,3422.9,103.4,5726.4,2303.5,0.0,0.0,2026-10-24,0
2026-10-24 01:00:00,BE,3329.2,110.9,5665.9,2336.7,0.0,0.0,2026-10-24,1
2026-10-24 02:00:00,BE,3219.9,244.0,5956.0,2736.1,0.0,0.0,2026-10-24,2
2026-10-24 03:00:00,BE,3114.6,611.4,6274.4,3159.8,0.0,0.0,2026-10-24,3
2026-10-24 04:00:00,BE,3362.9,590.5,6169.5,2806.6,0.0,0.0,2026-10-24,4
2026-10-24 05:00:00,BE,2975.1,574.3,6227.3,3252.2,0.0,0.0,2026-10-24,5
2026-10-24 06:00:00,BE,3008.5,55.4,5780.4,2771.9,0.0,0.0,2026-10-24,6
2026-10-24 07:00:00,BE,3151.4,661.5,6304.5,3153.1,0.0,0.0,2026-10-24,7
2026-10-24 08:00:00,BE,3126.8,466.7,6071.7,2944.9,0.0,0.0,2026-10-24,8
2026-10-24 09:00:00,BE,3069.8,514.8,6262.8,3193.0,0.0,0.0,2026-10-24,9
2026-10-24 10:00:00,BE,3222.2,737.5,6354.5,3132.3,0.0,0.0,2026-10-24,10
2026-10-24 11:00:00,BE,3400.7,831.6,6492.6,3091.9,0.0,0.0,2026-10-24,11
2026-10-24 12:00:00,BE,3584.2,920.7,6497.7,2913.5,0.0,0.0,2026-10-24,12
2026-10-24 13:00:00,BE,3523.7,607.9,6219.9,2696.2,0.0,0.0,2026-10-24,13
2026-10-24 14:00:00,BE,3896.4,831.4,6466.4,2570.0,0.0,0.0,2026-10-24,14
2026-10-24 15:00:00,BE,4009.9,956.1,6591.1,2581.2,0.0,0.0,2026-10-24,15
2026-10-24 16:00:00,BE,3890.5,826.4,6476.4,2585.9,0.0,0.0,2026-10-24,16
2026-10-24 17:00:00,BE,4012.1,412.6,6104.6,2092.5,0.0,0.0,2026-10-24,17
2026-10-24 18:00:00,BE,4126.7,226.5,5868.5,1741.8,0.0,0.0,2026-10-24,18
2026-10-24 19:00:00,BE,3977.4,780.3,6508.3,2530.9,0.0,0.0,2026-10-24,19
2026-10-24 20:00:00,BE,3701.7,84.3,5844.3,2142.6,0.0,0.0,2026-10-24,20
2026-10-24 21:00:00,BE,3793.9,389.4,6077.4,2283.5,0.0,0.0,2026-10-24,21
2026-10-24 22:00:00,BE,4114.9,349.5,6046.5,1931.6,0.0,0.0,2026-10-24,22
2026-10-24 23:00:00,BE,3570.4,469.3,6053.3,2482.9,0.0,0.0,2026-10-24,23
2026-10-25 00:00:00,BE,3518.5,180.5,5855.5,2337.0,0.0,0.0,2026-10-25,0
2026-10-25 01:00:00,BE,3660.7,651.3,6323.3,2662.6,0.0,0.0,2026-10-25,1
2026-10-25 02:00:00,BE,3234.2,213.1,5970.1,2735.9,0.0,0.0,2026-10-25,2
2026-10-25 03:00:00,BE,3122.8,123.2,5773.2,2650.4,0.0,0.0,2026-10-25,3
2026-10-25 04:00:00,BE,3003.1,375.7,5953.7,2950.6,0.0,0.0,2026-10-25,4
2026-10-25 05:00:00,BE,3131.0,315.8,5946.8,2815.8,0.0,0.0,2026-10-25,5
2026-10-25 06:00:00,BE,2938.4,131.9,5775.9,2837.5,0.0,0.0,2026-10-25,6
2026-10-25 07:00:00,BE,3181.3,897.7,6596.7,3415.4,0.0,0.0,2026-10-25,7
2026-10-25 08:00:00,BE,3263.6,509.7,6050.7,2787.1,0.0,0.0,2026-10-25,8
2026-10-25 09:00:00,BE,3391.1,912.0,6577.0,3185.9,0.0,0.0,2026-10-25,9
2026-10-25 10:00:00,BE,3459.0,510.4,6114.4,2655.4,0.0,0.0,2026-10-25,10
2026-10-25 11:00:00,BE,3394.3,911.8,6610.8,3216.5,0.0,0.0,2026-10-25,11
2026-10-25 12:00:00,BE,3369.6,971.2,6647.2,3277.6,0.0,0.0,2026-10-25,12
2026-10-25 13:00:00,BE,3574.6,1002.7,6580.7,3006.1,0.0,0.0,2026-10-25,13
2026-10-25 14:00:00,BE,4086.1,528.8,6169.8,2083.7,0.0,0.0,2026-10-25,14
2026-10-25 15:00:00,BE,3911.7,800.8,6429.8,2518.1,0.0,0.0,2026-10-25,15
2026-10-25 16:00:00,BE,4071.3,758.6,6420.6,2349.3,0.0,0.0,2026-10-25,16
2026-10-25 17:00:00,BE,3867.0,455.3,6098.3,2231.3,0.0,0.0,2026-10-25,17
2026-10-25 18:00:00,BE,4200.9,488.0,6204.0,2003.1,0.0,0.0,2026-10-25,18
2026-10-25 19:00:00,BE,4074.3,667.7,6335.7,2261.4,0.0,0.0,2026-10-25,19
2026-10-25 20:00:00,BE,3903.2,316.8,5896.8,1993.6,0.0,0.0,2026-10-25,20
2026-10-25 21:00:00,BE,4036.2,478.5,6090.5,2054.3,0.0,0.0,2026-10-25,21
2026-10-25 22:00:00,BE,3866.2,419.2,6090.2,2224.0,0.0,0.0,2026-10-25,22
2026-10-25 23:00:00,BE,3430.6,348.9,5915.9,2485.3,0.0,0.0,2026-10-25,23
2026-10-26 00:00:00,BE,3645.2,107.8,5813.8,2168.6,0.0,0.0,2026-10-26,0
2026-10-26 01:00:00,BE,3464.6,217.0,5754.0,2289.4,0.0,0.0,2026-10-26,1
2026-10-26 02:00:00,BE,3169.5,218.2,5912.2,2742.7,0.0,0.0,2026-10-26,2
2026-10-26 03:00:00,BE,3165.1,526.1,6098.1,2933.0,0.0,0.0,2026-10-26,3
2026-10-26 04:00:00,BE,3050.2,63.7,5719.7,2669.5,0.0,0.0,2026-10-26,4
2026-10-26 05:00:00,BE,3242.9,541.7,6245.7,3002.8,0.0,0.0,2026-10-26,5
2026-10-26 06:00:00,BE,3150.1,110.1,5811.1,2661.0,0.0,0.0,2026-10-26,6
2026-10-26 07:00:00,BE,3079.1,545.3,6216.3,3137.2,0.0,0.0,2026-10-26,7
2026-10-26 08:00:00,BE,3143.4,661.8,6323.8,3180.4,0.0,0.0,2026-10-26,8
2026-10-26 09:00:00,BE,3270.1,861.3,6524.3,3254.2,0.0,0.0,2026-10-26,9
2026-10-26 10:00:00,BE,3402.7,467.0,6069.0,2666.3,0.0,0.0,2026-10-26,10
2026-10-26 11:00:00,BE,3590.9,580.4,6211.4,2620.5,0.0,0.0,2026-10-26,11
2026-10-26 12:00:00,BE,3775.1,865.9,6531.9,2756.8,0.0,0.0,2026-10-26,12
2026-10-26 13:00:00,BE,3602.7,886.1,6573.1,2970.4,0.0,0.0,2026-10-26,13
2026-10-26 14:00:00,BE,3755.1,473.3,6119.3,2364.2,0.0,0.0,2026-10-26,14
2026-10-26 15:00:00,BE,3920.3,530.2,6138.2,2217.9,0.0,0.0,2026-10-26,15
2026-10-26 16:00:00,BE,3952.1,425.0,6157.0,2204.9,0.0,0.0,2026-10-26,16
2026-10-26 17:00:00,BE,4168.5,460.9,6081.9,1913.4,0.0,0.0,2026-10-26,17
2026-10-26 18:00:00,BE,3996.3,247.5,5954.5,1958.2,0.0,0.0,2026-10-26,18
2026-10-26 19:00:00,BE,4046.5,227.4,5881.4,1834.9,0.0,0.0,2026-10-26,19
2026-10-26 20:00:00,BE,3975.6,763.2,6365.2,2389.6,0.0,0.0,2026-10-26,20
2026-10-26 21:00:00,BE,4033.5,394.8,6078.8,2045.3,0.0,0.0,2026-10-26,21
2026-10-26 22:00:00,BE,3989.6,278.6,5924.6,1935.0,0.0,0.0,2026-10-26,22
2026-10-26 23:00:00,BE,3624.4,355.6,6020.6,2396.2,0.0,0.0,2026-10-26,23
2026-10-27 00:00:00,BE,3500.4,374.2,5978.2,2477.8,0.0,0.0,2026-10-27,0
2026-10-27 01:00:00,BE,3586.2,282.1,5923.1,2336.9,0.0,0.0,2026-10-27,1
2026-10-27 02:00:00,BE,3445.1,436.0,6091.0,2645.9,0.0,0.0,2026-10-27,2
2026-10-27 03:00:00,BE,3312.4,190.3,5817.3,2504.9,0.0,0.0,2026-10-27,3
2026-10-27 04:00:00,BE,3372.5,267.2,6007.2,2634.7,0.0,0.0,2026-10-27,4
2026-10-27 05:00:00,BE,3175.9,313.3,5977.3,2801.4,0.0,0.0,2026-10-27,5
2026-10-27 06:00:00,BE,3100.3,321.8,5883.8,2783.5,0.0,0.0,2026-10-27,6
2026-10-27 07:00:00,BE,3011.0,199.7,5839.7,2828.7,0.0,0.0,2026-10-27,7
2026-10-27 08:00:00,BE,3137.6,799.6,6378.6,3241.0,0.0,0.0,2026-10-27,8
2026-10-27 09:00:00,BE,3341.1,412.2,6077.2,2736.1,0.0,0.0,2026-10-27,9
2026-10-27 10:00:00,BE,3444.8,540.5,6171.5,2726.7,0.0,0.0,2026-10-27,10
2026-10-27 11:00:00,BE,3362.8,661.5,6339.5,2976.7,0.0,0.0,2026-10-27,11
2026-10-27 12:00:00,BE,3449.1,742.8,6379.8,2930.7,0.0,0.0,2026-10-27,12
2026-10-27 13:00:00,BE,3459.5,796.8,6481.8,3022.3,0.0,0.0,2026-10-27,13
2026-10-27 14:00:00,BE,3807.6,511.7,6276.7,2469.1,0.0,0.0,2026-10-27,14
2026-10-27 15:00:00,BE,4045.6,528.9,6227.9,2182.3,0.0,0.0,2026-10-27,15
2026-10-27 16:00:00,BE,4102.9,569.2,6248.2,2145.3,0.0,0.0,2026-10-27,16
2026-10-27 17:00:00,BE,4069.6,332.5,6046.5,1976.9,0.0,0.0,2026-10-27,17
2026-10-27 18:00:00,BE,3982.5,85.0,5705.0,1722.5,0.0,0.0,2026-10-27,18
2026-10-27 19:00:00,BE,4298.8,331.9,6025.9,1727.1,0.0,0.0,2026-10-27,19
2026-10-27 20:00:00,BE,4028.8,316.4,6009.4,1980.6,0.0,0.0,2026-10-27,20
2026-10-27 21:00:00,BE,3941.2,452.3,6227.3,2286.1,0.0,0.0,2026-10-27,21
2026-10-27 22:00:00,BE,4009.7,174.8,5879.8,1870.1,0.0,0.0,2026-10-27,22
2026-10-27 23:00:00,BE,3885.7,269.2,5934.2,2048.5,0.0,0.0,2026-10-27,23
2026-10-28 00:00:00,BE,3628.0,852.7,6386.7,2758.7,0.0,0.0,2026-10-28,0
2026-10-28 01:00:00,BE,3318.2,322.5,5951.5,2633.3,0.0,0.0,2026-10-28,1
2026-10-28 02:00:00,BE,3435.1,562.2,6204.2,2769.1,0.0,0.0,2026-10-28,2
2026-10-28 03:00:00,BE,3352.2,682.7,6287.7,2935.5,0.0,0.0,2026-10-28,3
2026-10-28 04:00:00,BE,3138.8,73.7,5679.7,2540.9,0.0,0.0,2026-10-28,4
2026-10-28 05:00:00,BE,3319.4,605.7,6376.7,3057.3,0.0,0.0,2026-10-28,5
2026-10-28 06:00:00,BE,3051.3,441.6,6103.6,3052.3,0.0,0.0,2026-10-28,6
2026-10-28 07:00:00,BE,3183.1,649.0,6310.0,3126.9,0.0,0.0,2026-10-28,7
2026-10-28 08:00:00,BE,3085.9,772.8,6422.8,3336.9,0.0,0.0,2026-10-28,8
2026-10-28 09:00:00,BE,3189.0,720.3,6342.3,3153.3,0.0,0.0,2026-10-28,9
2026-10-28 10:00:00,BE,3431.3,1007.2,6695.2,3263.9,0.0,0.0,2026-10-28,10
2026-10-28 11:00:00,BE,3669.9,835.2,6459.2,2789.3,0.0,0.0,2026-10-28,11
2026-10-28 12:00:00,BE,3394.2,708.3,6287.3,2893.1,0.0,0.0,2026-10-28,12
2026-10-28 13:00:00,BE,3938.5,666.1,6279.1,2340.6,0.0,0.0,2026-10-28,13
2026-10-28 14:00:00,BE,3918.5,652.1,6344.1,2425.6,0.0,0.0,2026-10-28,14
2026-10-28 15:00:00,BE,3732.7,837.4,6433.4,2700.7,0.0,0.0,2026-10-28,15
2026-10-28 16:00:00,BE,3953.1,757.5,6375.5,2422.4,0.0,0.0,2026-10-28,16
2026-10-28 17:00:00,BE,4220.4,519.4,6207.4,1987.0,0.0,0.0,2026-10-28,17
2026-10-28 18:00:00,BE,3894.2,401.7,5987.7,2093.5,0.0,0.0,2026-10-28,18
2026-10-28 19:00:00,BE,3995.4,262.4,5896.4,1901.0,0.0,0.0,2026-10-28,19
2026-10-28 20:00:00,BE,4170.2,322.4,6048.4,1878.2,0.0,0.0,2026-10-28,20
2026-10-28 21:00:00,BE,4207.4,579.3,6260.3,2052.9,0.0,0.0,2026-10-28,21
2026-10-28 22:00:00,BE,3667.6,130.7,5856.7,2189.1,0.0,0.0,2026-10-28,22
2026-10-28 23:00:00,BE,3790.0,314.6,5983.6,2193.6,0.0,0.0,2026-10-28,23
2026-10-29 00:00:00,BE,3755.7,614.4,6208.4,2452.7,0.0,0.0,2026-10-29,0
2026-10-29 01:00:00,BE,3450.6,515.2,6200.2,2749.6,0.0,0.0,2026-10-29,1
2026-10-29 02:00:00,BE,3326.3,109.5,5661.5,2335.2,0.0,0.0,2026-10-29,2
2026-10-29 03:00:00,BE,3190.9,267.0,5951.0,2760.1,0.0,0.0,2026-10-29,3
2026-10-29 04:00:00,BE,3221.5,142.4,5746.4,2524.9,0.0,0.0,2026-10-29,4
2026-10-29 05:00:00,BE,3132.7,625.0,6245.0,3112.3,0.0,0.0,2026-10-29,5
2026-10-29 06:00:00,BE,3056.1,298.9,5976.9,2920.8,0.0,0.0,2026-10-29,6
2026-10-29 07:00:00,BE,3019.6,1031.2,6721.2,3701.6,0.0,0.0,2026-10-29,7
2026-10-29 08:00:00,BE,3313.1,459.5,6009.5,2696.4,0.0,0.0,2026-10-29,8
2026-10-29 09:00:00,BE,3130.8,634.1,6352.1,3221.3,0.0,0.0,2026-10-29,9
2026-10-29 10:00:00,BE,3359.4,1002.2,6563.2,3203.8,0.0,0.0,2026-10-29,10
2026-10-29 11:00:00,BE,3439.2,685.3,6335.3,2896.1,0.0,0.0,2026-10-29,11
2026-10-29 12:00:00,BE,3703.7,750.2,6355.2,2651.5,0.0,0.0,2026-10-29,12
2026-10-29 13:00:00,BE,3874.3,602.2,6265.2,2390.9,0.0,0.0,2026-10-29,13
2026-10-29 14:00:00,BE,3874.0,720.4,6378.4,2504.4,0.0,0.0,2026-10-29,14
2026-10-29 15:00:00,BE,4031.5,1055.2,6745.2,2713.7,0.0,0.0,2026-10-29,15
2026-10-29 16:00:00,BE,3984.1,383.3,6007.3,2023.2,0.0,0.0,2026-10-29,16
2026-10-29 17:00:00,BE,4313.6,302.4,5917.4,1603.8,0.0,0.0,2026-10-29,17
2026-10-29 18:00:00,BE,4036.8,534.1,6122.1,2085.3,0.0,0.0,2026-10-29,18
2026-10-29 19:00:00,BE,4381.0,215.3,5914.3,1533.3,0.02,13.31,2026-10-29,19
2026-10-29 20:00:00,BE,3877.4,509.4,6205.4,2328.0,0.0,0.0,2026-10-29,20
2026-10-29 21:00:00,BE,3925.2,139.5,5872.5,1947.3,0.0,0.0,2026-10-29,21
2026-10-29 22:00:00,BE,3896.2,239.7,5950.7,2054.5,0.0,0.0,2026-10-29,22
2026-10-29 23:00:00,BE,3724.4,424.0,6144.0,2419.6,0.0,0.0,2026-10-29,23
2026-10-30 00:00:00,BE,3314.8,718.3,6339.3,3024.5,0.0,0.0,2026-10-30,0
2026-10-30 01:00:00,BE,3637.4,790.3,6449.3,2811.9,0.0,0.0,2026-10-30,1
2026-10-30 02:00:00,BE,3318.3,626.0,6235.0,2916.7,0.0,0.0,2026-10-30,2
2026-10-30 03:00:00,BE,3422.4,315.6,5973.6,2551.2,0.0,0.0,2026-10-30,3
2026-10-30 04:00:00,BE,3131.0,346.0,6030.0,2899.0,0.0,0.0,2026-10-30,4
2026-10-30 05:00:00,BE,3197.9,695.9,6379.9,3182.0,0.0,0.0,2026-10-30,5
2026-10-30 06:00:00,BE,3247.8,331.4,5905.4,2657.6,0.0,0.0,2026-10-30,6
2026-10-30 07:00:00,BE,3040.2,465.4,6048.4,3008.2,0.0,0.0,2026-10-30,7
2026-10-30 08:00:00,BE,3311.3,815.7,6494.7,3183.4,0.0,0.0,2026-10-30,8
2026-10-30 09:00:00,BE,3300.0,556.0,6120.0,2820.0,0.0,0.0,2026-10-30,9
2026-10-30 10:00:00,BE,3352.2,600.9,6188.9,2836.7,0.0,0.0,2026-10-30,10
2026-10-30 11:00:00,BE,3727.4,1063.4,6669.4,2942.0,0.0,0.0,2026-10-30,11
2026-10-30 12:00:00,BE,3850.8,651.1,6269.1,2418.3,0.0,0.0,2026-10-30,12
2026-10-30 13:00:00,BE,4024.2,646.0,6275.0,2250.8,0.0,0.0,2026-10-30,13
2026-10-30 14:00:00,BE,3897.8,634.7,6306.7,2408.9,0.0,0.0,2026-10-30,14
2026-10-30 15:00:00,BE,3811.3,564.8,6200.8,2389.5,0.0,0.0,2026-10-30,15
2026-10-30 16:00:00,BE,3867.5,990.0,6520.0,2652.5,0.0,0.0,2026-10-30,16
2026-10-30 17:00:00,BE,4149.7,429.8,6143.8,1994.1,0.0,0.0,2026-10-30,17
2026-10-30 18:00:00,BE,4059.8,763.3,6412.3,2352.5,0.0,0.0,2026-10-30,18
2026-10-30 19:00:00,BE,4163.9,318.8,5930.8,1766.9,0.0,0.0,2026-10-30,19
2026-10-30 20:00:00,BE,4017.9,71.7,5747.7,1729.8,0.0,0.0,2026-10-30,20
2026-10-30 21:00:00,BE,3797.2,464.3,6168.3,2371.1,0.0,0.0,2026-10-30,21
2026-10-30 22:00:00,BE,3894.2,407.1,6036.1,2141.9,0.0,0.0,2026-10-30,22
2026-10-30 23:00:00,BE,3924.2,353.7,6112.7,2188.5,0.0,0.0,2026-10-30,23
2026-10-31 00:00:00,BE,3595.9,126.7,5809.7,2213.8,0.0,0.0,2026-10-31,0
2026-10-31 01:00:00,BE,3433.8,277.6,5887.6,2453.8,0.0,0.0,2026-10-31,1
2026-10-31 02:00:00,BE,3230.3,249.2,5854.2,2623.9,0.0,0.0,2026-10-31,2
2026-10-31 03:00:00,BE,3306.1,426.0,6118.0,2811.9,0.0,0.0,2026-10-31,3
2026-10-31 04:00:00,BE,3254.6,342.9,6030.9,2776.3,0.0,0.0,2026-10-31,4
2026-10-31 05:00:00,BE,3144.6,477.0,6201.0,3056.4,0.0,0.0,2026-10-31,5
2026-10-31 06:00:00,BE,3193.6,128.9,5753.9,2560.3,0.0,0.0,2026-10-31,6
2026-10-31 07:00:00,BE,3303.9,480.3,6171.3,2867.4,0.0,0.0,2026-10-31,7
2026-10-31 08:00:00,BE,3275.2,395.8,6120.8,2845.6,0.0,0.0,2026-10-31,8
2026-10-31 09:00:00,BE,2961.8,798.2,6376.2,3414.4,0.0,0.0,2026-10-31,9
2026-10-31 10:00:00,BE,3539.2,884.3,6544.3,3005.1,0.0,0.0,2026-10-31,10
2026-10-31 11:00:00,BE,3532.1,529.3,6158.3,2626.2,0.0,0.0,2026-10-31,11
2026-10-31 12:00:00,BE,3475.0,570.7,6217.7,2742.7,0.0,0.0,2026-10-31,12
2026-10-31 13:00:00,BE,3838.8,880.1,6677.1,2838.3,0.0,0.0,2026-10-31,13
2026-10-31 14:00:00,BE,3793.2,609.0,6256.0,2462.8,0.0,0.0,2026-10-31,14
2026-10-31 15:00:00,BE,3863.7,582.2,6226.2,2362.5,0.0,0.0,2026-10-31,15
2026-10-31 16:00:00,BE,4116.7,554.3,6100.3,1983.6,0.0,0.0,2026-10-31,16
2026-10-31 17:00:00,BE,4240.5,834.6,6453.6,2213.1,0.0,0.0,2026-10-31,17
2026-10-31 18:00:00,BE,4312.7,434.2,5954.2,1641.5,0.02,12.57,2026-10-31,18
2026-10-31 19:00:00,BE,4109.6,748.8,6336.8,2227.2,0.0,0.0,2026-10-31,19
2026-10-31 20:00:00,BE,4115.5,527.4,6187.4,2071.9,0.0,0.0,2026-10-31,20
2026-10-31 21:00:00,BE,3954.6,581.4,6230.4,2275.8,0.0,0.0,2026-10-31,21
2026-10-31 22:00:00,BE,3775.2,504.9,6160.9,2385.7,0.0,0.0,2026-10-31,22
2026-10-31 23:00:00,BE,3462.6,277.5,5915.5,2452.9,0.0,0.0,2026-10-31,23
2026-11-01 00:00:00,BE,3764.3,461.7,6119.7,2355.4,0.0,0.0,2026-11-01,0
2026-11-01 01:00:00,BE,3556.6,605.2,6246.2,2689.6,0.0,0.0,2026-11-01,1
2026-11-01 02:00:00,BE,3465.8,78.9,5713.9,2248.1,0.0,0.0,2026-11-01,2
2026-11-01 03:00:00,BE,3288.0,216.6,5823.6,2535.6,0.0,0.0,2026-11-01,3
2026-11-01 04:00:00,BE,3292.0,448.5,6022.5,2730.5,0.0,0.0,2026-11-01,4
2026-11-01 05:00:00,BE,3087.6,490.4,6192.4,3104.8,0.0,0.0,2026-11-01,5
2026-11-01 06:00:00,BE,3307.3,326.2,5939.2,2631.9,0.0,0.0,2026-11-01,6
2026-11-01 07:00:00,BE,3312.5,471.6,6113.6,2801.1,0.0,0.0,2026-11-01,7
2026-11-01 08:00:00,BE,3402.7,808.0,6485.0,3082.3,0.0,0.0,2026-11-01,8
2026-11-01 09:00:00,BE,3187.4,994.4,6730.4,3543.0,0.0,0.0,2026-11-01,9
2026-11-01 10:00:00,BE,3480.9,788.8,6427.8,2946.9,0.0,0.0,2026-11-01,10
2026-11-01 11:00:00,BE,3472.0,723.0,6304.0,2832.0,0.0,0.0,2026-11-01,11
2026-11-01 12:00:00,BE,3605.0,544.3,6102.3,2497.3,0.0,0.0,2026-11-01,12
2026-11-01 13:00:00,BE,3803.8,1035.1,6646.1,2842.3,0.0,0.0,2026-11-01,13
2026-11-01 14:00:00,BE,3881.0,910.5,6552.5,2671.5,0.0,0.0,2026-11-01,14
2026-11-01 15:00:00,BE,3815.7,711.0,6330.0,2514.3,0.0,0.0,2026-11-01,15
2026-11-01 16:00:00,BE,4163.3,423.3,5967.3,1804.0,0.0,0.0,2026-11-01,16
2026-11-01 17:00:00,BE,4217.6,466.5,6092.5,1874.9,0.02,8.02,2026-11-01,17
2026-11-01 18:00:00,BE,4171.5,154.7,5782.7,1611.2,0.0,0.0,2026-11-01,18
2026-11-01 19:00:00,BE,4151.8,291.8,5995.8,1844.0,0.0,0.0,2026-11-01,19
2026-11-01 20:00:00,BE,3970.6,289.4,5941.4,1970.8,0.0,0.0,2026-11-01,20
2026-11-01 21:00:00,BE,4065.2,445.7,6158.7,2093.5,0.0,0.0,2026-11-01,21
2026-11-01 22:00:00,BE,4125.1,837.6,6506.6,2381.5,0.0,0.0,2026-11-01,22
2026-11-01 23:00:00,BE,3654.0,345.2,6055.2,2401.2,0.0,0.0,2026-11-01,23
2026-11-02 00:00:00,BE,3605.3,237.6,5930.6,2325.3,0.0,0.0,2026-11-02,0
2026-11-02 01:00:00,BE,3451.4,375.4,6118.4,2667.0,0.0,0.0,2026-11-02,1
2026-11-02 02:00:00,BE,3333.1,375.2,5992.2,2659.1,0.0,0.0,2026-11-02,2
2026-11-02 03:00:00,BE,3393.3,330.8,5905.8,2512.5,0.0,0.0,2026-11-02,3
2026-11-02 04:00:00,BE,3420.3,351.2,5929.2,2508.9,0.0,0.0,2026-11-02,4
2026-11-02 05:00:00,BE,3367.9,286.9,5991.9,2624.0,0.0,0.0,2026-11-02,5
2026-11-02 06:00:00,BE,3004.1,195.9,5845.9,2841.8,0.0,0.0,2026-11-02,6
2026-11-02 07:00:00,BE,3178.9,645.1,6333.1,3154.2,0.0,0.0,2026-11-02,7
2026-11-02 08:00:00,BE,3185.4,526.4,6194.4,3009.0,0.0,0.0,2026-11-02,8
2026-11-02 09:00:00,BE,3452.6,504.9,6125.9,2673.3,0.0,0.0,2026-11-02,9
2026-11-02 10:00:00,BE,3597.6,566.4,6276.4,2678.8,0.0,0.0,2026-11-02,10
2026-11-02 11:00:00,BE,3483.7,790.7,6437.7,2954.0,0.0,0.0,2026-11-02,11
2026-11-02 12:00:00,BE,3452.7,699.0,6377.0,2924.3,0.0,0.0,2026-11-02,12
2026-11-02 13:00:00,BE,3868.7,710.9,6391.9,2523.2,0.0,0.0,2026-11-02,13
2026-11-02 14:00:00,BE,3914.4,1014.8,6636.8,2722.4,0.0,0.0,2026-11-02,14
2026-11-02 15:00:00,BE,4129.4,698.0,6356.0,2226.6,0.0,0.0,2026-11-02,15
2026-11-02 16:00:00,BE,4165.3,486.6,6069.6,1904.3,0.0,0.0,2026-11-02,16
2026-11-02 17:00:00,BE,4173.9,728.0,6357.0,2183.1,0.0,0.0,2026-11-02,17
2026-11-02 18:00:00,BE,4088.8,431.2,6008.2,1919.4,0.0,0.0,2026-11-02,18
2026-11-02 19:00:00,BE,4023.4,551.4,6049.4,2026.0,0.0,0.0,2026-11-02,19
2026-11-02 20:00:00,BE,4196.5,280.8,5940.8,1744.3,0.0,0.0,2026-11-02,20
2026-11-02 21:00:00,BE,3917.3,737.9,6455.9,2538.6,0.0,0.0,2026-11-02,21
2026-11-02 22:00:00,BE,3928.1,434.9,6076.9,2148.8,0.0,0.0,2026-11-02,22
2026-11-02 23:00:00,BE,3749.2,247.1,5873.1,2123.9,0.0,0.0,2026-11-02,23
2026-11-03 00:00:00,BE,3570.8,186.6,5868.6,2297.8,0.0,0.0,2026-11-03,0
2026-11-03 01:00:00,BE,3317.9,135.0,5792.0,2474.1,0.0,0.0,2026-11-03,1
2026-11-03 02:00:00,BE,3513.7,293.7,6036.7,2523.0,0.0,0.0,2026-11-03,2
2026-11-03 03:00:00,BE,3523.3,265.4,5962.4,2439.1,0.0,0.0,2026-11-03,3
2026-11-03 04:00:00,BE,3040.5,408.2,6130.2,3089.7,0.0,0.0,2026-11-03,4
2026-11-03 05:00:00,BE,3350.5,621.5,6258.5,2908.0,0.0,0.0,2026-11-03,5
2026-11-03 06:00:00,BE,2886.5,564.9,6180.9,3294.4,0.0,0.0,2026-11-03,6
2026-11-03 07:00:00,BE,3311.8,202.4,5863.4,2551.6,0.0,0.0,2026-11-03,7
2026-11-03 08:00:00,BE,3193.8,292.1,5931.1,2737.3,0.0,0.0,2026-11-03,8
2026-11-03 09:00:00,BE,3344.7,404.4,5933.4,2588.7,0.0,0.0,2026-11-03,9
2026-11-03 10:00:00,BE,3376.2,769.5,6351.5,2975.3,0.0,0.0,2026-11-03,10
2026-11-03 11:00:00,BE,3862.9,789.6,6490.6,2627.7,0.0,0.0,2026-11-03,11
2026-11-03 12:00:00,BE,3658.7,820.3,6382.3,2723.6,0.0,0.0,2026-11-03,12
2026-11-03 13:00:00,BE,3573.6,1135.5,6873.5,3299.9,0.0,0.0,2026-11-03,13
2026-11-03 14:00:00,BE,3976.4,1026.6,6594.6,2618.2,0.0,0.0,2026-11-03,14
2026-11-03 15:00:00,BE,4223.9,771.5,6341.5,2117.6,0.0,0.0,2026-11-03,15
2026-11-03 16:00:00,BE,3991.9,676.5,6299.5,2307.6,0.0,0.0,2026-11-03,16
2026-11-03 17:00:00,BE,4304.4,387.2,6091.2,1786.8,0.0,0.0,2026-11-03,17
2026-11-03 18:00:00,BE,3923.9,475.1,6114.1,2190.2,0.0,0.0,2026-11-03,18
2026-11-03 19:00:00,BE,4352.8,137.5,5816.5,1463.7,0.0,0.0,2026-11-03,19
2026-11-03 20:00:00,BE,3983.2,440.6,6087.6,2104.4,0.0,0.0,2026-11-03,20
2026-11-03 21:00:00,BE,4144.1,86.6,5732.6,1588.5,0.0,0.0,2026-11-03,21
2026-11-03 22:00:00,BE,4028.9,236.6,5836.6,1807.7,0.02,1.85,2026-11-03,22
2026-11-03 23:00:00,BE,3957.5,3.4,5557.4,1599.9,0.0,0.0,2026-11-03,23
2026-11-04 00:00:00,BE,3858.4,435.5,6058.5,2200.1,0.0,0.0,2026-11-04,0
2026-11-04 01:00:00,BE,3656.9,218.2,5809.2,2152.3,0.0,0.0,2026-11-04,1
2026-11-04 02:00:00,BE,3322.8,567.2,6262.2,2939.4,0.0,0.0,2026-11-04,2
2026-11-04 03:00:00,BE,3271.1,476.8,6088.8,2817.7,0.0,0.0,2026-11-04,3
2026-11-04 04:00:00,BE,3180.6,355.6,5971.6,2791.0,0.0,0.0,2026-11-04,4
2026-11-04 05:00:00,BE,3239.9,380.3,6020.3,2780.4,0.0,0.0,2026-11-04,5
2026-11-04 06:00:00,BE,3107.0,430.3,6077.3,2970.3,0.0,0.0,2026-11-04,6
2026-11-04 07:00:00,BE,3158.2,197.7,5831.7,2673.5,0.0,0.0,2026-11-04,7
2026-11-04 08:00:00,BE,3341.8,997.6,6654.6,3312.8,0.0,0.0,2026-11-04,8
2026-11-04 09:00:00,BE,3534.2,867.2,6651.2,3117.0,0.0,0.0,2026-11-04,9
2026-11-04 10:00:00,BE,3415.6,888.0,6517.0,3101.4,0.0,0.0,2026-11-04,10
2026-11-04 11:00:00,BE,3582.8,1167.1,6796.1,3213.3,0.0,0.0,2026-11-04,11
2026-11-04 12:00:00,BE,3697.6,980.4,6646.4,2948.8,0.0,0.0,2026-11-04,12
2026-11-04 13:00:00,BE,3839.9,723.5,6436.5,2596.6,0.0,0.0,2026-11-04,13
2026-11-04 14:00:00,BE,4037.7,697.9,6410.9,2373.2,0.0,0.0,2026-11-04,14
2026-11-04 15:00:00,BE,4073.3,411.9,6045.9,1972.6,0.0,0.0,2026-11-04,15
2026-11-04 16:00:00,BE,4206.4,665.8,6439.8,2233.4,0.0,0.0,2026-11-04,16
2026-11-04 17:00:00,BE,4184.7,620.5,6250.5,2065.8,0.0,0.0,2026-11-04,17
2026-11-04 18:00:00,BE,3966.4,420.4,6025.4,2059.0,0.0,0.0,2026-11-04,18
2026-11-04 19:00:00,BE,4178.3,315.8,5904.8,1726.5,0.0,0.0,2026-11-04,19
2026-11-04 20:00:00,BE,4219.0,233.7,5879.7,1660.7,0.0,0.0,2026-11-04,20
2026-11-04 21:00:00,BE,3967.3,271.7,5862.7,1895.4,0.0,0.0,2026-11-04,21
2026-11-04 22:00:00,BE,4064.0,52.0,5714.0,1650.0,0.0,0.0,2026-11-04,22
2026-11-04 23:00:00,BE,3705.1,667.9,6292.9,2587.8,0.0,0.0,2026-11-04,23
2026-11-05 00:00:00,BE,3668.5,213.8,5832.8,2164.3,0.0,0.0,2026-11-05,0
2026-11-05 01:00:00,BE,3554.0,112.8,5734.8,2180.8,0.0,0.0,2026-11-05,1
2026-11-05 02:00:00,BE,3204.2,315.1,6056.1,2851.9,0.0,0.0,2026-11-05,2
2026-11-05 03:00:00,BE,3244.2,279.2,5956.2,2712.0,0.0,0.0,2026-11-05,3
2026-11-05 04:00:00,BE,3112.7,592.1,6250.1,3137.4,0.0,0.0,2026-11-05,4
2026-11-05 05:00:00,BE,3181.6,329.0,5946.0,2764.4,0.0,0.0,2026-11-05,5
2026-11-05 06:00:00,BE,3248.9,198.6,5845.6,2596.7,0.0,0.0,2026-11-05,6
2026-11-05 07:00:00,BE,2979.4,301.7,6008.7,3029.3,0.0,0.0,2026-11-05,7
2026-11-05 08:00:00,BE,3175.1,466.0,6163.0,2987.9,0.0,0.0,2026-11-05,8
2026-11-05 09:00:00,BE,3387.2,973.5,6616.5,3229.3,0.0,0.0,2026-11-05,9
2026-11-05 10:00:00,BE,3582.5,888.1,6356.1,2773.6,0.0,0.0,2026-11-05,10
2026-11-05 11:00:00,BE,3708.4,1114.0,6680.0,2971.6,0.0,0.0,2026-11-05,11
2026-11-05 12:00:00,BE,3683.2,617.0,6247.0,2563.8,0.0,0.0,2026-11-05,12
2026-11-05 13:00:00,BE,3818.1,733.4,6416.4,2598.3,0.0,0.0,2026-11-05,13
2026-11-05 14:00:00,BE,4052.6,844.5,6453.5,2400.9,0.0,0.0,2026-11-05,14
2026-11-05 15:00:00,BE,4121.6,335.5,5958.5,1836.9,0.0,0.0,2026-11-05,15
2026-11-05 16:00:00,BE,4291.8,527.5,6187.5,1895.7,0.0,0.0,2026-11-05,16
2026-11-05 17:00:00,BE,4039.1,296.2,5918.2,1879.1,0.0,0.0,2026-11-05,17
2026-11-05 18:00:00,BE,4264.4,186.4,5852.4,1588.0,0.0,0.0,2026-11-05,18
2026-11-05 19:00:00,BE,4258.5,366.8,5943.8,1685.3,0.0,0.0,2026-11-05,19
2026-11-05 20:00:00,BE,4250.4,865.8,6526.8,2276.4,0.0,0.0,2026-11-05,20
2026-11-05 21:00:00,BE,3787.7,333.3,5944.3,2156.6,0.0,0.0,2026-11-05,21
2026-11-05 22:00:00,BE,3964.4,204.6,5839.6,1875.2,0.0,0.0,2026-11-05,22
2026-11-05 23:00:00,BE,3942.7,548.9,6235.9,2293.2,0.0,0.0,2026-11-05,23
2026-11-06 00:00:00,BE,3825.4,161.1,5791.1,1965.7,0.0,0.0,2026-11-06,0
2026-11-06 01:00:00,BE,3691.1,494.9,6168.9,2477.8,0.0,0.0,2026-11-06,1
2026-11-06 02:00:00,BE,3202.7,701.7,6412.7,3210.0,0.0,0.0,2026-11-06,2
2026-11-06 03:00:00,BE,3273.9,483.3,6120.3,2846.4,0.0,0.0,2026-11-06,3
2026-11-06 04:00:00,BE,3349.6,373.8,6095.8,2746.2,0.0,0.0,2026-11-06,4
2026-11-06 05:00:00,BE,3158.3,124.2,5759.2,2600.9,0.0,0.0,2026-11-06,5
2026-11-06 06:00:00,BE,3047.0,217.3,5835.3,2788.3,0.0,0.0,2026-11-06,6
2026-11-06 07:00:00,BE,3126.2,388.6,6068.6,2942.4,0.0,0.0,2026-11-06,7
2026-11-06 08:00:00,BE,3254.1,768.2,6462.2,3208.1,0.0,0.0,2026-11-06,8
2026-11-06 09:00:00,BE,3415.1,734.5,6468.5,3053.4,0.0,0.0,2026-11-06,9
2026-11-06 10:00:00,BE,3444.6,443.2,6004.2,2559.6,0.0,0.0,2026-11-06,10
2026-11-06 11:00:00,BE,3496.4,999.4,6659.4,3163.0,0.0,0.0,2026-11-06,11
2026-11-06 12:00:00,BE,3815.7,651.5,6281.5,2465.8,0.0,0.0,2026-11-06,12
2026-11-06 13:00:00,BE,3715.6,710.1,6396.1,2680.5,0.0,0.0,2026-11-06,13
2026-11-06 14:00:00,BE,4139.7,713.9,6370.9,2231.2,0.0,0.0,2026-11-06,14
2026-11-06 15:00:00,BE,4007.1,1041.0,6703.0,2695.9,0.0,0.0,2026-11-06,15
2026-11-06 16:00:00,BE,4249.4,626.2,6280.2,2030.8,0.0,0.0,2026-11-06,16
2026-11-06 17:00:00,BE,4160.8,565.8,6248.8,2088.0,0.0,0.0,2026-11-06,17
2026-11-06 18:00:00,BE,4534.8,928.2,6577.2,2042.4,0.0,0.0,2026-11-06,18
2026-11-06 19:00:00,BE,4349.9,135.7,5773.7,1423.8,0.02,3.28,2026-11-06,19
2026-11-06 20:00:00,BE,4291.5,445.0,6138.0,1846.5,0.0,0.0,2026-11-06,20
2026-11-06 21:00:00,BE,3940.2,615.0,6273.0,2332.8,0.0,0.0,2026-11-06,21
2026-11-06 22:00:00,BE,3963.3,79.8,5675.8,1712.5,0.0,0.0,2026-11-06,22
2026-11-06 23:00:00,BE,3833.1,573.9,6206.9,2373.8,0.0,0.0,2026-11-06,23
2026-11-07 00:00:00,BE,3589.2,509.1,5982.1,2392.9,0.0,0.0,2026-11-07,0
2026-11-07 01:00:00,BE,3713.6,451.1,6183.1,2469.5,0.0,0.0,2026-11-07,1
2026-11-07 02:00:00,BE,3673.9,384.1,6002.1,2328.2,0.0,0.0,2026-11-07,2
2026-11-07 03:00:00,BE,3287.2,287.2,5826.2,2539.0,0.0,0.0,2026-11-07,3
2026-11-07 04:00:00,BE,3204.0,432.9,6019.9,2815.9,0.0,0.0,2026-11-07,4
2026-11-07 05:00:00,BE,3375.0,268.9,5934.9,2559.9,0.0,0.0,2026-11-07,5
2026-11-07 06:00:00,BE,3294.1,562.6,6092.6,2798.5,0.0,0.0,2026-11-07,6
2026-11-07 07:00:00,BE,3298.8,622.4,6299.4,3000.6,0.0,0.0,2026-11-07,7
2026-11-07 08:00:00,BE,3307.7,543.9,6224.9,2917.2,0.0,0.0,2026-11-07,8
2026-11-07 09:00:00,BE,3276.4,732.1,6494.1,3217.7,0.0,0.0,2026-11-07,9
2026-11-07 10:00:00,BE,3392.8,622.3,6211.3,2818.5,0.0,0.0,2026-11-07,10
2026-11-07 11:00:00,BE,3655.5,815.8,6517.8,2862.3,0.0,0.0,2026-11-07,11
2026-11-07 12:00:00,BE,3758.0,915.4,6522.4,2764.4,0.0,0.0,2026-11-07,12
2026-11-07 13:00:00,BE,3749.3,582.5,6303.5,2554.2,0.0,0.0,2026-11-07,13
2026-11-07 14:00:00,BE,4099.7,670.0,6197.0,2097.3,0.0,0.0,2026-11-07,14
2026-11-07 15:00:00,BE,4049.6,578.2,6203.2,2153.6,0.0,0.0,2026-11-07,15
2026-11-07 16:00:00,BE,4314.4,310.0,5928.0,1613.6,0.0,0.0,2026-11-07,16
2026-11-07 17:00:00,BE,4288.1,233.3,5913.3,1625.2,0.0,0.0,2026-11-07,17
2026-11-07 18:00:00,BE,4322.3,140.5,5666.5,1344.2,0.02,14.64,2026-11-07,18
2026-11-07 19:00:00,BE,4269.8,266.0,5951.0,1681.2,0.0,0.0,2026-11-07,19
2026-11-07 20:00:00,BE,4233.8,526.2,6049.2,1815.4,0.0,0.0,2026-11-07,20
2026-11-07 21:00:00,BE,4093.1,571.4,6354.4,2261.3,0.0,0.0,2026-11-07,21
2026-11-07 22:00:00,BE,3836.8,144.5,5754.5,1917.7,0.0,0.0,2026-11-07,22
2026-11-07 23:00:00,BE,3803.0,695.2,6223.2,2420.2,0.0,0.0,2026-11-07,23
2026-11-08 00:00:00,BE,3804.9,375.0,6049.0,2244.1,0.0,0.0,2026-11-08,0
2026-11-08 01:00:00,BE,3675.6,935.5,6542.5,2866.9,0.0,0.0,2026-11-08,1
2026-11-08 02:00:00,BE,3632.0,395.7,6090.7,2458.7,0.0,0.0,2026-11-08,2
2026-11-08 03:00:00,BE,3218.8,153.7,5919.7,2700.9,0.0,0.0,2026-11-08,3
2026-11-08 04:00:00,BE,3325.4,159.8,5820.8,2495.4,0.0,0.0,2026-11-08,4
2026-11-08 05:00:00,BE,3306.5,190.1,5836.1,2529.6,0.0,0.0,2026-11-08,5
2026-11-08 06:00:00,BE,3396.5,358.2,6011.2,2614.7,0.0,0.0,2026-11-08,6
2026-11-08 07:00:00,BE,3476.5,587.9,6325.9,2849.4,0.0,0.0,2026-11-08,7
2026-11-08 08:00:00,BE,3130.1,751.1,6396.1,3266.0,0.0,0.0,2026-11-08,8
2026-11-08 09:00:00,BE,3431.2,522.7,6174.7,2743.5,0.0,0.0,2026-11-08,9
2026-11-08 10:00:00,BE,3442.2,669.9,6382.9,2940.7,0.0,0.0,2026-11-08,10
2026-11-08 11:00:00,BE,3508.2,479.2,6159.2,2651.0,0.0,0.0,2026-11-08,11
2026-11-08 12:00:00,BE,3767.2,661.9,6326.9,2559.7,0.0,0.0,2026-11-08,12
2026-11-08 13:00:00,BE,4047.3,920.9,6514.9,2467.6,0.0,0.0,2026-11-08,13
2026-11-08 14:00:00,BE,3833.6,949.9,6607.9,2774.3,0.0,0.0,2026-11-08,14
2026-11-08 15:00:00,BE,4090.2,736.7,6436.7,2346.5,0.0,0.0,2026-11-08,15
2026-11-08 16:00:00,BE,4255.3,729.8,6389.8,2134.5,0.0,0.0,2026-11-08,16
2026-11-08 17:00:00,BE,4094.8,547.3,6163.3,2068.5,0.0,0.0,2026-11-08,17
2026-11-08 18:00:00,BE,4287.8,539.0,6162.0,1874.2,0.0,0.0,2026-11-08,18
2026-11-08 19:00:00,BE,4096.3,242.8,5926.8,1830.5,0.0,0.0,2026-11-08,19
2026-11-08 20:00:00,BE,4180.9,812.3,6415.3,2234.4,0.0,0.0,2026-11-08,20
2026-11-08 21:00:00,BE,4070.8,667.0,6293.0,2222.2,0.0,0.0,2026-11-08,21
2026-11-08 22:00:00,BE,4143.8,686.3,6242.3,2098.5,0.0,0.0,2026-11-08,22
2026-11-08 23:00:00,BE,3951.8,775.8,6346.8,2395.0,0.0,0.0,2026-11-08,23
2026-11-09 00:00:00,BE,3679.0,263.3,5891.3,2212.3,0.0,0.0,2026-11-09,0
2026-11-09 01:00:00,BE,3582.7,233.0,5905.0,2322.3,0.0,0.0,2026-11-09,1
2026-11-09 02:00:00,BE,3349.3,623.0,6278.0,2928.7,0.0,0.0,2026-11-09,2
2026-11-09 03:00:00,BE,3461.8,336.2,6013.2,2551.4,0.0,0.0,2026-11-09,3
2026-11-09 04:00:00,BE,3027.2,212.9,5814.9,2787.7,0.0,0.0,2026-11-09,4
2026-11-09 05:00:00,BE,3371.4,336.4,5960.4,2589.0,0.0,0.0,2026-11-09,5
2026-11-09 06:00:00,BE,3111.1,544.2,6143.2,3032.1,0.0,0.0,2026-11-09,6
2026-11-09 07:00:00,BE,3154.4,1106.1,6806.1,3651.7,0.0,0.0,2026-11-09,7
2026-11-09 08:00:00,BE,3331.5,419.4,6044.4,2712.9,0.0,0.0,2026-11-09,8
2026-11-09 09:00:00,BE,3348.7,628.9,6322.9,2974.2,0.0,0.0,2026-11-09,9
2026-11-09 10:00:00,BE,3367.7,757.3,6324.3,2956.6,0.0,0.0,2026-11-09,10
2026-11-09 11:00:00,BE,3583.2,742.2,6530.2,2947.0,0.0,0.0,2026-11-09,11
2026-11-09 12:00:00,BE,3916.5,702.5,6352.5,2436.0,0.0,0.0,2026-11-09,12
2026-11-09 13:00:00,BE,3812.3,919.7,6578.7,2766.4,0.0,0.0,2026-11-09,13
2026-11-09 14:00:00,BE,3787.4,468.2,6091.2,2303.8,0.0,0.0,2026-11-09,14
2026-11-09 15:00:00,BE,4267.5,468.5,6154.5,1887.0,0.0,0.0,2026-11-09,15
2026-11-09 16:00:00,BE,4035.8,619.9,6326.9,2291.1,0.0,0.0,2026-11-09,16
2026-11-09 17:00:00,BE,4157.8,370.0,6016.0,1858.2,0.0,0.0,2026-11-09,17
2026-11-09 18:00:00,BE,4354.9,736.9,6402.9,2048.0,0.0,0.0,2026-11-09,18
2026-11-09 19:00:00,BE,4247.3,182.9,5920.9,1673.6,0.0,0.0,2026-11-09,19
2026-11-09 20:00:00,BE,4225.0,1200.0,6944.0,2719.0,0.0,0.0,2026-11-09,20
2026-11-09 21:00:00,BE,4117.1,613.6,6246.6,2129.5,0.0,0.0,2026-11-09,21
2026-11-09 22:00:00,BE,3925.9,272.1,5814.1,1888.2,0.02,4.08,2026-11-09,22
2026-11-09 23:00:00,BE,3954.7,360.1,6007.1,2052.4,0.0,0.0,2026-11-09,23
2026-11-10 00:00:00,BE,3745.9,430.2,6120.2,2374.3,0.0,0.0,2026-11-10,0
2026-11-10 01:00:00,BE,3425.9,296.9,5883.9,2458.0,0.0,0.0,2026-11-10,1
2026-11-10 02:00:00,BE,3548.4,227.5,5875.5,2327.1,0.0,0.0,2026-11-10,2
2026-11-10 03:00:00,BE,3356.6,275.3,5955.3,2598.7,0.0,0.0,2026-11-10,3
2026-11-10 04:00:00,BE,3394.8,340.0,5932.0,2537.2,0.0,0.0,2026-11-10,4
2026-11-10 05:00:00,BE,3278.4,484.9,6113.9,2835.5,0.0,0.0,2026-11-10,5
2026-11-10 06:00:00,BE,3110.7,221.8,5913.8,2803.1,0.0,0.0,2026-11-10,6
2026-11-10 07:00:00,BE,3109.4,411.4,6090.4,2981.0,0.0,0.0,2026-11-10,7
2026-11-10 08:00:00,BE,3396.2,856.4,6534.4,3138.2,0.0,0.0,2026-11-10,8
2026-11-10 09:00:00,BE,3312.4,438.0,6039.0,2726.6,0.0,0.0,2026-11-10,9
2026-11-10 10:00:00,BE,3381.9,762.8,6401.8,3019.9,0.0,0.0,2026-11-10,10
2026-11-10 11:00:00,BE,3601.9,565.6,6243.6,2641.7,0.0,0.0,2026-11-10,11
2026-11-10 12:00:00,BE,3817.4,1269.4,6877.4,3060.0,0.0,0.0,2026-11-10,12
2026-11-10 13:00:00,BE,3953.9,1168.4,6775.4,2821.5,0.0,0.0,2026-11-10,13
2026-11-10 14:00:00,BE,3945.0,469.0,6158.0,2213.0,0.0,0.0,2026-11-10,14
2026-11-10 15:00:00,BE,4086.5,722.3,6337.3,2250.8,0.0,0.0,2026-11-10,15
2026-11-10 16:00:00,BE,4422.4,938.5,6576.5,2154.1,0.0,0.0,2026-11-10,16
2026-11-10 17:00:00,BE,4077.9,597.6,6291.6,2213.7,0.0,0.0,2026-11-10,17
2026-11-10 18:00:00,BE,4142.9,415.7,5974.7,1831.8,0.0,0.0,2026-11-10,18
2026-11-10 19:00:00,BE,4247.4,894.8,6607.8,2360.4,0.0,0.0,2026-11-10,19
2026-11-10 20:00:00,BE,4282.9,416.2,6080.2,1797.3,0.02,1.33,2026-11-10,20
2026-11-10 21:00:00,BE,4058.6,300.4,5967.4,1908.8,0.0,0.0,2026-11-10,21
2026-11-10 22:00:00,BE,3995.6,166.5,5903.5,1907.9,0.0,0.0,2026-11-10,22
2026-11-10 23:00:00,BE,4051.8,166.4,5768.4,1716.6,0.0,0.0,2026-11-10,23
2026-11-11 00:00:00,BE,3808.2,477.3,6149.3,2341.1,0.0,0.0,2026-11-11,0
2026-11-11 01:00:00,BE,3747.6,164.6,5814.6,2067.0,0.0,0.0,2026-11-11,1
2026-11-11 02:00:00,BE,3298.3,437.8,5990.8,2692.5,0.0,0.0,2026-11-11,2
2026-11-11 03:00:00,BE,3285.5,610.4,6277.4,2991.9,0.0,0.0,2026-11-11,3
2026-11-11 04:00:00,BE,3413.2,458.2,6096.2,2683.0,0.0,0.0,2026-11-11,4
2026-11-11 05:00:00,BE,3527.9,571.0,6196.0,2668.1,0.0,0.0,2026-11-11,5
2026-11-11 06:00:00,BE,3393.7,511.2,6243.2,2849.5,0.0,0.0,2026-11-11,6
2026-11-11 07:00:00,BE,3521.3,171.0,5855.0,2333.7,0.0,0.0,2026-11-11,7
2026-11-11 08:00:00,BE,3317.7,482.7,6213.7,2896.0,0.0,0.0,2026-11-11,8
2026-11-11 09:00:00,BE,3547.7,655.1,6324.1,2776.4,0.0,0.0,2026-11-11,9
2026-11-11 10:00:00,BE,3419.5,626.7,6305.7,2886.2,0.0,0.0,2026-11-11,10
2026-11-11 11:00:00,BE,3568.1,598.7,6178.7,2610.6,0.0,0.0,2026-11-11,11
2026-11-11 12:00:00,BE,3790.8,683.0,6371.0,2580.2,0.0,0.0,2026-11-11,12
2026-11-11 13:00:00,BE,4059.4,888.2,6526.2,2466.8,0.0,0.0,2026-11-11,13
2026-11-11 14:00:00,BE,3976.7,748.2,6488.2,2511.5,0.0,0.0,2026-11-11,14
2026-11-11 15:00:00,BE,4139.7,421.0,6091.0,1951.3,0.0,0.0,2026-11-11,15
2026-11-11 16:00:00,BE,4344.7,564.2,6190.2,1845.5,0.0,0.0,2026-11-11,16
2026-11-11 17:00:00,BE,4104.2,576.5,6176.5,2072.3,0.0,0.0,2026-11-11,17
2026-11-11 18:00:00,BE,4434.8,172.1,5809.1,1374.3,0.0,0.0,2026-11-11,18
2026-11-11 19:00:00,BE,4393.0,437.2,6018.2,1625.2,0.02,2.12,2026-11-11,19
2026-11-11 20:00:00,BE,4232.0,1015.7,6767.7,2535.7,0.0,0.0,2026-11-11,20
2026-11-11 21:00:00,BE,4380.2,440.2,6037.2,1657.0,0.0,0.0,2026-11-11,21
2026-11-11 22:00:00,BE,3917.2,195.8,5905.8,1988.6,0.0,0.0,2026-11-11,22
2026-11-11 23:00:00,BE,3926.6,489.6,6106.6,2180.0,0.0,0.0,2026-11-11,23
2026-11-12 00:00:00,BE,3899.8,194.6,5690.6,1790.8,0.0,0.0,2026-11-12,0
2026-11-12 01:00:00,BE,3698.4,411.3,5987.3,2288.9,0.0,0.0,2026-11-12,1
2026-11-12 02:00:00,BE,3395.8,310.0,5893.0,2497.2,0.0,0.0,2026-11-12,2
2026-11-12 03:00:00,BE,3366.3,29.0,5755.0,2388.7,0.0,0.0,2026-11-12,3
2026-11-12 04:00:00,BE,3183.4,71.0,5762.0,2578.6,0.0,0.0,2026-11-12,4
2026-11-12 05:00:00,BE,3428.7,400.1,6099.1,2670.4,0.0,0.0,2026-11-12,5
2026-11-12 06:00:00,BE,3428.7,316.5,6037.5,2608.8,0.0,0.0,2026-11-12,6
2026-11-12 07:00:00,BE,3179.7,868.5,6676.5,3496.8,0.0,0.0,2026-11-12,7
2026-11-12 08:00:00,BE,3429.9,630.1,6281.1,2851.2,0.0,0.0,2026-11-12,8
2026-11-12 09:00:00,BE,3197.0,878.8,6516.8,3319.8,0.0,0.0,2026-11-12,9
2026-11-12 10:00:00,BE,3372.5,715.5,6486.5,3114.0,0.0,0.0,2026-11-12,10
2026-11-12 11:00:00,BE,3646.7,538.4,6195.4,2548.7,0.0,0.0,2026-11-12,11
2026-11-12 12:00:00,BE,3737.1,703.9,6395.9,2658.8,0.0,0.0,2026-11-12,12
2026-11-12 13:00:00,BE,3840.6,694.5,6384.5,2543.9,0.0,0.0,2026-11-12,13
2026-11-12 14:00:00,BE,4044.3,1081.2,6622.2,2577.9,0.0,0.0,2026-11-12,14
2026-11-12 15:00:00,BE,3981.8,859.5,6575.5,2593.7,0.0,0.0,2026-11-12,15
2026-11-12 16:00:00,BE,4088.8,437.0,6072.0,1983.2,0.0,0.0,2026-11-12,16
2026-11-12 17:00:00,BE,4364.2,433.1,6011.1,1646.9,0.02,0.62,2026-11-12,17
2026-11-12 18:00:00,BE,4111.0,478.1,6064.1,1953.1,0.0,0.0,2026-11-12,18
2026-11-12 19:00:00,BE,4556.6,191.3,5941.3,1384.7,0.02,3.31,2026-11-12,19
2026-11-12 20:00:00,BE,4130.5,409.5,6106.5,1976.0,0.0,0.0,2026-11-12,20
2026-11-12 21:00:00,BE,4097.6,546.5,6181.5,2083.9,0.0,0.0,2026-11-12,21
2026-11-12 22:00:00,BE,4032.6,580.6,6208.6,2176.0,0.0,0.0,2026-11-12,22
2026-11-12 23:00:00,BE,4000.6,580.5,6218.5,2217.9,0.0,0.0,2026-11-12,23
2026-11-13 00:00:00,BE,3688.1,484.0,6229.0,2540.9,0.0,0.0,2026-11-13,0
2026-11-13 01:00:00,BE,3453.9,233.9,5864.9,2411.0,0.0,0.0,2026-11-13,1
2026-11-13 02:00:00,BE,3473.3,339.4,6003.4,2530.1,0.0,0.0,2026-11-13,2
2026-11-13 03:00:00,BE,3556.4,436.4,6106.4,2550.0,0.0,0.0,2026-11-13,3
2026-11-13 04:00:00,BE,3328.7,362.5,5999.5,2670.8,0.0,0.0,2026-11-13,4
2026-11-13 05:00:00,BE,3318.1,448.8,6146.8,2828.7,0.0,0.0,2026-11-13,5
2026-11-13 06:00:00,BE,3332.7,140.4,5808.4,2475.7,0.0,0.0,2026-11-13,6
2026-11-13 07:00:00,BE,3331.5,420.5,6113.5,2782.0,0.0,0.0,2026-11-13,7
2026-11-13 08:00:00,BE,3316.9,332.6,5876.6,2559.7,0.0,0.0,2026-11-13,8
2026-11-13 09:00:00,BE,3592.5,728.3,6366.3,2773.8,0.0,0.0,2026-11-13,9
2026-11-13 10:00:00,BE,3448.6,1295.0,6876.0,3427.4,0.0,0.0,2026-11-13,10
2026-11-13 11:00:00,BE,3718.5,805.4,6435.4,2716.9,0.0,0.0,2026-11-13,11
2026-11-13 12:00:00,BE,3711.6,969.8,6601.8,2890.2,0.0,0.0,2026-11-13,12
2026-11-13 13:00:00,BE,3925.9,1104.6,6803.6,2877.7,0.0,0.0,2026-11-13,13
2026-11-13 14:00:00,BE,4262.2,665.3,6347.3,2085.1,0.02,5.94,2026-11-13,14
2026-11-13 15:00:00,BE,4267.2,1286.0,7000.0,2732.8,0.0,0.0,2026-11-13,15
2026-11-13 16:00:00,BE,4280.4,308.2,5931.2,1650.8,0.0,0.0,2026-11-13,16
2026-11-13 17:00:00,BE,4263.0,559.2,6235.2,1972.2,0.0,0.0,2026-11-13,17
2026-11-13 18:00:00,BE,4507.8,500.8,5983.8,1476.0,0.0,0.0,2026-11-13,18
2026-11-13 19:00:00,BE,4383.4,666.8,6383.8,2000.4,0.0,0.0,2026-11-13,19
2026-11-13 20:00:00,BE,4250.2,508.2,6149.2,1899.0,0.0,0.0,2026-11-13,20
2026-11-13 21:00:00,BE,4055.3,609.0,6156.0,2100.7,0.0,0.0,2026-11-13,21
2026-11-13 22:00:00,BE,3933.5,405.2,6091.2,2157.7,0.0,0.0,2026-11-13,22
2026-11-13 23:00:00,BE,3982.1,315.3,5944.3,1962.2,0.0,0.0,2026-11-13,23
2026-11-14 00:00:00,BE,3777.9,463.6,6085.6,2307.7,0.0,0.0,2026-11-14,0
2026-11-14 01:00:00,BE,3732.7,391.9,5993.9,2261.2,0.0,0.0,2026-11-14,1
2026-11-14 02:00:00,BE,3479.6,510.4,6220.4,2740.8,0.0,0.0,2026-11-14,2
2026-11-14 03:00:00,BE,3395.7,391.1,6077.1,2681.4,0.0,0.0,2026-11-14,3
2026-11-14 04:00:00,BE,3406.7,406.1,6094.1,2687.4,0.0,0.0,2026-11-14,4
2026-11-14 05:00:00,BE,3417.1,650.8,6256.8,2839.7,0.0,0.0,2026-11-14,5
2026-11-14 06:00:00,BE,3236.1,554.7,6255.7,3019.6,0.0,0.0,2026-11-14,6
2026-11-14 07:00:00,BE,3329.2,456.4,6030.4,2701.2,0.0,0.0,2026-11-14,7
2026-11-14 08:00:00,BE,3397.1,1295.2,6966.2,3569.1,0.0,0.0,2026-11-14,8
2026-11-14 09:00:00,BE,3400.0,557.5,6159.5,2759.5,0.0,0.0,2026-11-14,9
2026-11-14 10:00:00,BE,3583.6,832.3,6353.3,2769.7,0.0,0.0,2026-11-14,10
2026-11-14 11:00:00,BE,3925.1,660.8,6222.8,2297.7,0.0,0.0,2026-11-14,11
2026-11-14 12:00:00,BE,4093.1,873.8,6525.8,2432.7,0.0,0.0,2026-11-14,12
2026-11-14 13:00:00,BE,3705.2,442.7,6160.7,2455.5,0.0,0.0,2026-11-14,13
2026-11-14 14:00:00,BE,4083.8,665.9,6333.9,2250.1,0.02,2.36,2026-11-14,14
2026-11-14 15:00:00,BE,4154.0,700.7,6333.7,2179.7,0.0,0.0,2026-11-14,15
2026-11-14 16:00:00,BE,4403.8,1005.5,6708.5,2304.7,0.0,0.0,2026-11-14,16
2026-11-14 17:00:00,BE,4313.6,611.3,6244.3,1930.7,0.02,4.05,2026-11-14,17
2026-11-14 18:00:00,BE,4242.9,334.0,6022.0,1779.1,0.0,0.0,2026-11-14,18
2026-11-14 19:00:00,BE,4456.4,287.9,5965.9,1509.5,0.0,0.0,2026-11-14,19
2026-11-14 20:00:00,BE,4336.2,373.5,6147.5,1811.3,0.0,0.0,2026-11-14,20
2026-11-14 21:00:00,BE,3988.7,429.6,6121.6,2132.9,0.0,0.0,2026-11-14,21
2026-11-14 22:00:00,BE,3939.9,268.7,5940.7,2000.8,0.0,0.0,2026-11-14,22
2026-11-14 23:00:00,BE,4051.2,217.3,5947.3,1896.1,0.0,0.0,2026-11-14,23
2026-11-15 00:00:00,BE,3817.3,494.9,6263.9,2446.6,0.0,0.0,2026-11-15,0
2026-11-15 01:00:00,BE,3564.1,577.6,6297.6,2733.5,0.0,0.0,2026-11-15,1
2026-11-15 02:00:00,BE,3598.5,362.2,6003.2,2404.7,0.0,0.0,2026-11-15,2
2026-11-15 03:00:00,BE,3675.6,562.9,6225.9,2550.3,0.0,0.0,2026-11-15,3
2026-11-15 04:00:00,BE,3402.4,336.5,6005.5,2603.1,0.0,0.0,2026-11-15,4
2026-11-15 05:00:00,BE,3343.4,470.0,6046.0,2702.6,0.0,0.0,2026-11-15,5
2026-11-15 06:00:00,BE,3537.0,767.2,6442.2,2905.2,0.0,0.0,2026-11-15,6
2026-11-15 07:00:00,BE,3341.9,739.7,6297.7,2955.8,0.0,0.0,2026-11-15,7
2026-11-15 08:00:00,BE,3575.1,274.0,6003.0,2427.9,0.0,0.0,2026-11-15,8
2026-11-15 09:00:00,BE,3480.6,535.4,6231.4,2750.8,0.0,0.0,2026-11-15,9
2026-11-15 10:00:00,BE,3566.6,778.2,6344.2,2777.6,0.0,0.0,2026-11-15,10
2026-11-15 11:00:00,BE,3604.5,966.8,6588.8,2984.3,0.0,0.0,2026-11-15,11
2026-11-15 12:00:00,BE,3647.5,1065.3,6793.3,3145.8,0.0,0.0,2026-11-15,12
2026-11-15 13:00:00,BE,3961.7,735.6,6337.6,2375.9,0.0,0.0,2026-11-15,13
2026-11-15 14:00:00,BE,4116.2,616.7,6295.7,2179.5,0.0,0.0,2026-11-15,14
2026-11-15 15:00:00,BE,4060.1,612.6,6318.6,2258.5,0.0,0.0,2026-11-15,15
2026-11-15 16:00:00,BE,4199.5,650.1,6305.1,2105.6,0.0,0.0,2026-11-15,16
2026-11-15 17:00:00,BE,4286.9,721.9,6453.9,2167.0,0.0,0.0,2026-11-15,17
2026-11-15 18:00:00,BE,4130.9,455.8,6136.8,2005.9,0.0,0.0,2026-11-15,18
2026-11-15 19:00:00,BE,4246.0,284.4,5884.4,1638.4,0.02,15.23,2026-11-15,19
2026-11-15 20:00:00,BE,4032.0,638.6,6302.6,2270.6,0.0,0.0,2026-11-15,20
2026-11-15 21:00:00,BE,4131.1,448.6,6146.6,2015.5,0.0,0.0,2026-11-15,21
2026-11-15 22:00:00,BE,4080.4,777.4,6433.4,2353.0,0.0,0.0,2026-11-15,22
2026-11-15 23:00:00,BE,4097.6,446.4,6114.4,2016.8,0.0,0.0,2026-11-15,23
2026-11-16 00:00:00,BE,3607.5,379.8,6016.8,2409.3,0.0,0.0,2026-11-16,0
2026-11-16 01:00:00,BE,3586.0,392.1,6124.1,2538.1,0.0,0.0,2026-11-16,1
2026-11-16 02:00:00,BE,3667.4,470.4,6199.4,2532.0,0.0,0.0,2026-11-16,2
2026-11-16 03:00:00,BE,3545.7,441.7,6179.7,2634.0,0.0,0.0,2026-11-16,3
2026-11-16 04:00:00,BE,3361.1,137.8,5690.8,2329.7,0.0,0.0,2026-11-16,4
2026-11-16 05:00:00,BE,3575.8,469.3,6065.3,2489.5,0.0,0.0,2026-11-16,5
2026-11-16 06:00:00,BE,3270.6,307.4,5963.4,2692.8,0.0,0.0,2026-11-16,6
2026-11-16 07:00:00,BE,3457.8,478.8,6180.8,2723.0,0.0,0.0,2026-11-16,7
2026-11-16 08:00:00,BE,3511.3,357.1,6037.1,2525.8,0.0,0.0,2026-11-16,8
2026-11-16 09:00:00,BE,3277.4,646.5,6285.5,3008.1,0.0,0.0,2026-11-16,9
2026-11-16 10:00:00,BE,3646.6,416.8,6072.8,2426.2,0.0,0.0,2026-11-16,10
2026-11-16 11:00:00,BE,3754.4,648.5,6241.5,2487.1,0.0,0.0,2026-11-16,11
2026-11-16 12:00:00,BE,3690.2,601.4,6280.4,2590.2,0.0,0.0,2026-11-16,12
2026-11-16 13:00:00,BE,4169.3,613.2,6237.2,2067.9,0.0,0.0,2026-11-16,13
2026-11-16 14:00:00,BE,4064.7,732.5,6307.5,2242.8,0.0,0.0,2026-11-16,14
2026-11-16 15:00:00,BE,4401.3,572.3,6258.3,1857.0,0.0,0.0,2026-11-16,15
2026-11-16 16:00:00,BE,4100.9,562.7,6253.7,2152.8,0.0,0.0,2026-11-16,16
2026-11-16 17:00:00,BE,4236.7,399.6,5998.6,1761.9,0.0,0.0,2026-11-16,17
2026-11-16 18:00:00,BE,4412.7,809.3,6420.3,2007.6,0.0,0.0,2026-11-16,18
2026-11-16 19:00:00,BE,4276.7,331.5,5949.5,1672.8,0.0,0.0,2026-11-16,19
2026-11-16 20:00:00,BE,4420.9,606.6,6199.6,1778.7,0.0,0.0,2026-11-16,20
2026-11-16 21:00:00,BE,4139.5,211.2,5908.2,1768.7,0.0,0.0,2026-11-16,21
2026-11-16 22:00:00,BE,3838.6,210.2,5880.2,2041.6,0.0,0.0,2026-11-16,22
2026-11-16 23:00:00,BE,4109.9,367.1,6072.1,1962.2,0.0,0.0,2026-11-16,23
2026-11-17 00:00:00,BE,3811.7,275.3,5813.3,2001.6,0.0,0.0,2026-11-17,0
2026-11-17 01:00:00,BE,3716.2,234.8,5780.8,2064.6,0.0,0.0,2026-11-17,1
2026-11-17 02:00:00,BE,3559.8,571.4,6235.4,2675.6,0.0,0.0,2026-11-17,2
2026-11-17 03:00:00,BE,3581.2,490.5,6225.5,2644.3,0.0,0.0,2026-11-17,3
2026-11-17 04:00:00,BE,3497.9,232.2,5890.2,2392.3,0.0,0.0,2026-11-17,4
2026-11-17 05:00:00,BE,3014.7,145.1,5805.1,2790.4,0.0,0.0,2026-11-17,5
2026-11-17 06:00:00,BE,3393.8,607.3,6295.3,2901.5,0.0,0.0,2026-11-17,6
2026-11-17 07:00:00,BE,3147.9,257.2,5874.2,2726.3,0.0,0.0,2026-11-17,7
2026-11-17 08:00:00,BE,3429.7,629.8,6351.8,2922.1,0.0,0.0,2026-11-17,8
2026-11-17 09:00:00,BE,3470.3,781.6,6474.6,3004.3,0.0,0.0,2026-11-17,9
2026-11-17 10:00:00,BE,3668.1,567.7,6254.7,2586.6,0.0,0.0,2026-11-17,10
2026-11-17 11:00:00,BE,3488.0,826.1,6415.1,2927.1,0.0,0.0,2026-11-17,11
2026-11-17 12:00:00,BE,3818.9,876.1,6481.1,2662.2,0.0,0.0,2026-11-17,12
2026-11-17 13:00:00,BE,4207.2,840.9,6351.9,2144.7,0.0,0.0,2026-11-17,13
2026-11-17 14:00:00,BE,4363.0,496.2,6183.2,1820.2,0.0,0.0,2026-11-17,14
2026-11-17 15:00:00,BE,4030.0,578.5,6262.5,2232.5,0.0,0.0,2026-11-17,15
2026-11-17 16:00:00,BE,4207.2,754.3,6420.3,2213.1,0.0,0.0,2026-11-17,16
2026-11-17 17:00:00,BE,4168.2,302.6,6023.6,1855.4,0.0,0.0,2026-11-17,17
2026-11-17 18:00:00,BE,4310.9,455.8,6197.8,1886.9,0.0,0.0,2026-11-17,18
2026-11-17 19:00:00,BE,4462.6,270.9,5901.9,1439.3,0.0,0.0,2026-11-17,19
2026-11-17 20:00:00,BE,4399.6,821.2,6490.2,2090.6,0.0,0.0,2026-11-17,20
2026-11-17 21:00:00,BE,4107.2,297.4,6005.4,1898.2,0.0,0.0,2026-11-17,21
2026-11-17 22:00:00,BE,4005.3,239.3,5931.3,1926.0,0.0,0.0,2026-11-17,22
2026-11-17 23:00:00,BE,3788.7,436.1,6101.1,2312.4,0.0,0.0,2026-11-17,23
2026-11-18 00:00:00,BE,3760.3,47.1,5650.1,1889.8,0.0,0.0,2026-11-18,0
2026-11-18 01:00:00,BE,3797.6,381.6,5982.6,2185.0,0.0,0.0,2026-11-18,1
2026-11-18 02:00:00,BE,3625.5,211.4,5804.4,2178.9,0.0,0.0,2026-11-18,2
2026-11-18 03:00:00,BE,3614.2,323.1,5861.1,2246.9,0.0,0.0,2026-11-18,3
2026-11-18 04:00:00,BE,3520.5,431.1,6011.1,2490.6,0.0,0.0,2026-11-18,4
2026-11-18 05:00:00,BE,3491.7,410.3,6025.3,2533.6,0.0,0.0,2026-11-18,5
2026-11-18 06:00:00,BE,3450.4,817.9,6466.9,3016.5,0.0,0.0,2026-11-18,6
2026-11-18 07:00:00,BE,3263.2,454.8,6061.8,2798.6,0.0,0.0,2026-11-18,7
2026-11-18 08:00:00,BE,3499.9,300.6,5909.6,2409.7,0.0,0.0,2026-11-18,8
2026-11-18 09:00:00,BE,3362.9,566.4,6250.4,2887.5,0.0,0.0,2026-11-18,9
2026-11-18 10:00:00,BE,3338.8,896.8,6597.8,3259.0,0.0,0.0,2026-11-18,10
2026-11-18 11:00:00,BE,3509.8,492.3,6181.3,2671.5,0.0,0.0,2026-11-18,11
2026-11-18 12:00:00,BE,3831.4,558.9,6197.9,2366.5,0.0,0.0,2026-11-18,12
2026-11-18 13:00:00,BE,4079.8,938.1,6507.1,2427.3,0.0,0.0,2026-11-18,13
2026-11-18 14:00:00,BE,4175.0,957.0,6683.0,2508.0,0.0,0.0,2026-11-18,14
2026-11-18 15:00:00,BE,4004.6,815.6,6269.6,2265.0,0.0,0.0,2026-11-18,15
2026-11-18 16:00:00,BE,4251.1,616.2,6194.2,1943.1,0.0,0.0,2026-11-18,16
2026-11-18 17:00:00,BE,4431.3,251.1,5920.1,1488.8,0.0,0.0,2026-11-18,17
2026-11-18 18:00:00,BE,4386.9,210.3,5919.3,1532.4,0.0,0.0,2026-11-18,18
2026-11-18 19:00:00,BE,4304.5,347.0,5936.0,1631.5,0.0,0.0,2026-11-18,19
2026-11-18 20:00:00,BE,4202.4,426.3,6108.3,1905.9,0.0,0.0,2026-11-18,20
2026-11-18 21:00:00,BE,4102.0,167.1,5788.1,1686.1,0.0,0.0,2026-11-18,21
2026-11-18 22:00:00,BE,4125.9,322.5,5823.5,1697.6,0.0,0.0,2026-11-18,22
2026-11-18 23:00:00,BE,4162.9,278.4,5888.4,1725.5,0.0,0.0,2026-11-18,23
2026-11-19 00:00:00,BE,4082.1,321.5,5963.5,1881.4,0.0,0.0,2026-11-19,0
2026-11-19 01:00:00,BE,3520.1,630.5,6343.5,2823.4,0.0,0.0,2026-11-19,1
2026-11-19 02:00:00,BE,3646.9,231.0,5877.0,2230.1,0.0,0.0,2026-11-19,2
2026-11-19 03:00:00,BE,3743.4,217.2,5818.2,2074.8,0.0,0.0,2026-11-19,3
2026-11-19 04:00:00,BE,3213.3,289.9,5920.9,2707.6,0.0,0.0,2026-11-19,4
2026-11-19 05:00:00,BE,3396.3,771.2,6427.2,3030.9,0.0,0.0,2026-11-19,5
2026-11-19 06:00:00,BE,3565.2,531.1,6123.1,2557.9,0.0,0.0,2026-11-19,6
2026-11-19 07:00:00,BE,3529.4,544.0,6204.0,2674.6,0.0,0.0,2026-11-19,7
2026-11-19 08:00:00,BE,3612.5,595.5,6169.5,2557.0,0.0,0.0,2026-11-19,8
2026-11-19 09:00:00,BE,3531.4,564.1,6284.1,2752.7,0.0,0.0,2026-11-19,9
2026-11-19 10:00:00,BE,3643.9,653.3,6377.3,2733.4,0.0,0.0,2026-11-19,10
2026-11-19 11:00:00,BE,3955.2,1458.5,7117.5,3162.3,0.0,0.0,2026-11-19,11
2026-11-19 12:00:00,BE,3907.0,1271.0,6944.0,3037.0,0.0,0.0,2026-11-19,12
2026-11-19 13:00:00,BE,4126.7,515.2,6148.2,2021.5,0.0,0.0,2026-11-19,13
2026-11-19 14:00:00,BE,4279.1,633.4,6181.4,1902.3,0.0,0.0,2026-11-19,14
2026-11-19 15:00:00,BE,4174.2,643.1,6386.1,2211.9,0.0,0.0,2026-11-19,15
2026-11-19 16:00:00,BE,4383.8,401.4,6075.4,1691.6,0.0,0.0,2026-11-19,16
2026-11-19 17:00:00,BE,4509.4,278.2,5932.2,1422.8,0.0,0.0,2026-11-19,17
2026-11-19 18:00:00,BE,4468.2,860.6,6568.6,2100.4,0.0,0.0,2026-11-19,18
2026-11-19 19:00:00,BE,4418.1,534.3,6235.3,1817.2,0.0,0.0,2026-11-19,19
2026-11-19 20:00:00,BE,4437.8,256.2,5924.2,1486.4,0.02,4.63,2026-11-19,20
2026-11-19 21:00:00,BE,4406.8,214.4,5919.4,1512.6,0.0,0.0,2026-11-19,21
2026-11-19 22:00:00,BE,4227.6,406.3,6077.3,1849.7,0.0,0.0,2026-11-19,22
2026-11-19 23:00:00,BE,4065.2,183.3,5824.3,1759.1,0.0,0.0,2026-11-19,23
2026-11-20 00:00:00,BE,3817.0,362.9,6027.9,2210.9,0.0,0.0,2026-11-20,0
2026-11-20 01:00:00,BE,3769.3,439.3,6163.3,2394.0,0.0,0.0,2026-11-20,1
2026-11-20 02:00:00,BE,3764.2,164.6,5749.6,1985.4,0.0,0.0,2026-11-20,2
2026-11-20 03:00:00,BE,3523.8,514.7,6144.7,2620.9,0.0,0.0,2026-11-20,3
2026-11-20 04:00:00,BE,3464.5,540.4,6173.4,2708.9,0.0,0.0,2026-11-20,4
2026-11-20 05:00:00,BE,3472.2,227.6,5945.6,2473.4,0.0,0.0,2026-11-20,5
2026-11-20 06:00:00,BE,3207.1,302.8,6014.8,2807.7,0.0,0.0,2026-11-20,6
2026-11-20 07:00:00,BE,3304.6,293.8,5917.8,2613.2,0.0,0.0,2026-11-20,7
2026-11-20 08:00:00,BE,3474.2,542.8,6175.8,2701.6,0.0,0.0,2026-11-20,8
2026-11-20 09:00:00,BE,3729.7,709.8,6357.8,2628.1,0.0,0.0,2026-11-20,9
2026-11-20 10:00:00,BE,3626.8,678.2,6347.2,2720.4,0.0,0.0,2026-11-20,10
2026-11-20 11:00:00,BE,3927.0,706.9,6418.9,2491.9,0.0,0.0,2026-11-20,11
2026-11-20 12:00:00,BE,3944.2,1058.1,6644.1,2699.9,0.0,0.0,2026-11-20,12
2026-11-20 13:00:00,BE,4027.1,773.1,6463.1,2436.0,0.0,0.0,2026-11-20,13
2026-11-20 14:00:00,BE,4183.2,545.9,6242.9,2059.7,0.0,0.0,2026-11-20,14
2026-11-20 15:00:00,BE,4256.2,950.8,6571.8,2315.6,0.0,0.0,2026-11-20,15
2026-11-20 16:00:00,BE,4323.8,458.6,6047.6,1723.8,0.0,0.0,2026-11-20,16
2026-11-20 17:00:00,BE,4359.5,687.5,6475.5,2116.0,0.0,0.0,2026-11-20,17
2026-11-20 18:00:00,BE,4296.7,231.7,5859.7,1563.0,0.0,0.0,2026-11-20,18
2026-11-20 19:00:00,BE,4526.8,769.0,6428.0,1901.2,0.0,0.0,2026-11-20,19
2026-11-20 20:00:00,BE,4294.4,205.3,5835.3,1540.9,0.0,0.0,2026-11-20,20
2026-11-20 21:00:00,BE,4145.8,185.4,5818.4,1672.6,0.0,0.0,2026-11-20,21
2026-11-20 22:00:00,BE,4041.7,710.1,6353.1,2311.4,0.0,0.0,2026-11-20,22
2026-11-20 23:00:00,BE,4061.0,250.6,5956.6,1895.6,0.0,0.0,2026-11-20,23
2026-11-21 00:00:00,BE,3926.7,702.9,6222.9,2296.2,0.0,0.0,2026-11-21,0
2026-11-21 01:00:00,BE,3737.1,348.9,5928.9,2191.8,0.0,0.0,2026-11-21,1
2026-11-21 02:00:00,BE,3491.1,329.9,6017.9,2526.8,0.0,0.0,2026-11-21,2
2026-11-21 03:00:00,BE,3591.0,123.6,5756.6,2165.6,0.0,0.0,2026-11-21,3
2026-11-21 04:00:00,BE,3342.9,233.8,5914.8,2571.9,0.0,0.0,2026-11-21,4
2026-11-21 05:00:00,BE,3465.0,305.1,6050.1,2585.1,0.0,0.0,2026-11-21,5
2026-11-21 06:00:00,BE,3151.4,521.4,6166.4,3015.0,0.0,0.0,2026-11-21,6
2026-11-21 07:00:00,BE,3537.2,398.1,5975.1,2437.9,0.0,0.0,2026-11-21,7
2026-11-21 08:00:00,BE,3517.7,969.6,6620.6,3102.9,0.0,0.0,2026-11-21,8
2026-11-21 09:00:00,BE,3498.0,666.8,6406.8,2908.8,0.0,0.0,2026-11-21,9
2026-11-21 10:00:00,BE,3587.1,744.4,6334.4,2747.3,0.0,0.0,2026-11-21,10
2026-11-21 11:00:00,BE,3705.5,871.2,6533.2,2827.7,0.0,0.0,2026-11-21,11
2026-11-21 12:00:00,BE,3970.8,981.3,6680.3,2709.5,0.0,0.0,2026-11-21,12
2026-11-21 13:00:00,BE,4006.1,506.4,6090.4,2084.3,0.0,0.0,2026-11-21,13
2026-11-21 14:00:00,BE,4321.7,592.7,6233.7,1912.0,0.0,0.0,2026-11-21,14
2026-11-21 15:00:00,BE,4199.7,364.7,5895.7,1696.0,0.04,2.4,2026-11-21,15
2026-11-21 16:00:00,BE,4430.2,1116.7,6608.7,2178.5,0.0,0.0,2026-11-21,16
2026-11-21 17:00:00,BE,4553.8,261.5,5901.5,1347.7,0.0,0.0,2026-11-21,17
2026-11-21 18:00:00,BE,4342.9,159.2,5843.2,1500.3,0.0,0.0,2026-11-21,18
2026-11-21 19:00:00,BE,4448.8,256.4,5987.4,1538.6,0.0,0.0,2026-11-21,19
2026-11-21 20:00:00,BE,4213.5,502.4,6287.4,2073.9,0.0,0.0,2026-11-21,20
2026-11-21 21:00:00,BE,4002.2,523.1,6174.1,2171.9,0.02,2.58,2026-11-21,21
2026-11-21 22:00:00,BE,4181.6,257.1,5879.1,1697.5,0.0,0.0,2026-11-21,22
2026-11-21 23:00:00,BE,4050.9,530.4,6084.4,2033.5,0.0,0.0,2026-11-21,23
2026-11-22 00:00:00,BE,3958.7,666.2,6276.2,2317.5,0.0,0.0,2026-11-22,0
2026-11-22 01:00:00,BE,3637.9,194.1,5915.1,2277.2,0.0,0.0,2026-11-22,1
2026-11-22 02:00:00,BE,3673.3,132.9,5810.9,2137.6,0.0,0.0,2026-11-22,2
2026-11-22 03:00:00,BE,3370.8,182.1,5766.1,2395.3,0.0,0.0,2026-11-22,3
2026-11-22 04:00:00,BE,3402.2,364.5,5905.5,2503.3,0.0,0.0,2026-11-22,4
2026-11-22 05:00:00,BE,3563.4,564.6,6198.6,2635.2,0.0,0.0,2026-11-22,5
2026-11-22 06:00:00,BE,3231.2,382.2,6142.2,2911.0,0.0,0.0,2026-11-22,6
2026-11-22 07:00:00,BE,3503.8,261.5,5977.5,2473.7,0.0,0.0,2026-11-22,7
2026-11-22 08:00:00,BE,3314.1,482.1,6190.1,2876.0,0.0,0.0,2026-11-22,8
2026-11-22 09:00:00,BE,3590.2,733.1,6301.1,2710.9,0.0,0.0,2026-11-22,9
2026-11-22 10:00:00,BE,3532.6,759.5,6357.5,2824.9,0.0,0.0,2026-11-22,10
2026-11-22 11:00:00,BE,3631.0,719.6,6380.6,2749.6,0.0,0.0,2026-11-22,11
2026-11-22 12:00:00,BE,3690.9,788.0,6442.0,2751.1,0.0,0.0,2026-11-22,12
2026-11-22 13:00:00,BE,4072.3,771.7,6464.7,2392.4,0.0,0.0,2026-11-22,13
2026-11-22 14:00:00,BE,3950.0,501.5,6094.5,2144.5,0.0,0.0,2026-11-22,14
2026-11-22 15:00:00,BE,4274.7,1029.1,6577.1,2302.4,0.0,0.0,2026-11-22,15
2026-11-22 16:00:00,BE,4310.7,469.4,6070.4,1759.7,0.02,4.83,2026-11-22,16
2026-11-22 17:00:00,BE,4148.1,289.8,6011.8,1863.7,0.0,0.0,2026-11-22,17
2026-11-22 18:00:00,BE,4357.2,57.5,5554.5,1197.3,0.04,6.99,2026-11-22,18
2026-11-22 19:00:00,BE,4261.7,78.5,5696.5,1434.8,0.0,0.0,2026-11-22,19
2026-11-22 20:00:00,BE,4381.1,643.4,6388.4,2007.3,0.0,0.0,2026-11-22,20
2026-11-22 21:00:00,BE,4274.8,403.4,5997.4,1722.6,0.02,8.43,2026-11-22,21
2026-11-22 22:00:00,BE,4323.0,216.2,5817.2,1494.2,0.02,2.14,2026-11-22,22
2026-11-22 23:00:00,BE,4070.4,147.8,5726.8,1656.4,0.0,0.0,2026-11-22,23
2026-11-23 00:00:00,BE,3916.3,380.5,6101.5,2185.2,0.0,0.0,2026-11-23,0
2026-11-23 01:00:00,BE,3828.6,521.9,6182.9,2354.3,0.0,0.0,2026-11-23,1
2026-11-23 02:00:00,BE,3690.7,44.9,5698.9,2008.2,0.0,0.0,2026-11-23,2
2026-11-23 03:00:00,BE,3527.6,93.1,5778.1,2250.5,0.0,0.0,2026-11-23,3
2026-11-23 04:00:00,BE,3539.9,540.7,6261.7,2721.8,0.0,0.0,2026-11-23,4
2026-11-23 05:00:00,BE,3452.5,129.2,5675.2,2222.7,0.0,0.0,2026-11-23,5
2026-11-23 06:00:00,BE,3465.9,602.4,6310.4,2844.5,0.0,0.0,2026-11-23,6
2026-11-23 07:00:00,BE,3280.1,691.7,6350.7,3070.6,0.0,0.0,2026-11-23,7
2026-11-23 08:00:00,BE,3466.1,723.8,6413.8,2947.7,0.0,0.0,2026-11-23,8
2026-11-23 09:00:00,BE,3657.8,513.3,6172.3,2514.5,0.0,0.0,2026-11-23,9
2026-11-23 10:00:00,BE,3731.0,703.1,6360.1,2629.1,0.0,0.0,2026-11-23,10
2026-11-23 11:00:00,BE,3861.7,984.6,6724.6,2862.9,0.0,0.0,2026-11-23,11
2026-11-23 12:00:00,BE,3991.4,644.3,6296.3,2304.9,0.0,0.0,2026-11-23,12
2026-11-23 13:00:00,BE,4082.8,736.1,6448.1,2365.3,0.0,0.0,2026-11-23,13
2026-11-23 14:00:00,BE,4280.7,596.0,6195.0,1914.3,0.0,0.0,2026-11-23,14
2026-11-23 15:00:00,BE,4163.6,982.8,6566.8,2403.2,0.0,0.0,2026-11-23,15
2026-11-23 16:00:00,BE,4431.8,637.3,6353.3,1921.5,0.0,0.0,2026-11-23,16
2026-11-23 17:00:00,BE,4420.3,452.2,6134.2,1713.9,0.0,0.0,2026-11-23,17
2026-11-23 18:00:00,BE,4380.5,296.1,5942.1,1561.6,0.0,0.0,2026-11-23,18
2026-11-23 19:00:00,BE,4419.9,763.7,6441.7,2021.8,0.0,0.0,2026-11-23,19
2026-11-23 20:00:00,BE,4375.8,672.0,6296.0,1920.2,0.0,0.0,2026-11-23,20
2026-11-23 21:00:00,BE,4122.1,753.9,6421.9,2299.8,0.0,0.0,2026-11-23,21
2026-11-23 22:00:00,BE,4057.6,246.7,5924.7,1867.1,0.0,0.0,2026-11-23,22
2026-11-23 23:00:00,BE,4154.0,1077.7,6795.7,2641.7,0.0,0.0,2026-11-23,23
2026-11-24 00:00:00,BE,3819.3,250.0,5830.0,2010.7,0.0,0.0,2026-11-24,0
2026-11-24 01:00:00,BE,3890.9,62.4,5788.4,1897.5,0.0,0.0,2026-11-24,1
2026-11-24 02:00:00,BE,3752.5,275.5,5926.5,2174.0,0.0,0.0,2026-11-24,2
2026-11-24 03:00:00,BE,3622.9,574.0,6342.0,2719.1,0.0,0.0,2026-11-24,3
2026-11-24 04:00:00,BE,3503.0,34.5,5787.5,2284.5,0.0,0.0,2026-11-24,4
2026-11-24 05:00:00,BE,3603.2,460.0,5927.0,2323.8,0.0,0.0,2026-11-24,5
2026-11-24 06:00:00,BE,3477.4,125.2,5816.2,2338.8,0.0,0.0,2026-11-24,6
2026-11-24 07:00:00,BE,3580.8,450.7,6140.7,2559.9,0.0,0.0,2026-11-24,7
2026-11-24 08:00:00,BE,3600.5,497.6,6192.6,2592.1,0.0,0.0,2026-11-24,8
2026-11-24 09:00:00,BE,3551.5,748.8,6396.8,2845.3,0.0,0.0,2026-11-24,9
2026-11-24 10:00:00,BE,3643.5,588.7,6095.7,2452.2,0.0,0.0,2026-11-24,10
2026-11-24 11:00:00,BE,3785.4,619.3,6281.3,2495.9,0.0,0.0,2026-11-24,11
2026-11-24 12:00:00,BE,3985.9,767.4,6302.4,2316.5,0.0,0.0,2026-11-24,12
2026-11-24 13:00:00,BE,3932.7,1068.4,6716.4,2783.7,0.0,0.0,2026-11-24,13
2026-11-24 14:00:00,BE,3982.8,849.4,6505.4,2522.6,0.0,0.0,2026-11-24,14
2026-11-24 15:00:00,BE,4263.8,569.5,6172.5,1908.7,0.02,6.89,2026-11-24,15
2026-11-24 16:00:00,BE,4187.9,406.1,6036.1,1848.2,0.0,0.0,2026-11-24,16
2026-11-24 17:00:00,BE,4322.4,443.2,6147.2,1824.8,0.0,0.0,2026-11-24,17
2026-11-24 18:00:00,BE,4457.4,552.7,6265.7,1808.3,0.0,0.0,2026-11-24,18
2026-11-24 19:00:00,BE,4449.4,424.1,6151.1,1701.7,0.0,0.0,2026-11-24,19
2026-11-24 20:00:00,BE,4532.2,568.3,6320.3,1788.1,0.0,0.0,2026-11-24,20
2026-11-24 21:00:00,BE,4143.6,543.3,6200.3,2056.7,0.0,0.0,2026-11-24,21
2026-11-24 22:00:00,BE,3977.4,674.1,6264.1,2286.7,0.0,0.0,2026-11-24,22
2026-11-24 23:00:00,BE,4138.1,296.0,5927.0,1788.9,0.0,0.0,2026-11-24,23
2026-11-25 00:00:00,BE,3762.5,367.6,5993.6,2231.1,0.0,0.0,2026-11-25,0
2026-11-25 01:00:00,BE,3856.6,340.4,6024.4,2167.8,0.0,0.0,2026-11-25,1
2026-11-25 02:00:00,BE,3470.7,545.7,6276.7,2806.0,0.0,0.0,2026-11-25,2
2026-11-25 03:00:00,BE,3453.7,359.5,5975.5,2521.8,0.0,0.0,2026-11-25,3
2026-11-25 04:00:00,BE,3574.3,182.1,5774.1,2199.8,0.0,0.0,2026-11-25,4
2026-11-25 05:00:00,BE,3264.3,415.1,5947.1,2682.8,0.0,0.0,2026-11-25,5
2026-11-25 06:00:00,BE,3412.2,246.8,5968.8,2556.6,0.0,0.0,2026-11-25,6
2026-11-25 07:00:00,BE,3485.5,336.8,6077.8,2592.3,0.0,0.0,2026-11-25,7
2026-11-25 08:00:00,BE,3338.8,218.6,5818.6,2479.8,0.0,0.0,2026-11-25,8
2026-11-25 09:00:00,BE,3615.2,548.9,6238.9,2623.7,0.0,0.0,2026-11-25,9
2026-11-25 10:00:00,BE,3799.9,815.0,6554.0,2754.1,0.0,0.0,2026-11-25,10
2026-11-25 11:00:00,BE,3779.0,653.5,6373.5,2594.5,0.0,0.0,2026-11-25,11
2026-11-25 12:00:00,BE,3904.2,1021.0,6693.0,2788.8,0.0,0.0,2026-11-25,12
2026-11-25 13:00:00,BE,4193.8,799.8,6448.8,2255.0,0.0,0.0,2026-11-25,13
2026-11-25 14:00:00,BE,4018.4,1241.4,6962.4,2944.0,0.0,0.0,2026-11-25,14
2026-11-25 15:00:00,BE,4362.5,689.5,6263.5,1901.0,0.0,0.0,2026-11-25,15
2026-11-25 16:00:00,BE,4358.3,474.0,6107.0,1748.7,0.0,0.0,2026-11-25,16
2026-11-25 17:00:00,BE,4477.4,468.7,6201.7,1724.3,0.0,0.0,2026-11-25,17
2026-11-25 18:00:00,BE,4420.5,310.9,5942.9,1522.4,0.02,7.19,2026-11-25,18
2026-11-25 19:00:00,BE,4280.4,590.4,6110.4,1830.0,0.0,0.0,2026-11-25,19
2026-11-25 20:00:00,BE,4417.1,473.3,6092.3,1675.2,0.0,0.0,2026-11-25,20
2026-11-25 21:00:00,BE,4331.1,150.9,5723.9,1392.8,0.02,7.6,2026-11-25,21
2026-11-25 22:00:00,BE,4113.9,257.6,5929.6,1815.7,0.0,0.0,2026-11-25,22
2026-11-25 23:00:00,BE,3872.6,277.2,5890.2,2017.6,0.0,0.0,2026-11-25,23
2026-11-26 00:00:00,BE,3959.5,325.2,5924.2,1964.7,0.0,0.0,2026-11-26,0
2026-11-26 01:00:00,BE,3839.7,423.5,6154.5,2314.8,0.0,0.0,2026-11-26,1
2026-11-26 02:00:00,BE,3485.0,754.7,6442.7,2957.7,0.0,0.0,2026-11-26,2
2026-11-26 03:00:00,BE,3442.4,281.5,5886.5,2444.1,0.0,0.0,2026-11-26,3
2026-11-26 04:00:00,BE,3224.7,838.0,6529.0,3304.3,0.0,0.0,2026-11-26,4
2026-11-26 05:00:00,BE,3485.4,324.5,5982.5,2497.1,0.0,0.0,2026-11-26,5
2026-11-26 06:00:00,BE,3456.0,673.9,6362.9,2906.9,0.0,0.0,2026-11-26,6
2026-11-26 07:00:00,BE,3386.7,239.2,5906.2,2519.5,0.0,0.0,2026-11-26,7
2026-11-26 08:00:00,BE,3579.1,859.1,6521.1,2942.0,0.0,0.0,2026-11-26,8
2026-11-26 09:00:00,BE,3827.7,575.8,6084.8,2257.1,0.0,0.0,2026-11-26,9
2026-11-26 10:00:00,BE,3615.2,841.1,6410.1,2794.9,0.0,0.0,2026-11-26,10
2026-11-26 11:00:00,BE,3688.1,789.5,6398.5,2710.4,0.0,0.0,2026-11-26,11
2026-11-26 12:00:00,BE,4077.9,618.9,6218.9,2141.0,0.0,0.0,2026-11-26,12
2026-11-26 13:00:00,BE,3836.4,1281.7,6881.7,3045.3,0.0,0.0,2026-11-26,13
2026-11-26 14:00:00,BE,3918.3,602.8,6180.8,2262.5,0.0,0.0,2026-11-26,14
2026-11-26 15:00:00,BE,4394.7,441.8,6085.8,1691.1,0.0,0.0,2026-11-26,15
2026-11-26 16:00:00,BE,4352.2,536.1,6168.1,1815.9,0.0,0.0,2026-11-26,16
2026-11-26 17:00:00,BE,4265.8,747.5,6378.5,2112.7,0.02,0.37,2026-11-26,17
2026-11-26 18:00:00,BE,4375.0,491.4,6043.4,1668.4,0.02,10.67,2026-11-26,18
2026-11-26 19:00:00,BE,4412.9,481.3,6125.3,1712.4,0.0,0.0,2026-11-26,19
2026-11-26 20:00:00,BE,4344.1,346.8,5980.8,1636.7,0.0,0.0,2026-11-26,20
2026-11-26 21:00:00,BE,4342.0,385.1,6068.1,1726.1,0.0,0.0,2026-11-26,21
2026-11-26 22:00:00,BE,4126.4,218.8,5870.8,1744.4,0.0,0.0,2026-11-26,22
2026-11-26 23:00:00,BE,3854.7,365.3,6051.3,2196.6,0.0,0.0,2026-11-26,23
2026-11-27 00:00:00,BE,3750.9,172.7,5692.7,1941.8,0.0,0.0,2026-11-27,0
2026-11-27 01:00:00,BE,3937.4,152.4,5721.4,1784.0,0.0,0.0,2026-11-27,1
2026-11-27 02:00:00,BE,3611.3,464.7,6164.7,2553.4,0.0,0.0,2026-11-27,2
2026-11-27 03:00:00,BE,3515.7,309.1,6054.1,2538.4,0.0,0.0,2026-11-27,3
2026-11-27 04:00:00,BE,3198.2,573.1,6294.1,3095.9,0.0,0.0,2026-11-27,4
2026-11-27 05:00:00,BE,3287.4,543.1,6201.1,2913.7,0.0,0.0,2026-11-27,5
2026-11-27 06:00:00,BE,3449.1,542.5,6215.5,2766.4,0.0,0.0,2026-11-27,6
2026-11-27 07:00:00,BE,3384.2,571.4,6182.4,2798.2,0.0,0.0,2026-11-27,7
2026-11-27 08:00:00,BE,3519.2,753.1,6465.1,2945.9,0.0,0.0,2026-11-27,8
2026-11-27 09:00:00,BE,3638.4,608.2,6217.2,2578.8,0.0,0.0,2026-11-27,9
2026-11-27 10:00:00,BE,3633.1,570.5,6153.5,2520.4,0.0,0.0,2026-11-27,10
2026-11-27 11:00:00,BE,4115.5,787.0,6402.0,2286.5,0.0,0.0,2026-11-27,11
2026-11-27 12:00:00,BE,3889.5,788.4,6431.4,2541.9,0.0,0.0,2026-11-27,12
2026-11-27 13:00:00,BE,4155.4,1152.3,6757.3,2601.9,0.0,0.0,2026-11-27,13
2026-11-27 14:00:00,BE,4236.9,644.0,6410.0,2173.1,0.0,0.0,2026-11-27,14
2026-11-27 15:00:00,BE,4514.0,1074.3,6673.3,2159.3,0.0,0.0,2026-11-27,15
2026-11-27 16:00:00,BE,4338.6,421.3,6012.3,1673.7,0.0,0.0,2026-11-27,16
2026-11-27 17:00:00,BE,4356.8,539.8,6149.8,1793.0,0.0,0.0,2026-11-27,17
2026-11-27 18:00:00,BE,4376.9,300.2,5937.2,1560.3,0.0,0.0,2026-11-27,18
2026-11-27 19:00:00,BE,4478.3,296.0,5967.0,1488.7,0.0,0.0,2026-11-27,19
2026-11-27 20:00:00,BE,4451.7,163.0,5714.0,1262.3,0.02,4.77,2026-11-27,20
2026-11-27 21:00:00,BE,4210.8,968.3,6626.3,2415.5,0.0,0.0,2026-11-27,21
2026-11-27 22:00:00,BE,4225.7,355.9,6067.9,1842.2,0.0,0.0,2026-11-27,22
2026-11-27 23:00:00,BE,3884.7,329.3,5959.3,2074.6,0.0,0.0,2026-11-27,23
2026-11-28 00:00:00,BE,4134.3,415.1,5967.1,1832.8,0.02,2.38,2026-11-28,0
2026-11-28 01:00:00,BE,3956.9,529.7,6180.7,2223.8,0.0,0.0,2026-11-28,1
2026-11-28 02:00:00,BE,3795.9,537.1,6166.1,2370.2,0.0,0.0,2026-11-28,2
2026-11-28 03:00:00,BE,3582.8,407.4,6058.4,2475.6,0.0,0.0,2026-11-28,3
2026-11-28 04:00:00,BE,3442.2,790.8,6447.8,3005.6,0.0,0.0,2026-11-28,4
2026-11-28 05:00:00,BE,3529.3,525.2,6129.2,2599.9,0.0,0.0,2026-11-28,5
2026-11-28 06:00:00,BE,3364.5,248.1,5849.1,2484.6,0.0,0.0,2026-11-28,6
2026-11-28 07:00:00,BE,3291.1,594.6,6237.6,2946.5,0.0,0.0,2026-11-28,7
2026-11-28 08:00:00,BE,3579.2,898.2,6601.2,3022.0,0.0,0.0,2026-11-28,8
2026-11-28 09:00:00,BE,3619.5,954.8,6622.8,3003.3,0.0,0.0,2026-11-28,9
2026-11-28 10:00:00,BE,3872.6,609.0,6190.0,2317.4,0.0,0.0,2026-11-28,10
2026-11-28 11:00:00,BE,3728.2,728.7,6434.7,2706.5,0.0,0.0,2026-11-28,11
2026-11-28 12:00:00,BE,4064.4,1432.8,7140.8,3076.4,0.0,0.0,2026-11-28,12
2026-11-28 13:00:00,BE,4008.9,1004.8,6601.8,2592.9,0.0,0.0,2026-11-28,13
2026-11-28 14:00:00,BE,4208.0,1069.7,6695.7,2487.7,0.0,0.0,2026-11-28,14
2026-11-28 15:00:00,BE,4361.6,429.6,5933.6,1572.0,0.02,11.64,2026-11-28,15
2026-11-28 16:00:00,BE,4404.0,503.1,6192.1,1788.1,0.0,0.0,2026-11-28,16
2026-11-28 17:00:00,BE,4345.2,501.5,6203.5,1858.3,0.0,0.0,2026-11-28,17
2026-11-28 18:00:00,BE,4555.8,247.1,5926.1,1370.3,0.0,0.0,2026-11-28,18
2026-11-28 19:00:00,BE,4307.2,371.1,6009.1,1701.9,0.0,0.0,2026-11-28,19
2026-11-28 20:00:00,BE,4549.5,73.7,5659.7,1110.2,0.0,0.0,2026-11-28,20
2026-11-28 21:00:00,BE,4073.8,578.9,6229.9,2156.1,0.0,0.0,2026-11-28,21
2026-11-28 22:00:00,BE,4327.8,182.1,5861.1,1533.3,0.0,0.0,2026-11-28,22
2026-11-28 23:00:00,BE,4003.3,495.9,6105.9,2102.6,0.0,0.0,2026-11-28,23
2026-11-29 00:00:00,BE,3901.1,249.8,5960.8,2059.7,0.0,0.0,2026-11-29,0
2026-11-29 01:00:00,BE,3618.3,422.9,6148.9,2530.6,0.0,0.0,2026-11-29,1
2026-11-29 02:00:00,BE,3688.5,133.4,5875.4,2186.9,0.0,0.0,2026-11-29,2
2026-11-29 03:00:00,BE,3630.0,243.8,5814.8,2184.8,0.0,0.0,2026-11-29,3
2026-11-29 04:00:00,BE,3611.6,575.2,6189.2,2577.6,0.0,0.0,2026-11-29,4
2026-11-29 05:00:00,BE,3605.5,137.2,5728.2,2122.7,0.0,0.0,2026-11-29,5
2026-11-29 06:00:00,BE,3442.0,872.0,6489.0,3047.0,0.0,0.0,2026-11-29,6
2026-11-29 07:00:00,BE,3483.6,179.9,5802.9,2319.3,0.0,0.0,2026-11-29,7
2026-11-29 08:00:00,BE,3574.4,690.7,6319.7,2745.3,0.0,0.0,2026-11-29,8
2026-11-29 09:00:00,BE,3645.4,451.0,6103.0,2457.6,0.0,0.0,2026-11-29,9
2026-11-29 10:00:00,BE,3877.3,859.6,6537.6,2660.3,0.0,0.0,2026-11-29,10
2026-11-29 11:00:00,BE,3860.0,684.9,6395.9,2535.9,0.0,0.0,2026-11-29,11
2026-11-29 12:00:00,BE,3868.4,1177.8,6830.8,2962.4,0.0,0.0,2026-11-29,12
2026-11-29 13:00:00,BE,4163.8,824.7,6379.7,2215.9,0.0,0.0,2026-11-29,13
2026-11-29 14:00:00,BE,4000.0,923.2,6561.2,2561.2,0.0,0.0,2026-11-29,14
2026-11-29 15:00:00,BE,4170.0,866.8,6462.8,2292.8,0.0,0.0,2026-11-29,15
2026-11-29 16:00:00,BE,4367.8,762.4,6395.4,2027.6,0.0,0.0,2026-11-29,16
2026-11-29 17:00:00,BE,4437.6,577.1,6139.1,1701.5,0.0,0.0,2026-11-29,17
2026-11-29 18:00:00,BE,4620.4,310.4,5945.4,1325.0,0.02,2.2,2026-11-29,18
2026-11-29 19:00:00,BE,4460.2,694.0,6388.0,1927.8,0.0,0.0,2026-11-29,19
2026-11-29 20:00:00,BE,4373.8,373.2,6081.2,1707.4,0.02,4.01,2026-11-29,20
2026-11-29 21:00:00,BE,4410.6,404.6,6126.6,1716.0,0.0,0.0,2026-11-29,21
2026-11-29 22:00:00,BE,4288.6,209.5,5900.5,1611.9,0.0,0.0,2026-11-29,22
2026-11-29 23:00:00,BE,4172.0,779.9,6432.9,2260.9,0.0,0.0,2026-11-29,23
2026-11-30 00:00:00,BE,4093.1,264.8,5865.8,1772.7,0.0,0.0,2026-11-30,0
2026-11-30 01:00:00,BE,3930.6,299.2,5989.2,2058.6,0.0,0.0,2026-11-30,1
2026-11-30 02:00:00,BE,3718.7,487.3,6167.3,2448.6,0.0,0.0,2026-11-30,2
2026-11-30 03:00:00,BE,3552.2,288.9,5954.9,2402.7,0.0,0.0,2026-11-30,3
2026-11-30 04:00:00,BE,3379.7,276.9,5937.9,2558.2,0.0,0.0,2026-11-30,4
2026-11-30 05:00:00,BE,3574.6,174.2,5877.2,2302.6,0.0,0.0,2026-11-30,5
2026-11-30 06:00:00,BE,3486.0,206.9,5811.9,2325.9,0.0,0.0,2026-11-30,6
2026-11-30 07:00:00,BE,3592.5,929.7,6599.7,3007.2,0.0,0.0,2026-11-30,7
2026-11-30 08:00:00,BE,3522.2,972.1,6692.1,3169.9,0.0,0.0,2026-11-30,8
2026-11-30 09:00:00,BE,3669.7,830.6,6523.6,2853.9,0.0,0.0,2026-11-30,9
2026-11-30 10:00:00,BE,3737.9,1067.5,6587.5,2849.6,0.0,0.0,2026-11-30,10
2026-11-30 11:00:00,BE,3665.4,627.9,6245.9,2580.5,0.0,0.0,2026-11-30,11
2026-11-30 12:00:00,BE,3933.1,1282.5,6919.5,2986.4,0.0,0.0,2026-11-30,12
2026-11-30 13:00:00,BE,3853.1,498.4,6201.4,2348.3,0.0,0.0,2026-11-30,13
2026-11-30 14:00:00,BE,4229.3,971.0,6621.0,2391.7,0.0,0.0,2026-11-30,14
2026-11-30 15:00:00,BE,4689.0,564.8,6279.8,1590.8,0.0,0.0,2026-11-30,15
2026-11-30 16:00:00,BE,4540.1,600.8,6227.8,1687.7,0.0,0.0,2026-11-30,16
2026-11-30 17:00:00,BE,4622.9,580.7,6236.7,1613.8,0.0,0.0,2026-11-30,17
2026-11-30 18:00:00,BE,4444.6,364.5,6038.5,1593.9,0.0,0.0,2026-11-30,18
2026-11-30 19:00:00,BE,4361.1,432.5,6090.5,1729.4,0.0,0.0,2026-11-30,19
2026-11-30 20:00:00,BE,4359.7,357.5,5999.5,1639.8,0.0,0.0,2026-11-30,20
2026-11-30 21:00:00,BE,4416.6,101.3,5711.3,1294.7,0.02,16.31,2026-11-30,21
2026-11-30 22:00:00,BE,4097.3,455.1,5966.1,1868.8,0.0,0.0,2026-11-30,22
2026-11-30 23:00:00,BE,4391.3,227.7,5949.7,1558.4,0.0,0.0,2026-11-30,23
2026-12-01 00:00:00,BE,3914.5,127.3,5704.3,1789.8,0.0,0.0,2026-12-01,0
2026-12-01 01:00:00,BE,3814.0,256.3,5868.3,2054.3,0.0,0.0,2026-12-01,1
2026-12-01 02:00:00,BE,3873.2,349.0,6005.0,2131.8,0.0,0.0,2026-12-01,2
2026-12-01 03:00:00,BE,3676.0,59.0,5620.0,1944.0,0.0,0.0,2026-12-01,3
2026-12-01 04:00:00,BE,3649.5,505.2,6163.2,2513.7,0.0,0.0,2026-12-01,4
2026-12-01 05:00:00,BE,3230.8,598.3,6188.3,2957.5,0.0,0.0,2026-12-01,5
2026-12-01 06:00:00,BE,3439.6,198.3,5887.3,2447.7,0.0,0.0,2026-12-01,6
2026-12-01 07:00:00,BE,3483.1,484.0,6064.0,2580.9,0.0,0.0,2026-12-01,7
2026-12-01 08:00:00,BE,3548.4,858.9,6476.9,2928.5,0.0,0.0,2026-12-01,8
2026-12-01 09:00:00,BE,3833.6,696.9,6342.9,2509.3,0.0,0.0,2026-12-01,9
2026-12-01 10:00:00,BE,3652.6,912.0,6553.0,2900.4,0.0,0.0,2026-12-01,10
2026-12-01 11:00:00,BE,3883.1,522.5,6140.5,2257.4,0.0,0.0,2026-12-01,11
2026-12-01 12:00:00,BE,4187.0,1065.4,6644.4,2457.4,0.0,0.0,2026-12-01,12
2026-12-01 13:00:00,BE,3852.9,649.9,6284.9,2432.0,0.0,0.0,2026-12-01,13
2026-12-01 14:00:00,BE,4062.1,825.5,6479.5,2417.4,0.0,0.0,2026-12-01,14
2026-12-01 15:00:00,BE,4288.6,686.0,6354.0,2065.4,0.0,0.0,2026-12-01,15
2026-12-01 16:00:00,BE,4304.9,585.9,6176.9,1872.0,0.0,0.0,2026-12-01,16
2026-12-01 17:00:00,BE,4321.0,346.9,5991.9,1670.9,0.0,0.0,2026-12-01,17
2026-12-01 18:00:00,BE,4510.2,242.5,5895.5,1385.3,0.0,0.0,2026-12-01,18
2026-12-01 19:00:00,BE,4639.2,360.8,6117.8,1478.6,0.0,0.0,2026-12-01,19
2026-12-01 20:00:00,BE,4262.8,327.3,5903.3,1640.5,0.0,0.0,2026-12-01,20
2026-12-01 21:00:00,BE,4473.8,151.1,5818.1,1344.3,0.0,0.0,2026-12-01,21
2026-12-01 22:00:00,BE,4113.4,133.8,5858.8,1745.4,0.0,0.0,2026-12-01,22
2026-12-01 23:00:00,BE,4045.8,115.2,5753.2,1707.4,0.0,0.0,2026-12-01,23
2026-12-02 00:00:00,BE,4106.9,574.2,6235.2,2128.3,0.0,0.0,2026-12-02,0
2026-12-02 01:00:00,BE,3935.2,378.0,5973.0,2037.8,0.02,13.14,2026-12-02,1
2026-12-02 02:00:00,BE,3737.1,715.0,6381.0,2643.9,0.0,0.0,2026-12-02,2
2026-12-02 03:00:00,BE,3627.3,201.9,5854.9,2227.6,0.0,0.0,2026-12-02,3
2026-12-02 04:00:00,BE,3541.8,352.8,5984.8,2443.0,0.0,0.0,2026-12-02,4
2026-12-02 05:00:00,BE,3352.9,180.8,5864.8,2511.9,0.0,0.0,2026-12-02,5
2026-12-02 06:00:00,BE,3632.0,384.4,6079.4,2447.4,0.0,0.0,2026-12-02,6
2026-12-02 07:00:00,BE,3570.5,495.7,6172.7,2602.2,0.0,0.0,2026-12-02,7
2026-12-02 08:00:00,BE,3331.5,898.2,6539.2,3207.7,0.0,0.0,2026-12-02,8
2026-12-02 09:00:00,BE,3755.9,1030.6,6679.6,2923.7,0.0,0.0,2026-12-02,9
2026-12-02 10:00:00,BE,3574.0,748.7,6403.7,2829.7,0.0,0.0,2026-12-02,10
2026-12-02 11:00:00,BE,3937.0,1032.5,6480.5,2543.5,0.0,0.0,2026-12-02,11
2026-12-02 12:00:00,BE,3824.6,1101.3,6626.3,2801.7,0.0,0.0,2026-12-02,12
2026-12-02 13:00:00,BE,4359.2,1215.6,6873.6,2514.4,0.0,0.0,2026-12-02,13
2026-12-02 14:00:00,BE,4385.5,978.4,6645.4,2259.9,0.0,0.0,2026-12-02,14
2026-12-02 15:00:00,BE,4461.5,825.5,6490.5,2029.0,0.0,0.0,2026-12-02,15
2026-12-02 16:00:00,BE,4501.5,817.6,6418.6,1917.1,0.0,0.0,2026-12-02,16
2026-12-02 17:00:00,BE,4319.3,568.4,6165.4,1846.1,0.0,0.0,2026-12-02,17
2026-12-02 18:00:00,BE,4358.3,165.9,5688.9,1330.6,0.02,4.85,2026-12-02,18
2026-12-02 19:00:00,BE,4634.7,432.0,5966.0,1331.3,0.02,11.05,2026-12-02,19
2026-12-02 20:00:00,BE,4483.4,849.4,6495.4,2012.0,0.0,0.0,2026-12-02,20
2026-12-02 21:00:00,BE,4399.3,1022.3,6607.3,2208.0,0.0,0.0,2026-12-02,21
2026-12-02 22:00:00,BE,4140.5,339.7,6029.7,1889.2,0.0,0.0,2026-12-02,22
2026-12-02 23:00:00,BE,4058.2,456.0,6161.0,2102.8,0.0,0.0,2026-12-02,23
2026-12-03 00:00:00,BE,3947.3,752.4,6301.4,2354.1,0.02,5.9,2026-12-03,0
2026-12-03 01:00:00,BE,3924.4,243.8,5918.8,1994.4,0.0,0.0,2026-12-03,1
2026-12-03 02:00:00,BE,3886.7,431.3,6099.3,2212.6,0.0,0.0,2026-12-03,2
2026-12-03 03:00:00,BE,3883.4,319.0,5942.0,2058.6,0.0,0.0,2026-12-03,3
2026-12-03 04:00:00,BE,3559.7,511.7,6209.7,2650.0,0.0,0.0,2026-12-03,4
2026-12-03 05:00:00,BE,3545.0,489.7,6178.7,2633.7,0.0,0.0,2026-12-03,5
2026-12-03 06:00:00,BE,3404.9,244.9,5824.9,2420.0,0.0,0.0,2026-12-03,6
2026-12-03 07:00:00,BE,3259.9,298.7,6009.7,2749.8,0.0,0.0,2026-12-03,7
2026-12-03 08:00:00,BE,3638.3,537.4,6217.4,2579.1,0.0,0.0,2026-12-03,8
2026-12-03 09:00:00,BE,3440.1,954.1,6665.1,3225.0,0.0,0.0,2026-12-03,9
2026-12-03 10:00:00,BE,3684.0,1008.0,6660.0,2976.0,0.0,0.0,2026-12-03,10
2026-12-03 11:00:00,BE,3874.3,1164.3,6837.3,2963.0,0.0,0.0,2026-12-03,11
2026-12-03 12:00:00,BE,4058.2,1011.9,6657.9,2599.7,0.0,0.0,2026-12-03,12
2026-12-03 13:00:00,BE,4111.8,1023.8,6655.8,2544.0,0.0,0.0,2026-12-03,13
2026-12-03 14:00:00,BE,4355.6,739.0,6343.0,1987.4,0.0,0.0,2026-12-03,14
2026-12-03 15:00:00,BE,4473.9,670.6,6276.6,1802.7,0.0,0.0,2026-12-03,15
2026-12-03 16:00:00,BE,4359.1,413.2,5988.2,1629.1,0.0,0.0,2026-12-03,16
2026-12-03 17:00:00,BE,4346.7,404.1,6123.1,1776.4,0.0,0.0,2026-12-03,17
2026-12-03 18:00:00,BE,4546.5,155.6,5843.6,1297.1,0.0,0.0,2026-12-03,18
2026-12-03 19:00:00,BE,4505.4,608.3,6298.3,1792.9,0.0,0.0,2026-12-03,19
2026-12-03 20:00:00,BE,4455.3,402.4,6098.4,1643.1,0.0,0.0,2026-12-03,20
2026-12-03 21:00:00,BE,4416.4,414.7,6033.7,1617.3,0.0,0.0,2026-12-03,21
2026-12-03 22:00:00,BE,4050.7,286.8,5906.8,1856.1,0.0,0.0,2026-12-03,22
2026-12-03 23:00:00,BE,4086.7,609.8,6267.8,2181.1,0.0,0.0,2026-12-03,23
2026-12-04 00:00:00,BE,4196.0,144.1,5806.1,1610.1,0.0,0.0,2026-12-04,0
2026-12-04 01:00:00,BE,3809.2,832.9,6488.9,2679.7,0.0,0.0,2026-12-04,1
2026-12-04 02:00:00,BE,3807.1,139.1,5737.1,1930.0,0.0,0.0,2026-12-04,2
2026-12-04 03:00:00,BE,3560.8,897.0,6678.0,3117.2,0.0,0.0,2026-12-04,3
2026-12-04 04:00:00,BE,3694.7,139.8,5813.8,2119.1,0.0,0.0,2026-12-04,4
2026-12-04 05:00:00,BE,3531.8,614.3,6310.3,2778.5,0.0,0.0,2026-12-04,5
2026-12-04 06:00:00,BE,3388.2,423.8,6026.8,2638.6,0.0,0.0,2026-12-04,6
2026-12-04 07:00:00,BE,3715.7,365.2,6062.2,2346.5,0.0,0.0,2026-12-04,7
2026-12-04 08:00:00,BE,3256.7,560.6,6168.6,2911.9,0.0,0.0,2026-12-04,8
2026-12-04 09:00:00,BE,3532.7,652.8,6438.8,2906.1,0.0,0.0,2026-12-04,9
2026-12-04 10:00:00,BE,3858.0,741.9,6457.9,2599.9,0.0,0.0,2026-12-04,10
2026-12-04 11:00:00,BE,3740.4,856.7,6467.7,2727.3,0.0,0.0,2026-12-04,11
2026-12-04 12:00:00,BE,3846.2,615.5,6328.5,2482.3,0.0,0.0,2026-12-04,12
2026-12-04 13:00:00,BE,3957.8,584.1,6220.1,2262.3,0.0,0.0,2026-12-04,13
2026-12-04 14:00:00,BE,4187.6,679.8,6382.8,2195.2,0.0,0.0,2026-12-04,14
2026-12-04 15:00:00,BE,4363.5,997.3,6645.3,2281.8,0.0,0.0,2026-12-04,15
2026-12-04 16:00:00,BE,4271.0,281.1,5929.1,1658.1,0.0,0.0,2026-12-04,16
2026-12-04 17:00:00,BE,4533.0,377.4,6034.4,1501.4,0.0,0.0,2026-12-04,17
2026-12-04 18:00:00,BE,4560.4,486.5,6161.5,1601.1,0.0,0.0,2026-12-04,18
2026-12-04 19:00:00,BE,4562.1,86.0,5698.0,1135.9,0.02,2.52,2026-12-04,19
2026-12-04 20:00:00,BE,4301.6,216.3,5884.3,1582.7,0.0,0.0,2026-12-04,20
2026-12-04 21:00:00,BE,4404.1,432.3,6039.3,1635.2,0.0,0.0,2026-12-04,21
2026-12-04 22:00:00,BE,4137.5,243.9,5917.9,1780.4,0.0,0.0,2026-12-04,22
2026-12-04 23:00:00,BE,4120.0,409.6,6091.6,1971.6,0.0,0.0,2026-12-04,23
2026-12-05 00:00:00,BE,4027.7,477.3,6167.3,2139.6,0.0,0.0,2026-12-05,0
2026-12-05 01:00:00,BE,4085.1,546.0,6210.0,2124.9,0.0,0.0,2026-12-05,1
2026-12-05 02:00:00,BE,3890.9,585.8,6190.8,2299.9,0.0,0.0,2026-12-05,2
2026-12-05 03:00:00,BE,3740.5,410.9,6026.9,2286.4,0.0,0.0,2026-12-05,3
2026-12-05 04:00:00,BE,3753.1,487.9,6045.9,2292.8,0.0,0.0,2026-12-05,4
2026-12-05 05:00:00,BE,3413.1,395.8,6098.8,2685.7,0.0,0.0,2026-12-05,5
2026-12-05 06:00:00,BE,3417.8,426.0,6104.0,2686.2,0.0,0.0,2026-12-05,6
2026-12-05 07:00:00,BE,3531.0,475.7,6149.7,2618.7,0.0,0.0,2026-12-05,7
2026-12-05 08:00:00,BE,3702.6,759.6,6352.6,2650.0,0.0,0.0,2026-12-05,8
2026-12-05 09:00:00,BE,3729.7,1050.2,6708.2,2978.5,0.0,0.0,2026-12-05,9
2026-12-05 10:00:00,BE,3789.6,567.8,6161.8,2372.2,0.0,0.0,2026-12-05,10
2026-12-05 11:00:00,BE,4065.7,670.6,6394.6,2328.9,0.0,0.0,2026-12-05,11
2026-12-05 12:00:00,BE,4070.2,525.8,6257.8,2187.6,0.0,0.0,2026-12-05,12
2026-12-05 13:00:00,BE,4156.0,926.5,6599.5,2443.5,0.0,0.0,2026-12-05,13
2026-12-05 14:00:00,BE,4216.3,587.6,6180.6,1964.3,0.0,0.0,2026-12-05,14
2026-12-05 15:00:00,BE,4474.1,846.2,6539.2,2065.1,0.0,0.0,2026-12-05,15
2026-12-05 16:00:00,BE,4328.2,830.4,6574.4,2246.2,0.0,0.0,2026-12-05,16
2026-12-05 17:00:00,BE,4572.1,387.6,5902.6,1330.5,0.02,7.69,2026-12-05,17
2026-12-05 18:00:00,BE,4598.8,284.9,5888.9,1290.1,0.02,7.28,2026-12-05,18
2026-12-05 19:00:00,BE,4528.4,558.5,6191.5,1663.1,0.0,0.0,2026-12-05,19
2026-12-05 20:00:00,BE,4592.4,241.0,5803.0,1210.6,0.04,17.06,2026-12-05,20
2026-12-05 21:00:00,BE,4582.8,534.7,6157.7,1574.9,0.02,4.96,2026-12-05,21
2026-12-05 22:00:00,BE,4154.7,266.9,5954.9,1800.2,0.0,0.0,2026-12-05,22
2026-12-05 23:00:00,BE,4221.1,847.9,6569.9,2348.8,0.0,0.0,2026-12-05,23
2026-12-06 00:00:00,BE,3926.4,451.6,6097.6,2171.2,0.0,0.0,2026-12-06,0
2026-12-06 01:00:00,BE,3932.2,740.4,6369.4,2437.2,0.0,0.0,2026-12-06,1
2026-12-06 02:00:00,BE,3722.8,638.5,6371.5,2648.7,0.0,0.0,2026-12-06,2
2026-12-06 03:00:00,BE,3597.9,353.8,6002.8,2404.9,0.0,0.0,2026-12-06,3
2026-12-06 04:00:00,BE,3550.6,739.4,6435.4,2884.8,0.0,0.0,2026-12-06,4
2026-12-06 05:00:00,BE,3605.7,220.4,5913.4,2307.7,0.0,0.0,2026-12-06,5
2026-12-06 06:00:00,BE,3536.8,12.8,5589.8,2053.0,0.0,0.0,2026-12-06,6
2026-12-06 07:00:00,BE,3517.9,441.7,6087.7,2569.8,0.0,0.0,2026-12-06,7
2026-12-06 08:00:00,BE,3731.3,864.6,6552.6,2821.3,0.0,0.0,2026-12-06,8
2026-12-06 09:00:00,BE,3804.6,557.7,6186.7,2382.1,0.0,0.0,2026-12-06,9
2026-12-06 10:00:00,BE,3789.0,616.7,6321.7,2532.7,0.0,0.0,2026-12-06,10
2026-12-06 11:00:00,BE,3710.5,979.5,6628.5,2918.0,0.0,0.0,2026-12-06,11
2026-12-06 12:00:00,BE,3728.9,1021.2,6633.2,2904.3,0.0,0.0,2026-12-06,12
2026-12-06 13:00:00,BE,4109.5,530.2,6155.2,2045.7,0.0,0.0,2026-12-06,13
2026-12-06 14:00:00,BE,4347.2,864.1,6540.1,2192.9,0.0,0.0,2026-12-06,14
2026-12-06 15:00:00,BE,4241.9,584.1,6176.1,1934.2,0.02,1.16,2026-12-06,15
2026-12-06 16:00:00,BE,4600.9,598.8,6254.8,1653.9,0.0,0.0,2026-12-06,16
2026-12-06 17:00:00,BE,4394.7,512.3,6096.3,1701.6,0.02,7.65,2026-12-06,17
2026-12-06 18:00:00,BE,4686.3,484.7,6159.7,1473.4,0.02,3.03,2026-12-06,18
2026-12-06 19:00:00,BE,4658.9,265.9,5861.9,1203.0,0.02,15.86,2026-12-06,19
2026-12-06 20:00:00,BE,4553.7,122.2,5776.2,1222.5,0.0,0.0,2026-12-06,20
2026-12-06 21:00:00,BE,4281.8,475.0,6136.0,1854.2,0.0,0.0,2026-12-06,21
2026-12-06 22:00:00,BE,4465.2,95.0,5664.0,1198.8,0.0,0.0,2026-12-06,22
2026-12-06 23:00:00,BE,4133.3,282.9,5899.9,1766.6,0.0,0.0,2026-12-06,23
2026-12-07 00:00:00,BE,4004.5,213.9,5913.9,1909.4,0.0,0.0,2026-12-07,0
2026-12-07 01:00:00,BE,3896.4,303.3,5994.3,2097.9,0.0,0.0,2026-12-07,1
2026-12-07 02:00:00,BE,3604.3,651.0,6261.0,2656.7,0.0,0.0,2026-12-07,2
2026-12-07 03:00:00,BE,3758.3,460.0,6055.0,2296.7,0.0,0.0,2026-12-07,3
2026-12-07 04:00:00,BE,3738.3,31.1,5707.1,1968.8,0.0,0.0,2026-12-07,4
2026-12-07 05:00:00,BE,3651.1,400.1,6026.1,2375.0,0.0,0.0,2026-12-07,5
2026-12-07 06:00:00,BE,3489.3,93.6,5677.6,2188.3,0.0,0.0,2026-12-07,6
2026-12-07 07:00:00,BE,3461.5,234.6,5722.6,2261.1,0.0,0.0,2026-12-07,7
2026-12-07 08:00:00,BE,3526.7,646.3,6254.3,2727.6,0.0,0.0,2026-12-07,8
2026-12-07 09:00:00,BE,3853.3,695.3,6268.3,2415.0,0.0,0.0,2026-12-07,9
2026-12-07 10:00:00,BE,3904.9,517.3,6254.3,2349.4,0.0,0.0,2026-12-07,10
2026-12-07 11:00:00,BE,3874.1,1018.7,6676.7,2802.6,0.0,0.0,2026-12-07,11
2026-12-07 12:00:00,BE,3961.0,1413.7,6890.7,2929.7,0.0,0.0,2026-12-07,12
2026-12-07 13:00:00,BE,4004.3,1144.8,6754.8,2750.5,0.0,0.0,2026-12-07,13
2026-12-07 14:00:00,BE,4237.9,579.9,6212.9,1975.0,0.0,0.0,2026-12-07,14
2026-12-07 15:00:00,BE,4313.8,734.7,6326.7,2012.9,0.0,0.0,2026-12-07,15
2026-12-07 16:00:00,BE,4621.3,618.0,6197.0,1575.7,0.0,0.0,2026-12-07,16
2026-12-07 17:00:00,BE,4312.3,303.7,6033.7,1721.4,0.0,0.0,2026-12-07,17
2026-12-07 18:00:00,BE,4524.2,791.3,6470.3,1946.1,0.0,0.0,2026-12-07,18
2026-12-07 19:00:00,BE,4700.8,586.3,6222.3,1521.5,0.02,4.29,2026-12-07,19
2026-12-07 20:00:00,BE,4464.0,502.4,6270.4,1806.4,0.0,0.0,2026-12-07,20
2026-12-07 21:00:00,BE,4341.5,99.9,5725.9,1384.4,0.0,0.0,2026-12-07,21
2026-12-07 22:00:00,BE,4068.4,525.3,6185.3,2116.9,0.0,0.0,2026-12-07,22
2026-12-07 23:00:00,BE,4272.7,393.2,5991.2,1718.5,0.0,0.0,2026-12-07,23
2026-12-08 00:00:00,BE,4010.1,491.4,6081.4,2071.3,0.0,0.0,2026-12-08,0
2026-12-08 01:00:00,BE,3809.7,34.5,5745.5,1935.8,0.0,0.0,2026-12-08,1
2026-12-08 02:00:00,BE,3882.8,550.5,6309.5,2426.7,0.0,0.0,2026-12-08,2
2026-12-08 03:00:00,BE,3665.6,255.4,5938.4,2272.8,0.0,0.0,2026-12-08,3
2026-12-08 04:00:00,BE,3421.7,458.0,6114.0,2692.3,0.0,0.0,2026-12-08,4
2026-12-08 05:00:00,BE,3597.2,314.3,5951.3,2354.1,0.0,0.0,2026-12-08,5
2026-12-08 06:00:00,BE,3644.5,462.3,6191.3,2546.8,0.0,0.0,2026-12-08,6
2026-12-08 07:00:00,BE,3468.0,347.0,5987.0,2519.0,0.0,0.0,2026-12-08,7
2026-12-08 08:00:00,BE,3816.7,631.4,6315.4,2498.7,0.0,0.0,2026-12-08,8
2026-12-08 09:00:00,BE,3543.9,452.7,6013.7,2469.8,0.0,0.0,2026-12-08,9
2026-12-08 10:00:00,BE,4027.8,706.8,6389.8,2362.0,0.0,0.0,2026-12-08,10
2026-12-08 11:00:00,BE,3856.4,610.7,6322.7,2466.3,0.0,0.0,2026-12-08,11
2026-12-08 12:00:00,BE,4286.8,1105.4,6835.4,2548.6,0.0,0.0,2026-12-08,12
2026-12-08 13:00:00,BE,4183.4,482.7,6188.7,2005.3,0.0,0.0,2026-12-08,13
2026-12-08 14:00:00,BE,4261.2,742.2,6355.2,2094.0,0.02,0.38,2026-12-08,14
2026-12-08 15:00:00,BE,4273.8,730.9,6378.9,2105.1,0.0,0.0,2026-12-08,15
2026-12-08 16:00:00,BE,4410.0,607.6,6372.6,1962.6,0.0,0.0,2026-12-08,16
2026-12-08 17:00:00,BE,4341.0,464.6,6100.6,1759.6,0.0,0.0,2026-12-08,17
2026-12-08 18:00:00,BE,4450.9,889.9,6586.9,2136.0,0.0,0.0,2026-12-08,18
2026-12-08 19:00:00,BE,4666.2,220.9,5801.9,1135.7,0.02,27.91,2026-12-08,19
2026-12-08 20:00:00,BE,4373.1,336.3,6077.3,1704.2,0.0,0.0,2026-12-08,20
2026-12-08 21:00:00,BE,4541.3,91.5,5715.5,1174.2,0.0,0.0,2026-12-08,21
2026-12-08 22:00:00,BE,4264.4,446.0,6060.0,1795.6,0.0,0.0,2026-12-08,22
2026-12-08 23:00:00,BE,4179.0,245.6,5950.6,1771.6,0.0,0.0,2026-12-08,23
2026-12-09 00:00:00,BE,4047.8,335.5,5910.5,1862.7,0.0,0.0,2026-12-09,0
2026-12-09 01:00:00,BE,3814.0,319.9,6011.9,2197.9,0.0,0.0,2026-12-09,1
2026-12-09 02:00:00,BE,3907.8,325.2,5906.2,1998.4,0.0,0.0,2026-12-09,2
2026-12-09 03:00:00,BE,3628.1,323.0,5911.0,2282.9,0.0,0.0,2026-12-09,3
2026-12-09 04:00:00,BE,3518.6,199.8,5808.8,2290.2,0.0,0.0,2026-12-09,4
2026-12-09 05:00:00,BE,3714.9,289.6,5884.6,2169.7,0.0,0.0,2026-12-09,5
2026-12-09 06:00:00,BE,3475.2,249.7,5930.7,2455.5,0.0,0.0,2026-12-09,6
2026-12-09 07:00:00,BE,3412.5,1045.5,6630.5,3218.0,0.0,0.0,2026-12-09,7
2026-12-09 08:00:00,BE,3540.4,508.5,6264.5,2724.1,0.0,0.0,2026-12-09,8
2026-12-09 09:00:00,BE,3763.0,821.1,6399.1,2636.1,0.0,0.0,2026-12-09,9
2026-12-09 10:00:00,BE,3736.2,1012.7,6576.7,2840.5,0.0,0.0,2026-12-09,10
2026-12-09 11:00:00,BE,3939.8,658.1,6275.1,2335.3,0.0,0.0,2026-12-09,11
2026-12-09 12:00:00,BE,4117.3,1183.0,6779.0,2661.7,0.0,0.0,2026-12-09,12
2026-12-09 13:00:00,BE,4283.0,928.7,6605.7,2322.7,0.0,0.0,2026-12-09,13
2026-12-09 14:00:00,BE,4474.5,776.8,6439.8,1965.3,0.02,16.95,2026-12-09,14
2026-12-09 15:00:00,BE,4535.7,672.9,6450.9,1915.2,0.0,0.0,2026-12-09,15
2026-12-09 16:00:00,BE,4510.4,436.1,6074.1,1563.7,0.0,0.0,2026-12-09,16
2026-12-09 17:00:00,BE,4435.4,593.7,6272.7,1837.3,0.0,0.0,2026-12-09,17
2026-12-09 18:00:00,BE,4526.2,689.1,6294.1,1767.9,0.0,0.0,2026-12-09,18
2026-12-09 19:00:00,BE,4382.1,281.4,5973.4,1591.3,0.0,0.0,2026-12-09,19
2026-12-09 20:00:00,BE,4405.9,353.7,6021.7,1615.8,0.02,2.04,2026-12-09,20
2026-12-09 21:00:00,BE,4492.2,161.6,5768.6,1276.4,0.0,0.0,2026-12-09,21
2026-12-09 22:00:00,BE,4312.8,691.4,6418.4,2105.6,0.0,0.0,2026-12-09,22
2026-12-09 23:00:00,BE,4105.1,695.6,6340.6,2235.5,0.0,0.0,2026-12-09,23
2026-12-10 00:00:00,BE,4064.6,615.4,6206.4,2141.8,0.0,0.0,2026-12-10,0
2026-12-10 01:00:00,BE,3797.7,234.1,5798.1,2000.4,0.0,0.0,2026-12-10,1
2026-12-10 02:00:00,BE,3907.1,322.1,5987.1,2080.0,0.0,0.0,2026-12-10,2
2026-12-10 03:00:00,BE,3678.5,89.5,5840.5,2162.0,0.0,0.0,2026-12-10,3
2026-12-10 04:00:00,BE,3829.2,393.1,5899.1,2069.9,0.0,0.0,2026-12-10,4
2026-12-10 05:00:00,BE,3424.6,156.5,5893.5,2468.9,0.0,0.0,2026-12-10,5
2026-12-10 06:00:00,BE,3436.2,499.1,6137.1,2700.9,0.0,0.0,2026-12-10,6
2026-12-10 07:00:00,BE,3498.7,367.1,6034.1,2535.4,0.0,0.0,2026-12-10,7
2026-12-10 08:00:00,BE,3630.0,385.2,6033.2,2403.2,0.0,0.0,2026-12-10,8
2026-12-10 09:00:00,BE,3689.7,563.1,6273.1,2583.4,0.0,0.0,2026-12-10,9
2026-12-10 10:00:00,BE,3779.8,637.7,6299.7,2519.9,0.0,0.0,2026-12-10,10
2026-12-10 11:00:00,BE,4046.8,768.9,6294.9,2248.1,0.0,0.0,2026-12-10,11
2026-12-10 12:00:00,BE,4113.7,1062.6,6738.6,2624.9,0.0,0.0,2026-12-10,12
2026-12-10 13:00:00,BE,4010.7,673.5,6286.5,2275.8,0.0,0.0,2026-12-10,13
2026-12-10 14:00:00,BE,4290.3,507.3,6120.3,1830.0,0.0,0.0,2026-12-10,14
2026-12-10 15:00:00,BE,4211.5,903.5,6423.5,2212.0,0.0,0.0,2026-12-10,15
2026-12-10 16:00:00,BE,4682.4,777.3,6457.3,1774.9,0.0,0.0,2026-12-10,16
2026-12-10 17:00:00,BE,4439.3,411.5,5999.5,1560.2,0.02,1.56,2026-12-10,17
2026-12-10 18:00:00,BE,4601.3,87.6,5733.6,1132.3,0.04,0.55,2026-12-10,18
2026-12-10 19:00:00,BE,4479.3,785.0,6335.0,1855.7,0.0,0.0,2026-12-10,19
2026-12-10 20:00:00,BE,4422.7,636.0,6217.0,1794.3,0.0,0.0,2026-12-10,20
2026-12-10 21:00:00,BE,4194.3,144.7,5856.7,1662.4,0.0,0.0,2026-12-10,21
2026-12-10 22:00:00,BE,4256.7,437.1,6244.1,1987.4,0.0,0.0,2026-12-10,22
2026-12-10 23:00:00,BE,4149.1,677.6,6301.6,2152.5,0.0,0.0,2026-12-10,23
2026-12-11 00:00:00,BE,4086.3,122.0,5806.0,1719.7,0.0,0.0,2026-12-11,0
2026-12-11 01:00:00,BE,4062.3,81.0,5776.0,1713.7,0.0,0.0,2026-12-11,1
2026-12-11 02:00:00,BE,3973.8,493.1,6093.1,2119.3,0.0,0.0,2026-12-11,2
2026-12-11 03:00:00,BE,4000.5,721.8,6312.8,2312.3,0.0,0.0,2026-12-11,3
2026-12-11 04:00:00,BE,3390.2,661.7,6265.7,2875.5,0.0,0.0,2026-12-11,4
2026-12-11 05:00:00,BE,3820.5,271.4,5869.4,2048.9,0.0,0.0,2026-12-11,5
2026-12-11 06:00:00,BE,3606.1,271.4,5950.4,2344.3,0.0,0.0,2026-12-11,6
2026-12-11 07:00:00,BE,3637.5,356.0,5964.0,2326.5,0.0,0.0,2026-12-11,7
2026-12-11 08:00:00,BE,3588.0,390.0,6045.0,2457.0,0.0,0.0,2026-12-11,8
2026-12-11 09:00:00,BE,3697.1,803.1,6571.1,2874.0,0.0,0.0,2026-12-11,9
2026-12-11 10:00:00,BE,3877.3,874.4,6560.4,2683.1,0.0,0.0,2026-12-11,10
2026-12-11 11:00:00,BE,3974.8,498.6,6106.6,2131.8,0.0,0.0,2026-12-11,11
2026-12-11 12:00:00,BE,3942.8,1027.1,6711.1,2768.3,0.0,0.0,2026-12-11,12
2026-12-11 13:00:00,BE,4087.0,626.1,6163.1,2076.1,0.0,0.0,2026-12-11,13
2026-12-11 14:00:00,BE,4193.3,526.3,6196.3,2003.0,0.0,0.0,2026-12-11,14
2026-12-11 15:00:00,BE,4334.0,633.7,6252.7,1918.7,0.0,0.0,2026-12-11,15
2026-12-11 16:00:00,BE,4335.8,333.2,5958.2,1622.4,0.0,0.0,2026-12-11,16
2026-12-11 17:00:00,BE,4425.3,293.3,5900.3,1475.0,0.02,3.64,2026-12-11,17
2026-12-11 18:00:00,BE,4684.7,159.5,5818.5,1133.8,0.06,3.51,2026-12-11,18
2026-12-11 19:00:00,BE,4623.6,578.4,6200.4,1576.8,0.02,1.9,2026-12-11,19
2026-12-11 20:00:00,BE,4436.7,351.4,5967.4,1530.7,0.0,0.0,2026-12-11,20
2026-12-11 21:00:00,BE,4308.6,569.0,6221.0,1912.4,0.0,0.0,2026-12-11,21
2026-12-11 22:00:00,BE,4120.8,326.0,5991.0,1870.2,0.0,0.0,2026-12-11,22
2026-12-11 23:00:00,BE,4162.4,434.8,6093.8,1931.4,0.0,0.0,2026-12-11,23
2026-12-12 00:00:00,BE,3819.8,725.3,6400.3,2580.5,0.0,0.0,2026-12-12,0
2026-12-12 01:00:00,BE,3992.5,486.2,6151.2,2158.7,0.0,0.0,2026-12-12,1
2026-12-12 02:00:00,BE,3803.0,212.4,5880.4,2077.4,0.0,0.0,2026-12-12,2
2026-12-12 03:00:00,BE,3591.9,533.0,6226.0,2634.1,0.0,0.0,2026-12-12,3
2026-12-12 04:00:00,BE,3438.0,585.1,6254.1,2816.1,0.0,0.0,2026-12-12,4
2026-12-12 05:00:00,BE,3466.6,789.5,6423.5,2956.9,0.0,0.0,2026-12-12,5
2026-12-12 06:00:00,BE,3670.6,333.3,6010.3,2339.7,0.0,0.0,2026-12-12,6
2026-12-12 07:00:00,BE,3653.6,700.9,6231.9,2578.3,0.0,0.0,2026-12-12,7
2026-12-12 08:00:00,BE,3633.0,476.4,6101.4,2468.4,0.0,0.0,2026-12-12,8
2026-12-12 09:00:00,BE,3737.1,410.0,6018.0,2280.9,0.0,0.0,2026-12-12,9
2026-12-12 10:00:00,BE,3835.2,786.9,6387.9,2552.7,0.0,0.0,2026-12-12,10
2026-12-12 11:00:00,BE,4003.2,991.7,6527.7,2524.5,0.0,0.0,2026-12-12,11
2026-12-12 12:00:00,BE,3888.7,969.8,6635.8,2747.1,0.0,0.0,2026-12-12,12
2026-12-12 13:00:00,BE,4196.6,549.3,6214.3,2017.7,0.0,0.0,2026-12-12,13
2026-12-12 14:00:00,BE,4271.2,827.3,6492.3,2221.1,0.0,0.0,2026-12-12,14
2026-12-12 15:00:00,BE,4455.3,619.8,6166.8,1711.5,0.0,0.0,2026-12-12,15
2026-12-12 16:00:00,BE,4420.8,859.4,6607.4,2186.6,0.0,0.0,2026-12-12,16
2026-12-12 17:00:00,BE,4504.2,324.2,5999.2,1495.0,0.02,5.6,2026-12-12,17
2026-12-12 18:00:00,BE,4580.2,578.5,6195.5,1615.3,0.02,2.03,2026-12-12,18
2026-12-12 19:00:00,BE,4621.7,49.0,5745.0,1123.3,0.02,1.45,2026-12-12,19
2026-12-12 20:00:00,BE,4394.3,626.2,6242.2,1847.9,0.0,0.0,2026-12-12,20
2026-12-12 21:00:00,BE,4466.8,629.6,6280.6,1813.8,0.0,0.0,2026-12-12,21
2026-12-12 22:00:00,BE,4282.4,436.2,6068.2,1785.8,0.0,0.0,2026-12-12,22
2026-12-12 23:00:00,BE,4079.1,158.7,5778.7,1699.6,0.0,0.0,2026-12-12,23
2026-12-13 00:00:00,BE,4079.8,213.2,5884.2,1804.4,0.0,0.0,2026-12-13,0
2026-12-13 01:00:00,BE,3846.1,928.3,6641.3,2795.2,0.0,0.0,2026-12-13,1
2026-12-13 02:00:00,BE,3679.0,361.3,6041.3,2362.3,0.0,0.0,2026-12-13,2
2026-12-13 03:00:00,BE,3897.9,490.4,6097.4,2199.5,0.0,0.0,2026-12-13,3
2026-12-13 04:00:00,BE,3669.2,106.6,5718.6,2049.4,0.0,0.0,2026-12-13,4
2026-12-13 05:00:00,BE,3458.3,291.2,5939.2,2480.9,0.0,0.0,2026-12-13,5
2026-12-13 06:00:00,BE,3654.8,500.4,6250.4,2595.6,0.0,0.0,2026-12-13,6
2026-12-13 07:00:00,BE,3607.7,255.3,5911.3,2303.6,0.0,0.0,2026-12-13,7
2026-12-13 08:00:00,BE,3673.1,415.7,6125.7,2452.6,0.0,0.0,2026-12-13,8
2026-12-13 09:00:00,BE,3721.2,766.0,6395.0,2673.8,0.0,0.0,2026-12-13,9
2026-12-13 10:00:00,BE,3662.0,729.4,6405.4,2743.4,0.0,0.0,2026-12-13,10
2026-12-13 11:00:00,BE,3754.3,553.8,6182.8,2428.5,0.0,0.0,2026-12-13,11
2026-12-13 12:00:00,BE,4054.5,848.7,6504.7,2450.2,0.0,0.0,2026-12-13,12
2026-12-13 13:00:00,BE,4015.1,694.7,6279.7,2264.6,0.0,0.0,2026-12-13,13
2026-12-13 14:00:00,BE,4250.8,718.9,6296.9,2046.1,0.0,0.0,2026-12-13,14
2026-12-13 15:00:00,BE,4199.5,1184.7,6800.7,2601.2,0.0,0.0,2026-12-13,15
2026-12-13 16:00:00,BE,4430.1,560.1,6139.1,1709.0,0.0,0.0,2026-12-13,16
2026-12-13 17:00:00,BE,4546.3,299.1,6015.1,1468.8,0.0,0.0,2026-12-13,17
2026-12-13 18:00:00,BE,4525.0,109.8,5804.8,1279.8,0.0,0.0,2026-12-13,18
2026-12-13 19:00:00,BE,4597.5,429.4,6178.4,1580.9,0.0,0.0,2026-12-13,19
2026-12-13 20:00:00,BE,4497.9,416.9,6048.9,1551.0,0.02,0.62,2026-12-13,20
2026-12-13 21:00:00,BE,4471.3,176.2,5720.2,1248.9,0.02,4.9,2026-12-13,21
2026-12-13 22:00:00,BE,4344.6,464.7,5947.7,1603.1,0.0,0.0,2026-12-13,22
2026-12-13 23:00:00,BE,4260.0,364.6,6066.6,1806.6,0.0,0.0,2026-12-13,23
2026-12-14 00:00:00,BE,4008.2,263.0,5773.0,1764.8,0.0,0.0,2026-12-14,0
2026-12-14 01:00:00,BE,4018.8,388.9,6131.9,2113.1,0.0,0.0,2026-12-14,1
2026-12-14 02:00:00,BE,3808.6,373.6,6019.6,2211.0,0.0,0.0,2026-12-14,2
2026-12-14 03:00:00,BE,3731.6,196.2,5912.2,2180.6,0.0,0.0,2026-12-14,3
2026-12-14 04:00:00,BE,3626.1,759.4,6401.4,2775.3,0.0,0.0,2026-12-14,4
2026-12-14 05:00:00,BE,3535.4,775.0,6502.0,2966.6,0.0,0.0,2026-12-14,5
2026-12-14 06:00:00,BE,3616.8,348.5,5919.5,2302.7,0.0,0.0,2026-12-14,6
2026-12-14 07:00:00,BE,3388.7,478.1,6094.1,2705.4,0.0,0.0,2026-12-14,7
2026-12-14 08:00:00,BE,3495.9,263.0,5829.0,2333.1,0.0,0.0,2026-12-14,8
2026-12-14 09:00:00,BE,3505.7,546.8,6122.8,2617.1,0.0,0.0,2026-12-14,9
2026-12-14 10:00:00,BE,3884.6,780.8,6450.8,2566.2,0.0,0.0,2026-12-14,10
2026-12-14 11:00:00,BE,3878.6,922.0,6576.0,2697.4,0.0,0.0,2026-12-14,11
2026-12-14 12:00:00,BE,4112.2,687.1,6316.1,2203.9,0.0,0.0,2026-12-14,12
2026-12-14 13:00:00,BE,4406.6,1041.3,6714.3,2307.7,0.0,0.0,2026-12-14,13
2026-12-14 14:00:00,BE,4395.3,695.2,6268.2,1872.9,0.0,0.0,2026-12-14,14
2026-12-14 15:00:00,BE,4157.6,733.2,6288.2,2130.6,0.0,0.0,2026-12-14,15
2026-12-14 16:00:00,BE,4367.7,925.9,6499.9,2132.2,0.0,0.0,2026-12-14,16
2026-12-14 17:00:00,BE,4666.1,373.4,6007.4,1341.3,0.02,15.85,2026-12-14,17
2026-12-14 18:00:00,BE,4551.7,213.2,5817.2,1265.5,0.0,0.0,2026-12-14,18
2026-12-14 19:00:00,BE,4666.9,479.4,6118.4,1451.5,0.0,0.0,2026-12-14,19
2026-12-14 20:00:00,BE,4724.1,793.1,6487.1,1763.0,0.0,0.0,2026-12-14,20
2026-12-14 21:00:00,BE,4323.8,178.1,5782.1,1458.3,0.02,1.91,2026-12-14,21
2026-12-14 22:00:00,BE,4595.2,539.5,6198.5,1603.3,0.0,0.0,2026-12-14,22
2026-12-14 23:00:00,BE,4176.4,403.2,5853.2,1676.8,0.0,0.0,2026-12-14,23
2026-12-15 00:00:00,BE,4056.1,485.7,6163.7,2107.6,0.0,0.0,2026-12-15,0
2026-12-15 01:00:00,BE,4030.5,435.8,6061.8,2031.3,0.0,0.0,2026-12-15,1
2026-12-15 02:00:00,BE,4244.1,422.7,6192.7,1948.6,0.0,0.0,2026-12-15,2
2026-12-15 03:00:00,BE,3712.2,527.3,6130.3,2418.1,0.0,0.0,2026-12-15,3
2026-12-15 04:00:00,BE,3837.4,941.1,6659.1,2821.7,0.0,0.0,2026-12-15,4
2026-12-15 05:00:00,BE,3707.2,516.6,6239.6,2532.4,0.0,0.0,2026-12-15,5
2026-12-15 06:00:00,BE,3581.7,628.9,6237.9,2656.2,0.0,0.0,2026-12-15,6
2026-12-15 07:00:00,BE,3640.1,559.7,6194.7,2554.6,0.0,0.0,2026-12-15,7
2026-12-15 08:00:00,BE,3529.6,546.2,6181.2,2651.6,0.0,0.0,2026-12-15,8
2026-12-15 09:00:00,BE,3676.8,873.7,6569.7,2892.9,0.0,0.0,2026-12-15,9
2026-12-15 10:00:00,BE,3654.6,1003.4,6667.4,3012.8,0.0,0.0,2026-12-15,10
2026-12-15 11:00:00,BE,4035.9,657.6,6369.6,2333.7,0.0,0.0,2026-12-15,11
2026-12-15 12:00:00,BE,3937.4,617.4,6302.4,2365.0,0.0,0.0,2026-12-15,12
2026-12-15 13:00:00,BE,4189.8,877.1,6584.1,2394.3,0.0,0.0,2026-12-15,13
2026-12-15 14:00:00,BE,4126.8,443.8,6127.8,2001.0,0.0,0.0,2026-12-15,14
2026-12-15 15:00:00,BE,4312.9,553.6,6175.6,1862.7,0.0,0.0,2026-12-15,15
2026-12-15 16:00:00,BE,4296.7,504.3,6136.3,1839.6,0.0,0.0,2026-12-15,16
2026-12-15 17:00:00,BE,4545.4,450.8,6036.8,1491.4,0.0,0.0,2026-12-15,17
2026-12-15 18:00:00,BE,4469.5,195.7,5885.7,1416.2,0.02,4.48,2026-12-15,18
2026-12-15 19:00:00,BE,4525.7,672.0,6301.0,1775.3,0.0,0.0,2026-12-15,19
2026-12-15 20:00:00,BE,4644.0,402.9,6060.9,1416.9,0.0,0.0,2026-12-15,20
2026-12-15 21:00:00,BE,4584.0,400.1,6087.1,1503.1,0.0,0.0,2026-12-15,21
2026-12-15 22:00:00,BE,4114.0,379.3,6040.3,1926.3,0.0,0.0,2026-12-15,22
2026-12-15 23:00:00,BE,4016.1,663.2,6332.2,2316.1,0.0,0.0,2026-12-15,23
2026-12-16 00:00:00,BE,4136.8,358.3,5969.3,1832.5,0.0,0.0,2026-12-16,0
2026-12-16 01:00:00,BE,3970.8,695.7,6370.7,2399.9,0.0,0.0,2026-12-16,1
2026-12-16 02:00:00,BE,3874.1,647.8,6321.8,2447.7,0.0,0.0,2026-12-16,2
2026-12-16 03:00:00,BE,3784.2,402.0,5981.0,2196.8,0.0,0.0,2026-12-16,3
2026-12-16 04:00:00,BE,3767.0,549.3,6215.3,2448.3,0.0,0.0,2026-12-16,4
2026-12-16 05:00:00,BE,3634.9,473.8,6151.8,2516.9,0.0,0.0,2026-12-16,5
2026-12-16 06:00:00,BE,3623.6,545.1,6157.1,2533.5,0.0,0.0,2026-12-16,6
2026-12-16 07:00:00,BE,3582.2,284.6,5959.6,2377.4,0.0,0.0,2026-12-16,7
2026-12-16 08:00:00,BE,3508.5,713.4,6403.4,2894.9,0.0,0.0,2026-12-16,8
2026-12-16 09:00:00,BE,3738.8,560.9,6249.9,2511.1,0.0,0.0,2026-12-16,9
2026-12-16 10:00:00,BE,3889.3,828.8,6388.8,2499.5,0.0,0.0,2026-12-16,10
2026-12-16 11:00:00,BE,3797.2,510.0,6062.0,2264.8,0.0,0.0,2026-12-16,11
2026-12-16 12:00:00,BE,4291.5,1179.2,6788.2,2496.7,0.0,0.0,2026-12-16,12
2026-12-16 13:00:00,BE,4323.1,907.7,6652.7,2329.6,0.0,0.0,2026-12-16,13
2026-12-16 14:00:00,BE,4103.3,847.7,6437.7,2334.4,0.0,0.0,2026-12-16,14
2026-12-16 15:00:00,BE,4461.1,837.9,6527.9,2066.8,0.0,0.0,2026-12-16,15
2026-12-16 16:00:00,BE,4452.2,347.9,6032.9,1580.7,0.0,0.0,2026-12-16,16
2026-12-16 17:00:00,BE,4743.3,227.8,5837.8,1094.5,0.04,0.62,2026-12-16,17
2026-12-16 18:00:00,BE,4696.1,287.4,5873.4,1177.3,0.02,1.17,2026-12-16,18
2026-12-16 19:00:00,BE,4671.8,426.0,6016.0,1344.2,0.02,5.92,2026-12-16,19
2026-12-16 20:00:00,BE,4529.9,199.2,5877.2,1347.3,0.0,0.0,2026-12-16,20
2026-12-16 21:00:00,BE,4508.0,580.2,6257.2,1749.2,0.0,0.0,2026-12-16,21
2026-12-16 22:00:00,BE,4445.2,753.1,6420.1,1974.9,0.0,0.0,2026-12-16,22
2026-12-16 23:00:00,BE,4038.7,609.6,6201.6,2162.9,0.0,0.0,2026-12-16,23
2026-12-17 00:00:00,BE,4086.0,421.1,6057.1,1971.1,0.0,0.0,2026-12-17,0
2026-12-17 01:00:00,BE,3929.9,326.4,6066.4,2136.5,0.0,0.0,2026-12-17,1
2026-12-17 02:00:00,BE,3827.6,322.8,5931.8,2104.2,0.0,0.0,2026-12-17,2
2026-12-17 03:00:00,BE,3831.5,453.4,6038.4,2206.9,0.0,0.0,2026-12-17,3
2026-12-17 04:00:00,BE,3584.6,436.3,6051.3,2466.7,0.0,0.0,2026-12-17,4
2026-12-17 05:00:00,BE,3430.9,449.9,6046.9,2616.0,0.0,0.0,2026-12-17,5
2026-12-17 06:00:00,BE,3419.4,272.8,5904.8,2485.4,0.0,0.0,2026-12-17,6
2026-12-17 07:00:00,BE,3678.3,498.3,6136.3,2458.0,0.0,0.0,2026-12-17,7
2026-12-17 08:00:00,BE,3489.1,529.2,6143.2,2654.1,0.0,0.0,2026-12-17,8
2026-12-17 09:00:00,BE,3657.9,733.1,6414.1,2756.2,0.0,0.0,2026-12-17,9
2026-12-17 10:00:00,BE,3876.6,509.5,6092.5,2215.9,0.0,0.0,2026-12-17,10
2026-12-17 11:00:00,BE,3836.6,956.6,6619.6,2783.0,0.0,0.0,2026-12-17,11
2026-12-17 12:00:00,BE,3840.4,534.6,6133.6,2293.2,0.0,0.0,2026-12-17,12
2026-12-17 13:00:00,BE,4187.2,1027.9,6715.9,2528.7,0.0,0.0,2026-12-17,13
2026-12-17 14:00:00,BE,4342.2,711.9,6467.9,2125.7,0.0,0.0,2026-12-17,14
2026-12-17 15:00:00,BE,4264.5,478.4,6067.4,1802.9,0.0,0.0,2026-12-17,15
2026-12-17 16:00:00,BE,4570.1,395.3,6131.3,1561.2,0.0,0.0,2026-12-17,16
2026-12-17 17:00:00,BE,4412.9,152.5,5824.5,1411.6,0.0,0.0,2026-12-17,17
2026-12-17 18:00:00,BE,4350.6,251.5,5809.5,1458.9,0.02,3.98,2026-12-17,18
2026-12-17 19:00:00,BE,4634.4,360.7,6010.7,1376.3,0.02,7.47,2026-12-17,19
2026-12-17 20:00:00,BE,4529.3,284.1,5904.1,1374.8,0.0,0.0,2026-12-17,20
2026-12-17 21:00:00,BE,4440.9,833.9,6406.9,1966.0,0.0,0.0,2026-12-17,21
2026-12-17 22:00:00,BE,4142.0,439.4,6012.4,1870.4,0.0,0.0,2026-12-17,22
2026-12-17 23:00:00,BE,3955.9,268.6,5947.6,1991.7,0.0,0.0,2026-12-17,23
2026-12-18 00:00:00,BE,4038.2,546.8,6110.8,2072.6,0.0,0.0,2026-12-18,0
2026-12-18 01:00:00,BE,3871.8,826.9,6410.9,2539.1,0.0,0.0,2026-12-18,1
2026-12-18 02:00:00,BE,3713.9,537.0,6159.0,2445.1,0.0,0.0,2026-12-18,2
2026-12-18 03:00:00,BE,3709.6,58.1,5688.1,1978.5,0.0,0.0,2026-12-18,3
2026-12-18 04:00:00,BE,3728.9,87.3,5721.3,1992.4,0.0,0.0,2026-12-18,4
2026-12-18 05:00:00,BE,3456.8,29.4,5680.4,2223.6,0.0,0.0,2026-12-18,5
2026-12-18 06:00:00,BE,3574.4,253.1,5860.1,2285.7,0.0,0.0,2026-12-18,6
2026-12-18 07:00:00,BE,3563.7,276.1,5929.1,2365.4,0.0,0.0,2026-12-18,7
2026-12-18 08:00:00,BE,3898.0,566.0,6161.0,2263.0,0.0,0.0,2026-12-18,8
2026-12-18 09:00:00,BE,3658.8,599.5,6379.5,2720.7,0.0,0.0,2026-12-18,9
2026-12-18 10:00:00,BE,3702.1,1058.4,6759.4,3057.3,0.0,0.0,2026-12-18,10
2026-12-18 11:00:00,BE,3956.3,899.6,6572.6,2616.3,0.0,0.0,2026-12-18,11
2026-12-18 12:00:00,BE,4400.8,524.3,6168.3,1767.5,0.0,0.0,2026-12-18,12
2026-12-18 13:00:00,BE,4076.7,903.6,6620.6,2543.9,0.0,0.0,2026-12-18,13
2026-12-18 14:00:00,BE,4226.5,604.2,6257.2,2030.7,0.0,0.0,2026-12-18,14
2026-12-18 15:00:00,BE,4405.9,480.4,6192.4,1786.5,0.0,0.0,2026-12-18,15
2026-12-18 16:00:00,BE,4368.2,388.0,6018.0,1649.8,0.0,0.0,2026-12-18,16
2026-12-18 17:00:00,BE,4648.5,374.5,5971.5,1323.0,0.0,0.0,2026-12-18,17
2026-12-18 18:00:00,BE,4460.3,409.8,6029.8,1569.5,0.0,0.0,2026-12-18,18
2026-12-18 19:00:00,BE,4575.9,305.6,5835.6,1259.7,0.06,10.22,2026-12-18,19
2026-12-18 20:00:00,BE,4481.2,620.3,6250.3,1769.1,0.0,0.0,2026-12-18,20
2026-12-18 21:00:00,BE,4542.4,199.7,5819.7,1277.3,0.02,10.85,2026-12-18,21
2026-12-18 22:00:00,BE,4479.2,997.2,6688.2,2209.0,0.0,0.0,2026-12-18,22
2026-12-18 23:00:00,BE,4249.9,327.9,5994.9,1745.0,0.0,0.0,2026-12-18,23
2026-12-19 00:00:00,BE,3981.5,384.8,5972.8,1991.3,0.0,0.0,2026-12-19,0
2026-12-19 01:00:00,BE,3974.0,853.2,6483.2,2509.2,0.0,0.0,2026-12-19,1
2026-12-19 02:00:00,BE,3769.9,213.4,5825.4,2055.5,0.0,0.0,2026-12-19,2
2026-12-19 03:00:00,BE,3751.5,390.4,6119.4,2367.9,0.0,0.0,2026-12-19,3
2026-12-19 04:00:00,BE,3596.9,249.6,5816.6,2219.7,0.0,0.0,2026-12-19,4
2026-12-19 05:00:00,BE,3582.9,319.3,6046.3,2463.4,0.0,0.0,2026-12-19,5
2026-12-19 06:00:00,BE,3511.8,387.4,5995.4,2483.6,0.0,0.0,2026-12-19,6
2026-12-19 07:00:00,BE,3616.8,961.0,6631.0,3014.2,0.0,0.0,2026-12-19,7
2026-12-19 08:00:00,BE,3886.1,574.5,6339.5,2453.4,0.0,0.0,2026-12-19,8
2026-12-19 09:00:00,BE,3917.5,781.1,6352.1,2434.6,0.0,0.0,2026-12-19,9
2026-12-19 10:00:00,BE,3802.4,705.9,6286.9,2484.5,0.0,0.0,2026-12-19,10
2026-12-19 11:00:00,BE,3985.1,871.6,6582.6,2597.5,0.0,0.0,2026-12-19,11
2026-12-19 12:00:00,BE,3885.1,713.6,6312.6,2427.5,0.0,0.0,2026-12-19,12
2026-12-19 13:00:00,BE,4299.8,585.8,6220.8,1921.0,0.0,0.0,2026-12-19,13
2026-12-19 14:00:00,BE,4446.8,535.1,6221.1,1774.3,0.0,0.0,2026-12-19,14
2026-12-19 15:00:00,BE,4249.8,521.8,6187.8,1938.0,0.0,0.0,2026-12-19,15
2026-12-19 16:00:00,BE,4361.0,551.5,6256.5,1895.5,0.0,0.0,2026-12-19,16
2026-12-19 17:00:00,BE,4395.3,562.7,6287.7,1892.4,0.0,0.0,2026-12-19,17
2026-12-19 18:00:00,BE,4561.6,264.0,5953.0,1391.4,0.0,0.0,2026-12-19,18
2026-12-19 19:00:00,BE,4454.6,333.2,6013.2,1558.6,0.02,15.43,2026-12-19,19
2026-12-19 20:00:00,BE,4585.0,291.3,6012.3,1427.3,0.0,0.0,2026-12-19,20
2026-12-19 21:00:00,BE,4479.0,540.5,6086.5,1607.5,0.02,0.77,2026-12-19,21
2026-12-19 22:00:00,BE,4158.5,442.4,6018.4,1859.9,0.0,0.0,2026-12-19,22
2026-12-19 23:00:00,BE,4097.4,337.4,5966.4,1869.0,0.0,0.0,2026-12-19,23
2026-12-20 00:00:00,BE,4038.5,401.7,6007.7,1969.2,0.0,0.0,2026-12-20,0
2026-12-20 01:00:00,BE,3913.5,190.8,5753.8,1840.3,0.0,0.0,2026-12-20,1
2026-12-20 02:00:00,BE,3939.2,159.0,5732.0,1792.8,0.0,0.0,2026-12-20,2
2026-12-20 03:00:00,BE,3797.4,403.2,5919.2,2121.8,0.0,0.0,2026-12-20,3
2026-12-20 04:00:00,BE,3860.2,365.7,5860.7,2000.5,0.0,0.0,2026-12-20,4
2026-12-20 05:00:00,BE,3335.9,280.8,5835.8,2499.9,0.0,0.0,2026-12-20,5
2026-12-20 06:00:00,BE,3904.7,585.8,6213.8,2309.1,0.0,0.0,2026-12-20,6
2026-12-20 07:00:00,BE,3677.2,417.7,6015.7,2338.5,0.0,0.0,2026-12-20,7
2026-12-20 08:00:00,BE,3624.0,816.5,6497.5,2873.5,0.0,0.0,2026-12-20,8
2026-12-20 09:00:00,BE,3612.2,1230.1,6934.1,3321.9,0.0,0.0,2026-12-20,9
2026-12-20 10:00:00,BE,3923.0,796.0,6448.0,2525.0,0.0,0.0,2026-12-20,10
2026-12-20 11:00:00,BE,4129.0,695.9,6386.9,2257.9,0.0,0.0,2026-12-20,11
2026-12-20 12:00:00,BE,4171.7,830.9,6459.9,2288.2,0.0,0.0,2026-12-20,12
2026-12-20 13:00:00,BE,4338.7,780.6,6334.6,1995.9,0.0,0.0,2026-12-20,13
2026-12-20 14:00:00,BE,4337.3,823.4,6469.4,2132.1,0.0,0.0,2026-12-20,14
2026-12-20 15:00:00,BE,4391.2,677.3,6376.3,1985.1,0.0,0.0,2026-12-20,15
2026-12-20 16:00:00,BE,4421.2,896.5,6605.5,2184.3,0.0,0.0,2026-12-20,16
2026-12-20 17:00:00,BE,4345.5,343.0,5941.0,1595.5,0.0,0.0,2026-12-20,17
2026-12-20 18:00:00,BE,4563.3,156.0,5903.0,1339.7,0.0,0.0,2026-12-20,18
2026-12-20 19:00:00,BE,4701.7,63.2,5668.2,966.5,0.1,11.85,2026-12-20,19
2026-12-20 20:00:00,BE,4759.2,620.6,6162.6,1403.4,0.02,1.77,2026-12-20,20
2026-12-20 21:00:00,BE,4442.7,377.5,6075.5,1632.8,0.0,0.0,2026-12-20,21
2026-12-20 22:00:00,BE,4147.4,574.9,6255.9,2108.5,0.0,0.0,2026-12-20,22
2026-12-20 23:00:00,BE,4178.6,346.0,6016.0,1837.4,0.0,0.0,2026-12-20,23
2026-12-21 00:00:00,BE,4139.0,727.4,6396.4,2257.4,0.0,0.0,2026-12-21,0
2026-12-21 01:00:00,BE,4155.6,270.4,5879.4,1723.8,0.0,0.0,2026-12-21,1
2026-12-21 02:00:00,BE,3861.6,439.0,6047.0,2185.4,0.0,0.0,2026-12-21,2
2026-12-21 03:00:00,BE,3888.6,49.3,5663.3,1774.7,0.0,0.0,2026-12-21,3
2026-12-21 04:00:00,BE,3737.9,285.8,5887.8,2149.9,0.0,0.0,2026-12-21,4
2026-12-21 05:00:00,BE,3661.3,337.4,5870.4,2209.1,0.0,0.0,2026-12-21,5
2026-12-21 06:00:00,BE,3632.4,685.3,6433.3,2800.9,0.0,0.0,2026-12-21,6
2026-12-21 07:00:00,BE,3643.4,633.1,6269.1,2625.7,0.0,0.0,2026-12-21,7
2026-12-21 08:00:00,BE,3626.5,317.8,5873.8,2247.3,0.0,0.0,2026-12-21,8
2026-12-21 09:00:00,BE,3734.4,796.9,6445.9,2711.5,0.0,0.0,2026-12-21,9
2026-12-21 10:00:00,BE,3780.0,865.8,6567.8,2787.8,0.0,0.0,2026-12-21,10
2026-12-21 11:00:00,BE,4051.7,888.3,6503.3,2451.6,0.0,0.0,2026-12-21,11
2026-12-21 12:00:00,BE,3916.1,1147.6,6859.6,2943.5,0.0,0.0,2026-12-21,12
2026-12-21 13:00:00,BE,4117.8,650.1,6253.1,2135.3,0.0,0.0,2026-12-21,13
2026-12-21 14:00:00,BE,4446.6,473.7,6203.7,1757.1,0.0,0.0,2026-12-21,14
2026-12-21 15:00:00,BE,4331.9,1037.2,6723.2,2391.3,0.0,0.0,2026-12-21,15
2026-12-21 16:00:00,BE,4572.8,516.0,6094.0,1521.2,0.02,5.14,2026-12-21,16
2026-12-21 17:00:00,BE,4525.3,437.6,5975.6,1450.3,0.0,0.0,2026-12-21,17
2026-12-21 18:00:00,BE,4426.4,488.4,6175.4,1749.0,0.0,0.0,2026-12-21,18
2026-12-21 19:00:00,BE,4574.6,207.7,5821.7,1247.1,0.02,20.34,2026-12-21,19
2026-12-21 20:00:00,BE,4681.0,666.8,6296.8,1615.8,0.0,0.0,2026-12-21,20
2026-12-21 21:00:00,BE,4411.9,562.2,6236.2,1824.3,0.0,0.0,2026-12-21,21
2026-12-21 22:00:00,BE,4433.1,316.6,5975.6,1542.5,0.0,0.0,2026-12-21,22
2026-12-21 23:00:00,BE,4323.7,245.4,5934.4,1610.7,0.0,0.0,2026-12-21,23
2026-12-22 00:00:00,BE,3923.8,359.1,6017.1,2093.3,0.0,0.0,2026-12-22,0
2026-12-22 01:00:00,BE,4060.2,269.1,6029.1,1968.9,0.0,0.0,2026-12-22,1
2026-12-22 02:00:00,BE,3774.3,648.1,6256.1,2481.8,0.0,0.0,2026-12-22,2
2026-12-22 03:00:00,BE,3856.8,402.5,6154.5,2297.7,0.0,0.0,2026-12-22,3
2026-12-22 04:00:00,BE,3619.5,783.6,6548.6,2929.1,0.0,0.0,2026-12-22,4
2026-12-22 05:00:00,BE,3689.8,364.3,5978.3,2288.5,0.0,0.0,2026-12-22,5
2026-12-22 06:00:00,BE,3966.9,134.4,5818.4,1851.5,0.0,0.0,2026-12-22,6
2026-12-22 07:00:00,BE,3545.8,808.8,6449.8,2904.0,0.0,0.0,2026-12-22,7
2026-12-22 08:00:00,BE,3521.3,559.6,6326.6,2805.3,0.0,0.0,2026-12-22,8
2026-12-22 09:00:00,BE,3753.8,712.0,6370.0,2616.2,0.0,0.0,2026-12-22,9
2026-12-22 10:00:00,BE,3932.3,719.8,6425.8,2493.5,0.0,0.0,2026-12-22,10
2026-12-22 11:00:00,BE,4154.9,882.9,6461.9,2307.0,0.0,0.0,2026-12-22,11
2026-12-22 12:00:00,BE,4269.6,931.7,6661.7,2392.1,0.0,0.0,2026-12-22,12
2026-12-22 13:00:00,BE,4192.4,551.5,6178.5,1986.1,0.0,0.0,2026-12-22,13
2026-12-22 14:00:00,BE,4294.9,709.4,6338.4,2043.5,0.0,0.0,2026-12-22,14
2026-12-22 15:00:00,BE,4292.0,734.4,6334.4,2042.4,0.0,0.0,2026-12-22,15
2026-12-22 16:00:00,BE,4427.1,1128.6,6745.6,2318.5,0.0,0.0,2026-12-22,16
2026-12-22 17:00:00,BE,4571.4,511.2,6251.2,1679.8,0.0,0.0,2026-12-22,17
2026-12-22 18:00:00,BE,4724.5,59.2,5722.2,997.7,0.04,16.61,2026-12-22,18
2026-12-22 19:00:00,BE,4755.8,267.7,5995.7,1239.9,0.0,0.0,2026-12-22,19
2026-12-22 20:00:00,BE,4415.3,498.8,6117.8,1702.5,0.0,0.0,2026-12-22,20
2026-12-22 21:00:00,BE,4369.3,548.7,6276.7,1907.4,0.0,0.0,2026-12-22,21
2026-12-22 22:00:00,BE,4359.3,379.7,5978.7,1619.4,0.02,1.59,2026-12-22,22
2026-12-22 23:00:00,BE,4269.9,255.0,5953.0,1683.1,0.0,0.0,2026-12-22,23
2026-12-23 00:00:00,BE,4157.8,283.9,5899.9,1742.1,0.0,0.0,2026-12-23,0
2026-12-23 01:00:00,BE,3790.2,913.5,6701.5,2911.3,0.0,0.0,2026-12-23,1
2026-12-23 02:00:00,BE,3700.4,393.9,5958.9,2258.5,0.0,0.0,2026-12-23,2
2026-12-23 03:00:00,BE,3846.7,458.4,6209.4,2362.7,0.0,0.0,2026-12-23,3
2026-12-23 04:00:00,BE,3801.1,158.7,5877.7,2076.6,0.0,0.0,2026-12-23,4
2026-12-23 05:00:00,BE,3531.8,562.6,6286.6,2754.8,0.0,0.0,2026-12-23,5
2026-12-23 06:00:00,BE,3602.3,27.0,5635.0,2032.7,0.0,0.0,2026-12-23,6
2026-12-23 07:00:00,BE,3707.4,645.0,6228.0,2520.6,0.0,0.0,2026-12-23,7
2026-12-23 08:00:00,BE,3699.2,989.1,6584.1,2884.9,0.0,0.0,2026-12-23,8
2026-12-23 09:00:00,BE,3622.0,531.9,6213.9,2591.9,0.0,0.0,2026-12-23,9
2026-12-23 10:00:00,BE,3872.2,824.6,6444.6,2572.4,0.0,0.0,2026-12-23,10
2026-12-23 11:00:00,BE,3829.5,641.5,6264.5,2435.0,0.0,0.0,2026-12-23,11
2026-12-23 12:00:00,BE,4150.4,608.1,6228.1,2077.7,0.0,0.0,2026-12-23,12
2026-12-23 13:00:00,BE,4184.0,541.8,6068.8,1884.8,0.0,0.0,2026-12-23,13
2026-12-23 14:00:00,BE,4253.2,944.8,6594.8,2341.6,0.0,0.0,2026-12-23,14
2026-12-23 15:00:00,BE,4451.2,540.3,6208.3,1757.1,0.0,0.0,2026-12-23,15
2026-12-23 16:00:00,BE,4440.6,749.8,6299.8,1859.2,0.0,0.0,2026-12-23,16
2026-12-23 17:00:00,BE,4437.5,525.0,6183.0,1745.5,0.0,0.0,2026-12-23,17
2026-12-23 18:00:00,BE,4662.6,228.7,5964.7,1302.1,0.04,12.36,2026-12-23,18
2026-12-23 19:00:00,BE,4492.0,146.8,5817.8,1325.8,0.0,0.0,2026-12-23,19
2026-12-23 20:00:00,BE,4680.9,547.2,6268.2,1587.3,0.0,0.0,2026-12-23,20
2026-12-23 21:00:00,BE,4579.0,736.8,6428.8,1849.8,0.0,0.0,2026-12-23,21
2026-12-23 22:00:00,BE,4442.4,924.7,6585.7,2143.3,0.0,0.0,2026-12-23,22
2026-12-23 23:00:00,BE,4057.3,196.3,5889.3,1832.0,0.0,0.0,2026-12-23,23
2026-12-24 00:00:00,BE,4163.9,618.8,6112.8,1948.9,0.0,0.0,2026-12-24,0
2026-12-24 01:00:00,BE,3856.2,256.6,5903.6,2047.4,0.0,0.0,2026-12-24,1
2026-12-24 02:00:00,BE,3963.5,207.3,5859.3,1895.8,0.0,0.0,2026-12-24,2
2026-12-24 03:00:00,BE,3615.7,436.4,6083.4,2467.7,0.0,0.0,2026-12-24,3
2026-12-24 04:00:00,BE,3627.1,512.0,6140.0,2512.9,0.0,0.0,2026-12-24,4
2026-12-24 05:00:00,BE,3691.3,209.6,5856.6,2165.3,0.0,0.0,2026-12-24,5
2026-12-24 06:00:00,BE,3530.7,262.6,5860.6,2329.9,0.0,0.0,2026-12-24,6
2026-12-24 07:00:00,BE,3561.5,487.7,6104.7,2543.2,0.0,0.0,2026-12-24,7
2026-12-24 08:00:00,BE,3675.0,380.2,5955.2,2280.2,0.0,0.0,2026-12-24,8
2026-12-24 09:00:00,BE,3719.1,457.5,6078.5,2359.4,0.0,0.0,2026-12-24,9
2026-12-24 10:00:00,BE,3872.2,737.9,6396.9,2524.7,0.0,0.0,2026-12-24,10
2026-12-24 11:00:00,BE,3989.5,776.2,6337.2,2347.7,0.0,0.0,2026-12-24,11
2026-12-24 12:00:00,BE,3940.4,571.1,6202.1,2261.7,0.0,0.0,2026-12-24,12
2026-12-24 13:00:00,BE,4508.7,733.9,6351.9,1843.2,0.0,0.0,2026-12-24,13
2026-12-24 14:00:00,BE,4481.4,1195.1,6856.1,2374.7,0.0,0.0,2026-12-24,14
2026-12-24 15:00:00,BE,4508.5,375.3,6031.3,1522.8,0.02,1.66,2026-12-24,15
2026-12-24 16:00:00,BE,4443.1,465.5,6153.5,1710.4,0.02,4.55,2026-12-24,16
2026-12-24 17:00:00,BE,4694.3,665.2,6380.2,1685.9,0.0,0.0,2026-12-24,17
2026-12-24 18:00:00,BE,4539.0,245.0,5854.0,1315.0,0.0,0.0,2026-12-24,18
2026-12-24 19:00:00,BE,4586.5,513.9,6262.9,1676.4,0.0,0.0,2026-12-24,19
2026-12-24 20:00:00,BE,4502.7,324.3,5957.3,1454.6,0.0,0.0,2026-12-24,20
2026-12-24 21:00:00,BE,4473.2,378.3,5973.3,1500.1,0.0,0.0,2026-12-24,21
2026-12-24 22:00:00,BE,4550.6,500.4,6089.4,1538.8,0.0,0.0,2026-12-24,22
2026-12-24 23:00:00,BE,4176.7,816.5,6424.5,2247.8,0.0,0.0,2026-12-24,23
2026-12-25 00:00:00,BE,4255.8,845.5,6433.5,2177.7,0.0,0.0,2026-12-25,0
2026-12-25 01:00:00,BE,4024.3,480.9,6167.9,2143.6,0.0,0.0,2026-12-25,1
2026-12-25 02:00:00,BE,3744.4,163.4,5911.4,2167.0,0.0,0.0,2026-12-25,2
2026-12-25 03:00:00,BE,4018.6,207.7,5887.7,1869.1,0.0,0.0,2026-12-25,3
2026-12-25 04:00:00,BE,3753.4,69.3,5651.3,1897.9,0.0,0.0,2026-12-25,4
2026-12-25 05:00:00,BE,3439.0,502.3,6241.3,2802.3,0.0,0.0,2026-12-25,5
2026-12-25 06:00:00,BE,3556.4,742.9,6345.9,2789.5,0.0,0.0,2026-12-25,6
2026-12-25 07:00:00,BE,3509.7,655.1,6338.1,2828.4,0.0,0.0,2026-12-25,7
2026-12-25 08:00:00,BE,3563.8,569.0,6164.0,2600.2,0.0,0.0,2026-12-25,8
2026-12-25 09:00:00,BE,3645.9,808.7,6481.7,2835.8,0.0,0.0,2026-12-25,9
2026-12-25 10:00:00,BE,3852.5,642.3,6237.3,2384.8,0.0,0.0,2026-12-25,10
2026-12-25 11:00:00,BE,3987.2,1119.6,6861.6,2874.4,0.0,0.0,2026-12-25,11
2026-12-25 12:00:00,BE,4183.6,636.9,6391.9,2208.3,0.0,0.0,2026-12-25,12
2026-12-25 13:00:00,BE,4232.7,924.5,6545.5,2312.8,0.0,0.0,2026-12-25,13
2026-12-25 14:00:00,BE,4352.9,448.1,5932.1,1579.2,0.0,0.0,2026-12-25,14
2026-12-25 15:00:00,BE,4626.2,1183.0,6944.0,2317.8,0.0,0.0,2026-12-25,15
2026-12-25 16:00:00,BE,4451.2,568.4,6209.4,1758.2,0.0,0.0,2026-12-25,16
2026-12-25 17:00:00,BE,4639.4,363.5,5925.5,1286.1,0.02,6.52,2026-12-25,17
2026-12-25 18:00:00,BE,4720.6,376.6,5946.6,1226.0,0.04,19.76,2026-12-25,18
2026-12-25 19:00:00,BE,4705.6,237.4,5748.4,1042.8,0.02,2.36,2026-12-25,19
2026-12-25 20:00:00,BE,4440.7,548.6,6144.6,1703.9,0.0,0.0,2026-12-25,20
2026-12-25 21:00:00,BE,4401.7,426.8,6036.8,1635.1,0.0,0.0,2026-12-25,21
2026-12-25 22:00:00,BE,4338.8,483.9,6170.9,1832.1,0.0,0.0,2026-12-25,22
2026-12-25 23:00:00,BE,4309.8,1114.7,6772.7,2462.9,0.0,0.0,2026-12-25,23
2026-12-26 00:00:00,BE,4227.3,148.8,5740.8,1513.5,0.0,0.0,2026-12-26,0
2026-12-26 01:00:00,BE,3953.0,659.1,6291.1,2338.1,0.0,0.0,2026-12-26,1
2026-12-26 02:00:00,BE,4022.8,288.5,5917.5,1894.7,0.0,0.0,2026-12-26,2
2026-12-26 03:00:00,BE,3817.8,471.0,6073.0,2255.2,0.0,0.0,2026-12-26,3
2026-12-26 04:00:00,BE,3581.2,216.6,5821.6,2240.4,0.0,0.0,2026-12-26,4
2026-12-26 05:00:00,BE,3724.7,172.5,5737.5,2012.8,0.0,0.0,2026-12-26,5
2026-12-26 06:00:00,BE,3391.7,530.7,6135.7,2744.0,0.0,0.0,2026-12-26,6
2026-12-26 07:00:00,BE,3599.9,615.3,6214.3,2614.4,0.0,0.0,2026-12-26,7
2026-12-26 08:00:00,BE,3432.8,586.0,6243.0,2810.2,0.0,0.0,2026-12-26,8
2026-12-26 09:00:00,BE,3760.0,344.8,5879.8,2119.8,0.0,0.0,2026-12-26,9
2026-12-26 10:00:00,BE,3974.8,760.0,6346.0,2371.2,0.0,0.0,2026-12-26,10
2026-12-26 11:00:00,BE,4054.3,787.0,6324.0,2269.7,0.0,0.0,2026-12-26,11
2026-12-26 12:00:00,BE,3825.3,572.1,6226.1,2400.8,0.0,0.0,2026-12-26,12
2026-12-26 13:00:00,BE,4264.6,748.3,6420.3,2155.7,0.0,0.0,2026-12-26,13
2026-12-26 14:00:00,BE,4425.8,633.0,6231.0,1805.2,0.0,0.0,2026-12-26,14
2026-12-26 15:00:00,BE,4549.5,894.5,6616.5,2067.0,0.0,0.0,2026-12-26,15
2026-12-26 16:00:00,BE,4610.8,650.2,6325.2,1714.4,0.0,0.0,2026-12-26,16
2026-12-26 17:00:00,BE,4678.3,857.7,6481.7,1803.4,0.0,0.0,2026-12-26,17
2026-12-26 18:00:00,BE,4433.4,422.5,6067.5,1634.1,0.02,4.22,2026-12-26,18
2026-12-26 19:00:00,BE,4575.4,128.4,5786.4,1211.0,0.0,0.0,2026-12-26,19
2026-12-26 20:00:00,BE,4457.6,329.4,6057.4,1599.8,0.04,3.13,2026-12-26,20
2026-12-26 21:00:00,BE,4445.1,262.8,5885.8,1440.7,0.02,10.65,2026-12-26,21
2026-12-26 22:00:00,BE,4379.2,461.1,6141.1,1761.9,0.0,0.0,2026-12-26,22
2026-12-26 23:00:00,BE,4128.5,106.9,5708.9,1580.4,0.0,0.0,2026-12-26,23
2026-12-27 00:00:00,BE,4040.7,368.0,6008.0,1967.3,0.0,0.0,2026-12-27,0
2026-12-27 01:00:00,BE,4038.1,340.1,6004.1,1966.0,0.0,0.0,2026-12-27,1
2026-12-27 02:00:00,BE,3784.0,148.5,5726.5,1942.5,0.0,0.0,2026-12-27,2
2026-12-27 03:00:00,BE,3695.0,215.2,5791.2,2096.2,0.0,0.0,2026-12-27,3
2026-12-27 04:00:00,BE,3675.2,267.3,5949.3,2274.1,0.0,0.0,2026-12-27,4
2026-12-27 05:00:00,BE,3770.8,445.2,6053.2,2282.4,0.0,0.0,2026-12-27,5
2026-12-27 06:00:00,BE,3560.0,650.3,6342.3,2782.3,0.0,0.0,2026-12-27,6
2026-12-27 07:00:00,BE,3431.2,392.1,5934.1,2502.9,0.0,0.0,2026-12-27,7
2026-12-27 08:00:00,BE,3555.3,1132.4,6783.4,3228.1,0.0,0.0,2026-12-27,8
2026-12-27 09:00:00,BE,3762.5,666.2,6299.2,2536.7,0.0,0.0,2026-12-27,9
2026-12-27 10:00:00,BE,3648.2,375.3,6055.3,2407.1,0.0,0.0,2026-12-27,10
2026-12-27 11:00:00,BE,3870.1,609.5,6289.5,2419.4,0.0,0.0,2026-12-27,11
2026-12-27 12:00:00,BE,3997.4,716.5,6297.5,2300.1,0.0,0.0,2026-12-27,12
2026-12-27 13:00:00,BE,4459.6,895.3,6511.3,2051.7,0.0,0.0,2026-12-27,13
2026-12-27 14:00:00,BE,4442.7,813.0,6325.0,1882.3,0.0,0.0,2026-12-27,14
2026-12-27 15:00:00,BE,4357.6,689.0,6315.0,1957.4,0.0,0.0,2026-12-27,15
2026-12-27 16:00:00,BE,4422.4,650.1,6369.1,1946.7,0.0,0.0,2026-12-27,16
2026-12-27 17:00:00,BE,4434.5,201.5,5801.5,1367.0,0.0,0.0,2026-12-27,17
2026-12-27 18:00:00,BE,4608.8,241.1,5789.1,1180.3,0.04,5.71,2026-12-27,18
2026-12-27 19:00:00,BE,4574.5,246.7,5852.7,1278.2,0.0,0.0,2026-12-27,19
2026-12-27 20:00:00,BE,4361.4,270.1,5841.1,1479.7,0.02,2.83,2026-12-27,20
2026-12-27 21:00:00,BE,4492.8,680.1,6297.1,1804.3,0.0,0.0,2026-12-27,21
2026-12-27 22:00:00,BE,4477.5,547.1,6231.1,1753.6,0.0,0.0,2026-12-27,22
2026-12-27 23:00:00,BE,4289.6,34.6,5642.6,1353.0,0.02,6.1,2026-12-27,23
2026-12-28 00:00:00,BE,4101.3,148.6,5857.6,1756.3,0.0,0.0,2026-12-28,0
2026-12-28 01:00:00,BE,4134.2,787.9,6531.9,2397.7,0.0,0.0,2026-12-28,1
2026-12-28 02:00:00,BE,3887.7,508.7,6077.7,2190.0,0.0,0.0,2026-12-28,2
2026-12-28 03:00:00,BE,3777.3,488.1,6108.1,2330.8,0.0,0.0,2026-12-28,3
2026-12-28 04:00:00,BE,3755.2,236.4,5947.4,2192.2,0.0,0.0,2026-12-28,4
2026-12-28 05:00:00,BE,3448.9,482.7,6176.7,2727.8,0.0,0.0,2026-12-28,5
2026-12-28 06:00:00,BE,3780.2,570.2,6248.2,2468.0,0.0,0.0,2026-12-28,6
2026-12-28 07:00:00,BE,3636.6,422.5,6039.5,2402.9,0.0,0.0,2026-12-28,7
2026-12-28 08:00:00,BE,3658.0,1304.2,6913.2,3255.2,0.0,0.0,2026-12-28,8
2026-12-28 09:00:00,BE,3829.9,643.5,6315.5,2485.6,0.0,0.0,2026-12-28,9
2026-12-28 10:00:00,BE,3723.1,771.3,6403.3,2680.2,0.0,0.0,2026-12-28,10
2026-12-28 11:00:00,BE,3869.6,861.4,6470.4,2600.8,0.0,0.0,2026-12-28,11
2026-12-28 12:00:00,BE,4149.1,896.9,6601.9,2452.8,0.0,0.0,2026-12-28,12
2026-12-28 13:00:00,BE,4290.3,669.6,6232.6,1942.3,0.02,2.41,2026-12-28,13
2026-12-28 14:00:00,BE,4191.5,710.2,6356.2,2164.7,0.0,0.0,2026-12-28,14
2026-12-28 15:00:00,BE,4433.2,393.2,6040.2,1607.0,0.0,0.0,2026-12-28,15
2026-12-28 16:00:00,BE,4425.2,722.9,6347.9,1922.7,0.0,0.0,2026-12-28,16
2026-12-28 17:00:00,BE,4533.9,276.6,5982.6,1448.7,0.0,0.0,2026-12-28,17
2026-12-28 18:00:00,BE,4477.1,388.2,6015.2,1538.1,0.0,0.0,2026-12-28,18
2026-12-28 19:00:00,BE,4673.3,544.1,6125.1,1451.8,0.02,3.58,2026-12-28,19
2026-12-28 20:00:00,BE,4556.6,106.7,5589.7,1033.1,0.08,31.99,2026-12-28,20
2026-12-28 21:00:00,BE,4331.0,412.1,6170.1,1839.1,0.0,0.0,2026-12-28,21
2026-12-28 22:00:00,BE,4398.3,280.0,5877.0,1478.7,0.0,0.0,2026-12-28,22
2026-12-28 23:00:00,BE,4227.4,207.6,5883.6,1656.2,0.0,0.0,2026-12-28,23
2026-12-29 00:00:00,BE,4092.7,674.6,6334.6,2241.9,0.0,0.0,2026-12-29,0
2026-12-29 01:00:00,BE,3799.1,367.5,6054.5,2255.4,0.0,0.0,2026-12-29,1
2026-12-29 02:00:00,BE,3714.2,331.2,5988.2,2274.0,0.0,0.0,2026-12-29,2
2026-12-29 03:00:00,BE,3713.3,352.5,5996.5,2283.2,0.0,0.0,2026-12-29,3
2026-12-29 04:00:00,BE,3555.5,118.0,5749.0,2193.5,0.0,0.0,2026-12-29,4
2026-12-29 05:00:00,BE,3560.3,642.3,6341.3,2781.0,0.0,0.0,2026-12-29,5
2026-12-29 06:00:00,BE,3661.5,326.6,6027.6,2366.1,0.0,0.0,2026-12-29,6
2026-12-29 07:00:00,BE,3699.2,369.8,6036.8,2337.6,0.0,0.0,2026-12-29,7
2026-12-29 08:00:00,BE,3647.7,592.2,6271.2,2623.5,0.0,0.0,2026-12-29,8
2026-12-29 09:00:00,BE,3699.8,1406.2,7062.2,3362.4,0.0,0.0,2026-12-29,9
2026-12-29 10:00:00,BE,3631.1,975.0,6577.0,2945.9,0.0,0.0,2026-12-29,10
2026-12-29 11:00:00,BE,3957.3,1602.0,7294.0,3336.7,0.0,0.0,2026-12-29,11
2026-12-29 12:00:00,BE,4040.2,696.1,6284.1,2243.9,0.0,0.0,2026-12-29,12
2026-12-29 13:00:00,BE,4178.2,724.3,6378.3,2200.1,0.0,0.0,2026-12-29,13
2026-12-29 14:00:00,BE,4418.0,588.6,6269.6,1851.6,0.0,0.0,2026-12-29,14
2026-12-29 15:00:00,BE,4294.0,427.7,6082.7,1788.7,0.0,0.0,2026-12-29,15
2026-12-29 16:00:00,BE,4610.8,563.3,6176.3,1565.5,0.0,0.0,2026-12-29,16
2026-12-29 17:00:00,BE,4457.9,309.5,5896.5,1438.6,0.0,0.0,2026-12-29,17
2026-12-29 18:00:00,BE,4424.5,583.5,6259.5,1835.0,0.0,0.0,2026-12-29,18
2026-12-29 19:00:00,BE,4470.6,673.7,6383.7,1913.1,0.0,0.0,2026-12-29,19
2026-12-29 20:00:00,BE,4398.2,554.2,6256.2,1858.0,0.0,0.0,2026-12-29,20
2026-12-29 21:00:00,BE,4436.7,47.8,5748.8,1312.1,0.02,0.78,2026-12-29,21
2026-12-29 22:00:00,BE,4560.2,799.7,6464.7,1904.5,0.0,0.0,2026-12-29,22
2026-12-29 23:00:00,BE,4423.2,67.0,5735.0,1311.8,0.0,0.0,2026-12-29,23
2026-12-30 00:00:00,BE,4059.4,195.5,5773.5,1714.1,0.0,0.0,2026-12-30,0
2026-12-30 01:00:00,BE,3943.2,394.0,6047.0,2103.8,0.0,0.0,2026-12-30,1
2026-12-30 02:00:00,BE,3999.0,669.7,6293.7,2294.7,0.02,5.59,2026-12-30,2
2026-12-30 03:00:00,BE,3859.6,333.5,5951.5,2091.9,0.0,0.0,2026-12-30,3
2026-12-30 04:00:00,BE,3564.4,450.6,6020.6,2456.2,0.0,0.0,2026-12-30,4
2026-12-30 05:00:00,BE,3677.2,637.0,6250.0,2572.8,0.0,0.0,2026-12-30,5
2026-12-30 06:00:00,BE,3634.2,442.6,6060.6,2426.4,0.0,0.0,2026-12-30,6
2026-12-30 07:00:00,BE,3747.0,244.8,5787.8,2040.8,0.0,0.0,2026-12-30,7
2026-12-30 08:00:00,BE,3971.8,1017.9,6617.9,2646.1,0.0,0.0,2026-12-30,8
2026-12-30 09:00:00,BE,3728.6,534.5,6093.5,2364.9,0.0,0.0,2026-12-30,9
2026-12-30 10:00:00,BE,3935.3,698.7,6297.7,2362.4,0.0,0.0,2026-12-30,10
2026-12-30 11:00:00,BE,3977.7,493.9,6149.9,2172.2,0.0,0.0,2026-12-30,11
2026-12-30 12:00:00,BE,4122.0,581.7,6348.7,2226.7,0.0,0.0,2026-12-30,12
2026-12-30 13:00:00,BE,4130.7,1146.6,6827.6,2696.9,0.0,0.0,2026-12-30,13
2026-12-30 14:00:00,BE,4311.6,1201.9,6913.9,2602.3,0.0,0.0,2026-12-30,14
2026-12-30 15:00:00,BE,4512.7,821.1,6519.1,2006.4,0.0,0.0,2026-12-30,15
2026-12-30 16:00:00,BE,4432.0,792.5,6532.5,2100.5,0.0,0.0,2026-12-30,16
2026-12-30 17:00:00,BE,4627.2,568.3,6241.3,1614.1,0.0,0.0,2026-12-30,17
2026-12-30 18:00:00,BE,4633.3,387.2,5954.2,1320.9,0.02,5.92,2026-12-30,18
2026-12-30 19:00:00,BE,4558.6,487.1,6241.1,1682.5,0.0,0.0,2026-12-30,19
2026-12-30 20:00:00,BE,4775.8,570.6,6158.6,1382.8,0.0,0.0,2026-12-30,20
2026-12-30 21:00:00,BE,4569.0,753.1,6495.1,1926.1,0.0,0.0,2026-12-30,21
2026-12-30 22:00:00,BE,4443.5,327.7,5985.7,1542.2,0.0,0.0,2026-12-30,22
2026-12-30 23:00:00,BE,4358.3,309.0,6059.0,1700.7,0.0,0.0,2026-12-30,23
2026-12-31 00:00:00,BE,4115.1,354.6,6008.6,1893.5,0.02,5.21,2026-12-31,0
2026-12-31 01:00:00,BE,3926.0,562.2,6172.2,2246.2,0.0,0.0,2026-12-31,1
2026-12-31 02:00:00,BE,3919.8,455.7,6120.7,2200.9,0.0,0.0,2026-12-31,2
2026-12-31 03:00:00,BE,3785.1,281.4,5902.4,2117.3,0.0,0.0,2026-12-31,3
2026-12-31 04:00:00,BE,3758.3,256.1,5893.1,2134.8,0.0,0.0,2026-12-31,4
2026-12-31 05:00:00,BE,3640.1,588.9,6286.9,2646.8,0.0,0.0,2026-12-31,5
2026-12-31 06:00:00,BE,3574.8,246.5,5782.5,2207.7,0.0,0.0,2026-12-31,6
2026-12-31 07:00:00,BE,3563.0,966.9,6482.9,2919.9,0.0,0.0,2026-12-31,7
2026-12-31 08:00:00,BE,3528.5,685.5,6330.5,2802.0,0.0,0.0,2026-12-31,8
2026-12-31 09:00:00,BE,3608.0,875.3,6507.3,2899.3,0.0,0.0,2026-12-31,9
2026-12-31 10:00:00,BE,3997.2,443.3,6078.3,2081.1,0.02,1.08,2026-12-31,10
2026-12-31 11:00:00,BE,3976.2,965.3,6630.3,2654.1,0.0,0.0,2026-12-31,11
2026-12-31 12:00:00,BE,4132.3,892.5,6489.5,2357.2,0.0,0.0,2026-12-31,12
2026-12-31 13:00:00,BE,4145.5,630.6,6357.6,2212.1,0.0,0.0,2026-12-31,13
2026-12-31 14:00:00,BE,4279.1,700.4,6343.4,2064.3,0.0,0.0,2026-12-31,14
2026-12-31 15:00:00,BE,4510.9,706.9,6388.9,1878.0,0.0,0.0,2026-12-31,15
2026-12-31 16:00:00,BE,4553.6,358.1,5955.1,1401.5,0.0,0.0,2026-12-31,16
2026-12-31 17:00:00,BE,4756.1,348.3,5992.3,1236.2,0.02,1.16,2026-12-31,17
2026-12-31 18:00:00,BE,4331.0,582.1,6234.1,1903.1,0.0,0.0,2026-12-31,18
2026-12-31 19:00:00,BE,4597.6,484.9,6200.9,1603.3,0.0,0.0,2026-12-31,19
2026-12-31 20:00:00,BE,4570.5,706.6,6349.6,1779.1,0.02,10.28,2026-12-31,20
2026-12-31 21:00:00,BE,4390.2,372.1,6068.1,1677.9,0.0,0.0,2026-12-31,21
2026-12-31 22:00:00,BE,4422.6,221.8,5898.8,1476.2,0.02,3.02,2026-12-31,22
2026-12-31 23:00:00,BE,4182.8,654.7,6248.7,2065.9,0.0,0.0,2026-12-31,23
