datetime,open,high,low,close,volume
2026-04-24 01:00,101.23,101.23,101.23,101.23,1
2026-04-24 02:00,98.54,98.54,98.54,98.54,1
2026-04-24 03:00,90.23,90.23,90.23,90.23,1
2026-04-24 04:00,95.62,95.62,95.62,95.62,1
2026-04-24 05:00,97.95,97.95,97.95,97.95,1
2026-04-24 06:00,95.7,95.7,95.7,95.7,1
2026-04-24 07:00,96.51,96.51,96.51,96.51,1
2026-04-24 08:00,94.78,94.78,94.78,94.78,1
2026-04-24 09:00,98.14,98.14,98.14,98.14,1
2026-04-24 10:00,98.33,98.33,98.33,98.33,1
2026-04-24 11:00,97.22,97.22,97.22,97.22,1
2026-04-24 12:00,100.28,100.28,100.28,100.28,1
2026-04-24 13:00,104.19,104.19,104.19,104.19,1
2026-04-24 14:00,103.28,103.28,103.28,103.28,1
2026-04-24 15:00,102.63,102.63,102.63,102.63,1
2026-04-24 16:00,100.41,100.41,100.41,100.41,1
2026-04-24 17:00,92.7,92.7,92.7,92.7,1
2026-04-24 18:00,89.55,89.55,89.55,89.55,1
2026-04-24 19:00,91.99,91.99,91.99,91.99,1
2026-04-24 20:00,92.68,92.68,92.68,92.68,1
2026-04-24 21:00,92.44,92.44,92.44,92.44,1
2026-04-24 22:00,94.85,94.85,94.85,94.85,1
2026-04-24 23:00,95.36,95.36,95.36,95.36,1
2026-04-24 23:00,96.66,96.66,96.66,96.66,1
2026-04-24 01:00,97.27,97.27,97.27,97.27,1
2026-04-24 02:00,110.31,110.31,110.31,110.31,1
2026-04-24 03:00,106.97,106.97,106.97,106.97,1
2026-04-24 04:00,110.52,110.52,110.52,110.52,1
2026-04-24 05:00,134.74,134.74,134.74,134.74,1
2026-04-24 06:00,120.6,120.6,120.6,120.6,1
2026-04-24 07:00,100.53,100.53,100.53,100.53,1
2026-04-24 08:00,94.83,94.83,94.83,94.83,1
2026-04-24 09:00,205.97,205.97,205.97,205.97,1
2026-04-24 10:00,116.04,116.04,116.04,116.04,1
2026-04-24 11:00,90.36,90.36,90.36,90.36,1
2026-04-24 12:00,51.01,51.01,51.01,51.01,1
2026-04-24 13:00,125.77,125.77,125.77,125.77,1
2026-04-24 14:00,65.94,65.94,65.94,65.94,1
2026-04-24 15:00,51.37,51.37,51.37,51.37,1
2026-04-24 16:00,36.81,36.81,36.81,36.81,1
2026-04-24 17:00,44.56,44.56,44.56,44.56,1
2026-04-24 18:00,11.7,11.7,11.7,11.7,1
2026-04-24 19:00,-1.85,-1.85,-1.85,-1.85,1
2026-04-24 20:00,-7.25,-7.25,-7.25,-7.25,1
2026-04-24 21:00,-7.47,-7.47,-7.47,-7.47,1
2026-04-24 22:00,-15.0,-15.0,-15.0,-15.0,1
2026-04-24 23:00,-25.7,-25.7,-25.7,-25.7,1
2026-04-24 00:00,-36.07,-36.07,-36.07,-36.07,1
2026-04-24 01:00,-35.81,-35.81,-35.81,-35.81,1
2026-04-24 02:00,-47.08,-47.08,-47.08,-47.08,1
2026-04-24 03:00,-58.27,-58.27,-58.27,-58.27,1
2026-04-24 04:00,-72.89,-72.89,-72.89,-72.89,1
2026-04-24 05:00,-72.23,-72.23,-72.23,-72.23,1
2026-04-24 06:00,-101.3,-101.3,-101.3,-101.3,1
2026-04-24 07:00,-109.68,-109.68,-109.68,-109.68,1
2026-04-24 08:00,-120.1,-120.1,-120.1,-120.1,1
2026-04-24 09:00,-113.67,-113.67,-113.67,-113.67,1
2026-04-24 10:00,-111.81,-111.81,-111.81,-111.81,1
2026-04-24 11:00,-109.88,-109.88,-109.88,-109.88,1
2026-04-24 12:00,-104.07,-104.07,-104.07,-104.07,1
2026-04-24 13:00,-96.55,-96.55,-96.55,-96.55,1
2026-04-24 14:00,-86.53,-86.53,-86.53,-86.53,1
2026-04-24 15:00,-66.37,-66.37,-66.37,-66.37,1
2026-04-24 16:00,-50.23,-50.23,-50.23,-50.23,1
2026-04-24 17:00,-49.35,-49.35,-49.35,-49.35,1
2026-04-24 18:00,-33.81,-33.81,-33.81,-33.81,1
2026-04-24 19:00,-19.21,-19.21,-19.21,-19.21,1
2026-04-24 20:00,-7.87,-7.87,-7.87,-7.87,1
2026-04-24 21:00,-5.88,-5.88,-5.88,-5.88,1
2026-04-24 22:00,4.85,4.85,4.85,4.85,1
2026-04-24 23:00,30.47,30.47,30.47,30.47,1
2026-04-24 00:00,44.86,44.86,44.86,44.86,1
2026-04-24 01:00,25.8,25.8,25.8,25.8,1
2026-04-24 02:00,53.52,53.52,53.52,53.52,1
2026-04-24 03:00,85.2,85.2,85.2,85.2,1
2026-04-24 04:00,127.86,127.86,127.86,127.86,1
2026-04-24 05:00,80.55,80.55,80.55,80.55,1
2026-04-24 06:00,103.75,103.75,103.75,103.75,1
2026-04-24 07:00,111.19,111.19,111.19,111.19,1
2026-04-24 08:00,155.63,155.63,155.63,155.63,1
2026-04-24 09:00,109.79,109.79,109.79,109.79,1
2026-04-24 10:00,123.23,123.23,123.23,123.23,1
2026-04-24 11:00,141.55,141.55,141.55,141.55,1
2026-04-24 12:00,146.92,146.92,146.92,146.92,1
2026-04-24 13:00,175.32,175.32,175.32,175.32,1
2026-04-24 14:00,130.42,130.42,130.42,130.42,1
2026-04-24 15:00,116.93,116.93,116.93,116.93,1
2026-04-24 16:00,101.26,101.26,101.26,101.26,1
2026-04-24 17:00,131.47,131.47,131.47,131.47,1
2026-04-24 18:00,117.63,117.63,117.63,117.63,1
2026-04-24 19:00,115.75,115.75,115.75,115.75,1
2026-04-24 20:00,102.29,102.29,102.29,102.29,1
2026-04-24 21:00,121.67,121.67,121.67,121.67,1
2026-04-24 22:00,112.14,112.14,112.14,112.14,1
2026-04-24 23:00,104.42,104.42,104.42,104.42,1
2026-04-24 00:00,93.7,93.7,93.7,93.7,1
2026-04-25 01:00,98.1,98.1,98.1,98.1,1
2026-04-25 02:00,94.53,94.53,94.53,94.53,1
2026-04-25 03:00,92.52,92.52,92.52,92.52,1
2026-04-25 04:00,90.81,90.81,90.81,90.81,1
2026-04-25 05:00,91.66,91.66,91.66,91.66,1
2026-04-25 06:00,89.22,89.22,89.22,89.22,1
2026-04-25 07:00,91.34,91.34,91.34,91.34,1
2026-04-25 08:00,88.45,88.45,88.45,88.45,1
2026-04-25 09:00,101.01,101.01,101.01,101.01,1
2026-04-25 10:00,103.03,103.03,103.03,103.03,1
2026-04-25 11:00,104.15,104.15,104.15,104.15,1
2026-04-25 12:00,111.04,111.04,111.04,111.04,1
2026-04-25 13:00,116.16,116.16,116.16,116.16,1
2026-04-25 14:00,110.0,110.0,110.0,110.0,1
2026-04-25 15:00,116.45,116.45,116.45,116.45,1
2026-04-25 16:00,125.84,125.84,125.84,125.84,1
2026-04-25 17:00,105.96,105.96,105.96,105.96,1
2026-04-25 18:00,107.05,107.05,107.05,107.05,1
2026-04-25 19:00,118.66,118.66,118.66,118.66,1
2026-04-25 20:00,120.9,120.9,120.9,120.9,1
2026-04-25 21:00,103.4,103.4,103.4,103.4,1
2026-04-25 22:00,103.51,103.51,103.51,103.51,1
2026-04-25 23:00,106.31,106.31,106.31,106.31,1
2026-04-25 23:00,107.08,107.08,107.08,107.08,1
2026-04-25 01:00,112.39,112.39,112.39,112.39,1
2026-04-25 02:00,114.62,114.62,114.62,114.62,1
2026-04-25 03:00,113.31,113.31,113.31,113.31,1
2026-04-25 04:00,108.3,108.3,108.3,108.3,1
2026-04-25 05:00,146.22,146.22,146.22,146.22,1
2026-04-25 06:00,153.71,153.71,153.71,153.71,1
2026-04-25 07:00,130.8,130.8,130.8,130.8,1
2026-04-25 08:00,114.59,114.59,114.59,114.59,1
2026-04-25 09:00,181.69,181.69,181.69,181.69,1
2026-04-25 10:00,105.36,105.36,105.36,105.36,1
2026-04-25 11:00,63.97,63.97,63.97,63.97,1
2026-04-25 12:00,10.52,10.52,10.52,10.52,1
2026-04-25 13:00,34.96,34.96,34.96,34.96,1
2026-04-25 14:00,7.83,7.83,7.83,7.83,1
2026-04-25 15:00,-0.12,-0.12,-0.12,-0.12,1
2026-04-25 16:00,-1.42,-1.42,-1.42,-1.42,1
2026-04-25 17:00,-2.5,-2.5,-2.5,-2.5,1
2026-04-25 18:00,-10.49,-10.49,-10.49,-10.49,1
2026-04-25 19:00,-21.46,-21.46,-21.46,-21.46,1
2026-04-25 20:00,-32.29,-32.29,-32.29,-32.29,1
2026-04-25 21:00,-43.52,-43.52,-43.52,-43.52,1
2026-04-25 22:00,-58.42,-58.42,-58.42,-58.42,1
2026-04-25 23:00,-94.03,-94.03,-94.03,-94.03,1
2026-04-25 00:00,-142.31,-142.31,-142.31,-142.31,1
2026-04-25 01:00,-141.69,-141.69,-141.69,-141.69,1
2026-04-25 02:00,-168.53,-168.53,-168.53,-168.53,1
2026-04-25 03:00,-182.65,-182.65,-182.65,-182.65,1
2026-04-25 04:00,-226.56,-226.56,-226.56,-226.56,1
2026-04-25 05:00,-244.64,-244.64,-244.64,-244.64,1
2026-04-25 06:00,-279.05,-279.05,-279.05,-279.05,1
2026-04-25 07:00,-320.03,-320.03,-320.03,-320.03,1
2026-04-25 08:00,-333.66,-333.66,-333.66,-333.66,1
2026-04-25 09:00,-337.01,-337.01,-337.01,-337.01,1
2026-04-25 10:00,-321.45,-321.45,-321.45,-321.45,1
2026-04-25 11:00,-291.06,-291.06,-291.06,-291.06,1
2026-04-25 12:00,-255.39,-255.39,-255.39,-255.39,1
2026-04-25 13:00,-243.31,-243.31,-243.31,-243.31,1
2026-04-25 14:00,-214.62,-214.62,-214.62,-214.62,1
2026-04-25 15:00,-172.59,-172.59,-172.59,-172.59,1
2026-04-25 16:00,-106.56,-106.56,-106.56,-106.56,1
2026-04-25 17:00,-91.06,-91.06,-91.06,-91.06,1
2026-04-25 18:00,-55.81,-55.81,-55.81,-55.81,1
2026-04-25 19:00,-25.2,-25.2,-25.2,-25.2,1
2026-04-25 20:00,-9.38,-9.38,-9.38,-9.38,1
2026-04-25 21:00,-6.92,-6.92,-6.92,-6.92,1
2026-04-25 22:00,-1.58,-1.58,-1.58,-1.58,1
2026-04-25 23:00,-0.09,-0.09,-0.09,-0.09,1
2026-04-25 00:00,24.42,24.42,24.42,24.42,1
2026-04-25 01:00,21.35,21.35,21.35,21.35,1
2026-04-25 02:00,58.8,58.8,58.8,58.8,1
2026-04-25 03:00,100.7,100.7,100.7,100.7,1
2026-04-25 04:00,140.07,140.07,140.07,140.07,1
2026-04-25 05:00,86.41,86.41,86.41,86.41,1
2026-04-25 06:00,110.44,110.44,110.44,110.44,1
2026-04-25 07:00,128.75,128.75,128.75,128.75,1
2026-04-25 08:00,160.06,160.06,160.06,160.06,1
2026-04-25 09:00,117.05,117.05,117.05,117.05,1
2026-04-25 10:00,127.94,127.94,127.94,127.94,1
2026-04-25 11:00,138.66,138.66,138.66,138.66,1
2026-04-25 12:00,137.23,137.23,137.23,137.23,1
2026-04-25 13:00,138.17,138.17,138.17,138.17,1
2026-04-25 14:00,124.66,124.66,124.66,124.66,1
2026-04-25 15:00,117.69,117.69,117.69,117.69,1
2026-04-25 16:00,105.39,105.39,105.39,105.39,1
2026-04-25 17:00,125.44,125.44,125.44,125.44,1
2026-04-25 18:00,112.76,112.76,112.76,112.76,1
2026-04-25 19:00,111.61,111.61,111.61,111.61,1
2026-04-25 20:00,99.81,99.81,99.81,99.81,1
2026-04-25 21:00,115.57,115.57,115.57,115.57,1
2026-04-25 22:00,109.88,109.88,109.88,109.88,1
2026-04-25 23:00,102.28,102.28,102.28,102.28,1
2026-04-25 00:00,95.38,95.38,95.38,95.38,1
2026-04-26 01:00,100.66,100.66,100.66,100.66,1
2026-04-26 02:00,95.11,95.11,95.11,95.11,1
2026-04-26 03:00,93.22,93.22,93.22,93.22,1
2026-04-26 04:00,90.07,90.07,90.07,90.07,1
2026-04-26 05:00,89.43,89.43,89.43,89.43,1
2026-04-26 06:00,89.1,89.1,89.1,89.1,1
2026-04-26 07:00,92.37,92.37,92.37,92.37,1
2026-04-26 08:00,90.43,90.43,90.43,90.43,1
2026-04-26 09:00,100.67,100.67,100.67,100.67,1
2026-04-26 10:00,102.03,102.03,102.03,102.03,1
2026-04-26 11:00,104.83,104.83,104.83,104.83,1
2026-04-26 12:00,108.89,108.89,108.89,108.89,1
2026-04-26 13:00,108.92,108.92,108.92,108.92,1
2026-04-26 14:00,95.0,95.0,95.0,95.0,1
2026-04-26 15:00,112.1,112.1,112.1,112.1,1
2026-04-26 16:00,124.3,124.3,124.3,124.3,1
2026-04-26 17:00,112.25,112.25,112.25,112.25,1
2026-04-26 18:00,113.75,113.75,113.75,113.75,1
2026-04-26 19:00,126.67,126.67,126.67,126.67,1
2026-04-26 20:00,126.96,126.96,126.96,126.96,1
2026-04-26 21:00,113.08,113.08,113.08,113.08,1
2026-04-26 22:00,111.25,111.25,111.25,111.25,1
2026-04-26 23:00,119.88,119.88,119.88,119.88,1
2026-04-26 23:00,121.08,121.08,121.08,121.08,1
2026-04-26 01:00,136.16,136.16,136.16,136.16,1
2026-04-26 02:00,143.68,143.68,143.68,143.68,1
2026-04-26 03:00,145.13,145.13,145.13,145.13,1
2026-04-26 04:00,142.03,142.03,142.03,142.03,1
2026-04-26 05:00,176.66,176.66,176.66,176.66,1
2026-04-26 06:00,188.87,188.87,188.87,188.87,1
2026-04-26 07:00,164.43,164.43,164.43,164.43,1
2026-04-26 08:00,137.46,137.46,137.46,137.46,1
2026-04-26 09:00,193.72,193.72,193.72,193.72,1
2026-04-26 10:00,141.65,141.65,141.65,141.65,1
2026-04-26 11:00,100.96,100.96,100.96,100.96,1
2026-04-26 12:00,76.5,76.5,76.5,76.5,1
2026-04-26 13:00,86.62,86.62,86.62,86.62,1
2026-04-26 14:00,70.13,70.13,70.13,70.13,1
2026-04-26 15:00,72.03,72.03,72.03,72.03,1
2026-04-26 16:00,51.2,51.2,51.2,51.2,1
2026-04-26 17:00,75.09,75.09,75.09,75.09,1
2026-04-26 18:00,50.09,50.09,50.09,50.09,1
2026-04-26 19:00,26.42,26.42,26.42,26.42,1
2026-04-26 20:00,-4.85,-4.85,-4.85,-4.85,1
2026-04-26 21:00,-15.84,-15.84,-15.84,-15.84,1
2026-04-26 22:00,-43.41,-43.41,-43.41,-43.41,1
2026-04-26 23:00,-68.35,-68.35,-68.35,-68.35,1
2026-04-26 00:00,-106.36,-106.36,-106.36,-106.36,1
2026-04-26 01:00,-106.62,-106.62,-106.62,-106.62,1
2026-04-26 02:00,-123.73,-123.73,-123.73,-123.73,1
2026-04-26 03:00,-127.95,-127.95,-127.95,-127.95,1
2026-04-26 04:00,-161.08,-161.08,-161.08,-161.08,1
2026-04-26 05:00,-180.16,-180.16,-180.16,-180.16,1
2026-04-26 06:00,-188.17,-188.17,-188.17,-188.17,1
2026-04-26 07:00,-225.81,-225.81,-225.81,-225.81,1
2026-04-26 08:00,-466.49,-466.49,-466.49,-466.49,1
2026-04-26 09:00,-239.88,-239.88,-239.88,-239.88,1
2026-04-26 10:00,-225.27,-225.27,-225.27,-225.27,1
2026-04-26 11:00,-196.15,-196.15,-196.15,-196.15,1
2026-04-26 12:00,-164.3,-164.3,-164.3,-164.3,1
2026-04-26 13:00,-160.06,-160.06,-160.06,-160.06,1
2026-04-26 14:00,-137.93,-137.93,-137.93,-137.93,1
2026-04-26 15:00,-225.24,-225.24,-225.24,-225.24,1
2026-04-26 16:00,-53.91,-53.91,-53.91,-53.91,1
2026-04-26 17:00,-37.58,-37.58,-37.58,-37.58,1
2026-04-26 18:00,-2.91,-2.91,-2.91,-2.91,1
2026-04-26 19:00,26.39,26.39,26.39,26.39,1
2026-04-26 20:00,40.09,40.09,40.09,40.09,1
2026-04-26 21:00,28.75,28.75,28.75,28.75,1
2026-04-26 22:00,46.05,46.05,46.05,46.05,1
2026-04-26 23:00,54.69,54.69,54.69,54.69,1
2026-04-26 00:00,82.06,82.06,82.06,82.06,1
2026-04-26 01:00,69.12,69.12,69.12,69.12,1
2026-04-26 02:00,105.5,105.5,105.5,105.5,1
2026-04-26 03:00,135.47,135.47,135.47,135.47,1
2026-04-26 04:00,148.94,148.94,148.94,148.94,1
2026-04-26 05:00,114.97,114.97,114.97,114.97,1
2026-04-26 06:00,132.28,132.28,132.28,132.28,1
2026-04-26 07:00,164.8,164.8,164.8,164.8,1
2026-04-26 08:00,209.59,209.59,209.59,209.59,1
2026-04-26 09:00,180.88,180.88,180.88,180.88,1
2026-04-26 10:00,182.18,182.18,182.18,182.18,1
2026-04-26 11:00,174.59,174.59,174.59,174.59,1
2026-04-26 12:00,153.29,153.29,153.29,153.29,1
2026-04-26 13:00,172.2,172.2,172.2,172.2,1
2026-04-26 14:00,144.33,144.33,144.33,144.33,1
2026-04-26 15:00,131.32,131.32,131.32,131.32,1
2026-04-26 16:00,123.04,123.04,123.04,123.04,1
2026-04-26 17:00,132.28,132.28,132.28,132.28,1
2026-04-26 18:00,123.78,123.78,123.78,123.78,1
2026-04-26 19:00,120.31,120.31,120.31,120.31,1
2026-04-26 20:00,111.63,111.63,111.63,111.63,1
2026-04-26 21:00,113.25,113.25,113.25,113.25,1
2026-04-26 22:00,109.53,109.53,109.53,109.53,1
2026-04-26 23:00,108.51,108.51,108.51,108.51,1
2026-04-26 00:00,101.77,101.77,101.77,101.77,1
2026-04-27 01:00,114.32,114.32,114.32,114.32,1
2026-04-27 02:00,106.69,106.69,106.69,106.69,1
2026-04-27 03:00,97.41,97.41,97.41,97.41,1
2026-04-27 04:00,92.56,92.56,92.56,92.56,1
2026-04-27 05:00,99.81,99.81,99.81,99.81,1
2026-04-27 06:00,96.77,96.77,96.77,96.77,1
2026-04-27 07:00,97.64,97.64,97.64,97.64,1
2026-04-27 08:00,93.53,93.53,93.53,93.53,1
2026-04-27 09:00,95.78,95.78,95.78,95.78,1
2026-04-27 10:00,92.18,92.18,92.18,92.18,1
2026-04-27 11:00,93.33,93.33,93.33,93.33,1
2026-04-27 12:00,92.99,92.99,92.99,92.99,1
2026-04-27 13:00,91.94,91.94,91.94,91.94,1
2026-04-27 14:00,89.84,89.84,89.84,89.84,1
2026-04-27 15:00,92.9,92.9,92.9,92.9,1
2026-04-27 16:00,91.97,91.97,91.97,91.97,1
2026-04-27 17:00,93.05,93.05,93.05,93.05,1
2026-04-27 18:00,93.57,93.57,93.57,93.57,1
2026-04-27 19:00,94.56,94.56,94.56,94.56,1
2026-04-27 20:00,93.85,93.85,93.85,93.85,1
2026-04-27 21:00,93.91,93.91,93.91,93.91,1
2026-04-27 22:00,94.98,94.98,94.98,94.98,1
2026-04-27 23:00,105.03,105.03,105.03,105.03,1
2026-04-27 23:00,108.22,108.22,108.22,108.22,1
2026-04-27 01:00,119.57,119.57,119.57,119.57,1
2026-04-27 02:00,126.73,126.73,126.73,126.73,1
2026-04-27 03:00,128.41,128.41,128.41,128.41,1
2026-04-27 04:00,129.84,129.84,129.84,129.84,1
2026-04-27 05:00,145.58,145.58,145.58,145.58,1
2026-04-27 06:00,136.83,136.83,136.83,136.83,1
2026-04-27 07:00,120.38,120.38,120.38,120.38,1
2026-04-27 08:00,105.92,105.92,105.92,105.92,1
2026-04-27 09:00,180.41,180.41,180.41,180.41,1
2026-04-27 10:00,135.48,135.48,135.48,135.48,1
2026-04-27 11:00,115.62,115.62,115.62,115.62,1
2026-04-27 12:00,110.92,110.92,110.92,110.92,1
2026-04-27 13:00,138.46,138.46,138.46,138.46,1
2026-04-27 14:00,116.28,116.28,116.28,116.28,1
2026-04-27 15:00,103.59,103.59,103.59,103.59,1
2026-04-27 16:00,69.17,69.17,69.17,69.17,1
2026-04-27 17:00,107.69,107.69,107.69,107.69,1
2026-04-27 18:00,71.78,71.78,71.78,71.78,1
2026-04-27 19:00,47.08,47.08,47.08,47.08,1
2026-04-27 20:00,19.34,19.34,19.34,19.34,1
2026-04-27 21:00,20.2,20.2,20.2,20.2,1
2026-04-27 22:00,-0.17,-0.17,-0.17,-0.17,1
2026-04-27 23:00,-0.29,-0.29,-0.29,-0.29,1
2026-04-27 00:00,-0.75,-0.75,-0.75,-0.75,1
2026-04-27 01:00,0.25,0.25,0.25,0.25,1
2026-04-27 02:00,0.4,0.4,0.4,0.4,1
2026-04-27 03:00,0.66,0.66,0.66,0.66,1
2026-04-27 04:00,-0.97,-0.97,-0.97,-0.97,1
2026-04-27 05:00,-6.97,-6.97,-6.97,-6.97,1
2026-04-27 06:00,-9.06,-9.06,-9.06,-9.06,1
2026-04-27 07:00,-15.09,-15.09,-15.09,-15.09,1
2026-04-27 08:00,-34.36,-34.36,-34.36,-34.36,1
2026-04-27 09:00,-5.35,-5.35,-5.35,-5.35,1
2026-04-27 10:00,-6.11,-6.11,-6.11,-6.11,1
2026-04-27 11:00,-5.03,-5.03,-5.03,-5.03,1
2026-04-27 12:00,-2.55,-2.55,-2.55,-2.55,1
2026-04-27 13:00,-0.94,-0.94,-0.94,-0.94,1
2026-04-27 14:00,-2.39,-2.39,-2.39,-2.39,1
2026-04-27 15:00,-13.48,-13.48,-13.48,-13.48,1
2026-04-27 16:00,2.32,2.32,2.32,2.32,1
2026-04-27 17:00,1.05,1.05,1.05,1.05,1
2026-04-27 18:00,17.96,17.96,17.96,17.96,1
2026-04-27 19:00,32.34,32.34,32.34,32.34,1
2026-04-27 20:00,41.59,41.59,41.59,41.59,1
2026-04-27 21:00,29.78,29.78,29.78,29.78,1
2026-04-27 22:00,49.02,49.02,49.02,49.02,1
2026-04-27 23:00,71.72,71.72,71.72,71.72,1
2026-04-27 00:00,89.7,89.7,89.7,89.7,1
2026-04-27 01:00,73.19,73.19,73.19,73.19,1
2026-04-27 02:00,91.05,91.05,91.05,91.05,1
2026-04-27 03:00,104.73,104.73,104.73,104.73,1
2026-04-27 04:00,116.23,116.23,116.23,116.23,1
2026-04-27 05:00,101.48,101.48,101.48,101.48,1
2026-04-27 06:00,114.12,114.12,114.12,114.12,1
2026-04-27 07:00,132.65,132.65,132.65,132.65,1
2026-04-27 08:00,169.25,169.25,169.25,169.25,1
2026-04-27 09:00,157.97,157.97,157.97,157.97,1
2026-04-27 10:00,150.98,150.98,150.98,150.98,1
2026-04-27 11:00,137.87,137.87,137.87,137.87,1
2026-04-27 12:00,122.0,122.0,122.0,122.0,1
2026-04-27 13:00,148.06,148.06,148.06,148.06,1
2026-04-27 14:00,120.5,120.5,120.5,120.5,1
2026-04-27 15:00,105.74,105.74,105.74,105.74,1
2026-04-27 16:00,95.95,95.95,95.95,95.95,1
2026-04-27 17:00,111.86,111.86,111.86,111.86,1
2026-04-27 18:00,101.96,101.96,101.96,101.96,1
2026-04-27 19:00,104.64,104.64,104.64,104.64,1
2026-04-27 20:00,93.66,93.66,93.66,93.66,1
2026-04-27 21:00,96.12,96.12,96.12,96.12,1
2026-04-27 22:00,87.47,87.47,87.47,87.47,1
2026-04-27 23:00,88.64,88.64,88.64,88.64,1
2026-04-27 00:00,82.28,82.28,82.28,82.28,1
2026-04-28 01:00,102.64,102.64,102.64,102.64,1
2026-04-28 02:00,92.99,92.99,92.99,92.99,1
2026-04-28 03:00,86.67,86.67,86.67,86.67,1
2026-04-28 04:00,81.3,81.3,81.3,81.3,1
2026-04-28 05:00,89.05,89.05,89.05,89.05,1
2026-04-28 06:00,86.75,86.75,86.75,86.75,1
2026-04-28 07:00,87.59,87.59,87.59,87.59,1
2026-04-28 08:00,82.95,82.95,82.95,82.95,1
2026-04-28 09:00,82.91,82.91,82.91,82.91,1
2026-04-28 10:00,81.02,81.02,81.02,81.02,1
2026-04-28 11:00,80.84,80.84,80.84,80.84,1
2026-04-28 12:00,79.87,79.87,79.87,79.87,1
2026-04-28 13:00,79.94,79.94,79.94,79.94,1
2026-04-28 14:00,79.42,79.42,79.42,79.42,1
2026-04-28 15:00,80.62,80.62,80.62,80.62,1
2026-04-28 16:00,80.0,80.0,80.0,80.0,1
2026-04-28 17:00,79.92,79.92,79.92,79.92,1
2026-04-28 18:00,80.15,80.15,80.15,80.15,1
2026-04-28 19:00,80.26,80.26,80.26,80.26,1
2026-04-28 20:00,82.74,82.74,82.74,82.74,1
2026-04-28 21:00,79.34,79.34,79.34,79.34,1
2026-04-28 22:00,83.07,83.07,83.07,83.07,1
2026-04-28 23:00,88.94,88.94,88.94,88.94,1
2026-04-28 23:00,93.29,93.29,93.29,93.29,1
2026-04-28 01:00,88.75,88.75,88.75,88.75,1
2026-04-28 02:00,90.53,90.53,90.53,90.53,1
2026-04-28 03:00,98.86,98.86,98.86,98.86,1
2026-04-28 04:00,100.81,100.81,100.81,100.81,1
2026-04-28 05:00,113.92,113.92,113.92,113.92,1
2026-04-28 06:00,109.71,109.71,109.71,109.71,1
2026-04-28 07:00,100.91,100.91,100.91,100.91,1
2026-04-28 08:00,93.09,93.09,93.09,93.09,1
2026-04-28 09:00,116.18,116.18,116.18,116.18,1
2026-04-28 10:00,105.84,105.84,105.84,105.84,1
2026-04-28 11:00,93.08,93.08,93.08,93.08,1
2026-04-28 12:00,75.76,75.76,75.76,75.76,1
2026-04-28 13:00,98.64,98.64,98.64,98.64,1
2026-04-28 14:00,82.35,82.35,82.35,82.35,1
2026-04-28 15:00,50.34,50.34,50.34,50.34,1
2026-04-28 16:00,16.89,16.89,16.89,16.89,1
2026-04-28 17:00,35.5,35.5,35.5,35.5,1
2026-04-28 18:00,12.44,12.44,12.44,12.44,1
2026-04-28 19:00,1.33,1.33,1.33,1.33,1
2026-04-28 20:00,-4.58,-4.58,-4.58,-4.58,1
2026-04-28 21:00,-2.04,-2.04,-2.04,-2.04,1
2026-04-28 22:00,-2.16,-2.16,-2.16,-2.16,1
2026-04-28 23:00,-4.37,-4.37,-4.37,-4.37,1
2026-04-28 00:00,-9.03,-9.03,-9.03,-9.03,1
2026-04-28 01:00,-8.23,-8.23,-8.23,-8.23,1
2026-04-28 02:00,-12.96,-12.96,-12.96,-12.96,1
2026-04-28 03:00,-15.37,-15.37,-15.37,-15.37,1
2026-04-28 04:00,-22.96,-22.96,-22.96,-22.96,1
2026-04-28 05:00,-29.34,-29.34,-29.34,-29.34,1
2026-04-28 06:00,-34.91,-34.91,-34.91,-34.91,1
2026-04-28 07:00,-43.72,-43.72,-43.72,-43.72,1
2026-04-28 08:00,-49.26,-49.26,-49.26,-49.26,1
2026-04-28 09:00,-34.13,-34.13,-34.13,-34.13,1
2026-04-28 10:00,-32.45,-32.45,-32.45,-32.45,1
2026-04-28 11:00,-28.85,-28.85,-28.85,-28.85,1
2026-04-28 12:00,-24.66,-24.66,-24.66,-24.66,1
2026-04-28 13:00,-23.78,-23.78,-23.78,-23.78,1
2026-04-28 14:00,-20.23,-20.23,-20.23,-20.23,1
2026-04-28 15:00,-21.41,-21.41,-21.41,-21.41,1
2026-04-28 16:00,-13.04,-13.04,-13.04,-13.04,1
2026-04-28 17:00,-18.2,-18.2,-18.2,-18.2,1
2026-04-28 18:00,-7.28,-7.28,-7.28,-7.28,1
2026-04-28 19:00,-2.1,-2.1,-2.1,-2.1,1
2026-04-28 20:00,-0.06,-0.06,-0.06,-0.06,1
2026-04-28 21:00,-1.48,-1.48,-1.48,-1.48,1
2026-04-28 22:00,3.18,3.18,3.18,3.18,1
2026-04-28 23:00,21.39,21.39,21.39,21.39,1
2026-04-28 00:00,60.59,60.59,60.59,60.59,1
2026-04-28 01:00,41.85,41.85,41.85,41.85,1
2026-04-28 02:00,68.62,68.62,68.62,68.62,1
2026-04-28 03:00,83.48,83.48,83.48,83.48,1
2026-04-28 04:00,99.75,99.75,99.75,99.75,1
2026-04-28 05:00,92.68,92.68,92.68,92.68,1
2026-04-28 06:00,96.23,96.23,96.23,96.23,1
2026-04-28 07:00,106.81,106.81,106.81,106.81,1
2026-04-28 08:00,129.14,129.14,129.14,129.14,1
2026-04-28 09:00,123.19,123.19,123.19,123.19,1
2026-04-28 10:00,111.51,111.51,111.51,111.51,1
2026-04-28 11:00,118.21,118.21,118.21,118.21,1
2026-04-28 12:00,114.03,114.03,114.03,114.03,1
2026-04-28 13:00,115.14,115.14,115.14,115.14,1
2026-04-28 14:00,110.86,110.86,110.86,110.86,1
2026-04-28 15:00,100.93,100.93,100.93,100.93,1
2026-04-28 16:00,94.2,94.2,94.2,94.2,1
2026-04-28 17:00,97.33,97.33,97.33,97.33,1
2026-04-28 18:00,84.75,84.75,84.75,84.75,1
2026-04-28 19:00,94.25,94.25,94.25,94.25,1
2026-04-28 20:00,85.52,85.52,85.52,85.52,1
2026-04-28 21:00,87.34,87.34,87.34,87.34,1
2026-04-28 22:00,81.22,81.22,81.22,81.22,1
2026-04-28 23:00,81.12,81.12,81.12,81.12,1
2026-04-28 00:00,77.23,77.23,77.23,77.23,1
2026-04-29 01:00,88.98,88.98,88.98,88.98,1
2026-04-29 02:00,80.59,80.59,80.59,80.59,1
2026-04-29 03:00,79.04,79.04,79.04,79.04,1
2026-04-29 04:00,73.91,73.91,73.91,73.91,1
2026-04-29 05:00,79.03,79.03,79.03,79.03,1
2026-04-29 06:00,77.81,77.81,77.81,77.81,1
2026-04-29 07:00,79.15,79.15,79.15,79.15,1
2026-04-29 08:00,78.42,78.42,78.42,78.42,1
2026-04-29 09:00,75.41,75.41,75.41,75.41,1
2026-04-29 10:00,76.63,76.63,76.63,76.63,1
2026-04-29 11:00,76.93,76.93,76.93,76.93,1
2026-04-29 12:00,76.16,76.16,76.16,76.16,1
2026-04-29 13:00,74.33,74.33,74.33,74.33,1
2026-04-29 14:00,74.09,74.09,74.09,74.09,1
2026-04-29 15:00,74.43,74.43,74.43,74.43,1
2026-04-29 16:00,75.42,75.42,75.42,75.42,1
2026-04-29 17:00,74.38,74.38,74.38,74.38,1
2026-04-29 18:00,75.96,75.96,75.96,75.96,1
2026-04-29 19:00,78.98,78.98,78.98,78.98,1
2026-04-29 20:00,81.36,81.36,81.36,81.36,1
2026-04-29 21:00,79.81,79.81,79.81,79.81,1
2026-04-29 22:00,81.94,81.94,81.94,81.94,1
2026-04-29 23:00,85.81,85.81,85.81,85.81,1
2026-04-29 23:00,90.48,90.48,90.48,90.48,1
2026-04-29 01:00,78.27,78.27,78.27,78.27,1
2026-04-29 02:00,88.78,88.78,88.78,88.78,1
2026-04-29 03:00,97.69,97.69,97.69,97.69,1
2026-04-29 04:00,92.59,92.59,92.59,92.59,1
2026-04-29 05:00,117.27,117.27,117.27,117.27,1
2026-04-29 06:00,106.07,106.07,106.07,106.07,1
2026-04-29 07:00,94.3,94.3,94.3,94.3,1
2026-04-29 08:00,79.66,79.66,79.66,79.66,1
2026-04-29 09:00,104.93,104.93,104.93,104.93,1
2026-04-29 10:00,93.41,93.41,93.41,93.41,1
2026-04-29 11:00,75.07,75.07,75.07,75.07,1
2026-04-29 12:00,52.24,52.24,52.24,52.24,1
2026-04-29 13:00,84.27,84.27,84.27,84.27,1
2026-04-29 14:00,61.22,61.22,61.22,61.22,1
2026-04-29 15:00,26.24,26.24,26.24,26.24,1
2026-04-29 16:00,0.23,0.23,0.23,0.23,1
2026-04-29 17:00,6.37,6.37,6.37,6.37,1
2026-04-29 18:00,0.56,0.56,0.56,0.56,1
2026-04-29 19:00,-0.37,-0.37,-0.37,-0.37,1
2026-04-29 20:00,-4.66,-4.66,-4.66,-4.66,1
2026-04-29 21:00,-2.21,-2.21,-2.21,-2.21,1
2026-04-29 22:00,-2.45,-2.45,-2.45,-2.45,1
2026-04-29 23:00,-5.76,-5.76,-5.76,-5.76,1
2026-04-29 00:00,-12.53,-12.53,-12.53,-12.53,1
2026-04-29 01:00,-11.24,-11.24,-11.24,-11.24,1
2026-04-29 02:00,-19.64,-19.64,-19.64,-19.64,1
2026-04-29 03:00,-23.45,-23.45,-23.45,-23.45,1
2026-04-29 04:00,-32.91,-32.91,-32.91,-32.91,1
2026-04-29 05:00,-35.31,-35.31,-35.31,-35.31,1
2026-04-29 06:00,-40.89,-40.89,-40.89,-40.89,1
2026-04-29 07:00,-46.03,-46.03,-46.03,-46.03,1
2026-04-29 08:00,-50.34,-50.34,-50.34,-50.34,1
2026-04-29 09:00,-46.2,-46.2,-46.2,-46.2,1
2026-04-29 10:00,-40.55,-40.55,-40.55,-40.55,1
2026-04-29 11:00,-37.2,-37.2,-37.2,-37.2,1
2026-04-29 12:00,-32.1,-32.1,-32.1,-32.1,1
2026-04-29 13:00,-32.63,-32.63,-32.63,-32.63,1
2026-04-29 14:00,-24.9,-24.9,-24.9,-24.9,1
2026-04-29 15:00,-19.1,-19.1,-19.1,-19.1,1
2026-04-29 16:00,-10.79,-10.79,-10.79,-10.79,1
2026-04-29 17:00,-15.21,-15.21,-15.21,-15.21,1
2026-04-29 18:00,-6.29,-6.29,-6.29,-6.29,1
2026-04-29 19:00,-2.33,-2.33,-2.33,-2.33,1
2026-04-29 20:00,0.21,0.21,0.21,0.21,1
2026-04-29 21:00,-2.02,-2.02,-2.02,-2.02,1
2026-04-29 22:00,0.45,0.45,0.45,0.45,1
2026-04-29 23:00,11.01,11.01,11.01,11.01,1
2026-04-29 00:00,57.38,57.38,57.38,57.38,1
2026-04-29 01:00,30.2,30.2,30.2,30.2,1
2026-04-29 02:00,69.03,69.03,69.03,69.03,1
2026-04-29 03:00,87.59,87.59,87.59,87.59,1
2026-04-29 04:00,107.37,107.37,107.37,107.37,1
2026-04-29 05:00,95.92,95.92,95.92,95.92,1
2026-04-29 06:00,98.72,98.72,98.72,98.72,1
2026-04-29 07:00,116.11,116.11,116.11,116.11,1
2026-04-29 08:00,161.91,161.91,161.91,161.91,1
2026-04-29 09:00,127.5,127.5,127.5,127.5,1
2026-04-29 10:00,132.61,132.61,132.61,132.61,1
2026-04-29 11:00,148.86,148.86,148.86,148.86,1
2026-04-29 12:00,145.25,145.25,145.25,145.25,1
2026-04-29 13:00,133.73,133.73,133.73,133.73,1
2026-04-29 14:00,125.48,125.48,125.48,125.48,1
2026-04-29 15:00,109.5,109.5,109.5,109.5,1
2026-04-29 16:00,101.58,101.58,101.58,101.58,1
2026-04-29 17:00,110.34,110.34,110.34,110.34,1
2026-04-29 18:00,107.52,107.52,107.52,107.52,1
2026-04-29 19:00,103.23,103.23,103.23,103.23,1
2026-04-29 20:00,95.44,95.44,95.44,95.44,1
2026-04-29 21:00,98.82,98.82,98.82,98.82,1
2026-04-29 22:00,93.59,93.59,93.59,93.59,1
2026-04-29 23:00,94.25,94.25,94.25,94.25,1
2026-04-29 00:00,87.18,87.18,87.18,87.18,1
2026-04-30 01:00,97.29,97.29,97.29,97.29,1
2026-04-30 02:00,87.44,87.44,87.44,87.44,1
2026-04-30 03:00,84.78,84.78,84.78,84.78,1
2026-04-30 04:00,79.47,79.47,79.47,79.47,1
2026-04-30 05:00,86.99,86.99,86.99,86.99,1
2026-04-30 06:00,82.97,82.97,82.97,82.97,1
2026-04-30 07:00,84.63,84.63,84.63,84.63,1
2026-04-30 08:00,82.4,82.4,82.4,82.4,1
2026-04-30 09:00,82.62,82.62,82.62,82.62,1
2026-04-30 10:00,81.38,81.38,81.38,81.38,1
2026-04-30 11:00,81.42,81.42,81.42,81.42,1
2026-04-30 12:00,80.43,80.43,80.43,80.43,1
2026-04-30 13:00,77.82,77.82,77.82,77.82,1
2026-04-30 14:00,78.14,78.14,78.14,78.14,1
2026-04-30 15:00,79.41,79.41,79.41,79.41,1
2026-04-30 16:00,80.19,80.19,80.19,80.19,1
2026-04-30 17:00,77.81,77.81,77.81,77.81,1
2026-04-30 18:00,78.97,78.97,78.97,78.97,1
2026-04-30 19:00,80.52,80.52,80.52,80.52,1
2026-04-30 20:00,83.44,83.44,83.44,83.44,1
2026-04-30 21:00,82.7,82.7,82.7,82.7,1
2026-04-30 22:00,86.06,86.06,86.06,86.06,1
2026-04-30 23:00,89.08,89.08,89.08,89.08,1
2026-04-30 23:00,86.34,86.34,86.34,86.34,1
2026-04-30 01:00,94.73,94.73,94.73,94.73,1
2026-04-30 02:00,102.71,102.71,102.71,102.71,1
2026-04-30 03:00,102.59,102.59,102.59,102.59,1
2026-04-30 04:00,84.16,84.16,84.16,84.16,1
2026-04-30 05:00,120.38,120.38,120.38,120.38,1
2026-04-30 06:00,96.88,96.88,96.88,96.88,1
2026-04-30 07:00,78.31,78.31,78.31,78.31,1
2026-04-30 08:00,52.05,52.05,52.05,52.05,1
2026-04-30 09:00,94.37,94.37,94.37,94.37,1
2026-04-30 10:00,60.38,60.38,60.38,60.38,1
2026-04-30 11:00,39.13,39.13,39.13,39.13,1
2026-04-30 12:00,19.0,19.0,19.0,19.0,1
2026-04-30 13:00,40.73,40.73,40.73,40.73,1
2026-04-30 14:00,25.15,25.15,25.15,25.15,1
2026-04-30 15:00,7.33,7.33,7.33,7.33,1
2026-04-30 16:00,-0.62,-0.62,-0.62,-0.62,1
2026-04-30 17:00,0.28,0.28,0.28,0.28,1
2026-04-30 18:00,-3.98,-3.98,-3.98,-3.98,1
2026-04-30 19:00,-12.46,-12.46,-12.46,-12.46,1
2026-04-30 20:00,-25.95,-25.95,-25.95,-25.95,1
2026-04-30 21:00,-34.87,-34.87,-34.87,-34.87,1
2026-04-30 22:00,-45.43,-45.43,-45.43,-45.43,1
2026-04-30 23:00,-61.25,-61.25,-61.25,-61.25,1
2026-04-30 00:00,-80.69,-80.69,-80.69,-80.69,1
2026-04-30 01:00,-82.16,-82.16,-82.16,-82.16,1
2026-04-30 02:00,-146.31,-146.31,-146.31,-146.31,1
2026-04-30 03:00,-176.19,-176.19,-176.19,-176.19,1
2026-04-30 04:00,-256.78,-256.78,-256.78,-256.78,1
2026-04-30 05:00,-260.1,-260.1,-260.1,-260.1,1
2026-04-30 06:00,-264.02,-264.02,-264.02,-264.02,1
2026-04-30 07:00,-266.55,-266.55,-266.55,-266.55,1
2026-04-30 08:00,-267.64,-267.64,-267.64,-267.64,1
2026-04-30 09:00,-266.61,-266.61,-266.61,-266.61,1
2026-04-30 10:00,-28.3,-28.3,-28.3,-28.3,1
2026-04-30 11:00,-261.71,-261.71,-261.71,-261.71,1
2026-04-30 12:00,-208.72,-208.72,-208.72,-208.72,1
2026-04-30 13:00,-19.58,-19.58,-19.58,-19.58,1
2026-04-30 14:00,-114.19,-114.19,-114.19,-114.19,1
2026-04-30 15:00,-69.0,-69.0,-69.0,-69.0,1
2026-04-30 16:00,-40.05,-40.05,-40.05,-40.05,1
2026-04-30 17:00,-34.49,-34.49,-34.49,-34.49,1
2026-04-30 18:00,-15.5,-15.5,-15.5,-15.5,1
2026-04-30 19:00,-5.2,-5.2,-5.2,-5.2,1
2026-04-30 20:00,-0.33,-0.33,-0.33,-0.33,1
2026-04-30 21:00,-1.33,-1.33,-1.33,-1.33,1
2026-04-30 22:00,0.1,0.1,0.1,0.1,1
2026-04-30 23:00,7.07,7.07,7.07,7.07,1
2026-04-30 00:00,37.17,37.17,37.17,37.17,1
2026-04-30 01:00,16.27,16.27,16.27,16.27,1
2026-04-30 02:00,72.25,72.25,72.25,72.25,1
2026-04-30 03:00,95.48,95.48,95.48,95.48,1
2026-04-30 04:00,138.44,138.44,138.44,138.44,1
2026-04-30 05:00,101.93,101.93,101.93,101.93,1
2026-04-30 06:00,113.99,113.99,113.99,113.99,1
2026-04-30 07:00,138.02,138.02,138.02,138.02,1
2026-04-30 08:00,206.09,206.09,206.09,206.09,1
2026-04-30 09:00,149.25,149.25,149.25,149.25,1
2026-04-30 10:00,162.19,162.19,162.19,162.19,1
2026-04-30 11:00,168.95,168.95,168.95,168.95,1
2026-04-30 12:00,153.25,153.25,153.25,153.25,1
2026-04-30 13:00,174.76,174.76,174.76,174.76,1
2026-04-30 14:00,130.17,130.17,130.17,130.17,1
2026-04-30 15:00,110.23,110.23,110.23,110.23,1
2026-04-30 16:00,103.16,103.16,103.16,103.16,1
2026-04-30 17:00,126.62,126.62,126.62,126.62,1
2026-04-30 18:00,113.76,113.76,113.76,113.76,1
2026-04-30 19:00,110.74,110.74,110.74,110.74,1
2026-04-30 20:00,105.48,105.48,105.48,105.48,1
2026-04-30 21:00,115.29,115.29,115.29,115.29,1
2026-04-30 22:00,107.36,107.36,107.36,107.36,1
2026-04-30 23:00,104.81,104.81,104.81,104.81,1
2026-04-30 00:00,96.41,96.41,96.41,96.41,1
2026-05-01 01:00,121.48,121.48,121.48,121.48,1
2026-05-01 02:00,106.31,106.31,106.31,106.31,1
2026-05-01 03:00,97.31,97.31,97.31,97.31,1
2026-05-01 04:00,94.28,94.28,94.28,94.28,1
2026-05-01 05:00,104.95,104.95,104.95,104.95,1
2026-05-01 06:00,96.38,96.38,96.38,96.38,1
2026-05-01 07:00,95.88,95.88,95.88,95.88,1
2026-05-01 08:00,91.04,91.04,91.04,91.04,1
2026-05-01 09:00,97.5,97.5,97.5,97.5,1
2026-05-01 10:00,94.69,94.69,94.69,94.69,1
2026-05-01 11:00,91.56,91.56,91.56,91.56,1
2026-05-01 12:00,89.16,89.16,89.16,89.16,1
2026-05-01 13:00,88.41,88.41,88.41,88.41,1
2026-05-01 14:00,87.1,87.1,87.1,87.1,1
2026-05-01 15:00,87.97,87.97,87.97,87.97,1
2026-05-01 16:00,87.5,87.5,87.5,87.5,1
2026-05-01 17:00,86.25,86.25,86.25,86.25,1
2026-05-01 18:00,87.62,87.62,87.62,87.62,1
2026-05-01 19:00,86.65,86.65,86.65,86.65,1
2026-05-01 20:00,88.23,88.23,88.23,88.23,1
2026-05-01 21:00,86.45,86.45,86.45,86.45,1
2026-05-01 22:00,88.92,88.92,88.92,88.92,1
2026-05-01 23:00,92.25,92.25,92.25,92.25,1
2026-05-01 23:00,87.44,87.44,87.44,87.44,1
2026-05-01 01:00,101.91,101.91,101.91,101.91,1
2026-05-01 02:00,102.75,102.75,102.75,102.75,1
2026-05-01 03:00,129.3,129.3,129.3,129.3,1
2026-05-01 04:00,115.22,115.22,115.22,115.22,1
2026-05-01 05:00,146.67,146.67,146.67,146.67,1
2026-05-01 06:00,103.9,103.9,103.9,103.9,1
2026-05-01 07:00,86.59,86.59,86.59,86.59,1
2026-05-01 08:00,43.25,43.25,43.25,43.25,1
2026-05-01 09:00,86.66,86.66,86.66,86.66,1
2026-05-01 10:00,36.42,36.42,36.42,36.42,1
2026-05-01 11:00,13.89,13.89,13.89,13.89,1
2026-05-01 12:00,2.48,2.48,2.48,2.48,1
2026-05-01 13:00,5.76,5.76,5.76,5.76,1
2026-05-01 14:00,0.28,0.28,0.28,0.28,1
2026-05-01 15:00,-0.01,-0.01,-0.01,-0.01,1
2026-05-01 16:00,-0.64,-0.64,-0.64,-0.64,1
2026-05-01 17:00,-0.69,-0.69,-0.69,-0.69,1
2026-05-01 18:00,-4.01,-4.01,-4.01,-4.01,1
2026-05-01 19:00,-12.87,-12.87,-12.87,-12.87,1
2026-05-01 20:00,-27.8,-27.8,-27.8,-27.8,1
2026-05-01 21:00,-38.76,-38.76,-38.76,-38.76,1
2026-05-01 22:00,-50.59,-50.59,-50.59,-50.59,1
2026-05-01 23:00,-68.58,-68.58,-68.58,-68.58,1
2026-05-01 00:00,-91.55,-91.55,-91.55,-91.55,1
2026-05-01 01:00,-99.84,-99.84,-99.84,-99.84,1
2026-05-01 02:00,-165.62,-165.62,-165.62,-165.62,1
2026-05-01 03:00,-199.2,-199.2,-199.2,-199.2,1
2026-05-01 04:00,-284.77,-284.77,-284.77,-284.77,1
2026-05-01 05:00,-295.55,-295.55,-295.55,-295.55,1
2026-05-01 06:00,-303.8,-303.8,-303.8,-303.8,1
2026-05-01 07:00,-311.19,-311.19,-311.19,-311.19,1
2026-05-01 08:00,-304.13,-304.13,-304.13,-304.13,1
2026-05-01 09:00,-299.99,-299.99,-299.99,-299.99,1
2026-05-01 10:00,-80.44,-80.44,-80.44,-80.44,1
2026-05-01 11:00,-279.53,-279.53,-279.53,-279.53,1
2026-05-01 12:00,-223.1,-223.1,-223.1,-223.1,1
2026-05-01 13:00,-29.81,-29.81,-29.81,-29.81,1
2026-05-01 14:00,-114.19,-114.19,-114.19,-114.19,1
2026-05-01 15:00,-67.05,-67.05,-67.05,-67.05,1
2026-05-01 16:00,-39.24,-39.24,-39.24,-39.24,1
2026-05-01 17:00,-31.79,-31.79,-31.79,-31.79,1
2026-05-01 18:00,-14.88,-14.88,-14.88,-14.88,1
2026-05-01 19:00,-4.92,-4.92,-4.92,-4.92,1
2026-05-01 20:00,-0.3,-0.3,-0.3,-0.3,1
2026-05-01 21:00,-0.55,-0.55,-0.55,-0.55,1
2026-05-01 22:00,6.42,6.42,6.42,6.42,1
2026-05-01 23:00,67.93,67.93,67.93,67.93,1
2026-05-01 00:00,130.49,130.49,130.49,130.49,1
2026-05-01 01:00,68.85,68.85,68.85,68.85,1
2026-05-01 02:00,101.98,101.98,101.98,101.98,1
2026-05-01 03:00,116.17,116.17,116.17,116.17,1
2026-05-01 04:00,168.35,168.35,168.35,168.35,1
2026-05-01 05:00,114.41,114.41,114.41,114.41,1
2026-05-01 06:00,137.88,137.88,137.88,137.88,1
2026-05-01 07:00,154.93,154.93,154.93,154.93,1
2026-05-01 08:00,244.25,244.25,244.25,244.25,1
2026-05-01 09:00,180.75,180.75,180.75,180.75,1
2026-05-01 10:00,191.85,191.85,191.85,191.85,1
2026-05-01 11:00,200.54,200.54,200.54,200.54,1
2026-05-01 12:00,171.17,171.17,171.17,171.17,1
2026-05-01 13:00,209.59,209.59,209.59,209.59,1
2026-05-01 14:00,146.56,146.56,146.56,146.56,1
2026-05-01 15:00,127.99,127.99,127.99,127.99,1
2026-05-01 16:00,129.09,129.09,129.09,129.09,1
2026-05-01 17:00,153.62,153.62,153.62,153.62,1
2026-05-01 18:00,128.75,128.75,128.75,128.75,1
2026-05-01 19:00,121.97,121.97,121.97,121.97,1
2026-05-01 20:00,118.34,118.34,118.34,118.34,1
2026-05-01 21:00,125.4,125.4,125.4,125.4,1
2026-05-01 22:00,118.17,118.17,118.17,118.17,1
2026-05-01 23:00,112.45,112.45,112.45,112.45,1
2026-05-01 00:00,104.6,104.6,104.6,104.6,1
2026-05-02 01:00,129.14,129.14,129.14,129.14,1
2026-05-02 02:00,119.11,119.11,119.11,119.11,1
2026-05-02 03:00,112.04,112.04,112.04,112.04,1
2026-05-02 04:00,109.98,109.98,109.98,109.98,1
2026-05-02 05:00,117.18,117.18,117.18,117.18,1
2026-05-02 06:00,111.02,111.02,111.02,111.02,1
2026-05-02 07:00,108.08,108.08,108.08,108.08,1
2026-05-02 08:00,104.09,104.09,104.09,104.09,1
2026-05-02 09:00,107.93,107.93,107.93,107.93,1
2026-05-02 10:00,108.28,108.28,108.28,108.28,1
2026-05-02 11:00,109.73,109.73,109.73,109.73,1
2026-05-02 12:00,106.6,106.6,106.6,106.6,1
2026-05-02 13:00,104.28,104.28,104.28,104.28,1
2026-05-02 14:00,101.22,101.22,101.22,101.22,1
2026-05-02 15:00,100.16,100.16,100.16,100.16,1
2026-05-02 16:00,101.65,101.65,101.65,101.65,1
2026-05-02 17:00,102.58,102.58,102.58,102.58,1
2026-05-02 18:00,99.37,99.37,99.37,99.37,1
2026-05-02 19:00,99.7,99.7,99.7,99.7,1
2026-05-02 20:00,100.0,100.0,100.0,100.0,1
2026-05-02 21:00,102.06,102.06,102.06,102.06,1
2026-05-02 22:00,103.11,103.11,103.11,103.11,1
2026-05-02 23:00,102.0,102.0,102.0,102.0,1
2026-05-02 23:00,99.52,99.52,99.52,99.52,1
2026-05-02 01:00,106.19,106.19,106.19,106.19,1
2026-05-02 02:00,105.3,105.3,105.3,105.3,1
2026-05-02 03:00,127.22,127.22,127.22,127.22,1
2026-05-02 04:00,119.3,119.3,119.3,119.3,1
2026-05-02 05:00,148.61,148.61,148.61,148.61,1
2026-05-02 06:00,108.43,108.43,108.43,108.43,1
2026-05-02 07:00,97.54,97.54,97.54,97.54,1
2026-05-02 08:00,73.38,73.38,73.38,73.38,1
2026-05-02 09:00,96.41,96.41,96.41,96.41,1
2026-05-02 10:00,75.27,75.27,75.27,75.27,1
2026-05-02 11:00,62.21,62.21,62.21,62.21,1
2026-05-02 12:00,53.83,53.83,53.83,53.83,1
2026-05-02 13:00,65.09,65.09,65.09,65.09,1
2026-05-02 14:00,26.73,26.73,26.73,26.73,1
2026-05-02 15:00,22.3,22.3,22.3,22.3,1
2026-05-02 16:00,5.41,5.41,5.41,5.41,1
2026-05-02 17:00,9.88,9.88,9.88,9.88,1
2026-05-02 18:00,4.62,4.62,4.62,4.62,1
2026-05-02 19:00,3.01,3.01,3.01,3.01,1
2026-05-02 20:00,-0.06,-0.06,-0.06,-0.06,1
2026-05-02 21:00,2.06,2.06,2.06,2.06,1
2026-05-02 22:00,-0.84,-0.84,-0.84,-0.84,1
2026-05-02 23:00,-4.6,-4.6,-4.6,-4.6,1
2026-05-02 00:00,-12.07,-12.07,-12.07,-12.07,1
2026-05-02 01:00,-18.93,-18.93,-18.93,-18.93,1
2026-05-02 02:00,-23.75,-23.75,-23.75,-23.75,1
2026-05-02 03:00,-28.3,-28.3,-28.3,-28.3,1
2026-05-02 04:00,-36.61,-36.61,-36.61,-36.61,1
2026-05-02 05:00,-41.72,-41.72,-41.72,-41.72,1
2026-05-02 06:00,-46.95,-46.95,-46.95,-46.95,1
2026-05-02 07:00,-61.53,-61.53,-61.53,-61.53,1
2026-05-02 08:00,-54.67,-54.67,-54.67,-54.67,1
2026-05-02 09:00,-47.55,-47.55,-47.55,-47.55,1
2026-05-02 10:00,-36.91,-36.91,-36.91,-36.91,1
2026-05-02 11:00,-28.64,-28.64,-28.64,-28.64,1
2026-05-02 12:00,-21.84,-21.84,-21.84,-21.84,1
2026-05-02 13:00,-12.2,-12.2,-12.2,-12.2,1
2026-05-02 14:00,-0.85,-0.85,-0.85,-0.85,1
2026-05-02 15:00,8.25,8.25,8.25,8.25,1
2026-05-02 16:00,13.57,13.57,13.57,13.57,1
2026-05-02 17:00,11.23,11.23,11.23,11.23,1
2026-05-02 18:00,13.3,13.3,13.3,13.3,1
2026-05-02 19:00,14.92,14.92,14.92,14.92,1
2026-05-02 20:00,41.67,41.67,41.67,41.67,1
2026-05-02 21:00,18.71,18.71,18.71,18.71,1
2026-05-02 22:00,65.53,65.53,65.53,65.53,1
2026-05-02 23:00,153.1,153.1,153.1,153.1,1
2026-05-02 00:00,217.09,217.09,217.09,217.09,1
2026-05-02 01:00,116.33,116.33,116.33,116.33,1
2026-05-02 02:00,122.8,122.8,122.8,122.8,1
2026-05-02 03:00,125.2,125.2,125.2,125.2,1
2026-05-02 04:00,147.49,147.49,147.49,147.49,1
2026-05-02 05:00,126.16,126.16,126.16,126.16,1
2026-05-02 06:00,136.75,136.75,136.75,136.75,1
2026-05-02 07:00,145.65,145.65,145.65,145.65,1
2026-05-02 08:00,201.93,201.93,201.93,201.93,1
2026-05-02 09:00,158.81,158.81,158.81,158.81,1
2026-05-02 10:00,171.45,171.45,171.45,171.45,1
2026-05-02 11:00,183.64,183.64,183.64,183.64,1
2026-05-02 12:00,175.25,175.25,175.25,175.25,1
2026-05-02 13:00,175.82,175.82,175.82,175.82,1
2026-05-02 14:00,149.76,149.76,149.76,149.76,1
2026-05-02 15:00,138.0,138.0,138.0,138.0,1
2026-05-02 16:00,139.81,139.81,139.81,139.81,1
2026-05-02 17:00,154.91,154.91,154.91,154.91,1
2026-05-02 18:00,138.99,138.99,138.99,138.99,1
2026-05-02 19:00,129.06,129.06,129.06,129.06,1
2026-05-02 20:00,124.14,124.14,124.14,124.14,1
2026-05-02 21:00,129.49,129.49,129.49,129.49,1
2026-05-02 22:00,121.06,121.06,121.06,121.06,1
2026-05-02 23:00,115.42,115.42,115.42,115.42,1
2026-05-02 00:00,110.19,110.19,110.19,110.19,1
2026-05-03 01:00,125.28,125.28,125.28,125.28,1
2026-05-03 02:00,119.16,119.16,119.16,119.16,1
2026-05-03 03:00,115.96,115.96,115.96,115.96,1
2026-05-03 04:00,112.32,112.32,112.32,112.32,1
2026-05-03 05:00,114.31,114.31,114.31,114.31,1
2026-05-03 06:00,113.36,113.36,113.36,113.36,1
2026-05-03 07:00,111.73,111.73,111.73,111.73,1
2026-05-03 08:00,108.22,108.22,108.22,108.22,1
2026-05-03 09:00,111.94,111.94,111.94,111.94,1
2026-05-03 10:00,111.83,111.83,111.83,111.83,1
2026-05-03 11:00,115.0,115.0,115.0,115.0,1
2026-05-03 12:00,112.81,112.81,112.81,112.81,1
2026-05-03 13:00,109.53,109.53,109.53,109.53,1
2026-05-03 14:00,107.95,107.95,107.95,107.95,1
2026-05-03 15:00,107.42,107.42,107.42,107.42,1
2026-05-03 16:00,110.34,110.34,110.34,110.34,1
2026-05-03 17:00,109.8,109.8,109.8,109.8,1
2026-05-03 18:00,106.0,106.0,106.0,106.0,1
2026-05-03 19:00,107.12,107.12,107.12,107.12,1
2026-05-03 20:00,108.25,108.25,108.25,108.25,1
2026-05-03 21:00,109.84,109.84,109.84,109.84,1
2026-05-03 22:00,113.41,113.41,113.41,113.41,1
2026-05-03 23:00,115.37,115.37,115.37,115.37,1
2026-05-03 23:00,117.47,117.47,117.47,117.47,1
2026-05-03 01:00,122.97,122.97,122.97,122.97,1
2026-05-03 02:00,124.92,124.92,124.92,124.92,1
2026-05-03 03:00,120.42,120.42,120.42,120.42,1
2026-05-03 04:00,120.93,120.93,120.93,120.93,1
2026-05-03 05:00,141.86,141.86,141.86,141.86,1
2026-05-03 06:00,126.45,126.45,126.45,126.45,1
2026-05-03 07:00,117.09,117.09,117.09,117.09,1
2026-05-03 08:00,116.19,116.19,116.19,116.19,1
2026-05-03 09:00,131.58,131.58,131.58,131.58,1
2026-05-03 10:00,128.74,128.74,128.74,128.74,1
2026-05-03 11:00,117.72,117.72,117.72,117.72,1
2026-05-03 12:00,106.47,106.47,106.47,106.47,1
2026-05-03 13:00,125.09,125.09,125.09,125.09,1
2026-05-03 14:00,84.92,84.92,84.92,84.92,1
2026-05-03 15:00,83.31,83.31,83.31,83.31,1
2026-05-03 16:00,64.71,64.71,64.71,64.71,1
2026-05-03 17:00,77.64,77.64,77.64,77.64,1
2026-05-03 18:00,61.55,61.55,61.55,61.55,1
2026-05-03 19:00,59.88,59.88,59.88,59.88,1
2026-05-03 20:00,52.72,52.72,52.72,52.72,1
2026-05-03 21:00,62.73,62.73,62.73,62.73,1
2026-05-03 22:00,59.12,59.12,59.12,59.12,1
2026-05-03 23:00,58.88,58.88,58.88,58.88,1
2026-05-03 00:00,54.28,54.28,54.28,54.28,1
2026-05-03 01:00,58.23,58.23,58.23,58.23,1
2026-05-03 02:00,50.52,50.52,50.52,50.52,1
2026-05-03 03:00,48.09,48.09,48.09,48.09,1
2026-05-03 04:00,46.09,46.09,46.09,46.09,1
2026-05-03 05:00,53.76,53.76,53.76,53.76,1
2026-05-03 06:00,51.74,51.74,51.74,51.74,1
2026-05-03 07:00,40.77,40.77,40.77,40.77,1
2026-05-03 08:00,48.26,48.26,48.26,48.26,1
2026-05-03 09:00,50.59,50.59,50.59,50.59,1
2026-05-03 10:00,54.74,54.74,54.74,54.74,1
2026-05-03 11:00,54.75,54.75,54.75,54.75,1
2026-05-03 12:00,55.81,55.81,55.81,55.81,1
2026-05-03 13:00,52.96,52.96,52.96,52.96,1
2026-05-03 14:00,58.49,58.49,58.49,58.49,1
2026-05-03 15:00,64.59,64.59,64.59,64.59,1
2026-05-03 16:00,70.53,70.53,70.53,70.53,1
2026-05-03 17:00,56.01,56.01,56.01,56.01,1
2026-05-03 18:00,62.23,62.23,62.23,62.23,1
2026-05-03 19:00,69.45,69.45,69.45,69.45,1
2026-05-03 20:00,105.17,105.17,105.17,105.17,1
2026-05-03 21:00,63.0,63.0,63.0,63.0,1
2026-05-03 22:00,116.51,116.51,116.51,116.51,1
2026-05-03 23:00,147.24,147.24,147.24,147.24,1
2026-05-03 00:00,162.06,162.06,162.06,162.06,1
2026-05-03 01:00,107.53,107.53,107.53,107.53,1
2026-05-03 02:00,118.72,118.72,118.72,118.72,1
2026-05-03 03:00,134.13,134.13,134.13,134.13,1
2026-05-03 04:00,152.28,152.28,152.28,152.28,1
2026-05-03 05:00,134.57,134.57,134.57,134.57,1
2026-05-03 06:00,123.25,123.25,123.25,123.25,1
2026-05-03 07:00,143.55,143.55,143.55,143.55,1
2026-05-03 08:00,180.23,180.23,180.23,180.23,1
2026-05-03 09:00,146.31,146.31,146.31,146.31,1
2026-05-03 10:00,158.41,158.41,158.41,158.41,1
2026-05-03 11:00,161.08,161.08,161.08,161.08,1
2026-05-03 12:00,164.86,164.86,164.86,164.86,1
2026-05-03 13:00,165.06,165.06,165.06,165.06,1
2026-05-03 14:00,153.62,153.62,153.62,153.62,1
2026-05-03 15:00,142.38,142.38,142.38,142.38,1
2026-05-03 16:00,134.3,134.3,134.3,134.3,1
2026-05-03 17:00,156.04,156.04,156.04,156.04,1
2026-05-03 18:00,143.75,143.75,143.75,143.75,1
2026-05-03 19:00,133.89,133.89,133.89,133.89,1
2026-05-03 20:00,127.82,127.82,127.82,127.82,1
2026-05-03 21:00,139.37,139.37,139.37,139.37,1
2026-05-03 22:00,126.7,126.7,126.7,126.7,1
2026-05-03 23:00,121.28,121.28,121.28,121.28,1
2026-05-03 00:00,116.24,116.24,116.24,116.24,1
2026-05-04 01:00,131.34,131.34,131.34,131.34,1
2026-05-04 02:00,123.64,123.64,123.64,123.64,1
2026-05-04 03:00,116.9,116.9,116.9,116.9,1
2026-05-04 04:00,113.91,113.91,113.91,113.91,1
2026-05-04 05:00,117.97,117.97,117.97,117.97,1
2026-05-04 06:00,114.6,114.6,114.6,114.6,1
2026-05-04 07:00,113.8,113.8,113.8,113.8,1
2026-05-04 08:00,110.71,110.71,110.71,110.71,1
2026-05-04 09:00,115.2,115.2,115.2,115.2,1
2026-05-04 10:00,111.66,111.66,111.66,111.66,1
2026-05-04 11:00,111.07,111.07,111.07,111.07,1
2026-05-04 12:00,110.39,110.39,110.39,110.39,1
2026-05-04 13:00,109.95,109.95,109.95,109.95,1
2026-05-04 14:00,109.31,109.31,109.31,109.31,1
2026-05-04 15:00,110.92,110.92,110.92,110.92,1
2026-05-04 16:00,108.89,108.89,108.89,108.89,1
2026-05-04 17:00,109.14,109.14,109.14,109.14,1
2026-05-04 18:00,108.99,108.99,108.99,108.99,1
2026-05-04 19:00,113.5,113.5,113.5,113.5,1
2026-05-04 20:00,114.47,114.47,114.47,114.47,1
2026-05-04 21:00,112.3,112.3,112.3,112.3,1
2026-05-04 22:00,116.13,116.13,116.13,116.13,1
2026-05-04 23:00,122.03,122.03,122.03,122.03,1
2026-05-04 23:00,131.93,131.93,131.93,131.93,1
2026-05-04 01:00,122.03,122.03,122.03,122.03,1
2026-05-04 02:00,131.26,131.26,131.26,131.26,1
2026-05-04 03:00,134.69,134.69,134.69,134.69,1
2026-05-04 04:00,142.41,142.41,142.41,142.41,1
2026-05-04 05:00,154.82,154.82,154.82,154.82,1
2026-05-04 06:00,147.44,147.44,147.44,147.44,1
2026-05-04 07:00,140.5,140.5,140.5,140.5,1
2026-05-04 08:00,137.41,137.41,137.41,137.41,1
2026-05-04 09:00,155.1,155.1,155.1,155.1,1
2026-05-04 10:00,142.66,142.66,142.66,142.66,1
2026-05-04 11:00,132.88,132.88,132.88,132.88,1
2026-05-04 12:00,117.67,117.67,117.67,117.67,1
2026-05-04 13:00,132.76,132.76,132.76,132.76,1
2026-05-04 14:00,122.22,122.22,122.22,122.22,1
2026-05-04 15:00,122.75,122.75,122.75,122.75,1
2026-05-04 16:00,120.7,120.7,120.7,120.7,1
2026-05-04 17:00,130.62,130.62,130.62,130.62,1
2026-05-04 18:00,115.31,115.31,115.31,115.31,1
2026-05-04 19:00,110.65,110.65,110.65,110.65,1
2026-05-04 20:00,103.66,103.66,103.66,103.66,1
2026-05-04 21:00,113.95,113.95,113.95,113.95,1
2026-05-04 22:00,110.31,110.31,110.31,110.31,1
2026-05-04 23:00,109.06,109.06,109.06,109.06,1
2026-05-04 00:00,102.28,102.28,102.28,102.28,1
2026-05-04 01:00,110.8,110.8,110.8,110.8,1
2026-05-04 02:00,98.27,98.27,98.27,98.27,1
2026-05-04 03:00,95.81,95.81,95.81,95.81,1
2026-05-04 04:00,94.62,94.62,94.62,94.62,1
2026-05-04 05:00,98.85,98.85,98.85,98.85,1
2026-05-04 06:00,94.89,94.89,94.89,94.89,1
2026-05-04 07:00,90.52,90.52,90.52,90.52,1
2026-05-04 08:00,97.48,97.48,97.48,97.48,1
2026-05-04 09:00,95.28,95.28,95.28,95.28,1
2026-05-04 10:00,99.75,99.75,99.75,99.75,1
2026-05-04 11:00,103.69,103.69,103.69,103.69,1
2026-05-04 12:00,102.75,102.75,102.75,102.75,1
2026-05-04 13:00,108.04,108.04,108.04,108.04,1
2026-05-04 14:00,104.56,104.56,104.56,104.56,1
2026-05-04 15:00,102.87,102.87,102.87,102.87,1
2026-05-04 16:00,104.75,104.75,104.75,104.75,1
2026-05-04 17:00,95.97,95.97,95.97,95.97,1
2026-05-04 18:00,97.91,97.91,97.91,97.91,1
2026-05-04 19:00,102.04,102.04,102.04,102.04,1
2026-05-04 20:00,118.79,118.79,118.79,118.79,1
2026-05-04 21:00,95.83,95.83,95.83,95.83,1
2026-05-04 22:00,108.84,108.84,108.84,108.84,1
2026-05-04 23:00,118.07,118.07,118.07,118.07,1
2026-05-04 00:00,128.91,128.91,128.91,128.91,1
2026-05-04 01:00,114.42,114.42,114.42,114.42,1
2026-05-04 02:00,116.58,116.58,116.58,116.58,1
2026-05-04 03:00,145.11,145.11,145.11,145.11,1
2026-05-04 04:00,171.67,171.67,171.67,171.67,1
2026-05-04 05:00,141.54,141.54,141.54,141.54,1
2026-05-04 06:00,138.25,138.25,138.25,138.25,1
2026-05-04 07:00,148.57,148.57,148.57,148.57,1
2026-05-04 08:00,184.54,184.54,184.54,184.54,1
2026-05-04 09:00,148.21,148.21,148.21,148.21,1
2026-05-04 10:00,161.99,161.99,161.99,161.99,1
2026-05-04 11:00,161.25,161.25,161.25,161.25,1
2026-05-04 12:00,155.84,155.84,155.84,155.84,1
2026-05-04 13:00,166.4,166.4,166.4,166.4,1
2026-05-04 14:00,153.51,153.51,153.51,153.51,1
2026-05-04 15:00,141.36,141.36,141.36,141.36,1
2026-05-04 16:00,128.46,128.46,128.46,128.46,1
2026-05-04 17:00,156.85,156.85,156.85,156.85,1
2026-05-04 18:00,136.34,136.34,136.34,136.34,1
2026-05-04 19:00,132.58,132.58,132.58,132.58,1
2026-05-04 20:00,124.91,124.91,124.91,124.91,1
2026-05-04 21:00,135.34,135.34,135.34,135.34,1
2026-05-04 22:00,123.0,123.0,123.0,123.0,1
2026-05-04 23:00,118.47,118.47,118.47,118.47,1
2026-05-04 00:00,112.08,112.08,112.08,112.08,1
2026-05-05 01:00,131.4,131.4,131.4,131.4,1
2026-05-05 02:00,123.43,123.43,123.43,123.43,1
2026-05-05 03:00,119.23,119.23,119.23,119.23,1
2026-05-05 04:00,115.85,115.85,115.85,115.85,1
2026-05-05 05:00,120.92,120.92,120.92,120.92,1
2026-05-05 06:00,116.37,116.37,116.37,116.37,1
2026-05-05 07:00,115.72,115.72,115.72,115.72,1
2026-05-05 08:00,113.7,113.7,113.7,113.7,1
2026-05-05 09:00,115.23,115.23,115.23,115.23,1
2026-05-05 10:00,111.64,111.64,111.64,111.64,1
2026-05-05 11:00,110.16,110.16,110.16,110.16,1
2026-05-05 12:00,110.84,110.84,110.84,110.84,1
2026-05-05 13:00,112.46,112.46,112.46,112.46,1
2026-05-05 14:00,111.22,111.22,111.22,111.22,1
2026-05-05 15:00,113.15,113.15,113.15,113.15,1
2026-05-05 16:00,109.18,109.18,109.18,109.18,1
2026-05-05 17:00,110.38,110.38,110.38,110.38,1
2026-05-05 18:00,109.56,109.56,109.56,109.56,1
2026-05-05 19:00,114.75,114.75,114.75,114.75,1
2026-05-05 20:00,114.82,114.82,114.82,114.82,1
2026-05-05 21:00,112.75,112.75,112.75,112.75,1
2026-05-05 22:00,115.02,115.02,115.02,115.02,1
2026-05-05 23:00,120.41,120.41,120.41,120.41,1
2026-05-05 23:00,124.59,124.59,124.59,124.59,1
2026-05-05 01:00,117.03,117.03,117.03,117.03,1
2026-05-05 02:00,125.28,125.28,125.28,125.28,1
2026-05-05 03:00,130.68,130.68,130.68,130.68,1
2026-05-05 04:00,134.09,134.09,134.09,134.09,1
2026-05-05 05:00,143.96,143.96,143.96,143.96,1
2026-05-05 06:00,141.7,141.7,141.7,141.7,1
2026-05-05 07:00,135.41,135.41,135.41,135.41,1
2026-05-05 08:00,130.75,130.75,130.75,130.75,1
2026-05-05 09:00,162.46,162.46,162.46,162.46,1
2026-05-05 10:00,139.92,139.92,139.92,139.92,1
2026-05-05 11:00,132.25,132.25,132.25,132.25,1
2026-05-05 12:00,119.07,119.07,119.07,119.07,1
2026-05-05 13:00,136.0,136.0,136.0,136.0,1
2026-05-05 14:00,126.5,126.5,126.5,126.5,1
2026-05-05 15:00,120.61,120.61,120.61,120.61,1
2026-05-05 16:00,116.09,116.09,116.09,116.09,1
2026-05-05 17:00,123.73,123.73,123.73,123.73,1
2026-05-05 18:00,114.87,114.87,114.87,114.87,1
2026-05-05 19:00,108.26,108.26,108.26,108.26,1
2026-05-05 20:00,106.88,106.88,106.88,106.88,1
2026-05-05 21:00,115.16,115.16,115.16,115.16,1
2026-05-05 22:00,108.42,108.42,108.42,108.42,1
2026-05-05 23:00,107.26,107.26,107.26,107.26,1
2026-05-05 00:00,104.65,104.65,104.65,104.65,1
2026-05-05 01:00,104.94,104.94,104.94,104.94,1
2026-05-05 02:00,101.01,101.01,101.01,101.01,1
2026-05-05 03:00,104.4,104.4,104.4,104.4,1
2026-05-05 04:00,102.69,102.69,102.69,102.69,1
2026-05-05 05:00,101.25,101.25,101.25,101.25,1
2026-05-05 06:00,100.6,100.6,100.6,100.6,1
2026-05-05 07:00,104.75,104.75,104.75,104.75,1
2026-05-05 08:00,104.56,104.56,104.56,104.56,1
2026-05-05 09:00,91.53,91.53,91.53,91.53,1
2026-05-05 10:00,92.97,92.97,92.97,92.97,1
2026-05-05 11:00,99.74,99.74,99.74,99.74,1
2026-05-05 12:00,98.38,98.38,98.38,98.38,1
2026-05-05 13:00,110.89,110.89,110.89,110.89,1
2026-05-05 14:00,107.5,107.5,107.5,107.5,1
2026-05-05 15:00,101.76,101.76,101.76,101.76,1
2026-05-05 16:00,110.66,110.66,110.66,110.66,1
2026-05-05 17:00,102.5,102.5,102.5,102.5,1
2026-05-05 18:00,100.26,100.26,100.26,100.26,1
2026-05-05 19:00,103.06,103.06,103.06,103.06,1
2026-05-05 20:00,114.84,114.84,114.84,114.84,1
2026-05-05 21:00,104.11,104.11,104.11,104.11,1
2026-05-05 22:00,108.76,108.76,108.76,108.76,1
2026-05-05 23:00,111.98,111.98,111.98,111.98,1
2026-05-05 00:00,127.09,127.09,127.09,127.09,1
2026-05-05 01:00,114.19,114.19,114.19,114.19,1
2026-05-05 02:00,119.97,119.97,119.97,119.97,1
2026-05-05 03:00,135.21,135.21,135.21,135.21,1
2026-05-05 04:00,157.29,157.29,157.29,157.29,1
2026-05-05 05:00,142.02,142.02,142.02,142.02,1
2026-05-05 06:00,151.26,151.26,151.26,151.26,1
2026-05-05 07:00,151.78,151.78,151.78,151.78,1
2026-05-05 08:00,165.26,165.26,165.26,165.26,1
2026-05-05 09:00,141.54,141.54,141.54,141.54,1
2026-05-05 10:00,149.51,149.51,149.51,149.51,1
2026-05-05 11:00,154.16,154.16,154.16,154.16,1
2026-05-05 12:00,156.19,156.19,156.19,156.19,1
2026-05-05 13:00,154.19,154.19,154.19,154.19,1
2026-05-05 14:00,151.81,151.81,151.81,151.81,1
2026-05-05 15:00,143.74,143.74,143.74,143.74,1
2026-05-05 16:00,129.37,129.37,129.37,129.37,1
2026-05-05 17:00,146.5,146.5,146.5,146.5,1
2026-05-05 18:00,137.06,137.06,137.06,137.06,1
2026-05-05 19:00,132.12,132.12,132.12,132.12,1
2026-05-05 20:00,122.08,122.08,122.08,122.08,1
2026-05-05 21:00,129.8,129.8,129.8,129.8,1
2026-05-05 22:00,120.51,120.51,120.51,120.51,1
2026-05-05 23:00,117.12,117.12,117.12,117.12,1
2026-05-05 00:00,111.36,111.36,111.36,111.36,1
2026-05-06 01:00,129.38,129.38,129.38,129.38,1
2026-05-06 02:00,122.84,122.84,122.84,122.84,1
2026-05-06 03:00,120.11,120.11,120.11,120.11,1
2026-05-06 04:00,116.26,116.26,116.26,116.26,1
2026-05-06 05:00,117.36,117.36,117.36,117.36,1
2026-05-06 06:00,114.58,114.58,114.58,114.58,1
2026-05-06 07:00,113.97,113.97,113.97,113.97,1
2026-05-06 08:00,113.19,113.19,113.19,113.19,1
2026-05-06 09:00,113.77,113.77,113.77,113.77,1
2026-05-06 10:00,112.68,112.68,112.68,112.68,1
2026-05-06 11:00,111.43,111.43,111.43,111.43,1
2026-05-06 12:00,112.29,112.29,112.29,112.29,1
2026-05-06 13:00,113.11,113.11,113.11,113.11,1
2026-05-06 14:00,111.32,111.32,111.32,111.32,1
2026-05-06 15:00,112.15,112.15,112.15,112.15,1
2026-05-06 16:00,111.97,111.97,111.97,111.97,1
2026-05-06 17:00,109.98,109.98,109.98,109.98,1
2026-05-06 18:00,111.4,111.4,111.4,111.4,1
2026-05-06 19:00,114.24,114.24,114.24,114.24,1
2026-05-06 20:00,115.97,115.97,115.97,115.97,1
2026-05-06 21:00,112.22,112.22,112.22,112.22,1
2026-05-06 22:00,115.23,115.23,115.23,115.23,1
2026-05-06 23:00,121.27,121.27,121.27,121.27,1
2026-05-06 23:00,123.5,123.5,123.5,123.5,1
2026-05-06 01:00,126.42,126.42,126.42,126.42,1
2026-05-06 02:00,134.81,134.81,134.81,134.81,1
2026-05-06 03:00,139.18,139.18,139.18,139.18,1
2026-05-06 04:00,142.88,142.88,142.88,142.88,1
2026-05-06 05:00,152.14,152.14,152.14,152.14,1
2026-05-06 06:00,152.89,152.89,152.89,152.89,1
2026-05-06 07:00,147.98,147.98,147.98,147.98,1
2026-05-06 08:00,139.69,139.69,139.69,139.69,1
2026-05-06 09:00,178.19,178.19,178.19,178.19,1
2026-05-06 10:00,145.77,145.77,145.77,145.77,1
2026-05-06 11:00,139.42,139.42,139.42,139.42,1
2026-05-06 12:00,119.72,119.72,119.72,119.72,1
2026-05-06 13:00,139.87,139.87,139.87,139.87,1
2026-05-06 14:00,125.52,125.52,125.52,125.52,1
2026-05-06 15:00,118.81,118.81,118.81,118.81,1
2026-05-06 16:00,109.85,109.85,109.85,109.85,1
2026-05-06 17:00,124.16,124.16,124.16,124.16,1
2026-05-06 18:00,109.88,109.88,109.88,109.88,1
2026-05-06 19:00,103.69,103.69,103.69,103.69,1
2026-05-06 20:00,96.24,96.24,96.24,96.24,1
2026-05-06 21:00,111.35,111.35,111.35,111.35,1
2026-05-06 22:00,102.11,102.11,102.11,102.11,1
2026-05-06 23:00,101.8,101.8,101.8,101.8,1
2026-05-06 00:00,98.66,98.66,98.66,98.66,1
2026-05-06 01:00,100.73,100.73,100.73,100.73,1
2026-05-06 02:00,96.39,96.39,96.39,96.39,1
2026-05-06 03:00,100.14,100.14,100.14,100.14,1
2026-05-06 04:00,92.85,92.85,92.85,92.85,1
2026-05-06 05:00,95.99,95.99,95.99,95.99,1
2026-05-06 06:00,94.16,94.16,94.16,94.16,1
2026-05-06 07:00,95.75,95.75,95.75,95.75,1
2026-05-06 08:00,95.09,95.09,95.09,95.09,1
2026-05-06 09:00,88.75,88.75,88.75,88.75,1
2026-05-06 10:00,89.81,89.81,89.81,89.81,1
2026-05-06 11:00,94.36,94.36,94.36,94.36,1
2026-05-06 12:00,95.42,95.42,95.42,95.42,1
2026-05-06 13:00,100.61,100.61,100.61,100.61,1
2026-05-06 14:00,102.83,102.83,102.83,102.83,1
2026-05-06 15:00,99.03,99.03,99.03,99.03,1
2026-05-06 16:00,111.15,111.15,111.15,111.15,1
2026-05-06 17:00,95.48,95.48,95.48,95.48,1
2026-05-06 18:00,96.66,96.66,96.66,96.66,1
2026-05-06 19:00,104.48,104.48,104.48,104.48,1
2026-05-06 20:00,116.59,116.59,116.59,116.59,1
2026-05-06 21:00,99.68,99.68,99.68,99.68,1
2026-05-06 22:00,108.88,108.88,108.88,108.88,1
2026-05-06 23:00,115.64,115.64,115.64,115.64,1
2026-05-06 00:00,131.09,131.09,131.09,131.09,1
2026-05-06 01:00,113.88,113.88,113.88,113.88,1
2026-05-06 02:00,130.22,130.22,130.22,130.22,1
2026-05-06 03:00,136.49,136.49,136.49,136.49,1
2026-05-06 04:00,156.04,156.04,156.04,156.04,1
2026-05-06 05:00,137.3,137.3,137.3,137.3,1
2026-05-06 06:00,150.56,150.56,150.56,150.56,1
2026-05-06 07:00,173.06,173.06,173.06,173.06,1
2026-05-06 08:00,193.83,193.83,193.83,193.83,1
2026-05-06 09:00,151.41,151.41,151.41,151.41,1
2026-05-06 10:00,161.03,161.03,161.03,161.03,1
2026-05-06 11:00,165.69,165.69,165.69,165.69,1
2026-05-06 12:00,170.49,170.49,170.49,170.49,1
2026-05-06 13:00,168.85,168.85,168.85,168.85,1
2026-05-06 14:00,162.63,162.63,162.63,162.63,1
2026-05-06 15:00,156.95,156.95,156.95,156.95,1
2026-05-06 16:00,143.2,143.2,143.2,143.2,1
2026-05-06 17:00,158.74,158.74,158.74,158.74,1
2026-05-06 18:00,149.32,149.32,149.32,149.32,1
2026-05-06 19:00,147.31,147.31,147.31,147.31,1
2026-05-06 20:00,135.93,135.93,135.93,135.93,1
2026-05-06 21:00,143.79,143.79,143.79,143.79,1
2026-05-06 22:00,135.7,135.7,135.7,135.7,1
2026-05-06 23:00,130.42,130.42,130.42,130.42,1
2026-05-06 00:00,124.19,124.19,124.19,124.19,1
2026-05-07 01:00,132.03,132.03,132.03,132.03,1
2026-05-07 02:00,127.22,127.22,127.22,127.22,1
2026-05-07 03:00,122.65,122.65,122.65,122.65,1
2026-05-07 04:00,118.32,118.32,118.32,118.32,1
2026-05-07 05:00,119.48,119.48,119.48,119.48,1
2026-05-07 06:00,117.06,117.06,117.06,117.06,1
2026-05-07 07:00,116.09,116.09,116.09,116.09,1
2026-05-07 08:00,114.28,114.28,114.28,114.28,1
2026-05-07 09:00,115.12,115.12,115.12,115.12,1
2026-05-07 10:00,114.75,114.75,114.75,114.75,1
2026-05-07 11:00,114.51,114.51,114.51,114.51,1
2026-05-07 12:00,111.97,111.97,111.97,111.97,1
2026-05-07 13:00,112.06,112.06,112.06,112.06,1
2026-05-07 14:00,110.09,110.09,110.09,110.09,1
2026-05-07 15:00,109.49,109.49,109.49,109.49,1
2026-05-07 16:00,109.8,109.8,109.8,109.8,1
2026-05-07 17:00,107.54,107.54,107.54,107.54,1
2026-05-07 18:00,108.3,108.3,108.3,108.3,1
2026-05-07 19:00,110.39,110.39,110.39,110.39,1
2026-05-07 20:00,112.97,112.97,112.97,112.97,1
2026-05-07 21:00,111.02,111.02,111.02,111.02,1
2026-05-07 22:00,114.19,114.19,114.19,114.19,1
2026-05-07 23:00,118.78,118.78,118.78,118.78,1
2026-05-07 23:00,126.69,126.69,126.69,126.69,1
2026-05-07 01:00,130.25,130.25,130.25,130.25,1
2026-05-07 02:00,138.25,138.25,138.25,138.25,1
2026-05-07 03:00,141.15,141.15,141.15,141.15,1
2026-05-07 04:00,144.15,144.15,144.15,144.15,1
2026-05-07 05:00,152.34,152.34,152.34,152.34,1
2026-05-07 06:00,151.06,151.06,151.06,151.06,1
2026-05-07 07:00,143.29,143.29,143.29,143.29,1
2026-05-07 08:00,131.31,131.31,131.31,131.31,1
2026-05-07 09:00,164.9,164.9,164.9,164.9,1
2026-05-07 10:00,138.78,138.78,138.78,138.78,1
2026-05-07 11:00,134.81,134.81,134.81,134.81,1
2026-05-07 12:00,113.94,113.94,113.94,113.94,1
2026-05-07 13:00,132.18,132.18,132.18,132.18,1
2026-05-07 14:00,116.83,116.83,116.83,116.83,1
2026-05-07 15:00,118.99,118.99,118.99,118.99,1
2026-05-07 16:00,107.63,107.63,107.63,107.63,1
2026-05-07 17:00,114.16,114.16,114.16,114.16,1
2026-05-07 18:00,97.72,97.72,97.72,97.72,1
2026-05-07 19:00,89.57,89.57,89.57,89.57,1
2026-05-07 20:00,78.9,78.9,78.9,78.9,1
2026-05-07 21:00,94.41,94.41,94.41,94.41,1
2026-05-07 22:00,86.67,86.67,86.67,86.67,1
2026-05-07 23:00,78.42,78.42,78.42,78.42,1
2026-05-07 00:00,69.84,69.84,69.84,69.84,1
2026-05-07 01:00,83.11,83.11,83.11,83.11,1
2026-05-07 02:00,73.0,73.0,73.0,73.0,1
2026-05-07 03:00,71.35,71.35,71.35,71.35,1
2026-05-07 04:00,64.14,64.14,64.14,64.14,1
2026-05-07 05:00,75.41,75.41,75.41,75.41,1
2026-05-07 06:00,70.67,70.67,70.67,70.67,1
2026-05-07 07:00,64.97,64.97,64.97,64.97,1
2026-05-07 08:00,61.95,61.95,61.95,61.95,1
2026-05-07 09:00,68.5,68.5,68.5,68.5,1
2026-05-07 10:00,71.36,71.36,71.36,71.36,1
2026-05-07 11:00,78.3,78.3,78.3,78.3,1
2026-05-07 12:00,76.41,76.41,76.41,76.41,1
2026-05-07 13:00,77.28,77.28,77.28,77.28,1
2026-05-07 14:00,79.67,79.67,79.67,79.67,1
2026-05-07 15:00,85.41,85.41,85.41,85.41,1
2026-05-07 16:00,88.49,88.49,88.49,88.49,1
2026-05-07 17:00,80.19,80.19,80.19,80.19,1
2026-05-07 18:00,84.59,84.59,84.59,84.59,1
2026-05-07 19:00,90.9,90.9,90.9,90.9,1
2026-05-07 20:00,103.25,103.25,103.25,103.25,1
2026-05-07 21:00,89.72,89.72,89.72,89.72,1
2026-05-07 22:00,96.86,96.86,96.86,96.86,1
2026-05-07 23:00,110.12,110.12,110.12,110.12,1
2026-05-07 00:00,122.44,122.44,122.44,122.44,1
2026-05-07 01:00,105.71,105.71,105.71,105.71,1
2026-05-07 02:00,119.68,119.68,119.68,119.68,1
2026-05-07 03:00,131.05,131.05,131.05,131.05,1
2026-05-07 04:00,144.37,144.37,144.37,144.37,1
2026-05-07 05:00,127.18,127.18,127.18,127.18,1
2026-05-07 06:00,139.32,139.32,139.32,139.32,1
2026-05-07 07:00,163.56,163.56,163.56,163.56,1
2026-05-07 08:00,183.51,183.51,183.51,183.51,1
2026-05-07 09:00,151.32,151.32,151.32,151.32,1
2026-05-07 10:00,157.51,157.51,157.51,157.51,1
2026-05-07 11:00,157.76,157.76,157.76,157.76,1
2026-05-07 12:00,156.52,156.52,156.52,156.52,1
2026-05-07 13:00,160.3,160.3,160.3,160.3,1
2026-05-07 14:00,151.34,151.34,151.34,151.34,1
2026-05-07 15:00,144.16,144.16,144.16,144.16,1
2026-05-07 16:00,132.09,132.09,132.09,132.09,1
2026-05-07 17:00,147.56,147.56,147.56,147.56,1
2026-05-07 18:00,136.25,136.25,136.25,136.25,1
2026-05-07 19:00,138.24,138.24,138.24,138.24,1
2026-05-07 20:00,129.39,129.39,129.39,129.39,1
2026-05-07 21:00,134.4,134.4,134.4,134.4,1
2026-05-07 22:00,127.55,127.55,127.55,127.55,1
2026-05-07 23:00,123.25,123.25,123.25,123.25,1
2026-05-07 00:00,112.0,112.0,112.0,112.0,1
2026-05-08 01:00,126.91,126.91,126.91,126.91,1
2026-05-08 02:00,122.94,122.94,122.94,122.94,1
2026-05-08 03:00,116.45,116.45,116.45,116.45,1
2026-05-08 04:00,108.84,108.84,108.84,108.84,1
2026-05-08 05:00,116.13,116.13,116.13,116.13,1
2026-05-08 06:00,112.19,112.19,112.19,112.19,1
2026-05-08 07:00,112.53,112.53,112.53,112.53,1
2026-05-08 08:00,109.6,109.6,109.6,109.6,1
2026-05-08 09:00,112.04,112.04,112.04,112.04,1
2026-05-08 10:00,110.0,110.0,110.0,110.0,1
2026-05-08 11:00,108.83,108.83,108.83,108.83,1
2026-05-08 12:00,105.33,105.33,105.33,105.33,1
2026-05-08 13:00,105.6,105.6,105.6,105.6,1
2026-05-08 14:00,103.05,103.05,103.05,103.05,1
2026-05-08 15:00,104.27,104.27,104.27,104.27,1
2026-05-08 16:00,103.51,103.51,103.51,103.51,1
2026-05-08 17:00,102.97,102.97,102.97,102.97,1
2026-05-08 18:00,102.65,102.65,102.65,102.65,1
2026-05-08 19:00,104.1,104.1,104.1,104.1,1
2026-05-08 20:00,104.99,104.99,104.99,104.99,1
2026-05-08 21:00,104.02,104.02,104.02,104.02,1
2026-05-08 22:00,104.68,104.68,104.68,104.68,1
2026-05-08 23:00,110.2,110.2,110.2,110.2,1
2026-05-08 23:00,120.0,120.0,120.0,120.0,1
2026-05-08 01:00,122.11,122.11,122.11,122.11,1
2026-05-08 02:00,124.69,124.69,124.69,124.69,1
2026-05-08 03:00,125.41,125.41,125.41,125.41,1
2026-05-08 04:00,122.89,122.89,122.89,122.89,1
2026-05-08 05:00,129.33,129.33,129.33,129.33,1
2026-05-08 06:00,125.91,125.91,125.91,125.91,1
2026-05-08 07:00,118.17,118.17,118.17,118.17,1
2026-05-08 08:00,101.75,101.75,101.75,101.75,1
2026-05-08 09:00,132.42,132.42,132.42,132.42,1
2026-05-08 10:00,116.53,116.53,116.53,116.53,1
2026-05-08 11:00,107.44,107.44,107.44,107.44,1
2026-05-08 12:00,84.9,84.9,84.9,84.9,1
2026-05-08 13:00,111.92,111.92,111.92,111.92,1
2026-05-08 14:00,90.19,90.19,90.19,90.19,1
2026-05-08 15:00,78.58,78.58,78.58,78.58,1
2026-05-08 16:00,59.74,59.74,59.74,59.74,1
2026-05-08 17:00,66.74,66.74,66.74,66.74,1
2026-05-08 18:00,48.25,48.25,48.25,48.25,1
2026-05-08 19:00,39.94,39.94,39.94,39.94,1
2026-05-08 20:00,35.88,35.88,35.88,35.88,1
2026-05-08 21:00,81.85,81.85,81.85,81.85,1
2026-05-08 22:00,37.01,37.01,37.01,37.01,1
2026-05-08 23:00,58.57,58.57,58.57,58.57,1
2026-05-08 00:00,24.8,24.8,24.8,24.8,1
2026-05-08 01:00,66.51,66.51,66.51,66.51,1
2026-05-08 02:00,28.03,28.03,28.03,28.03,1
2026-05-08 03:00,25.79,25.79,25.79,25.79,1
2026-05-08 04:00,23.21,23.21,23.21,23.21,1
2026-05-08 05:00,29.12,29.12,29.12,29.12,1
2026-05-08 06:00,53.03,53.03,53.03,53.03,1
2026-05-08 07:00,24.18,24.18,24.18,24.18,1
2026-05-08 08:00,22.07,22.07,22.07,22.07,1
2026-05-08 09:00,23.55,23.55,23.55,23.55,1
2026-05-08 10:00,26.2,26.2,26.2,26.2,1
2026-05-08 11:00,64.42,64.42,64.42,64.42,1
2026-05-08 12:00,59.81,59.81,59.81,59.81,1
2026-05-08 13:00,29.77,29.77,29.77,29.77,1
2026-05-08 14:00,64.16,64.16,64.16,64.16,1
2026-05-08 15:00,78.24,78.24,78.24,78.24,1
2026-05-08 16:00,39.67,39.67,39.67,39.67,1
2026-05-08 17:00,36.0,36.0,36.0,36.0,1
2026-05-08 18:00,41.93,41.93,41.93,41.93,1
2026-05-08 19:00,54.86,54.86,54.86,54.86,1
2026-05-08 20:00,71.5,71.5,71.5,71.5,1
2026-05-08 21:00,56.72,56.72,56.72,56.72,1
2026-05-08 22:00,79.06,79.06,79.06,79.06,1
2026-05-08 23:00,93.44,93.44,93.44,93.44,1
2026-05-08 00:00,106.16,106.16,106.16,106.16,1
2026-05-08 01:00,95.5,95.5,95.5,95.5,1
2026-05-08 02:00,108.23,108.23,108.23,108.23,1
2026-05-08 03:00,117.23,117.23,117.23,117.23,1
2026-05-08 04:00,128.03,128.03,128.03,128.03,1
2026-05-08 05:00,116.4,116.4,116.4,116.4,1
2026-05-08 06:00,122.94,122.94,122.94,122.94,1
2026-05-08 07:00,131.81,131.81,131.81,131.81,1
2026-05-08 08:00,146.09,146.09,146.09,146.09,1
2026-05-08 09:00,135.94,135.94,135.94,135.94,1
2026-05-08 10:00,140.31,140.31,140.31,140.31,1
2026-05-08 11:00,142.34,142.34,142.34,142.34,1
2026-05-08 12:00,142.09,142.09,142.09,142.09,1
2026-05-08 13:00,146.93,146.93,146.93,146.93,1
2026-05-08 14:00,138.22,138.22,138.22,138.22,1
2026-05-08 15:00,128.58,128.58,128.58,128.58,1
2026-05-08 16:00,116.95,116.95,116.95,116.95,1
2026-05-08 17:00,134.92,134.92,134.92,134.92,1
2026-05-08 18:00,125.01,125.01,125.01,125.01,1
2026-05-08 19:00,123.24,123.24,123.24,123.24,1
2026-05-08 20:00,117.94,117.94,117.94,117.94,1
2026-05-08 21:00,120.84,120.84,120.84,120.84,1
2026-05-08 22:00,116.28,116.28,116.28,116.28,1
2026-05-08 23:00,114.9,114.9,114.9,114.9,1
2026-05-08 00:00,104.87,104.87,104.87,104.87,1
2026-05-09 01:00,122.03,122.03,122.03,122.03,1
2026-05-09 02:00,116.7,116.7,116.7,116.7,1
2026-05-09 03:00,112.22,112.22,112.22,112.22,1
2026-05-09 04:00,106.59,106.59,106.59,106.59,1
2026-05-09 05:00,113.22,113.22,113.22,113.22,1
2026-05-09 06:00,110.32,110.32,110.32,110.32,1
2026-05-09 07:00,110.59,110.59,110.59,110.59,1
2026-05-09 08:00,108.02,108.02,108.02,108.02,1
2026-05-09 09:00,108.78,108.78,108.78,108.78,1
2026-05-09 10:00,107.67,107.67,107.67,107.67,1
2026-05-09 11:00,106.3,106.3,106.3,106.3,1
2026-05-09 12:00,101.14,101.14,101.14,101.14,1
2026-05-09 13:00,105.85,105.85,105.85,105.85,1
2026-05-09 14:00,103.81,103.81,103.81,103.81,1
2026-05-09 15:00,103.47,103.47,103.47,103.47,1
2026-05-09 16:00,103.5,103.5,103.5,103.5,1
2026-05-09 17:00,98.54,98.54,98.54,98.54,1
2026-05-09 18:00,101.54,101.54,101.54,101.54,1
2026-05-09 19:00,101.44,101.44,101.44,101.44,1
2026-05-09 20:00,100.84,100.84,100.84,100.84,1
2026-05-09 21:00,99.53,99.53,99.53,99.53,1
2026-05-09 22:00,100.37,100.37,100.37,100.37,1
2026-05-09 23:00,103.31,103.31,103.31,103.31,1
2026-05-09 23:00,105.9,105.9,105.9,105.9,1
2026-05-09 01:00,115.4,115.4,115.4,115.4,1
2026-05-09 02:00,110.47,110.47,110.47,110.47,1
2026-05-09 03:00,105.19,105.19,105.19,105.19,1
2026-05-09 04:00,99.57,99.57,99.57,99.57,1
2026-05-09 05:00,111.74,111.74,111.74,111.74,1
2026-05-09 06:00,102.08,102.08,102.08,102.08,1
2026-05-09 07:00,96.92,96.92,96.92,96.92,1
2026-05-09 08:00,82.68,82.68,82.68,82.68,1
2026-05-09 09:00,105.59,105.59,105.59,105.59,1
2026-05-09 10:00,90.44,90.44,90.44,90.44,1
2026-05-09 11:00,72.48,72.48,72.48,72.48,1
2026-05-09 12:00,39.69,39.69,39.69,39.69,1
2026-05-09 13:00,67.98,67.98,67.98,67.98,1
2026-05-09 14:00,41.11,41.11,41.11,41.11,1
2026-05-09 15:00,20.11,20.11,20.11,20.11,1
2026-05-09 16:00,7.29,7.29,7.29,7.29,1
2026-05-09 17:00,15.89,15.89,15.89,15.89,1
2026-05-09 18:00,3.96,3.96,3.96,3.96,1
2026-05-09 19:00,0.04,0.04,0.04,0.04,1
2026-05-09 20:00,0.0,0.0,0.0,0.0,1
2026-05-09 22:00,0.06,0.06,0.06,0.06,1
2026-05-09 23:00,0.23,0.23,0.23,0.23,1
2026-05-09 00:00,0.16,0.16,0.16,0.16,1
2026-05-09 01:00,0.23,0.23,0.23,0.23,1
2026-05-09 02:00,0.15,0.15,0.15,0.15,1
2026-05-09 03:00,0.23,0.23,0.23,0.23,1
2026-05-09 04:00,0.35,0.35,0.35,0.35,1
2026-05-09 05:00,0.17,0.17,0.17,0.17,1
2026-05-09 06:00,-0.09,-0.09,-0.09,-0.09,1
2026-05-09 07:00,-0.24,-0.24,-0.24,-0.24,1
2026-05-09 08:00,-0.29,-0.29,-0.29,-0.29,1
2026-05-09 09:00,-0.25,-0.25,-0.25,-0.25,1
2026-05-09 10:00,-0.15,-0.15,-0.15,-0.15,1
2026-05-09 11:00,-0.48,-0.48,-0.48,-0.48,1
2026-05-09 12:00,0.03,0.03,0.03,0.03,1
2026-05-09 13:00,-0.41,-0.41,-0.41,-0.41,1
2026-05-09 14:00,-0.11,-0.11,-0.11,-0.11,1
2026-05-09 15:00,-0.07,-0.07,-0.07,-0.07,1
2026-05-09 16:00,0.0,0.0,0.0,0.0,1
2026-05-09 17:00,0.01,0.01,0.01,0.01,1
2026-05-09 18:00,2.74,2.74,2.74,2.74,1
2026-05-09 19:00,13.07,13.07,13.07,13.07,1
2026-05-09 20:00,29.24,29.24,29.24,29.24,1
2026-05-09 21:00,17.59,17.59,17.59,17.59,1
2026-05-09 22:00,55.88,55.88,55.88,55.88,1
2026-05-09 23:00,78.53,78.53,78.53,78.53,1
2026-05-09 00:00,94.84,94.84,94.84,94.84,1
2026-05-09 01:00,80.6,80.6,80.6,80.6,1
2026-05-09 02:00,96.34,96.34,96.34,96.34,1
2026-05-09 03:00,106.21,106.21,106.21,106.21,1
2026-05-09 04:00,111.94,111.94,111.94,111.94,1
2026-05-09 05:00,103.68,103.68,103.68,103.68,1
2026-05-09 06:00,112.09,112.09,112.09,112.09,1
2026-05-09 07:00,117.21,117.21,117.21,117.21,1
2026-05-09 08:00,128.93,128.93,128.93,128.93,1
2026-05-09 09:00,122.07,122.07,122.07,122.07,1
2026-05-09 10:00,126.91,126.91,126.91,126.91,1
2026-05-09 11:00,130.68,130.68,130.68,130.68,1
2026-05-09 12:00,134.67,134.67,134.67,134.67,1
2026-05-09 13:00,132.71,132.71,132.71,132.71,1
2026-05-09 14:00,129.53,129.53,129.53,129.53,1
2026-05-09 15:00,125.09,125.09,125.09,125.09,1
2026-05-09 16:00,117.36,117.36,117.36,117.36,1
2026-05-09 17:00,126.88,126.88,126.88,126.88,1
2026-05-09 18:00,120.61,120.61,120.61,120.61,1
2026-05-09 19:00,120.38,120.38,120.38,120.38,1
2026-05-09 20:00,115.47,115.47,115.47,115.47,1
2026-05-09 21:00,117.12,117.12,117.12,117.12,1
2026-05-09 22:00,112.62,112.62,112.62,112.62,1
2026-05-09 23:00,112.34,112.34,112.34,112.34,1
2026-05-09 00:00,107.16,107.16,107.16,107.16,1
2026-05-10 01:00,116.1,116.1,116.1,116.1,1
2026-05-10 02:00,105.56,105.56,105.56,105.56,1
2026-05-10 03:00,108.23,108.23,108.23,108.23,1
2026-05-10 04:00,105.92,105.92,105.92,105.92,1
2026-05-10 05:00,107.55,107.55,107.55,107.55,1
2026-05-10 06:00,103.96,103.96,103.96,103.96,1
2026-05-10 07:00,102.41,102.41,102.41,102.41,1
2026-05-10 08:00,98.75,98.75,98.75,98.75,1
2026-05-10 09:00,99.93,99.93,99.93,99.93,1
2026-05-10 10:00,103.56,103.56,103.56,103.56,1
2026-05-10 11:00,102.91,102.91,102.91,102.91,1
2026-05-10 12:00,99.91,99.91,99.91,99.91,1
2026-05-10 13:00,103.47,103.47,103.47,103.47,1
2026-05-10 14:00,103.5,103.5,103.5,103.5,1
2026-05-10 15:00,103.15,103.15,103.15,103.15,1
2026-05-10 16:00,103.86,103.86,103.86,103.86,1
2026-05-10 17:00,93.72,93.72,93.72,93.72,1
2026-05-10 18:00,97.44,97.44,97.44,97.44,1
2026-05-10 19:00,99.15,99.15,99.15,99.15,1
2026-05-10 20:00,100.37,100.37,100.37,100.37,1
2026-05-10 21:00,100.33,100.33,100.33,100.33,1
2026-05-10 22:00,106.75,106.75,106.75,106.75,1
2026-05-10 23:00,108.04,108.04,108.04,108.04,1
2026-05-10 23:00,102.97,102.97,102.97,102.97,1
2026-05-10 01:00,123.25,123.25,123.25,123.25,1
2026-05-10 02:00,116.88,116.88,116.88,116.88,1
2026-05-10 03:00,115.22,115.22,115.22,115.22,1
2026-05-10 04:00,115.64,115.64,115.64,115.64,1
2026-05-10 05:00,136.21,136.21,136.21,136.21,1
2026-05-10 06:00,145.98,145.98,145.98,145.98,1
2026-05-10 07:00,120.28,120.28,120.28,120.28,1
2026-05-10 08:00,108.14,108.14,108.14,108.14,1
2026-05-10 09:00,154.44,154.44,154.44,154.44,1
2026-05-10 10:00,112.53,112.53,112.53,112.53,1
2026-05-10 11:00,94.88,94.88,94.88,94.88,1
2026-05-10 12:00,67.02,67.02,67.02,67.02,1
2026-05-10 13:00,93.01,93.01,93.01,93.01,1
2026-05-10 14:00,66.27,66.27,66.27,66.27,1
2026-05-10 15:00,60.1,60.1,60.1,60.1,1
2026-05-10 16:00,55.91,55.91,55.91,55.91,1
2026-05-10 17:00,57.65,57.65,57.65,57.65,1
2026-05-10 18:00,52.3,52.3,52.3,52.3,1
2026-05-10 19:00,49.72,49.72,49.72,49.72,1
2026-05-10 20:00,46.34,46.34,46.34,46.34,1
2026-05-10 21:00,100.01,100.01,100.01,100.01,1
2026-05-10 22:00,45.32,45.32,45.32,45.32,1
2026-05-10 23:00,41.55,41.55,41.55,41.55,1
2026-05-10 00:00,41.18,41.18,41.18,41.18,1
2026-05-10 01:00,42.44,42.44,42.44,42.44,1
2026-05-10 02:00,41.09,41.09,41.09,41.09,1
2026-05-10 03:00,41.16,41.16,41.16,41.16,1
2026-05-10 04:00,39.3,39.3,39.3,39.3,1
2026-05-10 05:00,39.34,39.34,39.34,39.34,1
2026-05-10 06:00,38.88,38.88,38.88,38.88,1
2026-05-10 07:00,37.77,37.77,37.77,37.77,1
2026-05-10 08:00,35.71,35.71,35.71,35.71,1
2026-05-10 09:00,37.38,37.38,37.38,37.38,1
2026-05-10 10:00,37.46,37.46,37.46,37.46,1
2026-05-10 11:00,36.06,36.06,36.06,36.06,1
2026-05-10 12:00,35.43,35.43,35.43,35.43,1
2026-05-10 13:00,36.62,36.62,36.62,36.62,1
2026-05-10 14:00,37.35,37.35,37.35,37.35,1
2026-05-10 15:00,35.76,35.76,35.76,35.76,1
2026-05-10 16:00,35.23,35.23,35.23,35.23,1
2026-05-10 17:00,48.49,48.49,48.49,48.49,1
2026-05-10 18:00,50.0,50.0,50.0,50.0,1
2026-05-10 19:00,46.07,46.07,46.07,46.07,1
2026-05-10 20:00,49.42,49.42,49.42,49.42,1
2026-05-10 21:00,50.2,50.2,50.2,50.2,1
2026-05-10 22:00,68.52,68.52,68.52,68.52,1
2026-05-10 23:00,83.27,83.27,83.27,83.27,1
2026-05-10 00:00,94.93,94.93,94.93,94.93,1
2026-05-10 01:00,81.94,81.94,81.94,81.94,1
2026-05-10 02:00,93.0,93.0,93.0,93.0,1
2026-05-10 03:00,100.07,100.07,100.07,100.07,1
2026-05-10 04:00,105.3,105.3,105.3,105.3,1
2026-05-10 05:00,101.19,101.19,101.19,101.19,1
2026-05-10 06:00,110.12,110.12,110.12,110.12,1
2026-05-10 07:00,115.9,115.9,115.9,115.9,1
2026-05-10 08:00,124.07,124.07,124.07,124.07,1
2026-05-10 09:00,119.06,119.06,119.06,119.06,1
2026-05-10 10:00,122.27,122.27,122.27,122.27,1
2026-05-10 11:00,127.34,127.34,127.34,127.34,1
2026-05-10 12:00,130.94,130.94,130.94,130.94,1
2026-05-10 13:00,126.8,126.8,126.8,126.8,1
2026-05-10 14:00,126.16,126.16,126.16,126.16,1
2026-05-10 15:00,123.66,123.66,123.66,123.66,1
2026-05-10 16:00,116.48,116.48,116.48,116.48,1
2026-05-10 17:00,122.15,122.15,122.15,122.15,1
2026-05-10 18:00,117.25,117.25,117.25,117.25,1
2026-05-10 19:00,119.22,119.22,119.22,119.22,1
2026-05-10 20:00,112.81,112.81,112.81,112.81,1
2026-05-10 21:00,115.59,115.59,115.59,115.59,1
2026-05-10 22:00,108.14,108.14,108.14,108.14,1
2026-05-10 23:00,107.4,107.4,107.4,107.4,1
2026-05-10 00:00,101.6,101.6,101.6,101.6,1
2026-05-11 01:00,108.35,108.35,108.35,108.35,1
2026-05-11 02:00,98.15,98.15,98.15,98.15,1
2026-05-11 03:00,99.84,99.84,99.84,99.84,1
2026-05-11 04:00,95.79,95.79,95.79,95.79,1
2026-05-11 05:00,99.55,99.55,99.55,99.55,1
2026-05-11 06:00,93.83,93.83,93.83,93.83,1
2026-05-11 07:00,93.43,93.43,93.43,93.43,1
2026-05-11 08:00,87.12,87.12,87.12,87.12,1
2026-05-11 09:00,89.75,89.75,89.75,89.75,1
2026-05-11 10:00,94.38,94.38,94.38,94.38,1
2026-05-11 11:00,92.26,92.26,92.26,92.26,1
2026-05-11 12:00,90.5,90.5,90.5,90.5,1
2026-05-11 13:00,93.41,93.41,93.41,93.41,1
2026-05-11 14:00,91.58,91.58,91.58,91.58,1
2026-05-11 15:00,93.13,93.13,93.13,93.13,1
2026-05-11 16:00,94.5,94.5,94.5,94.5,1
2026-05-11 17:00,88.6,88.6,88.6,88.6,1
2026-05-11 18:00,92.56,92.56,92.56,92.56,1
2026-05-11 19:00,96.16,96.16,96.16,96.16,1
2026-05-11 20:00,98.22,98.22,98.22,98.22,1
2026-05-11 21:00,95.21,95.21,95.21,95.21,1
2026-05-11 22:00,102.5,102.5,102.5,102.5,1
2026-05-11 23:00,107.78,107.78,107.78,107.78,1
2026-05-11 23:00,106.41,106.41,106.41,106.41,1
2026-05-11 01:00,116.41,116.41,116.41,116.41,1
2026-05-11 02:00,119.83,119.83,119.83,119.83,1
2026-05-11 03:00,124.94,124.94,124.94,124.94,1
2026-05-11 04:00,130.89,130.89,130.89,130.89,1
2026-05-11 05:00,145.03,145.03,145.03,145.03,1
2026-05-11 06:00,162.37,162.37,162.37,162.37,1
2026-05-11 07:00,138.93,138.93,138.93,138.93,1
2026-05-11 08:00,130.49,130.49,130.49,130.49,1
2026-05-11 09:00,171.96,171.96,171.96,171.96,1
2026-05-11 10:00,133.8,133.8,133.8,133.8,1
2026-05-11 11:00,123.75,123.75,123.75,123.75,1
2026-05-11 12:00,110.0,110.0,110.0,110.0,1
2026-05-11 13:00,130.48,130.48,130.48,130.48,1
2026-05-11 14:00,111.29,111.29,111.29,111.29,1
2026-05-11 15:00,105.91,105.91,105.91,105.91,1
2026-05-11 16:00,93.39,93.39,93.39,93.39,1
2026-05-11 17:00,105.19,105.19,105.19,105.19,1
2026-05-11 18:00,93.74,93.74,93.74,93.74,1
2026-05-11 19:00,83.81,83.81,83.81,83.81,1
2026-05-11 20:00,74.02,74.02,74.02,74.02,1
2026-05-11 21:00,83.4,83.4,83.4,83.4,1
2026-05-11 22:00,75.58,75.58,75.58,75.58,1
2026-05-11 23:00,69.3,69.3,69.3,69.3,1
2026-05-11 00:00,67.16,67.16,67.16,67.16,1
2026-05-11 01:00,68.22,68.22,68.22,68.22,1
2026-05-11 02:00,62.17,62.17,62.17,62.17,1
2026-05-11 03:00,59.84,59.84,59.84,59.84,1
2026-05-11 04:00,57.57,57.57,57.57,57.57,1
2026-05-11 05:00,55.06,55.06,55.06,55.06,1
2026-05-11 06:00,53.72,53.72,53.72,53.72,1
2026-05-11 07:00,50.02,50.02,50.02,50.02,1
2026-05-11 08:00,47.05,47.05,47.05,47.05,1
2026-05-11 09:00,52.62,52.62,52.62,52.62,1
2026-05-11 10:00,51.47,51.47,51.47,51.47,1
2026-05-11 11:00,51.36,51.36,51.36,51.36,1
2026-05-11 12:00,55.34,55.34,55.34,55.34,1
2026-05-11 13:00,52.27,52.27,52.27,52.27,1
2026-05-11 14:00,56.5,56.5,56.5,56.5,1
2026-05-11 15:00,61.27,61.27,61.27,61.27,1
2026-05-11 16:00,66.48,66.48,66.48,66.48,1
2026-05-11 17:00,67.42,67.42,67.42,67.42,1
2026-05-11 18:00,77.0,77.0,77.0,77.0,1
2026-05-11 19:00,85.09,85.09,85.09,85.09,1
2026-05-11 20:00,88.41,88.41,88.41,88.41,1
2026-05-11 21:00,75.36,75.36,75.36,75.36,1
2026-05-11 22:00,87.59,87.59,87.59,87.59,1
2026-05-11 23:00,94.38,94.38,94.38,94.38,1
2026-05-11 00:00,106.18,106.18,106.18,106.18,1
2026-05-11 01:00,92.16,92.16,92.16,92.16,1
2026-05-11 02:00,104.43,104.43,104.43,104.43,1
2026-05-11 03:00,106.99,106.99,106.99,106.99,1
2026-05-11 04:00,120.02,120.02,120.02,120.02,1
2026-05-11 05:00,108.72,108.72,108.72,108.72,1
2026-05-11 06:00,119.05,119.05,119.05,119.05,1
2026-05-11 07:00,131.57,131.57,131.57,131.57,1
2026-05-11 08:00,143.15,143.15,143.15,143.15,1
2026-05-11 09:00,127.49,127.49,127.49,127.49,1
2026-05-11 10:00,131.68,131.68,131.68,131.68,1
2026-05-11 11:00,136.99,136.99,136.99,136.99,1
2026-05-11 12:00,138.08,138.08,138.08,138.08,1
2026-05-11 13:00,141.15,141.15,141.15,141.15,1
2026-05-11 14:00,136.84,136.84,136.84,136.84,1
2026-05-11 15:00,132.07,132.07,132.07,132.07,1
2026-05-11 16:00,123.28,123.28,123.28,123.28,1
2026-05-11 17:00,131.69,131.69,131.69,131.69,1
2026-05-11 18:00,126.09,126.09,126.09,126.09,1
2026-05-11 19:00,125.06,125.06,125.06,125.06,1
2026-05-11 20:00,118.62,118.62,118.62,118.62,1
2026-05-11 21:00,122.69,122.69,122.69,122.69,1
2026-05-11 22:00,114.33,114.33,114.33,114.33,1
2026-05-11 23:00,111.0,111.0,111.0,111.0,1
2026-05-11 00:00,105.67,105.67,105.67,105.67,1
2026-05-12 01:00,112.8,112.8,112.8,112.8,1
2026-05-12 02:00,105.05,105.05,105.05,105.05,1
2026-05-12 03:00,97.02,97.02,97.02,97.02,1
2026-05-12 04:00,93.09,93.09,93.09,93.09,1
2026-05-12 05:00,101.81,101.81,101.81,101.81,1
2026-05-12 06:00,97.04,97.04,97.04,97.04,1
2026-05-12 07:00,97.37,97.37,97.37,97.37,1
2026-05-12 08:00,92.52,92.52,92.52,92.52,1
2026-05-12 09:00,94.25,94.25,94.25,94.25,1
2026-05-12 10:00,95.24,95.24,95.24,95.24,1
2026-05-12 11:00,87.81,87.81,87.81,87.81,1
2026-05-12 12:00,85.26,85.26,85.26,85.26,1
2026-05-12 13:00,89.9,89.9,89.9,89.9,1
2026-05-12 14:00,87.5,87.5,87.5,87.5,1
2026-05-12 15:00,87.91,87.91,87.91,87.91,1
2026-05-12 16:00,89.04,89.04,89.04,89.04,1
2026-05-12 17:00,89.2,89.2,89.2,89.2,1
2026-05-12 18:00,92.59,92.59,92.59,92.59,1
2026-05-12 19:00,93.69,93.69,93.69,93.69,1
2026-05-12 20:00,96.77,96.77,96.77,96.77,1
2026-05-12 21:00,95.53,95.53,95.53,95.53,1
2026-05-12 22:00,94.89,94.89,94.89,94.89,1
2026-05-12 23:00,100.56,100.56,100.56,100.56,1
2026-05-12 23:00,104.23,104.23,104.23,104.23,1
2026-05-12 01:00,103.75,103.75,103.75,103.75,1
2026-05-12 02:00,112.98,112.98,112.98,112.98,1
2026-05-12 03:00,119.05,119.05,119.05,119.05,1
2026-05-12 04:00,119.56,119.56,119.56,119.56,1
2026-05-12 05:00,128.47,128.47,128.47,128.47,1
2026-05-12 06:00,126.92,126.92,126.92,126.92,1
2026-05-12 07:00,125.47,125.47,125.47,125.47,1
2026-05-12 08:00,118.0,118.0,118.0,118.0,1
2026-05-12 09:00,129.9,129.9,129.9,129.9,1
2026-05-12 10:00,120.53,120.53,120.53,120.53,1
2026-05-12 11:00,112.05,112.05,112.05,112.05,1
2026-05-12 12:00,97.41,97.41,97.41,97.41,1
2026-05-12 13:00,108.9,108.9,108.9,108.9,1
2026-05-12 14:00,92.18,92.18,92.18,92.18,1
2026-05-12 15:00,84.61,84.61,84.61,84.61,1
2026-05-12 16:00,71.38,71.38,71.38,71.38,1
2026-05-12 17:00,85.78,85.78,85.78,85.78,1
2026-05-12 18:00,76.35,76.35,76.35,76.35,1
2026-05-12 19:00,67.15,67.15,67.15,67.15,1
2026-05-12 20:00,56.73,56.73,56.73,56.73,1
2026-05-12 21:00,68.12,68.12,68.12,68.12,1
2026-05-12 22:00,62.75,62.75,62.75,62.75,1
2026-05-12 23:00,60.25,60.25,60.25,60.25,1
2026-05-12 00:00,57.35,57.35,57.35,57.35,1
2026-05-12 01:00,61.55,61.55,61.55,61.55,1
2026-05-12 02:00,54.55,54.55,54.55,54.55,1
2026-05-12 03:00,49.94,49.94,49.94,49.94,1
2026-05-12 04:00,48.06,48.06,48.06,48.06,1
2026-05-12 05:00,48.38,48.38,48.38,48.38,1
2026-05-12 06:00,46.93,46.93,46.93,46.93,1
2026-05-12 07:00,40.01,40.01,40.01,40.01,1
2026-05-12 08:00,37.19,37.19,37.19,37.19,1
2026-05-12 09:00,39.89,39.89,39.89,39.89,1
2026-05-12 10:00,39.7,39.7,39.7,39.7,1
2026-05-12 11:00,43.31,43.31,43.31,43.31,1
2026-05-12 12:00,50.18,50.18,50.18,50.18,1
2026-05-12 13:00,42.09,42.09,42.09,42.09,1
2026-05-12 14:00,49.13,49.13,49.13,49.13,1
2026-05-12 15:00,58.7,58.7,58.7,58.7,1
2026-05-12 16:00,68.92,68.92,68.92,68.92,1
2026-05-12 17:00,48.37,48.37,48.37,48.37,1
2026-05-12 18:00,61.25,61.25,61.25,61.25,1
2026-05-12 19:00,76.29,76.29,76.29,76.29,1
2026-05-12 20:00,86.16,86.16,86.16,86.16,1
2026-05-12 21:00,63.44,63.44,63.44,63.44,1
2026-05-12 22:00,80.05,80.05,80.05,80.05,1
2026-05-12 23:00,91.12,91.12,91.12,91.12,1
2026-05-12 00:00,103.97,103.97,103.97,103.97,1
2026-05-12 01:00,93.97,93.97,93.97,93.97,1
2026-05-12 02:00,109.38,109.38,109.38,109.38,1
2026-05-12 03:00,113.11,113.11,113.11,113.11,1
2026-05-12 04:00,127.2,127.2,127.2,127.2,1
2026-05-12 05:00,112.48,112.48,112.48,112.48,1
2026-05-12 06:00,124.96,124.96,124.96,124.96,1
2026-05-12 07:00,138.31,138.31,138.31,138.31,1
2026-05-12 08:00,157.5,157.5,157.5,157.5,1
2026-05-12 09:00,140.31,140.31,140.31,140.31,1
2026-05-12 10:00,146.79,146.79,146.79,146.79,1
2026-05-12 11:00,149.89,149.89,149.89,149.89,1
2026-05-12 12:00,151.38,151.38,151.38,151.38,1
2026-05-12 13:00,149.41,149.41,149.41,149.41,1
2026-05-12 14:00,146.11,146.11,146.11,146.11,1
2026-05-12 15:00,137.93,137.93,137.93,137.93,1
2026-05-12 16:00,133.31,133.31,133.31,133.31,1
2026-05-12 17:00,135.08,135.08,135.08,135.08,1
2026-05-12 18:00,128.08,128.08,128.08,128.08,1
2026-05-12 19:00,127.62,127.62,127.62,127.62,1
2026-05-12 20:00,123.25,123.25,123.25,123.25,1
2026-05-12 21:00,125.12,125.12,125.12,125.12,1
2026-05-12 22:00,118.77,118.77,118.77,118.77,1
2026-05-12 23:00,114.28,114.28,114.28,114.28,1
2026-05-12 00:00,109.51,109.51,109.51,109.51,1
2026-05-13 01:00,120.34,120.34,120.34,120.34,1
2026-05-13 02:00,113.95,113.95,113.95,113.95,1
2026-05-13 03:00,103.22,103.22,103.22,103.22,1
2026-05-13 04:00,98.62,98.62,98.62,98.62,1
2026-05-13 05:00,105.41,105.41,105.41,105.41,1
2026-05-13 06:00,101.25,101.25,101.25,101.25,1
2026-05-13 07:00,100.63,100.63,100.63,100.63,1
2026-05-13 08:00,94.97,94.97,94.97,94.97,1
2026-05-13 09:00,100.55,100.55,100.55,100.55,1
2026-05-13 10:00,98.13,98.13,98.13,98.13,1
2026-05-13 11:00,92.13,92.13,92.13,92.13,1
2026-05-13 12:00,90.43,90.43,90.43,90.43,1
2026-05-13 13:00,93.09,93.09,93.09,93.09,1
2026-05-13 14:00,92.63,92.63,92.63,92.63,1
2026-05-13 15:00,93.08,93.08,93.08,93.08,1
2026-05-13 16:00,93.0,93.0,93.0,93.0,1
2026-05-13 17:00,93.77,93.77,93.77,93.77,1
2026-05-13 18:00,93.94,93.94,93.94,93.94,1
2026-05-13 19:00,93.54,93.54,93.54,93.54,1
2026-05-13 20:00,97.83,97.83,97.83,97.83,1
2026-05-13 21:00,100.16,100.16,100.16,100.16,1
2026-05-13 22:00,95.45,95.45,95.45,95.45,1
2026-05-13 23:00,97.65,97.65,97.65,97.65,1
2026-05-13 23:00,99.4,99.4,99.4,99.4,1
2026-05-13 01:00,104.2,104.2,104.2,104.2,1
2026-05-13 02:00,107.78,107.78,107.78,107.78,1
2026-05-13 03:00,110.69,110.69,110.69,110.69,1
2026-05-13 04:00,104.83,104.83,104.83,104.83,1
2026-05-13 05:00,123.72,123.72,123.72,123.72,1
2026-05-13 06:00,111.7,111.7,111.7,111.7,1
2026-05-13 07:00,109.0,109.0,109.0,109.0,1
2026-05-13 08:00,100.18,100.18,100.18,100.18,1
2026-05-13 09:00,114.27,114.27,114.27,114.27,1
2026-05-13 10:00,106.88,106.88,106.88,106.88,1
2026-05-13 11:00,100.37,100.37,100.37,100.37,1
2026-05-13 12:00,84.05,84.05,84.05,84.05,1
2026-05-13 13:00,97.27,97.27,97.27,97.27,1
2026-05-13 14:00,83.18,83.18,83.18,83.18,1
2026-05-13 15:00,72.12,72.12,72.12,72.12,1
2026-05-13 16:00,65.56,65.56,65.56,65.56,1
2026-05-13 17:00,72.16,72.16,72.16,72.16,1
2026-05-13 18:00,61.0,61.0,61.0,61.0,1
2026-05-13 19:00,53.41,53.41,53.41,53.41,1
2026-05-13 20:00,44.37,44.37,44.37,44.37,1
2026-05-13 21:00,53.39,53.39,53.39,53.39,1
2026-05-13 22:00,49.62,49.62,49.62,49.62,1
2026-05-13 23:00,46.86,46.86,46.86,46.86,1
2026-05-13 00:00,41.85,41.85,41.85,41.85,1
2026-05-13 01:00,59.25,59.25,59.25,59.25,1
2026-05-13 02:00,46.8,46.8,46.8,46.8,1
2026-05-13 03:00,38.12,38.12,38.12,38.12,1
2026-05-13 04:00,34.53,34.53,34.53,34.53,1
2026-05-13 05:00,37.55,37.55,37.55,37.55,1
2026-05-13 06:00,36.51,36.51,36.51,36.51,1
2026-05-13 07:00,31.52,31.52,31.52,31.52,1
2026-05-13 08:00,28.35,28.35,28.35,28.35,1
2026-05-13 09:00,26.4,26.4,26.4,26.4,1
2026-05-13 10:00,27.82,27.82,27.82,27.82,1
2026-05-13 11:00,30.29,30.29,30.29,30.29,1
2026-05-13 12:00,32.63,32.63,32.63,32.63,1
2026-05-13 13:00,28.73,28.73,28.73,28.73,1
2026-05-13 14:00,33.09,33.09,33.09,33.09,1
2026-05-13 15:00,40.52,40.52,40.52,40.52,1
2026-05-13 16:00,54.23,54.23,54.23,54.23,1
2026-05-13 17:00,39.66,39.66,39.66,39.66,1
2026-05-13 18:00,58.12,58.12,58.12,58.12,1
2026-05-13 19:00,71.83,71.83,71.83,71.83,1
2026-05-13 20:00,87.71,87.71,87.71,87.71,1
2026-05-13 21:00,60.52,60.52,60.52,60.52,1
2026-05-13 22:00,77.62,77.62,77.62,77.62,1
2026-05-13 23:00,88.86,88.86,88.86,88.86,1
2026-05-13 00:00,102.03,102.03,102.03,102.03,1
2026-05-13 01:00,95.28,95.28,95.28,95.28,1
2026-05-13 02:00,107.73,107.73,107.73,107.73,1
2026-05-13 03:00,115.83,115.83,115.83,115.83,1
2026-05-13 04:00,128.03,128.03,128.03,128.03,1
2026-05-13 05:00,116.81,116.81,116.81,116.81,1
2026-05-13 06:00,126.73,126.73,126.73,126.73,1
2026-05-13 07:00,136.11,136.11,136.11,136.11,1
2026-05-13 08:00,152.37,152.37,152.37,152.37,1
2026-05-13 09:00,146.08,146.08,146.08,146.08,1
2026-05-13 10:00,152.2,152.2,152.2,152.2,1
2026-05-13 11:00,155.56,155.56,155.56,155.56,1
2026-05-13 12:00,175.97,175.97,175.97,175.97,1
2026-05-13 13:00,149.24,149.24,149.24,149.24,1
2026-05-13 14:00,151.24,151.24,151.24,151.24,1
2026-05-13 15:00,145.49,145.49,145.49,145.49,1
2026-05-13 16:00,145.44,145.44,145.44,145.44,1
2026-05-13 17:00,142.28,142.28,142.28,142.28,1
2026-05-13 18:00,131.27,131.27,131.27,131.27,1
2026-05-13 19:00,130.22,130.22,130.22,130.22,1
2026-05-13 20:00,125.54,125.54,125.54,125.54,1
2026-05-13 21:00,128.19,128.19,128.19,128.19,1
2026-05-13 22:00,122.66,122.66,122.66,122.66,1
2026-05-13 23:00,118.62,118.62,118.62,118.62,1
2026-05-13 00:00,114.33,114.33,114.33,114.33,1
2026-05-14 01:00,126.63,126.63,126.63,126.63,1
2026-05-14 02:00,122.34,122.34,122.34,122.34,1
2026-05-14 03:00,115.59,115.59,115.59,115.59,1
2026-05-14 04:00,109.04,109.04,109.04,109.04,1
2026-05-14 05:00,115.54,115.54,115.54,115.54,1
2026-05-14 06:00,110.14,110.14,110.14,110.14,1
2026-05-14 07:00,107.33,107.33,107.33,107.33,1
2026-05-14 08:00,99.88,99.88,99.88,99.88,1
2026-05-14 09:00,108.81,108.81,108.81,108.81,1
2026-05-14 10:00,104.56,104.56,104.56,104.56,1
2026-05-14 11:00,102.55,102.55,102.55,102.55,1
2026-05-14 12:00,98.99,98.99,98.99,98.99,1
2026-05-14 13:00,101.22,101.22,101.22,101.22,1
2026-05-14 14:00,98.97,98.97,98.97,98.97,1
2026-05-14 15:00,98.75,98.75,98.75,98.75,1
2026-05-14 16:00,97.11,97.11,97.11,97.11,1
2026-05-14 17:00,97.23,97.23,97.23,97.23,1
2026-05-14 18:00,97.22,97.22,97.22,97.22,1
2026-05-14 19:00,97.47,97.47,97.47,97.47,1
2026-05-14 20:00,100.03,100.03,100.03,100.03,1
2026-05-14 21:00,99.48,99.48,99.48,99.48,1
2026-05-14 22:00,98.08,98.08,98.08,98.08,1
2026-05-14 23:00,100.15,100.15,100.15,100.15,1
2026-05-14 23:00,100.7,100.7,100.7,100.7,1
2026-05-14 01:00,108.15,108.15,108.15,108.15,1
2026-05-14 02:00,109.86,109.86,109.86,109.86,1
2026-05-14 03:00,108.79,108.79,108.79,108.79,1
2026-05-14 04:00,105.09,105.09,105.09,105.09,1
2026-05-14 05:00,120.55,120.55,120.55,120.55,1
2026-05-14 06:00,108.58,108.58,108.58,108.58,1
2026-05-14 07:00,104.88,104.88,104.88,104.88,1
2026-05-14 08:00,92.16,92.16,92.16,92.16,1
2026-05-14 09:00,107.19,107.19,107.19,107.19,1
2026-05-14 10:00,101.52,101.52,101.52,101.52,1
2026-05-14 11:00,94.32,94.32,94.32,94.32,1
2026-05-14 12:00,84.27,84.27,84.27,84.27,1
2026-05-14 13:00,96.71,96.71,96.71,96.71,1
2026-05-14 14:00,89.34,89.34,89.34,89.34,1
2026-05-14 15:00,76.41,76.41,76.41,76.41,1
2026-05-14 16:00,66.67,66.67,66.67,66.67,1
2026-05-14 17:00,77.01,77.01,77.01,77.01,1
2026-05-14 18:00,58.31,58.31,58.31,58.31,1
2026-05-14 19:00,51.23,51.23,51.23,51.23,1
2026-05-14 20:00,40.35,40.35,40.35,40.35,1
2026-05-14 21:00,50.64,50.64,50.64,50.64,1
2026-05-14 22:00,45.8,45.8,45.8,45.8,1
2026-05-14 23:00,37.64,37.64,37.64,37.64,1
2026-05-14 00:00,29.01,29.01,29.01,29.01,1
2026-05-14 01:00,52.18,52.18,52.18,52.18,1
2026-05-14 02:00,37.23,37.23,37.23,37.23,1
2026-05-14 03:00,26.5,26.5,26.5,26.5,1
2026-05-14 04:00,20.59,20.59,20.59,20.59,1
2026-05-14 05:00,23.93,23.93,23.93,23.93,1
2026-05-14 06:00,20.82,20.82,20.82,20.82,1
2026-05-14 07:00,17.68,17.68,17.68,17.68,1
2026-05-14 08:00,13.88,13.88,13.88,13.88,1
2026-05-14 09:00,14.91,14.91,14.91,14.91,1
2026-05-14 10:00,16.31,16.31,16.31,16.31,1
2026-05-14 11:00,18.04,18.04,18.04,18.04,1
2026-05-14 12:00,20.05,20.05,20.05,20.05,1
2026-05-14 13:00,12.3,12.3,12.3,12.3,1
2026-05-14 14:00,19.38,19.38,19.38,19.38,1
2026-05-14 15:00,28.37,28.37,28.37,28.37,1
2026-05-14 16:00,44.3,44.3,44.3,44.3,1
2026-05-14 17:00,26.08,26.08,26.08,26.08,1
2026-05-14 18:00,49.3,49.3,49.3,49.3,1
2026-05-14 19:00,69.14,69.14,69.14,69.14,1
2026-05-14 20:00,82.46,82.46,82.46,82.46,1
2026-05-14 21:00,60.31,60.31,60.31,60.31,1
2026-05-14 22:00,78.39,78.39,78.39,78.39,1
2026-05-14 23:00,89.28,89.28,89.28,89.28,1
2026-05-14 00:00,102.13,102.13,102.13,102.13,1
2026-05-14 01:00,95.76,95.76,95.76,95.76,1
2026-05-14 02:00,105.03,105.03,105.03,105.03,1
2026-05-14 03:00,114.02,114.02,114.02,114.02,1
2026-05-14 04:00,125.43,125.43,125.43,125.43,1
2026-05-14 05:00,118.34,118.34,118.34,118.34,1
2026-05-14 06:00,125.47,125.47,125.47,125.47,1
2026-05-14 07:00,133.5,133.5,133.5,133.5,1
2026-05-14 08:00,140.91,140.91,140.91,140.91,1
2026-05-14 09:00,138.75,138.75,138.75,138.75,1
2026-05-14 10:00,142.99,142.99,142.99,142.99,1
2026-05-14 11:00,147.06,147.06,147.06,147.06,1
2026-05-14 12:00,168.69,168.69,168.69,168.69,1
2026-05-14 13:00,148.38,148.38,148.38,148.38,1
2026-05-14 14:00,148.91,148.91,148.91,148.91,1
2026-05-14 15:00,145.41,145.41,145.41,145.41,1
2026-05-14 16:00,145.19,145.19,145.19,145.19,1
2026-05-14 17:00,146.69,146.69,146.69,146.69,1
2026-05-14 18:00,137.08,137.08,137.08,137.08,1
2026-05-14 19:00,135.07,135.07,135.07,135.07,1
2026-05-14 20:00,129.99,129.99,129.99,129.99,1
2026-05-14 21:00,134.09,134.09,134.09,134.09,1
2026-05-14 22:00,127.97,127.97,127.97,127.97,1
2026-05-14 23:00,123.68,123.68,123.68,123.68,1
2026-05-14 00:00,120.27,120.27,120.27,120.27,1
2026-05-15 01:00,135.7,135.7,135.7,135.7,1
2026-05-15 02:00,126.4,126.4,126.4,126.4,1
2026-05-15 03:00,117.06,117.06,117.06,117.06,1
2026-05-15 04:00,111.42,111.42,111.42,111.42,1
2026-05-15 05:00,119.59,119.59,119.59,119.59,1
2026-05-15 06:00,113.69,113.69,113.69,113.69,1
2026-05-15 07:00,114.13,114.13,114.13,114.13,1
2026-05-15 08:00,109.75,109.75,109.75,109.75,1
2026-05-15 09:00,115.0,115.0,115.0,115.0,1
2026-05-15 10:00,109.93,109.93,109.93,109.93,1
2026-05-15 11:00,108.05,108.05,108.05,108.05,1
2026-05-15 12:00,105.47,105.47,105.47,105.47,1
2026-05-15 13:00,107.22,107.22,107.22,107.22,1
2026-05-15 14:00,104.94,104.94,104.94,104.94,1
2026-05-15 15:00,106.9,106.9,106.9,106.9,1
2026-05-15 16:00,105.57,105.57,105.57,105.57,1
2026-05-15 17:00,105.7,105.7,105.7,105.7,1
2026-05-15 18:00,105.29,105.29,105.29,105.29,1
2026-05-15 19:00,105.29,105.29,105.29,105.29,1
2026-05-15 20:00,107.55,107.55,107.55,107.55,1
2026-05-15 21:00,103.96,103.96,103.96,103.96,1
2026-05-15 22:00,105.22,105.22,105.22,105.22,1
2026-05-15 23:00,105.36,105.36,105.36,105.36,1
2026-05-15 23:00,106.14,106.14,106.14,106.14,1
2026-05-15 01:00,110.75,110.75,110.75,110.75,1
2026-05-15 02:00,110.93,110.93,110.93,110.93,1
2026-05-15 03:00,110.42,110.42,110.42,110.42,1
2026-05-15 04:00,108.66,108.66,108.66,108.66,1
2026-05-15 05:00,114.44,114.44,114.44,114.44,1
2026-05-15 06:00,110.86,110.86,110.86,110.86,1
2026-05-15 07:00,107.25,107.25,107.25,107.25,1
2026-05-15 08:00,93.02,93.02,93.02,93.02,1
2026-05-15 09:00,106.84,106.84,106.84,106.84,1
2026-05-15 10:00,98.77,98.77,98.77,98.77,1
2026-05-15 11:00,90.72,90.72,90.72,90.72,1
2026-05-15 12:00,79.23,79.23,79.23,79.23,1
2026-05-15 13:00,90.87,90.87,90.87,90.87,1
2026-05-15 14:00,74.87,74.87,74.87,74.87,1
2026-05-15 15:00,50.91,50.91,50.91,50.91,1
2026-05-15 16:00,38.59,38.59,38.59,38.59,1
2026-05-15 17:00,49.31,49.31,49.31,49.31,1
2026-05-15 18:00,33.72,33.72,33.72,33.72,1
2026-05-15 19:00,31.11,31.11,31.11,31.11,1
2026-05-15 20:00,25.14,25.14,25.14,25.14,1
2026-05-15 21:00,32.26,32.26,32.26,32.26,1
2026-05-15 22:00,57.19,57.19,57.19,57.19,1
2026-05-15 23:00,23.42,23.42,23.42,23.42,1
2026-05-15 00:00,18.68,18.68,18.68,18.68,1
2026-05-15 01:00,28.72,28.72,28.72,28.72,1
2026-05-15 02:00,23.86,23.86,23.86,23.86,1
2026-05-15 03:00,19.3,19.3,19.3,19.3,1
2026-05-15 04:00,15.19,15.19,15.19,15.19,1
2026-05-15 05:00,18.39,18.39,18.39,18.39,1
2026-05-15 06:00,16.04,16.04,16.04,16.04,1
2026-05-15 07:00,13.67,13.67,13.67,13.67,1
2026-05-15 08:00,11.21,11.21,11.21,11.21,1
2026-05-15 09:00,13.02,13.02,13.02,13.02,1
2026-05-15 10:00,28.65,28.65,28.65,28.65,1
2026-05-15 11:00,15.62,15.62,15.62,15.62,1
2026-05-15 12:00,17.35,17.35,17.35,17.35,1
2026-05-15 13:00,10.12,10.12,10.12,10.12,1
2026-05-15 14:00,16.11,16.11,16.11,16.11,1
2026-05-15 15:00,20.89,20.89,20.89,20.89,1
2026-05-15 16:00,27.7,27.7,27.7,27.7,1
2026-05-15 17:00,15.84,15.84,15.84,15.84,1
2026-05-15 18:00,25.47,25.47,25.47,25.47,1
2026-05-15 19:00,34.56,34.56,34.56,34.56,1
2026-05-15 20:00,45.76,45.76,45.76,45.76,1
2026-05-15 21:00,36.97,36.97,36.97,36.97,1
2026-05-15 22:00,57.51,57.51,57.51,57.51,1
2026-05-15 23:00,82.17,82.17,82.17,82.17,1
2026-05-15 00:00,94.28,94.28,94.28,94.28,1
2026-05-15 01:00,81.22,81.22,81.22,81.22,1
2026-05-15 02:00,95.52,95.52,95.52,95.52,1
2026-05-15 03:00,112.51,112.51,112.51,112.51,1
2026-05-15 04:00,121.25,121.25,121.25,121.25,1
2026-05-15 05:00,111.76,111.76,111.76,111.76,1
2026-05-15 06:00,120.52,120.52,120.52,120.52,1
2026-05-15 07:00,128.94,128.94,128.94,128.94,1
2026-05-15 08:00,136.12,136.12,136.12,136.12,1
2026-05-15 09:00,134.17,134.17,134.17,134.17,1
2026-05-15 10:00,138.15,138.15,138.15,138.15,1
2026-05-15 11:00,141.35,141.35,141.35,141.35,1
2026-05-15 12:00,145.97,145.97,145.97,145.97,1
2026-05-15 13:00,146.62,146.62,146.62,146.62,1
2026-05-15 14:00,142.44,142.44,142.44,142.44,1
2026-05-15 15:00,138.71,138.71,138.71,138.71,1
2026-05-15 16:00,138.21,138.21,138.21,138.21,1
2026-05-15 17:00,140.25,140.25,140.25,140.25,1
2026-05-15 18:00,136.41,136.41,136.41,136.41,1
2026-05-15 19:00,135.41,135.41,135.41,135.41,1
2026-05-15 20:00,131.27,131.27,131.27,131.27,1
2026-05-15 21:00,131.76,131.76,131.76,131.76,1
2026-05-15 22:00,127.13,127.13,127.13,127.13,1
2026-05-15 23:00,124.27,124.27,124.27,124.27,1
2026-05-15 00:00,118.81,118.81,118.81,118.81,1
2026-05-16 01:00,133.93,133.93,133.93,133.93,1
2026-05-16 02:00,124.63,124.63,124.63,124.63,1
2026-05-16 03:00,113.55,113.55,113.55,113.55,1
2026-05-16 04:00,110.69,110.69,110.69,110.69,1
2026-05-16 05:00,117.76,117.76,117.76,117.76,1
2026-05-16 06:00,111.97,111.97,111.97,111.97,1
2026-05-16 07:00,113.54,113.54,113.54,113.54,1
2026-05-16 08:00,111.31,111.31,111.31,111.31,1
2026-05-16 09:00,114.03,114.03,114.03,114.03,1
2026-05-16 10:00,110.03,110.03,110.03,110.03,1
2026-05-16 11:00,108.03,108.03,108.03,108.03,1
2026-05-16 12:00,105.88,105.88,105.88,105.88,1
2026-05-16 13:00,107.23,107.23,107.23,107.23,1
2026-05-16 14:00,107.2,107.2,107.2,107.2,1
2026-05-16 15:00,109.19,109.19,109.19,109.19,1
2026-05-16 16:00,109.68,109.68,109.68,109.68,1
2026-05-16 17:00,107.54,107.54,107.54,107.54,1
2026-05-16 18:00,106.73,106.73,106.73,106.73,1
2026-05-16 19:00,105.23,105.23,105.23,105.23,1
2026-05-16 20:00,106.43,106.43,106.43,106.43,1
2026-05-16 21:00,102.7,102.7,102.7,102.7,1
2026-05-16 22:00,103.93,103.93,103.93,103.93,1
2026-05-16 23:00,101.78,101.78,101.78,101.78,1
2026-05-16 23:00,100.09,100.09,100.09,100.09,1
2026-05-16 01:00,103.63,103.63,103.63,103.63,1
2026-05-16 02:00,100.57,100.57,100.57,100.57,1
2026-05-16 03:00,97.03,97.03,97.03,97.03,1
2026-05-16 04:00,93.0,93.0,93.0,93.0,1
2026-05-16 05:00,100.31,100.31,100.31,100.31,1
2026-05-16 06:00,92.5,92.5,92.5,92.5,1
2026-05-16 07:00,81.49,81.49,81.49,81.49,1
2026-05-16 08:00,72.34,72.34,72.34,72.34,1
2026-05-16 09:00,87.11,87.11,87.11,87.11,1
2026-05-16 10:00,73.84,73.84,73.84,73.84,1
2026-05-16 11:00,63.47,63.47,63.47,63.47,1
2026-05-16 12:00,38.52,38.52,38.52,38.52,1
2026-05-16 13:00,56.02,56.02,56.02,56.02,1
2026-05-16 14:00,37.68,37.68,37.68,37.68,1
2026-05-16 15:00,13.41,13.41,13.41,13.41,1
2026-05-16 16:00,6.76,6.76,6.76,6.76,1
2026-05-16 17:00,10.29,10.29,10.29,10.29,1
2026-05-16 18:00,3.75,3.75,3.75,3.75,1
2026-05-16 19:00,0.89,0.89,0.89,0.89,1
2026-05-16 20:00,0.12,0.12,0.12,0.12,1
2026-05-16 21:00,1.27,1.27,1.27,1.27,1
2026-05-16 22:00,0.19,0.19,0.19,0.19,1
2026-05-16 23:00,0.28,0.28,0.28,0.28,1
2026-05-16 00:00,0.32,0.32,0.32,0.32,1
2026-05-16 01:00,0.82,0.82,0.82,0.82,1
2026-05-16 02:00,1.49,1.49,1.49,1.49,1
2026-05-16 03:00,1.28,1.28,1.28,1.28,1
2026-05-16 04:00,-0.22,-0.22,-0.22,-0.22,1
2026-05-16 05:00,-0.43,-0.43,-0.43,-0.43,1
2026-05-16 06:00,-0.83,-0.83,-0.83,-0.83,1
2026-05-16 07:00,-0.85,-0.85,-0.85,-0.85,1
2026-05-16 08:00,-0.81,-0.81,-0.81,-0.81,1
2026-05-16 09:00,-0.77,-0.77,-0.77,-0.77,1
2026-05-16 11:00,-0.34,-0.34,-0.34,-0.34,1
2026-05-16 12:00,2.91,2.91,2.91,2.91,1
2026-05-16 13:00,2.59,2.59,2.59,2.59,1
2026-05-16 14:00,3.95,3.95,3.95,3.95,1
2026-05-16 15:00,8.65,8.65,8.65,8.65,1
2026-05-16 16:00,21.93,21.93,21.93,21.93,1
2026-05-16 17:00,6.74,6.74,6.74,6.74,1
2026-05-16 18:00,18.75,18.75,18.75,18.75,1
2026-05-16 19:00,35.8,35.8,35.8,35.8,1
2026-05-16 20:00,59.64,59.64,59.64,59.64,1
2026-05-16 21:00,37.28,37.28,37.28,37.28,1
2026-05-16 22:00,63.28,63.28,63.28,63.28,1
2026-05-16 23:00,92.95,92.95,92.95,92.95,1
2026-05-16 00:00,110.37,110.37,110.37,110.37,1
2026-05-16 01:00,85.03,85.03,85.03,85.03,1
2026-05-16 02:00,106.13,106.13,106.13,106.13,1
2026-05-16 03:00,125.62,125.62,125.62,125.62,1
2026-05-16 04:00,133.26,133.26,133.26,133.26,1
2026-05-16 05:00,119.36,119.36,119.36,119.36,1
2026-05-16 06:00,129.49,129.49,129.49,129.49,1
2026-05-16 07:00,136.63,136.63,136.63,136.63,1
2026-05-16 08:00,140.83,140.83,140.83,140.83,1
2026-05-16 09:00,138.77,138.77,138.77,138.77,1
2026-05-16 10:00,144.25,144.25,144.25,144.25,1
2026-05-16 11:00,146.24,146.24,146.24,146.24,1
2026-05-16 12:00,146.99,146.99,146.99,146.99,1
2026-05-16 13:00,150.33,150.33,150.33,150.33,1
2026-05-16 14:00,146.48,146.48,146.48,146.48,1
2026-05-16 15:00,143.8,143.8,143.8,143.8,1
2026-05-16 16:00,144.47,144.47,144.47,144.47,1
2026-05-16 17:00,145.53,145.53,145.53,145.53,1
2026-05-16 18:00,141.38,141.38,141.38,141.38,1
2026-05-16 19:00,139.7,139.7,139.7,139.7,1
2026-05-16 20:00,136.91,136.91,136.91,136.91,1
2026-05-16 21:00,135.36,135.36,135.36,135.36,1
2026-05-16 22:00,132.16,132.16,132.16,132.16,1
2026-05-16 23:00,131.93,131.93,131.93,131.93,1
2026-05-16 00:00,122.79,122.79,122.79,122.79,1
2026-05-17 01:00,131.4,131.4,131.4,131.4,1
2026-05-17 02:00,125.97,125.97,125.97,125.97,1
2026-05-17 03:00,119.65,119.65,119.65,119.65,1
2026-05-17 04:00,116.46,116.46,116.46,116.46,1
2026-05-17 05:00,122.85,122.85,122.85,122.85,1
2026-05-17 06:00,117.44,117.44,117.44,117.44,1
2026-05-17 07:00,116.07,116.07,116.07,116.07,1
2026-05-17 08:00,114.47,114.47,114.47,114.47,1
2026-05-17 09:00,116.95,116.95,116.95,116.95,1
2026-05-17 10:00,116.2,116.2,116.2,116.2,1
2026-05-17 11:00,114.44,114.44,114.44,114.44,1
2026-05-17 12:00,113.79,113.79,113.79,113.79,1
2026-05-17 13:00,113.56,113.56,113.56,113.56,1
2026-05-17 14:00,113.57,113.57,113.57,113.57,1
2026-05-17 15:00,114.22,114.22,114.22,114.22,1
2026-05-17 16:00,114.93,114.93,114.93,114.93,1
2026-05-17 17:00,112.83,112.83,112.83,112.83,1
2026-05-17 18:00,113.33,113.33,113.33,113.33,1
2026-05-17 19:00,112.85,112.85,112.85,112.85,1
2026-05-17 20:00,115.23,115.23,115.23,115.23,1
2026-05-17 21:00,111.7,111.7,111.7,111.7,1
2026-05-17 22:00,115.0,115.0,115.0,115.0,1
2026-05-17 23:00,116.65,116.65,116.65,116.65,1
2026-05-17 23:00,119.34,119.34,119.34,119.34,1
2026-05-17 01:00,119.31,119.31,119.31,119.31,1
2026-05-17 02:00,120.77,120.77,120.77,120.77,1
2026-05-17 03:00,119.67,119.67,119.67,119.67,1
2026-05-17 04:00,121.66,121.66,121.66,121.66,1
2026-05-17 05:00,136.29,136.29,136.29,136.29,1
2026-05-17 06:00,123.58,123.58,123.58,123.58,1
2026-05-17 07:00,113.46,113.46,113.46,113.46,1
2026-05-17 08:00,104.96,104.96,104.96,104.96,1
2026-05-17 09:00,135.57,135.57,135.57,135.57,1
2026-05-17 10:00,129.26,129.26,129.26,129.26,1
2026-05-17 11:00,113.01,113.01,113.01,113.01,1
2026-05-17 12:00,82.61,82.61,82.61,82.61,1
2026-05-17 13:00,92.18,92.18,92.18,92.18,1
2026-05-17 14:00,93.53,93.53,93.53,93.53,1
2026-05-17 15:00,72.31,72.31,72.31,72.31,1
2026-05-17 16:00,68.17,68.17,68.17,68.17,1
2026-05-17 17:00,71.53,71.53,71.53,71.53,1
2026-05-17 18:00,73.6,73.6,73.6,73.6,1
2026-05-17 19:00,59.3,59.3,59.3,59.3,1
2026-05-17 20:00,54.86,54.86,54.86,54.86,1
2026-05-17 21:00,55.66,55.66,55.66,55.66,1
2026-05-17 22:00,57.12,57.12,57.12,57.12,1
2026-05-17 23:00,52.73,52.73,52.73,52.73,1
2026-05-17 00:00,49.38,49.38,49.38,49.38,1
2026-05-17 01:00,58.25,58.25,58.25,58.25,1
2026-05-17 02:00,50.23,50.23,50.23,50.23,1
2026-05-17 03:00,48.75,48.75,48.75,48.75,1
2026-05-17 04:00,44.8,44.8,44.8,44.8,1
2026-05-17 05:00,49.28,49.28,49.28,49.28,1
2026-05-17 06:00,89.13,89.13,89.13,89.13,1
2026-05-17 07:00,89.31,89.31,89.31,89.31,1
2026-05-17 08:00,83.2,83.2,83.2,83.2,1
2026-05-17 09:00,84.22,84.22,84.22,84.22,1
2026-05-17 10:00,90.14,90.14,90.14,90.14,1
2026-05-17 11:00,46.24,46.24,46.24,46.24,1
2026-05-17 12:00,50.04,50.04,50.04,50.04,1
2026-05-17 13:00,50.18,50.18,50.18,50.18,1
2026-05-17 14:00,52.31,52.31,52.31,52.31,1
2026-05-17 15:00,66.92,66.92,66.92,66.92,1
2026-05-17 16:00,70.72,70.72,70.72,70.72,1
2026-05-17 17:00,51.85,51.85,51.85,51.85,1
2026-05-17 18:00,66.9,66.9,66.9,66.9,1
2026-05-17 19:00,88.31,88.31,88.31,88.31,1
2026-05-17 20:00,110.15,110.15,110.15,110.15,1
2026-05-17 21:00,86.4,86.4,86.4,86.4,1
2026-05-17 22:00,102.05,102.05,102.05,102.05,1
2026-05-17 23:00,119.33,119.33,119.33,119.33,1
2026-05-17 00:00,136.39,136.39,136.39,136.39,1
2026-05-17 01:00,114.64,114.64,114.64,114.64,1
2026-05-17 02:00,128.48,128.48,128.48,128.48,1
2026-05-17 03:00,138.24,138.24,138.24,138.24,1
2026-05-17 04:00,151.14,151.14,151.14,151.14,1
2026-05-17 05:00,130.28,130.28,130.28,130.28,1
2026-05-17 06:00,144.36,144.36,144.36,144.36,1
2026-05-17 07:00,160.57,160.57,160.57,160.57,1
2026-05-17 08:00,188.74,188.74,188.74,188.74,1
2026-05-17 09:00,168.93,168.93,168.93,168.93,1
2026-05-17 10:00,178.99,178.99,178.99,178.99,1
2026-05-17 11:00,189.89,189.89,189.89,189.89,1
2026-05-17 12:00,184.31,184.31,184.31,184.31,1
2026-05-17 13:00,197.33,197.33,197.33,197.33,1
2026-05-17 14:00,175.75,175.75,175.75,175.75,1
2026-05-17 15:00,162.78,162.78,162.78,162.78,1
2026-05-17 16:00,149.77,149.77,149.77,149.77,1
2026-05-17 17:00,158.76,158.76,158.76,158.76,1
2026-05-17 18:00,149.01,149.01,149.01,149.01,1
2026-05-17 19:00,146.9,146.9,146.9,146.9,1
2026-05-17 20:00,142.11,142.11,142.11,142.11,1
2026-05-17 21:00,145.59,145.59,145.59,145.59,1
2026-05-17 22:00,138.64,138.64,138.64,138.64,1
2026-05-17 23:00,138.43,138.43,138.43,138.43,1
2026-05-17 00:00,129.37,129.37,129.37,129.37,1
2026-05-18 01:00,140.43,140.43,140.43,140.43,1
2026-05-18 02:00,133.12,133.12,133.12,133.12,1
2026-05-18 03:00,127.56,127.56,127.56,127.56,1
2026-05-18 04:00,123.73,123.73,123.73,123.73,1
2026-05-18 05:00,129.17,129.17,129.17,129.17,1
2026-05-18 06:00,122.44,122.44,122.44,122.44,1
2026-05-18 07:00,121.27,121.27,121.27,121.27,1
2026-05-18 08:00,119.2,119.2,119.2,119.2,1
2026-05-18 09:00,121.87,121.87,121.87,121.87,1
2026-05-18 10:00,120.25,120.25,120.25,120.25,1
2026-05-18 11:00,120.66,120.66,120.66,120.66,1
2026-05-18 12:00,120.46,120.46,120.46,120.46,1
2026-05-18 13:00,120.57,120.57,120.57,120.57,1
2026-05-18 14:00,119.2,119.2,119.2,119.2,1
2026-05-18 15:00,119.99,119.99,119.99,119.99,1
2026-05-18 16:00,119.72,119.72,119.72,119.72,1
2026-05-18 17:00,118.05,118.05,118.05,118.05,1
2026-05-18 18:00,118.66,118.66,118.66,118.66,1
2026-05-18 19:00,121.81,121.81,121.81,121.81,1
2026-05-18 20:00,126.0,126.0,126.0,126.0,1
2026-05-18 21:00,120.35,120.35,120.35,120.35,1
2026-05-18 22:00,125.91,125.91,125.91,125.91,1
2026-05-18 23:00,129.17,129.17,129.17,129.17,1
2026-05-18 23:00,135.92,135.92,135.92,135.92,1
2026-05-18 01:00,134.84,134.84,134.84,134.84,1
2026-05-18 02:00,143.76,143.76,143.76,143.76,1
2026-05-18 03:00,145.45,145.45,145.45,145.45,1
2026-05-18 04:00,145.07,145.07,145.07,145.07,1
2026-05-18 05:00,163.37,163.37,163.37,163.37,1
2026-05-18 06:00,149.31,149.31,149.31,149.31,1
2026-05-18 07:00,145.53,145.53,145.53,145.53,1
2026-05-18 08:00,132.97,132.97,132.97,132.97,1
2026-05-18 09:00,164.09,164.09,164.09,164.09,1
2026-05-18 10:00,160.72,160.72,160.72,160.72,1
2026-05-18 11:00,144.47,144.47,144.47,144.47,1
2026-05-18 12:00,124.62,124.62,124.62,124.62,1
2026-05-18 13:00,134.91,134.91,134.91,134.91,1
2026-05-18 14:00,139.06,139.06,139.06,139.06,1
2026-05-18 15:00,116.42,116.42,116.42,116.42,1
2026-05-18 16:00,106.12,106.12,106.12,106.12,1
2026-05-18 17:00,115.62,115.62,115.62,115.62,1
2026-05-18 18:00,116.38,116.38,116.38,116.38,1
2026-05-18 19:00,98.42,98.42,98.42,98.42,1
2026-05-18 20:00,91.91,91.91,91.91,91.91,1
2026-05-18 21:00,94.18,94.18,94.18,94.18,1
2026-05-18 22:00,94.04,94.04,94.04,94.04,1
2026-05-18 23:00,87.69,87.69,87.69,87.69,1
2026-05-18 00:00,81.91,81.91,81.91,81.91,1
2026-05-18 01:00,91.52,91.52,91.52,91.52,1
2026-05-18 02:00,82.32,82.32,82.32,82.32,1
2026-05-18 03:00,77.34,77.34,77.34,77.34,1
2026-05-18 04:00,73.48,73.48,73.48,73.48,1
2026-05-18 05:00,82.16,82.16,82.16,82.16,1
2026-05-18 06:00,77.25,77.25,77.25,77.25,1
2026-05-18 07:00,77.5,77.5,77.5,77.5,1
2026-05-18 08:00,73.71,73.71,73.71,73.71,1
2026-05-18 09:00,68.05,68.05,68.05,68.05,1
2026-05-18 10:00,74.66,74.66,74.66,74.66,1
2026-05-18 11:00,77.58,77.58,77.58,77.58,1
2026-05-18 12:00,80.03,80.03,80.03,80.03,1
2026-05-18 13:00,79.72,79.72,79.72,79.72,1
2026-05-18 14:00,83.35,83.35,83.35,83.35,1
2026-05-18 15:00,98.01,98.01,98.01,98.01,1
2026-05-18 16:00,91.49,91.49,91.49,91.49,1
2026-05-18 17:00,80.44,80.44,80.44,80.44,1
2026-05-18 18:00,87.08,87.08,87.08,87.08,1
2026-05-18 19:00,94.48,94.48,94.48,94.48,1
2026-05-18 20:00,104.14,104.14,104.14,104.14,1
2026-05-18 21:00,97.03,97.03,97.03,97.03,1
2026-05-18 22:00,105.43,105.43,105.43,105.43,1
2026-05-18 23:00,119.66,119.66,119.66,119.66,1
2026-05-18 00:00,131.18,131.18,131.18,131.18,1
2026-05-18 01:00,117.44,117.44,117.44,117.44,1
2026-05-18 02:00,126.47,126.47,126.47,126.47,1
2026-05-18 03:00,134.93,134.93,134.93,134.93,1
2026-05-18 04:00,143.72,143.72,143.72,143.72,1
2026-05-18 05:00,122.59,122.59,122.59,122.59,1
2026-05-18 06:00,137.88,137.88,137.88,137.88,1
2026-05-18 07:00,159.07,159.07,159.07,159.07,1
2026-05-18 08:00,203.22,203.22,203.22,203.22,1
2026-05-18 09:00,172.84,172.84,172.84,172.84,1
2026-05-18 10:00,182.33,182.33,182.33,182.33,1
2026-05-18 11:00,192.99,192.99,192.99,192.99,1
2026-05-18 12:00,187.35,187.35,187.35,187.35,1
2026-05-18 13:00,197.13,197.13,197.13,197.13,1
2026-05-18 14:00,169.54,169.54,169.54,169.54,1
2026-05-18 15:00,155.77,155.77,155.77,155.77,1
2026-05-18 16:00,138.88,138.88,138.88,138.88,1
2026-05-18 17:00,154.84,154.84,154.84,154.84,1
2026-05-18 18:00,141.06,141.06,141.06,141.06,1
2026-05-18 19:00,138.88,138.88,138.88,138.88,1
2026-05-18 20:00,131.69,131.69,131.69,131.69,1
2026-05-18 21:00,139.31,139.31,139.31,139.31,1
2026-05-18 22:00,127.96,127.96,127.96,127.96,1
2026-05-18 23:00,128.67,128.67,128.67,128.67,1
2026-05-18 00:00,119.42,119.42,119.42,119.42,1
2026-05-19 01:00,136.79,136.79,136.79,136.79,1
2026-05-19 02:00,126.34,126.34,126.34,126.34,1
2026-05-19 03:00,117.36,117.36,117.36,117.36,1
2026-05-19 04:00,109.78,109.78,109.78,109.78,1
2026-05-19 05:00,123.47,123.47,123.47,123.47,1
2026-05-19 06:00,116.07,116.07,116.07,116.07,1
2026-05-19 07:00,112.37,112.37,112.37,112.37,1
2026-05-19 08:00,107.69,107.69,107.69,107.69,1
2026-05-19 09:00,113.27,113.27,113.27,113.27,1
2026-05-19 10:00,107.53,107.53,107.53,107.53,1
2026-05-19 11:00,105.71,105.71,105.71,105.71,1
2026-05-19 12:00,104.24,104.24,104.24,104.24,1
2026-05-19 13:00,106.39,106.39,106.39,106.39,1
2026-05-19 14:00,105.07,105.07,105.07,105.07,1
2026-05-19 15:00,102.69,102.69,102.69,102.69,1
2026-05-19 16:00,101.09,101.09,101.09,101.09,1
2026-05-19 17:00,101.56,101.56,101.56,101.56,1
2026-05-19 18:00,99.31,99.31,99.31,99.31,1
2026-05-19 19:00,102.33,102.33,102.33,102.33,1
2026-05-19 20:00,107.33,107.33,107.33,107.33,1
2026-05-19 21:00,102.85,102.85,102.85,102.85,1
2026-05-19 22:00,108.45,108.45,108.45,108.45,1
2026-05-19 23:00,112.75,112.75,112.75,112.75,1
2026-05-19 23:00,120.32,120.32,120.32,120.32,1
2026-05-19 01:00,117.69,117.69,117.69,117.69,1
2026-05-19 02:00,131.12,131.12,131.12,131.12,1
2026-05-19 03:00,130.86,130.86,130.86,130.86,1
2026-05-19 04:00,125.06,125.06,125.06,125.06,1
2026-05-19 05:00,140.09,140.09,140.09,140.09,1
2026-05-19 06:00,133.05,133.05,133.05,133.05,1
2026-05-19 07:00,125.81,125.81,125.81,125.81,1
2026-05-19 08:00,115.41,115.41,115.41,115.41,1
2026-05-19 09:00,136.59,136.59,136.59,136.59,1
2026-05-19 10:00,125.63,125.63,125.63,125.63,1
2026-05-19 11:00,113.31,113.31,113.31,113.31,1
2026-05-19 12:00,100.45,100.45,100.45,100.45,1
2026-05-19 13:00,115.26,115.26,115.26,115.26,1
2026-05-19 14:00,104.73,104.73,104.73,104.73,1
2026-05-19 15:00,91.91,91.91,91.91,91.91,1
2026-05-19 16:00,77.6,77.6,77.6,77.6,1
2026-05-19 17:00,85.11,85.11,85.11,85.11,1
2026-05-19 18:00,78.48,78.48,78.48,78.48,1
2026-05-19 19:00,72.51,72.51,72.51,72.51,1
2026-05-19 20:00,66.68,66.68,66.68,66.68,1
2026-05-19 21:00,71.15,71.15,71.15,71.15,1
2026-05-19 22:00,63.78,63.78,63.78,63.78,1
2026-05-19 23:00,62.15,62.15,62.15,62.15,1
2026-05-19 00:00,55.38,55.38,55.38,55.38,1
2026-05-19 01:00,63.73,63.73,63.73,63.73,1
2026-05-19 02:00,57.05,57.05,57.05,57.05,1
2026-05-19 03:00,51.19,51.19,51.19,51.19,1
2026-05-19 04:00,45.71,45.71,45.71,45.71,1
2026-05-19 05:00,54.17,54.17,54.17,54.17,1
2026-05-19 06:00,50.13,50.13,50.13,50.13,1
2026-05-19 07:00,47.81,47.81,47.81,47.81,1
2026-05-19 08:00,42.45,42.45,42.45,42.45,1
2026-05-19 09:00,35.76,35.76,35.76,35.76,1
2026-05-19 10:00,40.38,40.38,40.38,40.38,1
2026-05-19 11:00,44.28,44.28,44.28,44.28,1
2026-05-19 12:00,47.83,47.83,47.83,47.83,1
2026-05-19 13:00,43.77,43.77,43.77,43.77,1
2026-05-19 14:00,49.1,49.1,49.1,49.1,1
2026-05-19 15:00,57.52,57.52,57.52,57.52,1
2026-05-19 16:00,65.6,65.6,65.6,65.6,1
2026-05-19 17:00,41.83,41.83,41.83,41.83,1
2026-05-19 18:00,60.44,60.44,60.44,60.44,1
2026-05-19 19:00,72.25,72.25,72.25,72.25,1
2026-05-19 20:00,80.54,80.54,80.54,80.54,1
2026-05-19 21:00,71.57,71.57,71.57,71.57,1
2026-05-19 22:00,83.46,83.46,83.46,83.46,1
2026-05-19 23:00,94.84,94.84,94.84,94.84,1
2026-05-19 00:00,103.32,103.32,103.32,103.32,1
2026-05-19 01:00,95.03,95.03,95.03,95.03,1
2026-05-19 02:00,106.44,106.44,106.44,106.44,1
2026-05-19 03:00,121.31,121.31,121.31,121.31,1
2026-05-19 04:00,129.62,129.62,129.62,129.62,1
2026-05-19 05:00,111.72,111.72,111.72,111.72,1
2026-05-19 06:00,127.0,127.0,127.0,127.0,1
2026-05-19 07:00,138.82,138.82,138.82,138.82,1
2026-05-19 08:00,166.05,166.05,166.05,166.05,1
2026-05-19 09:00,140.79,140.79,140.79,140.79,1
2026-05-19 10:00,155.6,155.6,155.6,155.6,1
2026-05-19 11:00,161.37,161.37,161.37,161.37,1
2026-05-19 12:00,164.94,164.94,164.94,164.94,1
2026-05-19 13:00,165.87,165.87,165.87,165.87,1
2026-05-19 14:00,152.44,152.44,152.44,152.44,1
2026-05-19 15:00,145.86,145.86,145.86,145.86,1
2026-05-19 16:00,134.53,134.53,134.53,134.53,1
2026-05-19 17:00,154.84,154.84,154.84,154.84,1
2026-05-19 18:00,139.99,139.99,139.99,139.99,1
2026-05-19 19:00,136.23,136.23,136.23,136.23,1
2026-05-19 20:00,127.92,127.92,127.92,127.92,1
2026-05-19 21:00,135.21,135.21,135.21,135.21,1
2026-05-19 22:00,126.89,126.89,126.89,126.89,1
2026-05-19 23:00,125.7,125.7,125.7,125.7,1
2026-05-19 00:00,118.28,118.28,118.28,118.28,1
