date,hour,price_eur_mwh
2026-04-21,1,86.65
2026-04-21,1,90.64
2026-04-21,2,88.38
2026-04-21,2,89.03
2026-04-21,3,83.2
2026-04-21,3,93.99
2026-04-21,4,78.46
2026-04-21,4,90.66
2026-04-21,5,95.38
2026-04-21,5,92.8
2026-04-21,6,90.2
2026-04-21,6,93.3
2026-04-21,7,100.0
2026-04-21,7,89.23
2026-04-21,8,91.84
2026-04-21,8,90.91
2026-04-21,9,89.62
2026-04-21,9,100.0
2026-04-21,10,90.0
2026-04-21,11,91.77
2026-04-21,11,94.75
2026-04-21,12,90.82
2026-04-21,12,84.0
2026-04-21,13,91.26
2026-04-21,13,88.7
2026-04-21,14,90.0
2026-04-21,14,88.65
2026-04-21,15,92.45
2026-04-21,15,98.4
2026-04-21,16,109.54
2026-04-21,16,98.49
2026-04-21,17,90.0
2026-04-21,17,88.42
2026-04-21,18,98.77
2026-04-21,18,82.73
2026-04-21,19,93.26
2026-04-21,19,83.19
2026-04-21,20,100.0
2026-04-21,20,88.21
2026-04-21,21,78.19
2026-04-21,21,81.32
2026-04-21,22,80.79
2026-04-21,22,88.9
2026-04-21,23,85.75
2026-04-21,23,94.92
2026-04-21,24,90.62
2026-04-21,24,106.77
2026-04-21,25,94.83
2026-04-21,25,101.24
2026-04-21,26,106.0
2026-04-21,26,108.45
2026-04-21,27,108.68
2026-04-21,27,128.83
2026-04-21,28,119.75
2026-04-21,28,115.77
2026-04-21,29,141.0
2026-04-21,29,172.0
2026-04-21,30,135.78
2026-04-21,30,158.32
2026-04-21,31,128.53
2026-04-21,31,139.03
2026-04-21,32,123.51
2026-04-21,32,121.69
2026-04-21,33,150.03
2026-04-21,33,138.52
2026-04-21,34,133.22
2026-04-21,34,149.72
2026-04-21,35,124.56
2026-04-21,35,127.14
2026-04-21,36,103.69
2026-04-21,36,79.82
2026-04-21,37,145.0
2026-04-21,37,154.89
2026-04-21,38,120.43
2026-04-21,38,109.04
2026-04-21,39,92.06
2026-04-21,39,80.93
2026-04-21,40,46.97
2026-04-21,40,55.15
2026-04-21,41,76.09
2026-04-21,41,48.53
2026-04-21,42,62.1
2026-04-21,42,13.73
2026-04-21,43,41.96
2026-04-21,43,0.72
2026-04-21,44,13.91
2026-04-21,44,-0.87
2026-04-21,45,33.16
2026-04-21,45,0.0
2026-04-21,46,19.47
2026-04-21,46,-0.47
2026-04-21,47,9.98
2026-04-21,47,-0.55
2026-04-21,48,2.45
2026-04-21,48,-3.03
2026-04-21,49,9.33
2026-04-21,49,-1.42
2026-04-21,50,2.77
2026-04-21,50,-3.87
2026-04-21,51,1.33
2026-04-21,51,-5.94
2026-04-21,52,0.95
2026-04-21,52,-10.6
2026-04-21,53,-0.01
2026-04-21,53,-11.65
2026-04-21,54,-0.05
2026-04-21,54,-16.94
2026-04-21,55,-0.11
2026-04-21,55,-23.16
2026-04-21,56,-23.76
2026-04-21,57,-0.1
2026-04-21,57,-26.32
2026-04-21,58,-20.63
2026-04-21,59,-0.11
2026-04-21,59,-14.0
2026-04-21,60,-9.64
2026-04-21,61,-9.01
2026-04-21,62,-4.46
2026-04-21,63,0.77
2026-04-21,63,-1.83
2026-04-21,64,-1.08
2026-04-21,65,1.15
2026-04-21,65,-1.21
2026-04-21,66,2.09
2026-04-21,66,-0.86
2026-04-21,67,7.26
2026-04-21,67,0.88
2026-04-21,68,33.83
2026-04-21,68,3.75
2026-04-21,69,20.75
2026-04-21,69,4.16
2026-04-21,70,45.76
2026-04-21,70,22.6
2026-04-21,71,64.28
2026-04-21,71,61.66
2026-04-21,72,77.58
2026-04-21,72,84.57
2026-04-21,73,61.69
2026-04-21,73,56.17
2026-04-21,74,71.82
2026-04-21,74,72.37
2026-04-21,75,110.0
2026-04-21,75,91.23
2026-04-21,76,132.18
2026-04-21,76,104.52
2026-04-21,77,89.16
2026-04-21,77,91.27
2026-04-21,78,113.16
2026-04-21,78,122.11
2026-04-21,79,116.0
2026-04-21,79,110.12
2026-04-21,80,130.0
2026-04-21,80,136.49
2026-04-21,81,125.54
2026-04-21,81,112.87
2026-04-21,82,119.05
2026-04-21,82,113.85
2026-04-21,83,117.46
2026-04-21,83,116.86
2026-04-21,84,117.17
2026-04-21,84,137.97
2026-04-21,85,120.0
2026-04-21,85,122.74
2026-04-21,86,105.86
2026-04-21,87,115.93
2026-04-21,87,101.86
2026-04-21,88,122.72
2026-04-21,88,109.55
2026-04-21,89,116.0
2026-04-21,89,104.79
2026-04-21,90,116.83
2026-04-21,91,118.07
2026-04-21,92,115.32
2026-04-21,93,96.41
2026-04-21,93,94.27
2026-04-21,94,100.0
2026-04-21,94,88.12
2026-04-21,95,90.66
2026-04-21,95,89.37
2026-04-21,96,92.92
2026-04-21,96,87.91
2026-04-22,1,90.64
2026-04-22,1,106.76
2026-04-22,2,89.03
2026-04-22,2,99.83
2026-04-22,3,93.99
2026-04-22,3,90.22
2026-04-22,4,90.66
2026-04-22,4,80.38
2026-04-22,5,92.8
2026-04-22,5,91.9
2026-04-22,6,93.3
2026-04-22,6,89.43
2026-04-22,7,89.23
2026-04-22,7,87.24
2026-04-22,8,90.91
2026-04-22,8,79.76
2026-04-22,9,100.0
2026-04-22,9,83.74
2026-04-22,10,90.0
2026-04-22,10,88.68
2026-04-22,11,94.75
2026-04-22,11,87.21
2026-04-22,12,84.0
2026-04-22,12,80.99
2026-04-22,13,88.7
2026-04-22,13,84.74
2026-04-22,14,88.65
2026-04-22,14,85.46
2026-04-22,15,98.4
2026-04-22,15,82.27
2026-04-22,16,98.49
2026-04-22,16,83.2
2026-04-22,17,88.42
2026-04-22,17,81.34
2026-04-22,18,82.73
2026-04-22,18,84.1
2026-04-22,19,83.19
2026-04-22,19,84.52
2026-04-22,20,88.21
2026-04-22,20,89.51
2026-04-22,21,81.32
2026-04-22,21,81.41
2026-04-22,22,88.9
2026-04-22,22,87.31
2026-04-22,23,94.92
2026-04-22,23,91.52
2026-04-22,24,106.77
2026-04-22,24,106.44
2026-04-22,25,101.24
2026-04-22,25,103.68
2026-04-22,26,108.45
2026-04-22,26,112.86
2026-04-22,27,128.83
2026-04-22,27,113.41
2026-04-22,28,115.77
2026-04-22,28,119.33
2026-04-22,29,172.0
2026-04-22,29,123.08
2026-04-22,30,158.32
2026-04-22,30,126.4
2026-04-22,31,139.03
2026-04-22,31,124.22
2026-04-22,32,121.69
2026-04-22,32,107.12
2026-04-22,33,138.52
2026-04-22,33,139.49
2026-04-22,34,149.72
2026-04-22,34,150.0
2026-04-22,35,127.14
2026-04-22,35,145.75
2026-04-22,36,79.82
2026-04-22,36,98.76
2026-04-22,37,154.89
2026-04-22,37,160.0
2026-04-22,38,109.04
2026-04-22,38,116.14
2026-04-22,39,80.93
2026-04-22,39,76.31
2026-04-22,40,55.15
2026-04-22,40,7.9
2026-04-22,41,48.53
2026-04-22,41,25.16
2026-04-22,42,13.73
2026-04-22,42,3.18
2026-04-22,43,0.72
2026-04-22,43,0.17
2026-04-22,44,-0.87
2026-04-22,44,-0.12
2026-04-22,45,0.0
2026-04-22,45,0.37
2026-04-22,46,-0.47
2026-04-22,46,-0.21
2026-04-22,47,-0.55
2026-04-22,47,-4.55
2026-04-22,48,-3.03
2026-04-22,48,-9.44
2026-04-22,49,-1.42
2026-04-22,49,-11.89
2026-04-22,50,-3.87
2026-04-22,50,-23.19
2026-04-22,51,-5.94
2026-04-22,51,-31.62
2026-04-22,52,-10.6
2026-04-22,52,-45.59
2026-04-22,53,-11.65
2026-04-22,53,-39.68
2026-04-22,54,-16.94
2026-04-22,54,-49.35
2026-04-22,55,-23.16
2026-04-22,55,-51.25
2026-04-22,56,-23.76
2026-04-22,56,-56.58
2026-04-22,57,-26.32
2026-04-22,57,-55.88
2026-04-22,58,-20.63
2026-04-22,58,-50.62
2026-04-22,59,-14.0
2026-04-22,59,-47.89
2026-04-22,60,-9.64
2026-04-22,60,-39.08
2026-04-22,61,-9.01
2026-04-22,61,-38.33
2026-04-22,62,-4.46
2026-04-22,62,-27.67
2026-04-22,63,-1.83
2026-04-22,63,-14.69
2026-04-22,64,-1.08
2026-04-22,64,-8.91
2026-04-22,65,-1.21
2026-04-22,65,-6.37
2026-04-22,66,-0.86
2026-04-22,66,-0.89
2026-04-22,67,0.88
2026-04-22,67,-0.1
2026-04-22,68,3.75
2026-04-22,68,0.0
2026-04-22,69,4.16
2026-04-22,70,22.6
2026-04-22,70,0.15
2026-04-22,71,61.66
2026-04-22,71,6.78
2026-04-22,72,84.57
2026-04-22,72,62.77
2026-04-22,73,56.17
2026-04-22,73,37.7
2026-04-22,74,72.37
2026-04-22,74,66.91
2026-04-22,75,91.23
2026-04-22,75,89.96
2026-04-22,76,104.52
2026-04-22,76,113.7
2026-04-22,77,91.27
2026-04-22,77,83.55
2026-04-22,78,122.11
2026-04-22,78,100.82
2026-04-22,79,110.12
2026-04-22,79,110.8
2026-04-22,80,136.49
2026-04-22,80,127.54
2026-04-22,81,112.87
2026-04-22,81,118.43
2026-04-22,82,113.85
2026-04-22,82,120.0
2026-04-22,83,116.86
2026-04-22,83,114.12
2026-04-22,84,137.97
2026-04-22,84,105.32
2026-04-22,85,122.74
2026-04-22,85,123.34
2026-04-22,86,105.86
2026-04-22,86,118.25
2026-04-22,87,101.86
2026-04-22,87,108.89
2026-04-22,88,109.55
2026-04-22,88,93.9
2026-04-22,89,104.79
2026-04-22,89,123.33
2026-04-22,90,116.83
2026-04-22,90,107.36
2026-04-22,91,118.07
2026-04-22,91,102.35
2026-04-22,92,115.32
2026-04-22,92,91.74
2026-04-22,93,94.27
2026-04-22,93,112.84
2026-04-22,94,88.12
2026-04-22,94,94.11
2026-04-22,95,89.37
2026-04-22,95,92.31
2026-04-22,96,87.91
2026-04-22,96,80.27
2026-04-23,1,106.76
2026-04-23,1,91.55
2026-04-23,2,99.83
2026-04-23,2,91.92
2026-04-23,3,90.22
2026-04-23,3,81.85
2026-04-23,4,80.38
2026-04-23,4,94.76
2026-04-23,5,91.9
2026-04-23,5,92.24
2026-04-23,6,89.43
2026-04-23,6,93.1
2026-04-23,7,87.24
2026-04-23,7,95.0
2026-04-23,8,79.76
2026-04-23,8,95.02
2026-04-23,9,83.74
2026-04-23,9,94.27
2026-04-23,10,88.68
2026-04-23,10,95.95
2026-04-23,11,87.21
2026-04-23,11,96.15
2026-04-23,12,80.99
2026-04-23,12,95.95
2026-04-23,13,84.74
2026-04-23,13,96.07
2026-04-23,14,85.46
2026-04-23,14,96.56
2026-04-23,15,82.27
2026-04-23,15,97.36
2026-04-23,16,83.2
2026-04-23,16,98.32
2026-04-23,17,81.34
2026-04-23,17,96.88
2026-04-23,18,84.1
2026-04-23,18,90.0
2026-04-23,19,84.52
2026-04-23,19,95.0
2026-04-23,20,89.51
2026-04-23,20,96.87
2026-04-23,21,81.41
2026-04-23,21,98.88
2026-04-23,22,87.31
2026-04-23,22,102.68
2026-04-23,23,91.52
2026-04-23,23,101.53
2026-04-23,24,106.44
2026-04-23,24,102.6
2026-04-23,25,103.68
2026-04-23,25,105.49
2026-04-23,26,112.86
2026-04-23,26,127.98
2026-04-23,27,113.41
2026-04-23,27,123.28
2026-04-23,28,119.33
2026-04-23,28,130.06
2026-04-23,29,123.08
2026-04-23,29,158.0
2026-04-23,30,126.4
2026-04-23,30,150.1
2026-04-23,31,124.22
2026-04-23,31,132.7
2026-04-23,32,107.12
2026-04-23,32,122.93
2026-04-23,33,139.49
2026-04-23,33,198.26
2026-04-23,34,150.0
2026-04-23,34,146.63
2026-04-23,35,145.75
2026-04-23,35,130.07
2026-04-23,36,98.76
2026-04-23,36,97.13
2026-04-23,37,160.0
2026-04-23,37,186.97
2026-04-23,38,116.14
2026-04-23,38,116.46
2026-04-23,39,76.31
2026-04-23,39,102.7
2026-04-23,40,7.9
2026-04-23,40,73.87
2026-04-23,41,25.16
2026-04-23,41,89.11
2026-04-23,42,3.18
2026-04-23,42,24.74
2026-04-23,43,0.17
2026-04-23,43,1.23
2026-04-23,44,-0.12
2026-04-23,44,0.0
2026-04-23,45,0.37
2026-04-23,45,0.09
2026-04-23,46,-0.21
2026-04-23,46,0.0
2026-04-23,47,-4.55
2026-04-23,47,-0.03
2026-04-23,48,-9.44
2026-04-23,48,-0.2
2026-04-23,49,-11.89
2026-04-23,49,-1.5
2026-04-23,50,-23.19
2026-04-23,50,-4.51
2026-04-23,51,-31.62
2026-04-23,51,-7.05
2026-04-23,52,-45.59
2026-04-23,52,-14.57
2026-04-23,53,-39.68
2026-04-23,53,-15.0
2026-04-23,54,-49.35
2026-04-23,54,-20.04
2026-04-23,55,-51.25
2026-04-23,55,-29.92
2026-04-23,56,-56.58
2026-04-23,56,-39.37
2026-04-23,57,-55.88
2026-04-23,57,-32.58
2026-04-23,58,-50.62
2026-04-23,58,-31.16
2026-04-23,59,-47.89
2026-04-23,59,-29.88
2026-04-23,60,-39.08
2026-04-23,60,-25.96
2026-04-23,61,-38.33
2026-04-23,61,-26.59
2026-04-23,62,-27.67
2026-04-23,62,-19.68
2026-04-23,63,-14.69
2026-04-23,63,-12.81
2026-04-23,64,-8.91
2026-04-23,64,-7.0
2026-04-23,65,-6.37
2026-04-23,65,-5.33
2026-04-23,66,-0.89
2026-04-23,66,-0.99
2026-04-23,67,-0.1
2026-04-23,67,-0.02
2026-04-23,68,0.0
2026-04-23,68,0.01
2026-04-23,69,-0.01
2026-04-23,70,0.15
2026-04-23,70,12.72
2026-04-23,71,6.78
2026-04-23,71,61.51
2026-04-23,72,62.77
2026-04-23,72,87.76
2026-04-23,73,37.7
2026-04-23,73,51.57
2026-04-23,74,66.91
2026-04-23,74,90.36
2026-04-23,75,89.96
2026-04-23,75,113.25
2026-04-23,76,113.7
2026-04-23,76,140.1
2026-04-23,77,83.55
2026-04-23,77,105.26
2026-04-23,78,100.82
2026-04-23,78,121.11
2026-04-23,79,110.8
2026-04-23,79,131.81
2026-04-23,80,127.54
2026-04-23,80,182.62
2026-04-23,81,118.43
2026-04-23,81,139.67
2026-04-23,82,120.0
2026-04-23,82,154.35
2026-04-23,83,114.12
2026-04-23,83,174.96
2026-04-23,84,105.32
2026-04-23,84,174.21
2026-04-23,85,123.34
2026-04-23,85,225.64
2026-04-23,86,118.25
2026-04-23,86,155.18
2026-04-23,87,108.89
2026-04-23,87,136.48
2026-04-23,88,93.9
2026-04-23,88,127.9
2026-04-23,89,123.33
2026-04-23,89,147.15
2026-04-23,90,107.36
2026-04-23,90,138.12
2026-04-23,91,102.35
2026-04-23,91,130.9
2026-04-23,92,91.74
2026-04-23,92,123.6
2026-04-23,93,112.84
2026-04-23,93,132.02
2026-04-23,94,94.11
2026-04-23,94,125.99
2026-04-23,95,92.31
2026-04-23,95,120.0
2026-04-23,96,80.27
2026-04-23,96,109.34
2026-04-24,1,91.55
2026-04-24,1,110.91
2026-04-24,2,91.92
2026-04-24,2,105.16
2026-04-24,3,81.85
2026-04-24,3,98.61
2026-04-24,4,94.76
2026-04-24,4,96.48
2026-04-24,5,92.24
2026-04-24,5,103.66
2026-04-24,6,93.1
2026-04-24,6,98.3
2026-04-24,7,95.0
2026-04-24,7,98.02
2026-04-24,8,95.02
2026-04-24,8,94.54
2026-04-24,9,94.27
2026-04-24,9,102.02
2026-04-24,10,95.95
2026-04-24,10,100.7
2026-04-24,11,96.15
2026-04-24,11,98.3
2026-04-24,12,95.95
2026-04-24,12,104.6
2026-04-24,13,96.07
2026-04-24,13,112.31
2026-04-24,14,96.56
2026-04-24,14,110.0
2026-04-24,15,97.36
2026-04-24,15,107.91
2026-04-24,16,98.32
2026-04-24,16,102.49
2026-04-24,17,96.88
2026-04-24,17,88.52
2026-04-24,18,90.0
2026-04-24,18,89.09
2026-04-24,19,95.0
2026-04-24,19,88.98
2026-04-24,20,96.87
2026-04-24,20,88.49
2026-04-24,21,98.88
2026-04-24,21,86.01
2026-04-24,22,102.68
2026-04-24,22,87.02
2026-04-24,23,101.53
2026-04-24,23,89.19
2026-04-24,24,102.6
2026-04-24,24,90.72
2026-04-24,25,105.49
2026-04-24,25,89.05
2026-04-24,26,127.98
2026-04-24,26,92.64
2026-04-24,27,123.28
2026-04-24,27,90.65
2026-04-24,28,130.06
2026-04-24,28,90.97
2026-04-24,29,158.0
2026-04-24,29,111.47
2026-04-24,30,150.1
2026-04-24,30,91.11
2026-04-24,31,132.7
2026-04-24,31,68.37
2026-04-24,32,122.93
2026-04-24,32,66.73
2026-04-24,33,198.26
2026-04-24,33,213.69
2026-04-24,34,146.63
2026-04-24,34,85.45
2026-04-24,35,130.07
2026-04-24,35,50.65
2026-04-24,36,97.13
2026-04-24,36,4.89
2026-04-24,37,186.97
2026-04-24,37,64.56
2026-04-24,38,116.46
2026-04-24,38,15.41
2026-04-24,39,102.7
2026-04-24,39,0.04
2026-04-24,40,73.87
2026-04-24,40,-0.25
2026-04-24,41,89.11
2026-04-24,41,0.01
2026-04-24,42,24.74
2026-04-24,42,-1.34
2026-04-24,43,1.23
2026-04-24,43,-4.93
2026-04-24,44,0.0
2026-04-24,44,-14.49
2026-04-24,45,0.09
2026-04-24,45,-15.03
2026-04-24,46,0.0
2026-04-24,46,-30.0
2026-04-24,47,-0.03
2026-04-24,47,-51.37
2026-04-24,48,-0.2
2026-04-24,48,-71.93
2026-04-24,49,-1.5
2026-04-24,49,-70.13
2026-04-24,50,-4.51
2026-04-24,50,-89.64
2026-04-24,51,-7.05
2026-04-24,51,-109.48
2026-04-24,52,-14.57
2026-04-24,52,-131.21
2026-04-24,53,-15.0
2026-04-24,53,-129.46
2026-04-24,54,-20.04
2026-04-24,54,-182.57
2026-04-24,55,-29.92
2026-04-24,55,-189.43
2026-04-24,56,-39.37
2026-04-24,56,-200.83
2026-04-24,57,-32.58
2026-04-24,57,-194.76
2026-04-24,58,-31.16
2026-04-24,58,-192.47
2026-04-24,59,-29.88
2026-04-24,59,-189.87
2026-04-24,60,-25.96
2026-04-24,60,-182.18
2026-04-24,61,-26.59
2026-04-24,61,-166.51
2026-04-24,62,-19.68
2026-04-24,62,-153.37
2026-04-24,63,-12.81
2026-04-24,63,-119.93
2026-04-24,64,-7.0
2026-04-24,64,-93.47
2026-04-24,65,-5.33
2026-04-24,65,-93.38
2026-04-24,66,-0.99
2026-04-24,66,-66.64
2026-04-24,67,-0.02
2026-04-24,67,-38.41
2026-04-24,68,0.01
2026-04-24,68,-15.75
2026-04-24,69,-0.01
2026-04-24,69,-11.75
2026-04-24,70,12.72
2026-04-24,70,-3.03
2026-04-24,71,61.51
2026-04-24,71,-0.56
2026-04-24,72,87.76
2026-04-24,72,1.95
2026-04-24,73,51.57
2026-04-24,73,0.02
2026-04-24,74,90.36
2026-04-24,74,16.68
2026-04-24,75,113.25
2026-04-24,75,57.15
2026-04-24,76,140.1
2026-04-24,76,115.63
2026-04-24,77,105.26
2026-04-24,77,55.84
2026-04-24,78,121.11
2026-04-24,78,86.39
2026-04-24,79,131.81
2026-04-24,79,90.57
2026-04-24,80,182.62
2026-04-24,80,128.65
2026-04-24,81,139.67
2026-04-24,81,79.91
2026-04-24,82,154.35
2026-04-24,82,92.11
2026-04-24,83,174.96
2026-04-24,83,108.14
2026-04-24,84,174.21
2026-04-24,84,119.62
2026-04-24,85,225.64
2026-04-24,85,125.0
2026-04-24,86,155.18
2026-04-24,86,105.66
2026-04-24,87,136.48
2026-04-24,87,97.38
2026-04-24,88,127.9
2026-04-24,88,74.62
2026-04-24,89,147.15
2026-04-24,89,115.79
2026-04-24,90,138.12
2026-04-24,90,97.14
2026-04-24,91,130.9
2026-04-24,91,100.59
2026-04-24,92,123.6
2026-04-24,92,80.99
2026-04-24,93,132.02
2026-04-24,93,111.32
2026-04-24,94,125.99
2026-04-24,94,98.3
2026-04-24,95,120.0
2026-04-24,95,88.84
2026-04-24,96,109.34
2026-04-24,96,78.07
2026-04-25,1,110.91
2026-04-25,1,85.3
2026-04-25,2,105.16
2026-04-25,2,83.9
2026-04-25,3,98.61
2026-04-25,3,86.43
2026-04-25,4,96.48
2026-04-25,4,85.14
2026-04-25,5,103.66
2026-04-25,5,79.66
2026-04-25,6,98.3
2026-04-25,6,80.14
2026-04-25,7,98.02
2026-04-25,7,84.65
2026-04-25,8,94.54
2026-04-25,8,82.36
2026-04-25,9,102.02
2026-04-25,9,100.0
2026-04-25,10,100.7
2026-04-25,10,105.35
2026-04-25,11,98.3
2026-04-25,11,110.0
2026-04-25,12,104.6
2026-04-25,12,117.48
2026-04-25,13,112.31
2026-04-25,13,120.0
2026-04-25,14,110.0
2026-04-25,15,107.91
2026-04-25,15,125.0
2026-04-25,16,102.49
2026-04-25,16,149.19
2026-04-25,17,88.52
2026-04-25,17,123.4
2026-04-25,18,89.09
2026-04-25,18,125.0
2026-04-25,19,88.98
2026-04-25,19,148.34
2026-04-25,20,88.49
2026-04-25,20,153.3
2026-04-25,21,86.01
2026-04-25,21,120.78
2026-04-25,22,87.02
2026-04-25,22,120.0
2026-04-25,23,89.19
2026-04-25,23,123.42
2026-04-25,24,90.72
2026-04-25,24,123.43
2026-04-25,25,89.05
2026-04-25,25,135.73
2026-04-25,26,92.64
2026-04-25,26,136.6
2026-04-25,27,90.65
2026-04-25,27,135.97
2026-04-25,28,90.97
2026-04-25,28,125.62
2026-04-25,29,111.47
2026-04-25,29,180.98
2026-04-25,30,91.11
2026-04-25,30,216.3
2026-04-25,31,68.37
2026-04-25,31,193.23
2026-04-25,32,66.73
2026-04-25,32,162.46
2026-04-25,33,213.69
2026-04-25,33,149.69
2026-04-25,34,85.45
2026-04-25,34,125.26
2026-04-25,35,50.65
2026-04-25,35,77.29
2026-04-25,36,4.89
2026-04-25,36,16.15
2026-04-25,37,64.56
2026-04-25,37,5.36
2026-04-25,38,15.41
2026-04-25,38,0.26
2026-04-25,39,0.04
2026-04-25,39,-0.27
2026-04-25,40,-0.25
2026-04-25,40,-2.59
2026-04-25,41,0.01
2026-04-25,41,-5.01
2026-04-25,42,-1.34
2026-04-25,42,-19.64
2026-04-25,43,-4.93
2026-04-25,43,-38.0
2026-04-25,44,-14.49
2026-04-25,44,-50.09
2026-04-25,45,-15.03
2026-04-25,45,-72.0
2026-04-25,46,-30.0
2026-04-25,46,-86.84
2026-04-25,47,-51.37
2026-04-25,47,-136.7
2026-04-25,48,-71.93
2026-04-25,48,-212.69
2026-04-25,49,-70.13
2026-04-25,49,-213.24
2026-04-25,50,-89.64
2026-04-25,50,-247.41
2026-04-25,51,-109.48
2026-04-25,51,-255.81
2026-04-25,52,-131.21
2026-04-25,52,-321.92
2026-04-25,53,-129.46
2026-04-25,53,-359.82
2026-04-25,54,-182.57
2026-04-25,54,-375.53
2026-04-25,55,-189.43
2026-04-25,55,-450.63
2026-04-25,56,-200.83
2026-04-25,56,-466.49
2026-04-25,57,-194.76
2026-04-25,57,-479.27
2026-04-25,58,-192.47
2026-04-25,58,-450.44
2026-04-25,59,-189.87
2026-04-25,59,-392.25
2026-04-25,60,-182.18
2026-04-25,60,-328.6
2026-04-25,61,-166.51
2026-04-25,61,-320.11
2026-04-25,62,-153.37
2026-04-25,62,-275.86
2026-04-25,63,-119.93
2026-04-25,63,-225.24
2026-04-25,64,-93.47
2026-04-25,64,-119.64
2026-04-25,65,-93.38
2026-04-25,65,-88.73
2026-04-25,66,-66.64
2026-04-25,66,-44.99
2026-04-25,67,-38.41
2026-04-25,67,-12.0
2026-04-25,68,-15.75
2026-04-25,68,-3.01
2026-04-25,69,-11.75
2026-04-25,69,-2.1
2026-04-25,70,-3.03
2026-04-25,70,-0.13
2026-04-25,71,-0.56
2026-04-25,71,0.39
2026-04-25,72,1.95
2026-04-25,72,46.88
2026-04-25,73,0.02
2026-04-25,73,42.67
2026-04-25,74,16.68
2026-04-25,74,100.91
2026-04-25,75,57.15
2026-04-25,75,144.24
2026-04-25,76,115.63
2026-04-25,76,164.52
2026-04-25,77,55.84
2026-04-25,77,116.97
2026-04-25,78,86.39
2026-04-25,78,134.48
2026-04-25,79,90.57
2026-04-25,79,166.93
2026-04-25,80,128.65
2026-04-25,80,191.46
2026-04-25,81,79.91
2026-04-25,81,154.19
2026-04-25,82,92.11
2026-04-25,82,163.76
2026-04-25,83,108.14
2026-04-25,83,169.19
2026-04-25,84,119.62
2026-04-25,84,154.83
2026-04-25,85,125.0
2026-04-25,85,151.34
2026-04-25,86,105.66
2026-04-25,86,143.67
2026-04-25,87,97.38
2026-04-25,87,138.0
2026-04-25,88,74.62
2026-04-25,88,136.16
2026-04-25,89,115.79
2026-04-25,89,135.1
2026-04-25,90,97.14
2026-04-25,90,128.39
2026-04-25,91,100.59
2026-04-25,91,122.62
2026-04-25,92,80.99
2026-04-25,92,118.64
2026-04-25,93,111.32
2026-04-25,93,119.82
2026-04-25,94,98.3
2026-04-25,94,121.45
2026-04-25,95,88.84
2026-04-25,95,115.73
2026-04-25,96,78.07
2026-04-25,96,112.7
2026-04-26,1,85.3
2026-04-26,1,116.02
2026-04-26,2,83.9
2026-04-26,2,106.31
2026-04-26,3,86.43
2026-04-26,3,100.0
2026-04-26,4,85.14
2026-04-26,4,95.0
2026-04-26,5,79.66
2026-04-26,5,99.2
2026-04-26,6,80.14
2026-04-26,6,98.06
2026-04-26,7,84.65
2026-04-26,7,100.09
2026-04-26,8,82.36
2026-04-26,8,98.5
2026-04-26,9,100.0
2026-04-26,9,101.35
2026-04-26,10,105.35
2026-04-26,10,98.72
2026-04-26,11,110.0
2026-04-26,11,99.65
2026-04-26,12,117.48
2026-04-26,12,100.29
2026-04-26,13,120.0
2026-04-26,13,97.84
2026-04-26,14,95.0
2026-04-26,15,125.0
2026-04-26,15,99.2
2026-04-26,16,149.19
2026-04-26,16,99.4
2026-04-26,17,123.4
2026-04-26,17,101.09
2026-04-26,18,125.0
2026-04-26,18,102.49
2026-04-26,19,148.34
2026-04-26,19,105.0
2026-04-26,20,153.3
2026-04-26,20,100.61
2026-04-26,21,120.78
2026-04-26,21,105.38
2026-04-26,22,120.0
2026-04-26,22,102.5
2026-04-26,23,123.42
2026-04-26,23,116.35
2026-04-26,24,123.43
2026-04-26,24,118.72
2026-04-26,25,135.73
2026-04-26,25,136.58
2026-04-26,26,136.6
2026-04-26,26,150.75
2026-04-26,27,135.97
2026-04-26,27,154.29
2026-04-26,28,125.62
2026-04-26,28,158.45
2026-04-26,29,180.98
2026-04-26,29,172.35
2026-04-26,30,216.3
2026-04-26,30,161.43
2026-04-26,31,193.23
2026-04-26,31,135.63
2026-04-26,32,162.46
2026-04-26,32,112.46
2026-04-26,33,149.69
2026-04-26,33,237.75
2026-04-26,34,125.26
2026-04-26,34,158.04
2026-04-26,35,77.29
2026-04-26,35,124.63
2026-04-26,36,16.15
2026-04-26,36,136.85
2026-04-26,37,5.36
2026-04-26,37,167.87
2026-04-26,38,0.26
2026-04-26,38,140.0
2026-04-26,39,-0.27
2026-04-26,39,144.33
2026-04-26,40,-2.59
2026-04-26,40,105.0
2026-04-26,41,-5.01
2026-04-26,41,155.19
2026-04-26,42,-19.64
2026-04-26,42,119.81
2026-04-26,43,-38.0
2026-04-26,43,90.85
2026-04-26,44,-50.09
2026-04-26,44,40.4
2026-04-26,45,-72.0
2026-04-26,45,40.31
2026-04-26,46,-86.84
2026-04-26,46,0.01
2026-04-26,47,-136.7
2026-04-26,47,0.0
2026-04-26,48,-212.69
2026-04-26,48,-0.02
2026-04-26,49,-213.24
2026-04-26,49,-0.01
2026-04-26,50,-247.41
2026-04-26,50,-0.05
2026-04-26,51,-255.81
2026-04-26,51,-0.1
2026-04-26,52,-321.92
2026-04-26,52,-0.23
2026-04-26,53,-359.82
2026-04-26,53,-0.5
2026-04-26,54,-375.53
2026-04-26,54,-0.82
2026-04-26,55,-450.63
2026-04-26,55,-1.0
2026-04-26,56,-466.49
2026-04-26,57,-479.27
2026-04-26,57,-0.5
2026-04-26,58,-450.44
2026-04-26,58,-0.1
2026-04-26,59,-392.25
2026-04-26,59,-0.05
2026-04-26,60,-328.6
2026-04-26,60,0.0
2026-04-26,61,-320.11
2026-04-26,61,-0.01
2026-04-26,62,-275.86
2026-04-26,62,0.0
2026-04-26,63,-225.24
2026-04-26,64,-119.64
2026-04-26,64,11.83
2026-04-26,65,-88.73
2026-04-26,65,13.58
2026-04-26,66,-44.99
2026-04-26,66,39.18
2026-04-26,67,-12.0
2026-04-26,67,64.78
2026-04-26,68,-3.01
2026-04-26,68,83.2
2026-04-26,69,-2.1
2026-04-26,69,59.61
2026-04-26,70,-0.13
2026-04-26,70,92.24
2026-04-26,71,0.39
2026-04-26,71,108.98
2026-04-26,72,46.88
2026-04-26,72,117.25
2026-04-26,73,42.67
2026-04-26,73,95.57
2026-04-26,74,100.91
2026-04-26,74,110.08
2026-04-26,75,144.24
2026-04-26,75,126.7
2026-04-26,76,164.52
2026-04-26,76,133.36
2026-04-26,77,116.97
2026-04-26,77,112.97
2026-04-26,78,134.48
2026-04-26,78,130.09
2026-04-26,79,166.93
2026-04-26,79,162.66
2026-04-26,80,191.46
2026-04-26,80,227.73
2026-04-26,81,154.19
2026-04-26,81,207.57
2026-04-26,82,163.76
2026-04-26,82,200.59
2026-04-26,83,169.19
2026-04-26,83,180.0
2026-04-26,84,154.83
2026-04-26,84,151.74
2026-04-26,85,151.34
2026-04-26,85,193.06
2026-04-26,86,143.67
2026-04-26,86,145.0
2026-04-26,87,138.0
2026-04-26,87,124.64
2026-04-26,88,136.16
2026-04-26,88,109.92
2026-04-26,89,135.1
2026-04-26,89,129.47
2026-04-26,90,128.39
2026-04-26,90,119.17
2026-04-26,91,122.62
2026-04-26,91,118.01
2026-04-26,92,118.64
2026-04-26,92,104.62
2026-04-26,93,119.82
2026-04-26,93,106.69
2026-04-26,94,121.45
2026-04-26,94,97.61
2026-04-26,95,115.73
2026-04-26,95,101.29
2026-04-26,96,112.7
2026-04-26,96,90.84
2026-04-27,1,116.02
2026-04-27,1,112.63
2026-04-27,2,106.31
2026-04-27,2,107.06
2026-04-27,3,100.0
2026-04-27,3,94.81
2026-04-27,4,95.0
2026-04-27,4,90.12
2026-04-27,5,99.2
2026-04-27,5,100.41
2026-04-27,6,98.06
2026-04-27,6,95.48
2026-04-27,7,100.09
2026-04-27,7,95.19
2026-04-27,8,98.5
2026-04-27,8,88.57
2026-04-27,9,101.35
2026-04-27,9,90.2
2026-04-27,10,98.72
2026-04-27,10,85.64
2026-04-27,11,99.65
2026-04-27,11,87.0
2026-04-27,12,100.29
2026-04-27,12,85.69
2026-04-27,13,97.84
2026-04-27,13,86.04
2026-04-27,14,95.0
2026-04-27,14,84.67
2026-04-27,15,99.2
2026-04-27,15,86.59
2026-04-27,16,99.4
2026-04-27,16,84.53
2026-04-27,17,101.09
2026-04-27,17,85.0
2026-04-27,18,102.49
2026-04-27,18,84.65
2026-04-27,19,105.0
2026-04-27,19,84.11
2026-04-27,20,100.61
2026-04-27,20,87.09
2026-04-27,21,105.38
2026-04-27,21,82.44
2026-04-27,22,102.5
2026-04-27,22,87.46
2026-04-27,23,116.35
2026-04-27,23,93.7
2026-04-27,24,118.72
2026-04-27,24,97.71
2026-04-27,25,136.58
2026-04-27,25,102.56
2026-04-27,26,150.75
2026-04-27,26,102.71
2026-04-27,27,154.29
2026-04-27,27,102.52
2026-04-27,28,158.45
2026-04-27,28,101.23
2026-04-27,29,172.35
2026-04-27,29,118.82
2026-04-27,30,161.43
2026-04-27,30,112.23
2026-04-27,31,135.63
2026-04-27,31,105.14
2026-04-27,32,112.46
2026-04-27,32,99.38
2026-04-27,33,237.75
2026-04-27,33,123.08
2026-04-27,34,158.04
2026-04-27,34,112.92
2026-04-27,35,124.63
2026-04-27,35,106.62
2026-04-27,36,136.85
2026-04-27,36,85.0
2026-04-27,37,167.87
2026-04-27,37,109.05
2026-04-27,38,140.0
2026-04-27,38,92.57
2026-04-27,39,144.33
2026-04-27,39,62.84
2026-04-27,40,105.0
2026-04-27,40,33.35
2026-04-27,41,155.19
2026-04-27,41,60.2
2026-04-27,42,119.81
2026-04-27,42,23.75
2026-04-27,43,90.85
2026-04-27,43,3.32
2026-04-27,44,40.4
2026-04-27,44,-1.71
2026-04-27,45,40.31
2026-04-27,45,0.08
2026-04-27,46,0.01
2026-04-27,46,-0.34
2026-04-27,47,0.0
2026-04-27,47,-0.59
2026-04-27,48,-0.02
2026-04-27,48,-1.48
2026-04-27,49,-0.01
2026-04-27,49,0.51
2026-04-27,50,-0.05
2026-04-27,50,0.86
2026-04-27,51,-0.1
2026-04-27,51,1.43
2026-04-27,52,-0.23
2026-04-27,52,-1.72
2026-04-27,53,-0.5
2026-04-27,53,-13.44
2026-04-27,54,-0.82
2026-04-27,54,-17.31
2026-04-27,55,-1.0
2026-04-27,55,-29.18
2026-04-27,56,-34.36
2026-04-27,57,-0.5
2026-04-27,57,-10.2
2026-04-27,58,-0.1
2026-04-27,58,-12.12
2026-04-27,59,-0.05
2026-04-27,59,-10.0
2026-04-27,60,0.0
2026-04-27,60,-5.1
2026-04-27,61,-0.01
2026-04-27,61,-1.87
2026-04-27,62,0.0
2026-04-27,62,-4.78
2026-04-27,63,-13.48
2026-04-27,64,11.83
2026-04-27,64,-7.19
2026-04-27,65,13.58
2026-04-27,65,-11.48
2026-04-27,66,39.18
2026-04-27,66,-3.26
2026-04-27,67,64.78
2026-04-27,67,-0.11
2026-04-27,68,83.2
2026-04-27,68,-0.01
2026-04-27,69,59.61
2026-04-27,69,-0.05
2026-04-27,70,92.24
2026-04-27,70,5.81
2026-04-27,71,108.98
2026-04-27,71,34.47
2026-04-27,72,117.25
2026-04-27,72,62.16
2026-04-27,73,95.57
2026-04-27,73,50.8
2026-04-27,74,110.08
2026-04-27,74,72.01
2026-04-27,75,126.7
2026-04-27,75,82.76
2026-04-27,76,133.36
2026-04-27,76,99.1
2026-04-27,77,112.97
2026-04-27,77,90.0
2026-04-27,78,130.09
2026-04-27,78,98.16
2026-04-27,79,162.66
2026-04-27,79,102.64
2026-04-27,80,227.73
2026-04-27,80,110.76
2026-04-27,81,207.57
2026-04-27,81,108.37
2026-04-27,82,200.59
2026-04-27,82,101.37
2026-04-27,83,180.0
2026-04-27,83,95.73
2026-04-27,84,151.74
2026-04-27,84,92.25
2026-04-27,85,193.06
2026-04-27,85,103.05
2026-04-27,86,145.0
2026-04-27,86,95.99
2026-04-27,87,124.64
2026-04-27,87,86.84
2026-04-27,88,109.92
2026-04-27,88,81.99
2026-04-27,89,129.47
2026-04-27,89,94.25
2026-04-27,90,119.17
2026-04-27,90,84.75
2026-04-27,91,118.01
2026-04-27,91,91.26
2026-04-27,92,104.62
2026-04-27,92,82.71
2026-04-27,93,106.69
2026-04-27,93,85.56
2026-04-27,94,97.61
2026-04-27,94,77.33
2026-04-27,95,101.29
2026-04-27,95,75.99
2026-04-27,96,90.84
2026-04-27,96,73.72
2026-04-28,1,112.63
2026-04-28,1,92.65
2026-04-28,2,107.06
2026-04-28,2,78.92
2026-04-28,3,94.81
2026-04-28,3,78.53
2026-04-28,4,90.12
2026-04-28,4,72.47
2026-04-28,5,100.41
2026-04-28,5,77.68
2026-04-28,6,95.48
2026-04-28,6,78.03
2026-04-28,7,95.19
2026-04-28,7,80.0
2026-04-28,8,88.57
2026-04-28,8,77.33
2026-04-28,9,90.2
2026-04-28,9,75.61
2026-04-28,10,85.64
2026-04-28,10,76.4
2026-04-28,11,87.0
2026-04-28,11,74.67
2026-04-28,12,85.69
2026-04-28,12,74.05
2026-04-28,13,86.04
2026-04-28,13,73.84
2026-04-28,14,84.67
2026-04-28,14,74.17
2026-04-28,15,86.59
2026-04-28,15,74.65
2026-04-28,16,84.53
2026-04-28,16,75.46
2026-04-28,17,85.0
2026-04-28,17,74.84
2026-04-28,18,84.65
2026-04-28,18,75.65
2026-04-28,19,84.11
2026-04-28,19,76.41
2026-04-28,20,87.09
2026-04-28,20,78.39
2026-04-28,21,82.44
2026-04-28,21,76.25
2026-04-28,22,87.46
2026-04-28,22,78.69
2026-04-28,23,93.7
2026-04-28,23,84.17
2026-04-28,24,97.71
2026-04-28,24,88.88
2026-04-28,25,102.56
2026-04-28,25,74.93
2026-04-28,26,102.71
2026-04-28,26,78.35
2026-04-28,27,102.52
2026-04-28,27,95.2
2026-04-28,28,101.23
2026-04-28,28,100.4
2026-04-28,29,118.82
2026-04-28,29,109.02
2026-04-28,30,112.23
2026-04-28,30,107.19
2026-04-28,31,105.14
2026-04-28,31,96.67
2026-04-28,32,99.38
2026-04-28,32,86.79
2026-04-28,33,123.08
2026-04-28,33,109.28
2026-04-28,34,112.92
2026-04-28,34,98.75
2026-04-28,35,106.62
2026-04-28,35,79.53
2026-04-28,36,85.0
2026-04-28,36,66.52
2026-04-28,37,109.05
2026-04-28,37,88.23
2026-04-28,38,92.57
2026-04-28,38,72.14
2026-04-28,39,62.84
2026-04-28,39,37.83
2026-04-28,40,33.35
2026-04-28,40,0.44
2026-04-28,41,60.2
2026-04-28,41,10.8
2026-04-28,42,23.75
2026-04-28,42,1.12
2026-04-28,43,3.32
2026-04-28,43,-0.66
2026-04-28,44,-1.71
2026-04-28,44,-7.44
2026-04-28,45,0.08
2026-04-28,45,-4.17
2026-04-28,46,-0.34
2026-04-28,46,-3.98
2026-04-28,47,-0.59
2026-04-28,47,-8.14
2026-04-28,48,-1.48
2026-04-28,48,-16.58
2026-04-28,49,0.51
2026-04-28,49,-16.97
2026-04-28,50,0.86
2026-04-28,50,-26.79
2026-04-28,51,1.43
2026-04-28,51,-32.17
2026-04-28,52,-1.72
2026-04-28,52,-44.2
2026-04-28,53,-13.44
2026-04-28,53,-45.24
2026-04-28,54,-17.31
2026-04-28,54,-52.51
2026-04-28,55,-29.18
2026-04-28,55,-58.26
2026-04-28,56,-34.36
2026-04-28,56,-64.16
2026-04-28,57,-10.2
2026-04-28,57,-58.06
2026-04-28,58,-12.12
2026-04-28,58,-52.79
2026-04-28,59,-10.0
2026-04-28,59,-47.7
2026-04-28,60,-5.1
2026-04-28,60,-44.21
2026-04-28,61,-1.87
2026-04-28,61,-45.69
2026-04-28,62,-4.78
2026-04-28,62,-35.69
2026-04-28,63,-13.48
2026-04-28,63,-29.33
2026-04-28,64,-7.19
2026-04-28,64,-18.89
2026-04-28,65,-11.48
2026-04-28,65,-24.92
2026-04-28,66,-3.26
2026-04-28,66,-11.3
2026-04-28,67,-0.11
2026-04-28,67,-4.08
2026-04-28,68,-0.01
2026-04-28,68,-0.11
2026-04-28,69,-0.05
2026-04-28,69,-2.92
2026-04-28,70,5.81
2026-04-28,70,0.56
2026-04-28,71,34.47
2026-04-28,71,8.32
2026-04-28,72,62.16
2026-04-28,72,59.03
2026-04-28,73,50.8
2026-04-28,73,32.9
2026-04-28,74,72.01
2026-04-28,74,65.23
2026-04-28,75,82.76
2026-04-28,75,84.2
2026-04-28,76,99.1
2026-04-28,76,100.4
2026-04-28,77,90.0
2026-04-28,77,95.36
2026-04-28,78,98.16
2026-04-28,78,94.31
2026-04-28,79,102.64
2026-04-28,79,110.98
2026-04-28,80,110.76
2026-04-28,80,147.52
2026-04-28,81,108.37
2026-04-28,81,138.01
2026-04-28,82,101.37
2026-04-28,82,121.65
2026-04-28,83,95.73
2026-04-28,83,140.69
2026-04-28,84,92.25
2026-04-28,84,135.82
2026-04-28,85,103.05
2026-04-28,85,127.24
2026-04-28,86,95.99
2026-04-28,86,125.74
2026-04-28,87,86.84
2026-04-28,87,115.01
2026-04-28,88,81.99
2026-04-28,88,106.41
2026-04-28,89,94.25
2026-04-28,89,100.4
2026-04-28,90,84.75
2026-04-28,91,91.26
2026-04-28,91,97.24
2026-04-28,92,82.71
2026-04-28,92,88.33
2026-04-28,93,85.56
2026-04-28,93,89.13
2026-04-28,94,77.33
2026-04-28,94,85.11
2026-04-28,95,75.99
2026-04-28,95,86.26
2026-04-28,96,73.72
2026-04-28,96,80.74
2026-04-29,1,92.65
2026-04-29,1,85.32
2026-04-29,2,78.92
2026-04-29,2,82.26
2026-04-29,3,78.53
2026-04-29,3,79.55
2026-04-29,4,72.47
2026-04-29,4,75.36
2026-04-29,5,77.68
2026-04-29,5,80.39
2026-04-29,6,78.03
2026-04-29,6,77.59
2026-04-29,7,80.0
2026-04-29,7,78.3
2026-04-29,8,77.33
2026-04-29,8,79.51
2026-04-29,9,75.61
2026-04-29,9,75.2
2026-04-29,10,76.4
2026-04-29,10,76.86
2026-04-29,11,74.67
2026-04-29,11,79.19
2026-04-29,12,74.05
2026-04-29,12,78.26
2026-04-29,13,73.84
2026-04-29,13,74.82
2026-04-29,14,74.17
2026-04-29,14,74.01
2026-04-29,15,74.65
2026-04-29,15,74.21
2026-04-29,16,75.46
2026-04-29,16,75.39
2026-04-29,17,74.84
2026-04-29,17,73.91
2026-04-29,18,75.65
2026-04-29,18,76.26
2026-04-29,19,76.41
2026-04-29,19,81.56
2026-04-29,20,78.39
2026-04-29,20,84.33
2026-04-29,21,76.25
2026-04-29,21,83.38
2026-04-29,22,78.69
2026-04-29,22,85.2
2026-04-29,23,84.17
2026-04-29,23,87.46
2026-04-29,24,88.88
2026-04-29,24,92.09
2026-04-29,25,74.93
2026-04-29,25,81.6
2026-04-29,26,78.35
2026-04-29,26,99.22
2026-04-29,27,95.2
2026-04-29,27,100.18
2026-04-29,28,100.4
2026-04-29,28,84.78
2026-04-29,29,109.02
2026-04-29,29,125.52
2026-04-29,30,107.19
2026-04-29,30,104.96
2026-04-29,31,96.67
2026-04-29,31,91.93
2026-04-29,32,86.79
2026-04-29,32,72.52
2026-04-29,33,109.28
2026-04-29,33,100.58
2026-04-29,34,98.75
2026-04-29,34,88.07
2026-04-29,35,79.53
2026-04-29,35,70.61
2026-04-29,36,66.52
2026-04-29,36,37.97
2026-04-29,37,88.23
2026-04-29,37,80.31
2026-04-29,38,72.14
2026-04-29,38,50.3
2026-04-29,39,37.83
2026-04-29,39,14.66
2026-04-29,40,0.44
2026-04-29,40,0.01
2026-04-29,41,10.8
2026-04-29,41,1.94
2026-04-29,42,1.12
2026-04-29,42,0.0
2026-04-29,43,-0.66
2026-04-29,43,-0.08
2026-04-29,44,-7.44
2026-04-29,44,-1.87
2026-04-29,45,-4.17
2026-04-29,45,-0.25
2026-04-29,46,-3.98
2026-04-29,46,-0.92
2026-04-29,47,-8.14
2026-04-29,47,-3.38
2026-04-29,48,-16.58
2026-04-29,48,-8.48
2026-04-29,49,-16.97
2026-04-29,49,-5.51
2026-04-29,50,-26.79
2026-04-29,50,-12.5
2026-04-29,51,-32.17
2026-04-29,51,-14.72
2026-04-29,52,-44.2
2026-04-29,52,-21.63
2026-04-29,53,-45.24
2026-04-29,53,-25.39
2026-04-29,54,-52.51
2026-04-29,54,-29.28
2026-04-29,55,-58.26
2026-04-29,55,-33.81
2026-04-29,56,-64.16
2026-04-29,56,-36.52
2026-04-29,57,-58.06
2026-04-29,57,-34.34
2026-04-29,58,-52.79
2026-04-29,58,-28.3
2026-04-29,59,-47.7
2026-04-29,59,-26.69
2026-04-29,60,-44.21
2026-04-29,60,-19.99
2026-04-29,61,-45.69
2026-04-29,61,-19.58
2026-04-29,62,-35.69
2026-04-29,62,-14.11
2026-04-29,63,-29.33
2026-04-29,63,-8.87
2026-04-29,64,-18.89
2026-04-29,64,-2.68
2026-04-29,65,-24.92
2026-04-29,65,-5.51
2026-04-29,66,-11.3
2026-04-29,66,-1.27
2026-04-29,67,-4.08
2026-04-29,67,-0.57
2026-04-29,68,-0.11
2026-04-29,68,0.52
2026-04-29,69,-2.92
2026-04-29,69,-1.11
2026-04-29,70,0.56
2026-04-29,70,0.33
2026-04-29,71,8.32
2026-04-29,71,13.7
2026-04-29,72,59.03
2026-04-29,72,55.73
2026-04-29,73,32.9
2026-04-29,73,27.49
2026-04-29,74,65.23
2026-04-29,74,72.82
2026-04-29,75,84.2
2026-04-29,75,90.97
2026-04-29,76,100.4
2026-04-29,76,114.33
2026-04-29,77,95.36
2026-04-29,77,96.48
2026-04-29,78,94.31
2026-04-29,78,103.13
2026-04-29,79,110.98
2026-04-29,79,121.23
2026-04-29,80,147.52
2026-04-29,80,176.3
2026-04-29,81,138.01
2026-04-29,81,117.0
2026-04-29,82,121.65
2026-04-29,82,143.57
2026-04-29,83,140.69
2026-04-29,83,157.03
2026-04-29,84,135.82
2026-04-29,84,154.68
2026-04-29,85,127.24
2026-04-29,85,140.23
2026-04-29,86,125.74
2026-04-29,86,125.22
2026-04-29,87,115.01
2026-04-29,87,103.99
2026-04-29,88,106.41
2026-04-29,88,96.75
2026-04-29,89,100.4
2026-04-29,89,120.27
2026-04-29,90,107.52
2026-04-29,91,97.24
2026-04-29,91,109.23
2026-04-29,92,88.33
2026-04-29,92,102.56
2026-04-29,93,89.13
2026-04-29,93,108.52
2026-04-29,94,85.11
2026-04-29,94,102.08
2026-04-29,95,86.26
2026-04-29,95,102.23
2026-04-29,96,80.74
2026-04-29,96,93.62
2026-04-30,1,85.32
2026-04-30,1,109.27
2026-04-30,2,82.26
2026-04-30,2,92.62
2026-04-30,3,79.55
2026-04-30,3,90.0
2026-04-30,4,75.36
2026-04-30,4,83.57
2026-04-30,5,80.39
2026-04-30,5,93.59
2026-04-30,6,77.59
2026-04-30,6,88.35
2026-04-30,7,78.3
2026-04-30,7,90.97
2026-04-30,8,79.51
2026-04-30,8,85.28
2026-04-30,9,75.2
2026-04-30,9,90.04
2026-04-30,10,76.86
2026-04-30,10,85.9
2026-04-30,11,79.19
2026-04-30,11,83.66
2026-04-30,12,78.26
2026-04-30,12,82.6
2026-04-30,13,74.82
2026-04-30,13,80.83
2026-04-30,14,74.01
2026-04-30,14,82.26
2026-04-30,15,74.21
2026-04-30,15,84.61
2026-04-30,16,75.39
2026-04-30,16,85.0
2026-04-30,17,73.91
2026-04-30,17,81.71
2026-04-30,18,76.26
2026-04-30,18,81.69
2026-04-30,19,81.56
2026-04-30,19,79.48
2026-04-30,20,84.33
2026-04-30,20,82.56
2026-04-30,21,83.38
2026-04-30,21,82.02
2026-04-30,22,85.2
2026-04-30,22,86.91
2026-04-30,23,87.46
2026-04-30,23,90.71
2026-04-30,24,92.09
2026-04-30,24,80.6
2026-04-30,25,81.6
2026-04-30,25,107.86
2026-04-30,26,99.22
2026-04-30,26,106.2
2026-04-30,27,100.18
2026-04-30,27,105.0
2026-04-30,28,84.78
2026-04-30,28,83.53
2026-04-30,29,125.52
2026-04-30,29,115.23
2026-04-30,30,104.96
2026-04-30,30,88.79
2026-04-30,31,91.93
2026-04-30,31,64.68
2026-04-30,32,72.52
2026-04-30,32,31.57
2026-04-30,33,100.58
2026-04-30,33,88.16
2026-04-30,34,88.07
2026-04-30,34,32.68
2026-04-30,35,70.61
2026-04-30,35,7.66
2026-04-30,36,37.97
2026-04-30,36,0.03
2026-04-30,37,80.31
2026-04-30,37,1.16
2026-04-30,38,50.3
2026-04-30,38,0.0
2026-04-30,39,14.66
2026-04-30,39,-0.01
2026-04-30,40,0.01
2026-04-30,40,-1.25
2026-04-30,41,1.94
2026-04-30,41,-1.37
2026-04-30,42,0.0
2026-04-30,42,-7.95
2026-04-30,43,-0.08
2026-04-30,43,-24.84
2026-04-30,44,-1.87
2026-04-30,44,-50.03
2026-04-30,45,-0.25
2026-04-30,45,-69.49
2026-04-30,46,-0.92
2026-04-30,46,-89.93
2026-04-30,47,-3.38
2026-04-30,47,-119.13
2026-04-30,48,-8.48
2026-04-30,48,-152.9
2026-04-30,49,-5.51
2026-04-30,49,-158.82
2026-04-30,50,-12.5
2026-04-30,50,-280.13
2026-04-30,51,-14.72
2026-04-30,51,-337.65
2026-04-30,52,-21.63
2026-04-30,52,-491.92
2026-04-30,53,-25.39
2026-04-30,53,-494.81
2026-04-30,54,-29.28
2026-04-30,54,-498.76
2026-04-30,55,-33.81
2026-04-30,55,-499.29
2026-04-30,56,-36.52
2026-04-30,56,-498.76
2026-04-30,57,-34.34
2026-04-30,57,-498.88
2026-04-30,58,-28.3
2026-04-30,59,-26.69
2026-04-30,59,-496.72
2026-04-30,60,-19.99
2026-04-30,60,-397.46
2026-04-30,61,-19.58
2026-04-30,62,-14.11
2026-04-30,62,-214.28
2026-04-30,63,-8.87
2026-04-30,63,-129.12
2026-04-30,64,-2.68
2026-04-30,64,-77.41
2026-04-30,65,-5.51
2026-04-30,65,-63.47
2026-04-30,66,-1.27
2026-04-30,66,-29.74
2026-04-30,67,-0.57
2026-04-30,67,-9.83
2026-04-30,68,0.52
2026-04-30,68,-1.18
2026-04-30,69,-1.11
2026-04-30,69,-1.54
2026-04-30,70,0.33
2026-04-30,70,-0.13
2026-04-30,71,13.7
2026-04-30,71,0.45
2026-04-30,72,55.73
2026-04-30,72,18.61
2026-04-30,73,27.49
2026-04-30,73,5.05
2026-04-30,74,72.82
2026-04-30,74,71.68
2026-04-30,75,90.97
2026-04-30,75,100.0
2026-04-30,76,114.33
2026-04-30,76,162.54
2026-04-30,77,96.48
2026-04-30,77,107.38
2026-04-30,78,103.13
2026-04-30,78,124.85
2026-04-30,79,121.23
2026-04-30,79,154.81
2026-04-30,80,176.3
2026-04-30,80,235.89
2026-04-30,81,117.0
2026-04-30,81,181.51
2026-04-30,82,143.57
2026-04-30,82,180.8
2026-04-30,83,157.03
2026-04-30,83,180.88
2026-04-30,84,154.68
2026-04-30,84,151.83
2026-04-30,85,140.23
2026-04-30,85,209.3
2026-04-30,86,125.22
2026-04-30,86,135.11
2026-04-30,87,103.99
2026-04-30,87,116.48
2026-04-30,88,96.75
2026-04-30,88,109.56
2026-04-30,89,120.27
2026-04-30,89,132.98
2026-04-30,90,107.52
2026-04-30,90,120.0
2026-04-30,91,109.23
2026-04-30,91,112.25
2026-04-30,92,102.56
2026-04-30,92,108.4
2026-04-30,93,108.52
2026-04-30,93,122.07
2026-04-30,94,102.08
2026-04-30,94,112.64
2026-04-30,95,102.23
2026-04-30,95,107.4
2026-04-30,96,93.62
2026-04-30,96,99.2
2026-05-01,1,109.27
2026-05-01,1,133.69
2026-05-01,2,92.62
2026-05-01,2,120.0
2026-05-01,3,90.0
2026-05-01,3,104.63
2026-05-01,4,83.57
2026-05-01,4,104.98
2026-05-01,5,93.59
2026-05-01,5,116.31
2026-05-01,6,88.35
2026-05-01,6,104.4
2026-05-01,7,90.97
2026-05-01,7,100.78
2026-05-01,8,85.28
2026-05-01,8,96.8
2026-05-01,9,90.04
2026-05-01,9,104.96
2026-05-01,10,85.9
2026-05-01,10,103.47
2026-05-01,11,83.66
2026-05-01,11,99.47
2026-05-01,12,82.6
2026-05-01,12,95.72
2026-05-01,13,80.83
2026-05-01,13,96.0
2026-05-01,14,82.26
2026-05-01,14,91.94
2026-05-01,15,84.61
2026-05-01,15,91.34
2026-05-01,16,85.0
2026-05-01,16,90.0
2026-05-01,17,81.71
2026-05-01,17,90.78
2026-05-01,18,81.69
2026-05-01,18,93.55
2026-05-01,19,79.48
2026-05-01,19,93.81
2026-05-01,20,82.56
2026-05-01,20,93.9
2026-05-01,21,82.02
2026-05-01,21,90.88
2026-05-01,22,86.91
2026-05-01,22,90.93
2026-05-01,23,90.71
2026-05-01,23,93.79
2026-05-01,24,80.6
2026-05-01,24,94.27
2026-05-01,25,107.86
2026-05-01,25,95.97
2026-05-01,26,106.2
2026-05-01,26,99.31
2026-05-01,27,105.0
2026-05-01,27,153.59
2026-05-01,28,83.53
2026-05-01,28,146.92
2026-05-01,29,115.23
2026-05-01,29,178.11
2026-05-01,30,88.79
2026-05-01,30,119.01
2026-05-01,31,64.68
2026-05-01,31,108.5
2026-05-01,32,31.57
2026-05-01,32,54.92
2026-05-01,33,88.16
2026-05-01,33,85.17
2026-05-01,34,32.68
2026-05-01,34,40.17
2026-05-01,35,7.66
2026-05-01,35,20.13
2026-05-01,36,0.03
2026-05-01,36,4.93
2026-05-01,37,1.16
2026-05-01,37,10.36
2026-05-01,38,0.0
2026-05-01,38,0.57
2026-05-01,39,-0.01
2026-05-01,39,0.0
2026-05-01,40,-1.25
2026-05-01,40,-0.02
2026-05-01,41,-1.37
2026-05-01,41,-0.01
2026-05-01,42,-7.95
2026-05-01,42,-0.07
2026-05-01,43,-24.84
2026-05-01,43,-0.9
2026-05-01,44,-50.03
2026-05-01,44,-5.56
2026-05-01,45,-69.49
2026-05-01,45,-8.03
2026-05-01,46,-89.93
2026-05-01,46,-11.25
2026-05-01,47,-119.13
2026-05-01,47,-18.04
2026-05-01,48,-152.9
2026-05-01,48,-30.19
2026-05-01,49,-158.82
2026-05-01,49,-40.87
2026-05-01,50,-280.13
2026-05-01,50,-51.11
2026-05-01,51,-337.65
2026-05-01,51,-60.75
2026-05-01,52,-491.92
2026-05-01,52,-77.63
2026-05-01,53,-494.81
2026-05-01,53,-96.28
2026-05-01,54,-498.76
2026-05-01,54,-108.83
2026-05-01,55,-499.29
2026-05-01,55,-123.09
2026-05-01,56,-498.76
2026-05-01,56,-109.5
2026-05-01,57,-498.88
2026-05-01,57,-101.09
2026-05-01,58,-80.44
2026-05-01,59,-496.72
2026-05-01,59,-62.34
2026-05-01,60,-397.46
2026-05-01,60,-48.75
2026-05-01,61,-29.81
2026-05-01,62,-214.28
2026-05-01,62,-14.1
2026-05-01,63,-129.12
2026-05-01,63,-4.97
2026-05-01,64,-77.41
2026-05-01,64,-1.08
2026-05-01,65,-63.47
2026-05-01,65,-0.11
2026-05-01,66,-29.74
2026-05-01,66,-0.01
2026-05-01,67,-9.83
2026-05-01,67,0.0
2026-05-01,68,-1.18
2026-05-01,68,0.58
2026-05-01,69,-1.54
2026-05-01,69,0.45
2026-05-01,70,-0.13
2026-05-01,70,12.96
2026-05-01,71,0.45
2026-05-01,71,135.42
2026-05-01,72,18.61
2026-05-01,72,242.37
2026-05-01,73,5.05
2026-05-01,73,132.65
2026-05-01,74,71.68
2026-05-01,74,132.27
2026-05-01,75,100.0
2026-05-01,75,132.35
2026-05-01,76,162.54
2026-05-01,76,174.16
2026-05-01,77,107.38
2026-05-01,77,121.45
2026-05-01,78,124.85
2026-05-01,78,150.91
2026-05-01,79,154.81
2026-05-01,79,155.04
2026-05-01,80,235.89
2026-05-01,80,252.6
2026-05-01,81,181.51
2026-05-01,81,180.0
2026-05-01,82,180.8
2026-05-01,82,202.9
2026-05-01,83,180.88
2026-05-01,83,220.2
2026-05-01,84,151.83
2026-05-01,84,190.5
2026-05-01,85,209.3
2026-05-01,85,209.88
2026-05-01,86,135.11
2026-05-01,86,158.0
2026-05-01,87,116.48
2026-05-01,87,139.49
2026-05-01,88,109.56
2026-05-01,88,148.63
2026-05-01,89,132.98
2026-05-01,89,174.25
2026-05-01,90,120.0
2026-05-01,90,137.49
2026-05-01,91,112.25
2026-05-01,91,131.69
2026-05-01,92,108.4
2026-05-01,92,128.29
2026-05-01,93,122.07
2026-05-01,93,128.73
2026-05-01,94,112.64
2026-05-01,94,123.71
2026-05-01,95,107.4
2026-05-01,95,117.5
2026-05-01,96,99.2
2026-05-01,96,110.0
2026-05-02,1,133.69
2026-05-02,1,124.59
2026-05-02,2,120.0
2026-05-02,2,118.22
2026-05-02,3,104.63
2026-05-02,3,119.46
2026-05-02,4,104.98
2026-05-02,4,114.99
2026-05-02,5,116.31
2026-05-02,5,118.04
2026-05-02,6,104.4
2026-05-02,6,117.64
2026-05-02,7,100.78
2026-05-02,7,115.38
2026-05-02,8,96.8
2026-05-02,8,111.39
2026-05-02,9,104.96
2026-05-02,9,110.9
2026-05-02,10,103.47
2026-05-02,10,113.09
2026-05-02,11,99.47
2026-05-02,11,120.0
2026-05-02,12,95.72
2026-05-02,12,117.48
2026-05-02,13,96.0
2026-05-02,13,112.55
2026-05-02,14,91.94
2026-05-02,14,110.51
2026-05-02,15,91.34
2026-05-02,15,108.99
2026-05-02,16,90.0
2026-05-02,16,113.3
2026-05-02,17,90.78
2026-05-02,17,114.38
2026-05-02,18,93.55
2026-05-02,18,105.19
2026-05-02,19,93.81
2026-05-02,19,105.6
2026-05-02,20,93.9
2026-05-02,20,106.11
2026-05-02,21,90.88
2026-05-02,21,113.23
2026-05-02,22,90.93
2026-05-02,22,115.28
2026-05-02,23,93.79
2026-05-02,23,110.2
2026-05-02,24,94.27
2026-05-02,24,104.77
2026-05-02,25,95.97
2026-05-02,25,116.41
2026-05-02,26,99.31
2026-05-02,26,111.28
2026-05-02,27,153.59
2026-05-02,27,100.85
2026-05-02,28,146.92
2026-05-02,28,91.69
2026-05-02,29,178.11
2026-05-02,29,119.1
2026-05-02,30,119.01
2026-05-02,30,97.85
2026-05-02,31,108.5
2026-05-02,31,86.58
2026-05-02,32,54.92
2026-05-02,32,91.83
2026-05-02,33,85.17
2026-05-02,33,107.66
2026-05-02,34,40.17
2026-05-02,34,110.37
2026-05-02,35,20.13
2026-05-02,35,104.29
2026-05-02,36,4.93
2026-05-02,36,102.72
2026-05-02,37,10.36
2026-05-02,37,119.81
2026-05-02,38,0.57
2026-05-02,38,52.9
2026-05-02,39,0.0
2026-05-02,39,44.6
2026-05-02,40,-0.02
2026-05-02,40,10.84
2026-05-02,41,-0.01
2026-05-02,41,19.76
2026-05-02,42,-0.07
2026-05-02,42,9.32
2026-05-02,43,-0.9
2026-05-02,43,6.92
2026-05-02,44,-5.56
2026-05-02,44,5.44
2026-05-02,45,-8.03
2026-05-02,45,12.15
2026-05-02,46,-11.25
2026-05-02,46,9.57
2026-05-02,47,-18.04
2026-05-02,47,8.83
2026-05-02,48,-30.19
2026-05-02,48,6.05
2026-05-02,49,-40.87
2026-05-02,49,3.0
2026-05-02,50,-51.11
2026-05-02,50,3.61
2026-05-02,51,-60.75
2026-05-02,51,4.16
2026-05-02,52,-77.63
2026-05-02,52,4.41
2026-05-02,53,-96.28
2026-05-02,53,12.85
2026-05-02,54,-108.83
2026-05-02,54,14.92
2026-05-02,55,-123.09
2026-05-02,55,0.03
2026-05-02,56,-109.5
2026-05-02,56,0.15
2026-05-02,57,-101.09
2026-05-02,57,6.0
2026-05-02,58,-80.44
2026-05-02,58,6.61
2026-05-02,59,-62.34
2026-05-02,59,5.07
2026-05-02,60,-48.75
2026-05-02,60,5.06
2026-05-02,61,-29.81
2026-05-02,61,5.4
2026-05-02,62,-14.1
2026-05-02,62,12.39
2026-05-02,63,-4.97
2026-05-02,63,21.47
2026-05-02,64,-1.08
2026-05-02,64,28.21
2026-05-02,65,-0.11
2026-05-02,65,22.58
2026-05-02,66,-0.01
2026-05-02,66,26.62
2026-05-02,67,0.0
2026-05-02,67,29.84
2026-05-02,68,0.58
2026-05-02,68,82.76
2026-05-02,69,0.45
2026-05-02,69,36.98
2026-05-02,70,12.96
2026-05-02,70,118.1
2026-05-02,71,135.42
2026-05-02,71,170.79
2026-05-02,72,242.37
2026-05-02,72,191.81
2026-05-02,73,132.65
2026-05-02,73,100.0
2026-05-02,74,132.27
2026-05-02,74,113.32
2026-05-02,75,132.35
2026-05-02,75,118.06
2026-05-02,76,174.16
2026-05-02,76,120.81
2026-05-02,77,121.45
2026-05-02,77,130.88
2026-05-02,78,150.91
2026-05-02,78,122.6
2026-05-02,79,155.04
2026-05-02,79,136.26
2026-05-02,80,252.6
2026-05-02,80,151.26
2026-05-02,81,180.0
2026-05-02,81,137.63
2026-05-02,82,202.9
2026-05-02,82,140.0
2026-05-02,83,220.2
2026-05-02,83,147.09
2026-05-02,84,190.5
2026-05-02,84,160.0
2026-05-02,85,209.88
2026-05-02,85,141.77
2026-05-02,86,158.0
2026-05-02,86,141.53
2026-05-02,87,139.49
2026-05-02,87,136.5
2026-05-02,88,148.63
2026-05-02,88,131.0
2026-05-02,89,174.25
2026-05-02,89,135.56
2026-05-02,90,137.49
2026-05-02,90,140.48
2026-05-02,91,131.69
2026-05-02,91,126.42
2026-05-02,92,128.29
2026-05-02,92,120.0
2026-05-02,93,128.73
2026-05-02,93,130.25
2026-05-02,94,123.71
2026-05-02,94,118.41
2026-05-02,95,117.5
2026-05-02,95,113.35
2026-05-02,96,110.0
2026-05-02,96,110.37
2026-05-03,1,124.59
2026-05-03,1,125.97
2026-05-03,2,118.22
2026-05-03,2,120.1
2026-05-03,3,119.46
2026-05-03,3,112.46
2026-05-03,4,114.99
2026-05-03,4,109.66
2026-05-03,5,118.04
2026-05-03,5,110.59
2026-05-03,6,117.64
2026-05-03,6,109.08
2026-05-03,7,115.38
2026-05-03,7,108.08
2026-05-03,8,111.39
2026-05-03,8,105.05
2026-05-03,9,110.9
2026-05-03,9,112.99
2026-05-03,10,113.09
2026-05-03,10,110.57
2026-05-03,11,120.0
2026-05-03,11,110.0
2026-05-03,12,117.48
2026-05-03,12,108.13
2026-05-03,13,112.55
2026-05-03,13,106.5
2026-05-03,14,110.51
2026-05-03,14,105.39
2026-05-03,15,108.99
2026-05-03,15,105.86
2026-05-03,16,113.3
2026-05-03,16,107.38
2026-05-03,17,114.38
2026-05-03,17,105.22
2026-05-03,18,105.19
2026-05-03,18,106.8
2026-05-03,19,105.6
2026-05-03,19,108.64
2026-05-03,20,106.11
2026-05-03,20,110.4
2026-05-03,21,113.23
2026-05-03,21,106.44
2026-05-03,22,115.28
2026-05-03,22,111.53
2026-05-03,23,110.2
2026-05-03,23,120.54
2026-05-03,24,104.77
2026-05-03,24,130.18
2026-05-03,25,116.41
2026-05-03,25,129.54
2026-05-03,26,111.28
2026-05-03,26,138.57
2026-05-03,27,100.85
2026-05-03,27,140.0
2026-05-03,28,91.69
2026-05-03,28,150.17
2026-05-03,29,119.1
2026-05-03,29,164.61
2026-05-03,30,97.85
2026-05-03,30,155.05
2026-05-03,31,86.58
2026-05-03,31,147.6
2026-05-03,32,91.83
2026-05-03,32,140.54
2026-05-03,33,107.66
2026-05-03,33,155.51
2026-05-03,34,110.37
2026-05-03,34,147.1
2026-05-03,35,104.29
2026-05-03,35,131.16
2026-05-03,36,102.72
2026-05-03,36,110.21
2026-05-03,37,119.81
2026-05-03,37,130.38
2026-05-03,38,52.9
2026-05-03,38,116.93
2026-05-03,39,44.6
2026-05-03,39,122.02
2026-05-03,40,10.84
2026-05-03,40,118.58
2026-05-03,41,19.76
2026-05-03,41,135.52
2026-05-03,42,9.32
2026-05-03,42,113.77
2026-05-03,43,6.92
2026-05-03,43,112.83
2026-05-03,44,5.44
2026-05-03,44,100.0
2026-05-03,45,12.15
2026-05-03,45,113.31
2026-05-03,46,9.57
2026-05-03,46,108.68
2026-05-03,47,8.83
2026-05-03,47,108.93
2026-05-03,48,6.05
2026-05-03,48,102.52
2026-05-03,49,3.0
2026-05-03,49,113.47
2026-05-03,50,3.61
2026-05-03,50,97.43
2026-05-03,51,4.16
2026-05-03,51,92.02
2026-05-03,52,4.41
2026-05-03,52,87.77
2026-05-03,53,12.85
2026-05-03,53,94.67
2026-05-03,54,14.92
2026-05-03,54,88.57
2026-05-03,55,0.03
2026-05-03,55,81.52
2026-05-03,56,0.15
2026-05-03,56,96.36
2026-05-03,57,6.0
2026-05-03,57,95.17
2026-05-03,58,6.61
2026-05-03,58,102.87
2026-05-03,59,5.07
2026-05-03,59,104.42
2026-05-03,60,5.06
2026-05-03,60,106.57
2026-05-03,61,5.4
2026-05-03,61,100.52
2026-05-03,62,12.39
2026-05-03,62,104.59
2026-05-03,63,21.47
2026-05-03,63,107.7
2026-05-03,64,28.21
2026-05-03,64,112.84
2026-05-03,65,22.58
2026-05-03,65,89.43
2026-05-03,66,26.62
2026-05-03,66,97.83
2026-05-03,67,29.84
2026-05-03,67,109.07
2026-05-03,68,82.76
2026-05-03,68,127.58
2026-05-03,69,36.98
2026-05-03,69,89.01
2026-05-03,70,118.1
2026-05-03,70,114.92
2026-05-03,71,170.79
2026-05-03,71,123.68
2026-05-03,72,191.81
2026-05-03,72,132.3
2026-05-03,73,100.0
2026-05-03,73,115.07
2026-05-03,74,113.32
2026-05-03,74,124.11
2026-05-03,75,118.06
2026-05-03,75,150.21
2026-05-03,76,120.81
2026-05-03,76,183.76
2026-05-03,77,130.88
2026-05-03,77,138.27
2026-05-03,78,122.6
2026-05-03,78,123.9
2026-05-03,79,136.26
2026-05-03,79,150.83
2026-05-03,80,151.26
2026-05-03,80,209.2
2026-05-03,81,137.63
2026-05-03,81,155.0
2026-05-03,82,140.0
2026-05-03,82,176.82
2026-05-03,83,147.09
2026-05-03,83,175.07
2026-05-03,84,160.0
2026-05-03,84,169.71
2026-05-03,85,141.77
2026-05-03,85,188.36
2026-05-03,86,141.53
2026-05-03,86,165.71
2026-05-03,87,136.5
2026-05-03,87,148.25
2026-05-03,88,131.0
2026-05-03,88,137.6
2026-05-03,89,135.56
2026-05-03,89,176.52
2026-05-03,90,140.48
2026-05-03,90,147.01
2026-05-03,91,126.42
2026-05-03,91,141.36
2026-05-03,92,120.0
2026-05-03,92,135.64
2026-05-03,93,130.25
2026-05-03,93,148.49
2026-05-03,94,118.41
2026-05-03,94,135.0
2026-05-03,95,113.35
2026-05-03,95,129.21
2026-05-03,96,110.37
2026-05-03,96,122.11
2026-05-04,1,125.97
2026-05-04,1,136.71
2026-05-04,2,120.1
2026-05-04,2,127.18
2026-05-04,3,112.46
2026-05-04,3,121.34
2026-05-04,4,109.66
2026-05-04,4,118.15
2026-05-04,5,110.59
2026-05-04,5,125.34
2026-05-04,6,109.08
2026-05-04,6,120.12
2026-05-04,7,108.08
2026-05-04,7,119.51
2026-05-04,8,105.05
2026-05-04,8,116.37
2026-05-04,9,112.99
2026-05-04,9,117.41
2026-05-04,10,110.57
2026-05-04,10,112.76
2026-05-04,11,110.0
2026-05-04,11,112.14
2026-05-04,12,108.13
2026-05-04,12,112.65
2026-05-04,13,106.5
2026-05-04,13,113.4
2026-05-04,14,105.39
2026-05-04,14,113.24
2026-05-04,15,105.86
2026-05-04,15,115.98
2026-05-04,16,107.38
2026-05-04,16,110.4
2026-05-04,17,105.22
2026-05-04,17,113.06
2026-05-04,18,106.8
2026-05-04,18,111.18
2026-05-04,19,108.64
2026-05-04,19,118.35
2026-05-04,20,110.4
2026-05-04,20,118.54
2026-05-04,21,106.44
2026-05-04,21,118.16
2026-05-04,22,111.53
2026-05-04,22,120.74
2026-05-04,23,120.54
2026-05-04,23,123.53
2026-05-04,24,130.18
2026-05-04,24,133.67
2026-05-04,25,129.54
2026-05-04,25,114.53
2026-05-04,26,138.57
2026-05-04,26,123.96
2026-05-04,27,140.0
2026-05-04,27,129.39
2026-05-04,28,150.17
2026-05-04,28,134.66
2026-05-04,29,164.61
2026-05-04,29,145.03
2026-05-04,30,155.05
2026-05-04,30,139.83
2026-05-04,31,147.6
2026-05-04,31,133.39
2026-05-04,32,140.54
2026-05-04,32,134.28
2026-05-04,33,155.51
2026-05-04,33,154.69
2026-05-04,34,147.1
2026-05-04,34,138.21
2026-05-04,35,131.16
2026-05-04,35,134.61
2026-05-04,36,110.21
2026-05-04,36,125.13
2026-05-04,37,130.38
2026-05-04,37,135.14
2026-05-04,38,116.93
2026-05-04,38,127.52
2026-05-04,39,122.02
2026-05-04,39,123.49
2026-05-04,40,118.58
2026-05-04,40,122.83
2026-05-04,41,135.52
2026-05-04,41,125.71
2026-05-04,42,113.77
2026-05-04,42,116.84
2026-05-04,43,112.83
2026-05-04,43,108.47
2026-05-04,44,100.0
2026-05-04,44,107.32
2026-05-04,45,113.31
2026-05-04,45,114.6
2026-05-04,46,108.68
2026-05-04,46,111.94
2026-05-04,47,108.93
2026-05-04,47,109.19
2026-05-04,48,102.52
2026-05-04,48,102.04
2026-05-04,49,113.47
2026-05-04,49,108.12
2026-05-04,50,97.43
2026-05-04,50,99.11
2026-05-04,51,92.02
2026-05-04,51,99.6
2026-05-04,52,87.77
2026-05-04,52,101.47
2026-05-04,53,94.67
2026-05-04,53,103.03
2026-05-04,54,88.57
2026-05-04,54,101.22
2026-05-04,55,81.52
2026-05-04,55,99.51
2026-05-04,56,96.36
2026-05-04,56,98.6
2026-05-04,57,95.17
2026-05-04,57,95.4
2026-05-04,58,102.87
2026-05-04,58,96.64
2026-05-04,59,104.42
2026-05-04,59,102.95
2026-05-04,60,106.57
2026-05-04,60,98.92
2026-05-04,61,100.52
2026-05-04,61,115.57
2026-05-04,62,104.59
2026-05-04,62,104.53
2026-05-04,63,107.7
2026-05-04,63,98.04
2026-05-04,64,112.84
2026-05-04,64,96.67
2026-05-04,65,89.43
2026-05-04,65,102.51
2026-05-04,66,97.83
2026-05-04,66,98.0
2026-05-04,67,109.07
2026-05-04,67,95.01
2026-05-04,68,127.58
2026-05-04,68,110.0
2026-05-04,69,89.01
2026-05-04,69,102.65
2026-05-04,70,114.92
2026-05-04,70,102.77
2026-05-04,71,123.68
2026-05-04,71,112.46
2026-05-04,72,132.3
2026-05-04,72,125.52
2026-05-04,73,115.07
2026-05-04,73,113.78
2026-05-04,74,124.11
2026-05-04,74,109.05
2026-05-04,75,150.21
2026-05-04,75,140.0
2026-05-04,76,183.76
2026-05-04,76,159.58
2026-05-04,77,138.27
2026-05-04,77,144.81
2026-05-04,78,123.9
2026-05-04,78,152.59
2026-05-04,79,150.83
2026-05-04,79,146.31
2026-05-04,80,209.2
2026-05-04,80,159.88
2026-05-04,81,155.0
2026-05-04,81,141.42
2026-05-04,82,176.82
2026-05-04,82,147.15
2026-05-04,83,175.07
2026-05-04,83,147.42
2026-05-04,84,169.71
2026-05-04,84,141.96
2026-05-04,85,188.36
2026-05-04,85,144.44
2026-05-04,86,165.71
2026-05-04,86,141.31
2026-05-04,87,148.25
2026-05-04,87,134.47
2026-05-04,88,137.6
2026-05-04,88,119.32
2026-05-04,89,176.52
2026-05-04,89,137.18
2026-05-04,90,147.01
2026-05-04,90,125.67
2026-05-04,91,141.36
2026-05-04,91,123.8
2026-05-04,92,135.64
2026-05-04,92,114.18
2026-05-04,93,148.49
2026-05-04,93,122.18
2026-05-04,94,135.0
2026-05-04,94,111.01
2026-05-04,95,129.21
2026-05-04,95,107.73
2026-05-04,96,122.11
2026-05-04,96,102.04
2026-05-05,1,136.71
2026-05-05,1,126.09
2026-05-05,2,127.18
2026-05-05,2,119.68
2026-05-05,3,121.34
2026-05-05,3,117.12
2026-05-05,4,118.15
2026-05-05,4,113.55
2026-05-05,5,125.34
2026-05-05,5,116.5
2026-05-05,6,120.12
2026-05-05,6,112.61
2026-05-05,7,119.51
2026-05-05,7,111.93
2026-05-05,8,116.37
2026-05-05,8,111.03
2026-05-05,9,117.41
2026-05-05,9,113.06
2026-05-05,10,112.76
2026-05-05,10,110.51
2026-05-05,11,112.14
2026-05-05,11,108.17
2026-05-05,12,112.65
2026-05-05,12,109.03
2026-05-05,13,113.4
2026-05-05,13,111.52
2026-05-05,14,113.24
2026-05-05,14,109.19
2026-05-05,15,115.98
2026-05-05,15,110.31
2026-05-05,16,110.4
2026-05-05,16,107.95
2026-05-05,17,113.06
2026-05-05,17,107.69
2026-05-05,18,111.18
2026-05-05,18,107.93
2026-05-05,19,118.35
2026-05-05,19,111.16
2026-05-05,20,118.54
2026-05-05,20,111.1
2026-05-05,21,118.16
2026-05-05,21,107.35
2026-05-05,22,120.74
2026-05-05,22,109.3
2026-05-05,23,123.53
2026-05-05,23,117.29
2026-05-05,24,133.67
2026-05-05,24,115.52
2026-05-05,25,114.53
2026-05-05,25,119.52
2026-05-05,26,123.96
2026-05-05,26,126.61
2026-05-05,27,129.39
2026-05-05,27,131.97
2026-05-05,28,134.66
2026-05-05,28,133.52
2026-05-05,29,145.03
2026-05-05,29,142.89
2026-05-05,30,139.83
2026-05-05,30,143.57
2026-05-05,31,133.39
2026-05-05,31,137.44
2026-05-05,32,134.28
2026-05-05,32,127.21
2026-05-05,33,154.69
2026-05-05,33,170.23
2026-05-05,34,138.21
2026-05-05,34,141.63
2026-05-05,35,134.61
2026-05-05,35,129.9
2026-05-05,36,125.13
2026-05-05,36,113.01
2026-05-05,37,135.14
2026-05-05,37,136.86
2026-05-05,38,127.52
2026-05-05,38,125.49
2026-05-05,39,123.49
2026-05-05,39,117.73
2026-05-05,40,122.83
2026-05-05,40,109.36
2026-05-05,41,125.71
2026-05-05,41,121.76
2026-05-05,42,116.84
2026-05-05,42,112.89
2026-05-05,43,108.47
2026-05-05,43,108.05
2026-05-05,44,107.32
2026-05-05,44,106.44
2026-05-05,45,114.6
2026-05-05,45,115.72
2026-05-05,46,111.94
2026-05-05,46,104.9
2026-05-05,47,109.19
2026-05-05,47,105.33
2026-05-05,48,102.04
2026-05-05,48,107.26
2026-05-05,49,108.12
2026-05-05,49,101.76
2026-05-05,50,99.11
2026-05-05,50,102.91
2026-05-05,51,99.6
2026-05-05,51,109.2
2026-05-05,52,101.47
2026-05-05,52,103.91
2026-05-05,53,103.03
2026-05-05,53,99.48
2026-05-05,54,101.22
2026-05-05,54,99.99
2026-05-05,55,99.51
2026-05-05,55,110.0
2026-05-05,56,98.6
2026-05-05,56,110.52
2026-05-05,57,95.4
2026-05-05,57,87.65
2026-05-05,58,96.64
2026-05-05,58,89.31
2026-05-05,59,102.95
2026-05-05,59,96.53
2026-05-05,60,98.92
2026-05-05,60,97.85
2026-05-05,61,115.57
2026-05-05,61,106.21
2026-05-05,62,104.53
2026-05-05,62,110.48
2026-05-05,63,98.04
2026-05-05,63,105.48
2026-05-05,64,96.67
2026-05-05,64,124.65
2026-05-05,65,102.51
2026-05-05,65,102.5
2026-05-05,66,98.0
2026-05-05,66,102.52
2026-05-05,67,95.01
2026-05-05,67,111.1
2026-05-05,68,110.0
2026-05-05,68,119.69
2026-05-05,69,102.65
2026-05-05,69,105.57
2026-05-05,70,102.77
2026-05-05,70,114.75
2026-05-05,71,112.46
2026-05-05,71,111.5
2026-05-05,72,125.52
2026-05-05,72,128.66
2026-05-05,73,113.78
2026-05-05,73,114.6
2026-05-05,74,109.05
2026-05-05,74,130.89
2026-05-05,75,140.0
2026-05-05,75,130.42
2026-05-05,76,159.58
2026-05-05,76,155.0
2026-05-05,77,144.81
2026-05-05,77,139.23
2026-05-05,78,152.59
2026-05-05,78,149.93
2026-05-05,79,146.31
2026-05-05,79,157.24
2026-05-05,80,159.88
2026-05-05,80,170.64
2026-05-05,81,141.42
2026-05-05,81,141.67
2026-05-05,82,147.15
2026-05-05,82,151.87
2026-05-05,83,147.42
2026-05-05,83,160.91
2026-05-05,84,141.96
2026-05-05,84,170.42
2026-05-05,85,144.44
2026-05-05,85,163.95
2026-05-05,86,141.31
2026-05-05,86,162.3
2026-05-05,87,134.47
2026-05-05,87,153.0
2026-05-05,88,119.32
2026-05-05,88,139.42
2026-05-05,89,137.18
2026-05-05,89,155.83
2026-05-05,90,125.67
2026-05-05,90,148.44
2026-05-05,91,123.8
2026-05-05,91,140.45
2026-05-05,92,114.18
2026-05-05,92,129.97
2026-05-05,93,122.18
2026-05-05,93,137.42
2026-05-05,94,111.01
2026-05-05,94,130.01
2026-05-05,95,107.73
2026-05-05,95,126.5
2026-05-05,96,102.04
2026-05-05,96,120.67
2026-05-06,1,126.09
2026-05-06,1,132.67
2026-05-06,2,119.68
2026-05-06,2,126.0
2026-05-06,3,117.12
2026-05-06,3,123.09
2026-05-06,4,113.55
2026-05-06,4,118.97
2026-05-06,5,116.5
2026-05-06,5,118.22
2026-05-06,6,112.61
2026-05-06,6,116.55
2026-05-06,7,111.93
2026-05-06,7,116.02
2026-05-06,8,111.03
2026-05-06,8,115.35
2026-05-06,9,113.06
2026-05-06,9,114.48
2026-05-06,10,110.51
2026-05-06,10,114.84
2026-05-06,11,108.17
2026-05-06,11,114.69
2026-05-06,12,109.03
2026-05-06,12,115.55
2026-05-06,13,111.52
2026-05-06,13,114.71
2026-05-06,14,109.19
2026-05-06,14,113.46
2026-05-06,15,110.31
2026-05-06,15,113.98
2026-05-06,16,107.95
2026-05-06,16,116.0
2026-05-06,17,107.69
2026-05-06,17,112.28
2026-05-06,18,107.93
2026-05-06,18,114.86
2026-05-06,19,111.16
2026-05-06,19,117.32
2026-05-06,20,111.1
2026-05-06,20,120.84
2026-05-06,21,107.35
2026-05-06,21,117.08
2026-05-06,22,109.3
2026-05-06,22,121.17
2026-05-06,23,117.29
2026-05-06,23,125.25
2026-05-06,24,115.52
2026-05-06,24,131.48
2026-05-06,25,119.52
2026-05-06,25,133.32
2026-05-06,26,126.61
2026-05-06,26,143.02
2026-05-06,27,131.97
2026-05-06,27,146.39
2026-05-06,28,133.52
2026-05-06,28,152.24
2026-05-06,29,142.89
2026-05-06,29,161.39
2026-05-06,30,143.57
2026-05-06,30,162.22
2026-05-06,31,137.44
2026-05-06,31,158.52
2026-05-06,32,127.21
2026-05-06,32,152.18
2026-05-06,33,170.23
2026-05-06,33,186.15
2026-05-06,34,141.63
2026-05-06,34,149.92
2026-05-06,35,129.9
2026-05-06,35,148.93
2026-05-06,36,113.01
2026-05-06,36,126.42
2026-05-06,37,136.86
2026-05-06,37,142.88
2026-05-06,38,125.49
2026-05-06,38,125.55
2026-05-06,39,117.73
2026-05-06,39,119.9
2026-05-06,40,109.36
2026-05-06,40,110.35
2026-05-06,41,121.76
2026-05-06,41,126.57
2026-05-06,42,112.89
2026-05-06,42,106.86
2026-05-06,43,108.05
2026-05-06,43,99.34
2026-05-06,44,106.44
2026-05-06,44,86.04
2026-05-06,45,115.72
2026-05-06,45,106.98
2026-05-06,46,104.9
2026-05-06,46,99.31
2026-05-06,47,105.33
2026-05-06,47,98.27
2026-05-06,48,107.26
2026-05-06,48,90.05
2026-05-06,49,101.76
2026-05-06,49,99.7
2026-05-06,50,102.91
2026-05-06,50,89.88
2026-05-06,51,109.2
2026-05-06,51,91.08
2026-05-06,52,103.91
2026-05-06,52,81.8
2026-05-06,53,99.48
2026-05-06,53,92.5
2026-05-06,54,99.99
2026-05-06,54,88.32
2026-05-06,55,110.0
2026-05-06,55,81.49
2026-05-06,56,110.52
2026-05-06,56,79.65
2026-05-06,57,87.65
2026-05-06,57,89.86
2026-05-06,58,89.31
2026-05-06,58,90.32
2026-05-06,59,96.53
2026-05-06,59,92.18
2026-05-06,60,97.85
2026-05-06,60,93.0
2026-05-06,61,106.21
2026-05-06,61,95.01
2026-05-06,62,110.48
2026-05-06,62,95.18
2026-05-06,63,105.48
2026-05-06,63,92.59
2026-05-06,64,124.65
2026-05-06,64,97.65
2026-05-06,65,102.5
2026-05-06,65,88.47
2026-05-06,66,102.52
2026-05-06,66,90.81
2026-05-06,67,111.1
2026-05-06,67,97.86
2026-05-06,68,119.69
2026-05-06,68,113.48
2026-05-06,69,105.57
2026-05-06,69,93.79
2026-05-06,70,114.75
2026-05-06,70,103.01
2026-05-06,71,111.5
2026-05-06,71,119.78
2026-05-06,72,128.66
2026-05-06,72,133.52
2026-05-06,73,114.6
2026-05-06,73,113.17
2026-05-06,74,130.89
2026-05-06,74,129.56
2026-05-06,75,130.42
2026-05-06,75,142.55
2026-05-06,76,155.0
2026-05-06,76,157.08
2026-05-06,77,139.23
2026-05-06,77,135.36
2026-05-06,78,149.93
2026-05-06,78,151.19
2026-05-06,79,157.24
2026-05-06,79,188.89
2026-05-06,80,170.64
2026-05-06,80,217.02
2026-05-06,81,141.67
2026-05-06,81,161.15
2026-05-06,82,151.87
2026-05-06,82,170.18
2026-05-06,83,160.91
2026-05-06,83,170.46
2026-05-06,84,170.42
2026-05-06,84,170.56
2026-05-06,85,163.95
2026-05-06,85,173.75
2026-05-06,86,162.3
2026-05-06,86,162.97
2026-05-06,87,153.0
2026-05-06,87,160.91
2026-05-06,88,139.42
2026-05-06,88,146.98
2026-05-06,89,155.83
2026-05-06,89,161.64
2026-05-06,90,148.44
2026-05-06,90,150.21
2026-05-06,91,140.45
2026-05-06,91,154.16
2026-05-06,92,129.97
2026-05-06,92,141.89
2026-05-06,93,137.42
2026-05-06,93,150.17
2026-05-06,94,130.01
2026-05-06,94,141.4
2026-05-06,95,126.5
2026-05-06,95,134.33
2026-05-06,96,120.67
2026-05-06,96,127.7
2026-05-07,1,132.67
2026-05-07,1,131.39
2026-05-07,2,126.0
2026-05-07,2,128.45
2026-05-07,3,123.09
2026-05-07,3,122.2
2026-05-07,4,118.97
2026-05-07,4,117.67
2026-05-07,5,118.22
2026-05-07,5,120.74
2026-05-07,6,116.55
2026-05-07,6,117.57
2026-05-07,7,116.02
2026-05-07,7,116.17
2026-05-07,8,115.35
2026-05-07,8,113.22
2026-05-07,9,114.48
2026-05-07,9,115.76
2026-05-07,10,114.84
2026-05-07,10,114.65
2026-05-07,11,114.69
2026-05-07,11,114.33
2026-05-07,12,115.55
2026-05-07,12,108.38
2026-05-07,13,114.71
2026-05-07,13,109.41
2026-05-07,14,113.46
2026-05-07,14,106.73
2026-05-07,15,113.98
2026-05-07,15,105.0
2026-05-07,16,116.0
2026-05-07,16,103.6
2026-05-07,17,112.28
2026-05-07,17,102.8
2026-05-07,18,114.86
2026-05-07,18,101.73
2026-05-07,19,117.32
2026-05-07,19,103.47
2026-05-07,20,120.84
2026-05-07,20,105.09
2026-05-07,21,117.08
2026-05-07,21,104.95
2026-05-07,22,121.17
2026-05-07,22,107.21
2026-05-07,23,125.25
2026-05-07,23,112.32
2026-05-07,24,131.48
2026-05-07,24,121.89
2026-05-07,25,133.32
2026-05-07,25,127.19
2026-05-07,26,143.02
2026-05-07,26,133.48
2026-05-07,27,146.39
2026-05-07,27,135.91
2026-05-07,28,152.24
2026-05-07,28,136.05
2026-05-07,29,161.39
2026-05-07,29,143.3
2026-05-07,30,162.22
2026-05-07,30,139.9
2026-05-07,31,158.52
2026-05-07,31,128.05
2026-05-07,32,152.18
2026-05-07,32,110.44
2026-05-07,33,186.15
2026-05-07,33,143.65
2026-05-07,34,149.92
2026-05-07,34,127.65
2026-05-07,35,148.93
2026-05-07,35,120.7
2026-05-07,36,126.42
2026-05-07,36,101.45
2026-05-07,37,142.88
2026-05-07,37,121.47
2026-05-07,38,125.55
2026-05-07,38,108.11
2026-05-07,39,119.9
2026-05-07,39,118.08
2026-05-07,40,110.35
2026-05-07,40,104.92
2026-05-07,41,126.57
2026-05-07,41,101.76
2026-05-07,42,106.86
2026-05-07,42,88.57
2026-05-07,43,99.34
2026-05-07,43,79.8
2026-05-07,44,86.04
2026-05-07,44,71.75
2026-05-07,45,106.98
2026-05-07,45,81.85
2026-05-07,46,99.31
2026-05-07,46,74.03
2026-05-07,47,98.27
2026-05-07,47,58.57
2026-05-07,48,90.05
2026-05-07,48,49.63
2026-05-07,49,99.7
2026-05-07,49,66.51
2026-05-07,50,89.88
2026-05-07,50,56.11
2026-05-07,51,91.08
2026-05-07,51,51.62
2026-05-07,52,81.8
2026-05-07,52,46.48
2026-05-07,53,92.5
2026-05-07,53,58.33
2026-05-07,54,88.32
2026-05-07,54,53.03
2026-05-07,55,81.49
2026-05-07,55,48.46
2026-05-07,56,79.65
2026-05-07,56,44.24
2026-05-07,57,89.86
2026-05-07,57,47.13
2026-05-07,58,90.32
2026-05-07,58,52.41
2026-05-07,59,92.18
2026-05-07,59,64.42
2026-05-07,60,93.0
2026-05-07,60,59.81
2026-05-07,61,95.01
2026-05-07,61,59.54
2026-05-07,62,95.18
2026-05-07,62,64.16
2026-05-07,63,92.59
2026-05-07,63,78.24
2026-05-07,64,97.65
2026-05-07,64,79.33
2026-05-07,65,88.47
2026-05-07,65,71.91
2026-05-07,66,90.81
2026-05-07,66,78.38
2026-05-07,67,97.86
2026-05-07,67,83.94
2026-05-07,68,113.48
2026-05-07,68,93.02
2026-05-07,69,93.79
2026-05-07,69,85.66
2026-05-07,70,103.01
2026-05-07,70,90.71
2026-05-07,71,119.78
2026-05-07,71,100.45
2026-05-07,72,133.52
2026-05-07,72,111.35
2026-05-07,73,113.17
2026-05-07,73,98.25
2026-05-07,74,129.56
2026-05-07,74,109.8
2026-05-07,75,142.55
2026-05-07,75,119.55
2026-05-07,76,157.08
2026-05-07,76,131.66
2026-05-07,77,135.36
2026-05-07,77,119.0
2026-05-07,78,151.19
2026-05-07,78,127.45
2026-05-07,79,188.89
2026-05-07,79,138.23
2026-05-07,80,217.02
2026-05-07,80,150.0
2026-05-07,81,161.15
2026-05-07,81,141.5
2026-05-07,82,170.18
2026-05-07,82,144.84
2026-05-07,83,170.46
2026-05-07,83,145.07
2026-05-07,84,170.56
2026-05-07,84,142.48
2026-05-07,85,173.75
2026-05-07,85,146.84
2026-05-07,86,162.97
2026-05-07,86,139.72
2026-05-07,87,160.91
2026-05-07,87,127.41
2026-05-07,88,146.98
2026-05-07,88,117.21
2026-05-07,89,161.64
2026-05-07,89,133.48
2026-05-07,90,150.21
2026-05-07,90,122.3
2026-05-07,91,154.16
2026-05-07,91,122.31
2026-05-07,92,141.89
2026-05-07,92,116.89
2026-05-07,93,150.17
2026-05-07,93,118.63
2026-05-07,94,141.4
2026-05-07,94,113.69
2026-05-07,95,134.33
2026-05-07,95,112.17
2026-05-07,96,127.7
2026-05-07,96,96.29
2026-05-08,1,131.39
2026-05-08,1,122.44
2026-05-08,2,128.45
2026-05-08,2,117.43
2026-05-08,3,122.2
2026-05-08,3,110.71
2026-05-08,4,117.67
2026-05-08,4,100.0
2026-05-08,5,120.74
2026-05-08,5,111.52
2026-05-08,6,117.57
2026-05-08,6,106.8
2026-05-08,7,116.17
2026-05-08,7,108.9
2026-05-08,8,113.22
2026-05-08,8,105.98
2026-05-08,9,115.76
2026-05-08,9,108.32
2026-05-08,10,114.65
2026-05-08,10,105.35
2026-05-08,11,114.33
2026-05-08,11,103.33
2026-05-08,12,108.38
2026-05-08,12,102.28
2026-05-08,13,109.41
2026-05-08,13,101.8
2026-05-08,14,106.73
2026-05-08,14,99.36
2026-05-08,15,105.0
2026-05-08,15,103.54
2026-05-08,16,103.6
2026-05-08,16,103.42
2026-05-08,17,102.8
2026-05-08,17,103.15
2026-05-08,18,101.73
2026-05-08,18,103.56
2026-05-08,19,103.47
2026-05-08,19,104.73
2026-05-08,20,105.09
2026-05-08,20,104.89
2026-05-08,21,104.95
2026-05-08,21,103.09
2026-05-08,22,107.21
2026-05-08,22,102.15
2026-05-08,23,112.32
2026-05-08,23,108.08
2026-05-08,24,121.89
2026-05-08,24,118.11
2026-05-08,25,127.19
2026-05-08,25,117.03
2026-05-08,26,133.48
2026-05-08,26,115.9
2026-05-08,27,135.91
2026-05-08,27,114.9
2026-05-08,28,136.05
2026-05-08,28,109.73
2026-05-08,29,143.3
2026-05-08,29,115.36
2026-05-08,30,139.9
2026-05-08,30,111.92
2026-05-08,31,128.05
2026-05-08,31,108.29
2026-05-08,32,110.44
2026-05-08,32,93.05
2026-05-08,33,143.65
2026-05-08,33,121.18
2026-05-08,34,127.65
2026-05-08,34,105.4
2026-05-08,35,120.7
2026-05-08,35,94.17
2026-05-08,36,101.45
2026-05-08,36,68.35
2026-05-08,37,121.47
2026-05-08,37,102.37
2026-05-08,38,108.11
2026-05-08,38,72.27
2026-05-08,39,118.08
2026-05-08,39,39.07
2026-05-08,40,104.92
2026-05-08,40,14.56
2026-05-08,41,101.76
2026-05-08,41,31.72
2026-05-08,42,88.57
2026-05-08,42,7.93
2026-05-08,43,79.8
2026-05-08,43,0.08
2026-05-08,44,71.75
2026-05-08,44,0.0
2026-05-08,45,81.85
2026-05-08,46,74.03
2026-05-08,46,-0.01
2026-05-08,47,58.57
2026-05-08,48,49.63
2026-05-08,48,-0.03
2026-05-08,49,66.51
2026-05-08,50,56.11
2026-05-08,50,-0.05
2026-05-08,51,51.62
2026-05-08,51,-0.03
2026-05-08,52,46.48
2026-05-08,52,-0.06
2026-05-08,53,58.33
2026-05-08,53,-0.09
2026-05-08,54,53.03
2026-05-08,55,48.46
2026-05-08,55,-0.1
2026-05-08,56,44.24
2026-05-08,56,-0.09
2026-05-08,57,47.13
2026-05-08,57,-0.02
2026-05-08,58,52.41
2026-05-08,58,-0.01
2026-05-08,59,64.42
2026-05-08,60,59.81
2026-05-08,61,59.54
2026-05-08,61,0.0
2026-05-08,62,64.16
2026-05-08,63,78.24
2026-05-08,64,79.33
2026-05-08,64,0.01
2026-05-08,65,71.91
2026-05-08,65,0.09
2026-05-08,66,78.38
2026-05-08,66,5.49
2026-05-08,67,83.94
2026-05-08,67,25.79
2026-05-08,68,93.02
2026-05-08,68,49.97
2026-05-08,69,85.66
2026-05-08,69,27.79
2026-05-08,70,90.71
2026-05-08,70,67.41
2026-05-08,71,100.45
2026-05-08,71,86.42
2026-05-08,72,111.35
2026-05-08,72,100.96
2026-05-08,73,98.25
2026-05-08,73,92.75
2026-05-08,74,109.8
2026-05-08,74,106.67
2026-05-08,75,119.55
2026-05-08,75,114.92
2026-05-08,76,131.66
2026-05-08,76,124.39
2026-05-08,77,119.0
2026-05-08,77,113.8
2026-05-08,78,127.45
2026-05-08,78,118.42
2026-05-08,79,138.23
2026-05-08,79,125.38
2026-05-08,80,150.0
2026-05-08,80,142.19
2026-05-08,81,141.5
2026-05-08,81,130.38
2026-05-08,82,144.84
2026-05-08,82,135.78
2026-05-08,83,145.07
2026-05-08,83,139.61
2026-05-08,84,142.48
2026-05-08,84,141.7
2026-05-08,85,146.84
2026-05-08,85,147.01
2026-05-08,86,139.72
2026-05-08,86,136.73
2026-05-08,87,127.41
2026-05-08,87,129.75
2026-05-08,88,117.21
2026-05-08,88,116.7
2026-05-08,89,133.48
2026-05-08,89,136.36
2026-05-08,90,122.3
2026-05-08,90,127.72
2026-05-08,91,122.31
2026-05-08,91,124.17
2026-05-08,92,116.89
2026-05-08,92,118.98
2026-05-08,93,118.63
2026-05-08,93,123.06
2026-05-08,94,113.69
2026-05-08,94,118.87
2026-05-08,95,112.17
2026-05-08,95,117.63
2026-05-08,96,96.29
2026-05-08,96,113.44
2026-05-09,1,122.44
2026-05-09,1,121.63
2026-05-09,2,117.43
2026-05-09,2,115.97
2026-05-09,3,110.71
2026-05-09,3,113.73
2026-05-09,4,100.0
2026-05-09,4,113.17
2026-05-09,5,111.52
2026-05-09,5,114.93
2026-05-09,6,106.8
2026-05-09,6,113.84
2026-05-09,7,108.9
2026-05-09,7,112.27
2026-05-09,8,105.98
2026-05-09,8,110.05
2026-05-09,9,108.32
2026-05-09,9,109.25
2026-05-09,10,105.35
2026-05-09,10,110.0
2026-05-09,11,103.33
2026-05-09,11,109.27
2026-05-09,12,102.28
2026-05-09,12,100.0
2026-05-09,13,101.8
2026-05-09,13,109.91
2026-05-09,14,99.36
2026-05-09,14,108.25
2026-05-09,15,103.54
2026-05-09,15,103.39
2026-05-09,16,103.42
2026-05-09,16,103.57
2026-05-09,17,103.15
2026-05-09,17,93.93
2026-05-09,18,103.56
2026-05-09,18,99.52
2026-05-09,19,104.73
2026-05-09,19,98.15
2026-05-09,20,104.89
2026-05-09,20,96.8
2026-05-09,21,103.09
2026-05-09,21,95.97
2026-05-09,22,102.15
2026-05-09,22,98.59
2026-05-09,23,108.08
2026-05-09,23,98.54
2026-05-09,24,118.11
2026-05-09,24,93.68
2026-05-09,25,117.03
2026-05-09,25,113.77
2026-05-09,26,115.9
2026-05-09,26,105.04
2026-05-09,27,114.9
2026-05-09,27,95.47
2026-05-09,28,109.73
2026-05-09,28,89.41
2026-05-09,29,115.36
2026-05-09,29,108.12
2026-05-09,30,111.92
2026-05-09,30,92.24
2026-05-09,31,108.29
2026-05-09,31,85.55
2026-05-09,32,93.05
2026-05-09,32,72.31
2026-05-09,33,121.18
2026-05-09,33,90.0
2026-05-09,34,105.4
2026-05-09,34,75.47
2026-05-09,35,94.17
2026-05-09,35,50.79
2026-05-09,36,68.35
2026-05-09,36,11.03
2026-05-09,37,102.37
2026-05-09,37,33.59
2026-05-09,38,72.27
2026-05-09,38,9.96
2026-05-09,39,39.07
2026-05-09,39,1.15
2026-05-09,40,14.56
2026-05-09,40,0.02
2026-05-09,41,31.72
2026-05-09,41,0.07
2026-05-09,42,7.93
2026-05-09,42,0.0
2026-05-09,43,0.08
2026-05-09,43,-0.01
2026-05-09,44,0.0
2026-05-09,44,0.0
2026-05-09,46,-0.01
2026-05-09,46,0.13
2026-05-09,47,0.23
2026-05-09,48,-0.03
2026-05-09,48,0.34
2026-05-09,49,0.23
2026-05-09,50,-0.05
2026-05-09,50,0.35
2026-05-09,51,-0.03
2026-05-09,51,0.5
2026-05-09,52,-0.06
2026-05-09,52,0.77
2026-05-09,53,-0.09
2026-05-09,53,0.44
2026-05-09,54,-0.09
2026-05-09,55,-0.1
2026-05-09,55,-0.39
2026-05-09,56,-0.09
2026-05-09,56,-0.49
2026-05-09,57,-0.02
2026-05-09,57,-0.48
2026-05-09,58,-0.01
2026-05-09,58,-0.3
2026-05-09,59,-0.48
2026-05-09,60,0.03
2026-05-09,61,0.0
2026-05-09,61,-0.82
2026-05-09,62,-0.11
2026-05-09,63,-0.07
2026-05-09,64,0.01
2026-05-09,64,-0.01
2026-05-09,65,0.09
2026-05-09,65,-0.06
2026-05-09,66,5.49
2026-05-09,66,-0.02
2026-05-09,67,25.79
2026-05-09,67,0.36
2026-05-09,68,49.97
2026-05-09,68,8.52
2026-05-09,69,27.79
2026-05-09,69,7.4
2026-05-09,70,67.41
2026-05-09,70,44.35
2026-05-09,71,86.42
2026-05-09,71,70.64
2026-05-09,72,100.96
2026-05-09,72,88.73
2026-05-09,73,92.75
2026-05-09,73,68.46
2026-05-09,74,106.67
2026-05-09,74,86.01
2026-05-09,75,114.92
2026-05-09,75,97.5
2026-05-09,76,124.39
2026-05-09,76,99.48
2026-05-09,77,113.8
2026-05-09,77,93.56
2026-05-09,78,118.42
2026-05-09,78,105.76
2026-05-09,79,125.38
2026-05-09,79,109.04
2026-05-09,80,142.19
2026-05-09,80,115.67
2026-05-09,81,130.38
2026-05-09,81,113.76
2026-05-09,82,135.78
2026-05-09,82,118.04
2026-05-09,83,139.61
2026-05-09,83,121.74
2026-05-09,84,141.7
2026-05-09,84,127.64
2026-05-09,85,147.01
2026-05-09,85,118.41
2026-05-09,86,136.73
2026-05-09,86,122.33
2026-05-09,87,129.75
2026-05-09,87,120.44
2026-05-09,88,116.7
2026-05-09,88,118.02
2026-05-09,89,136.36
2026-05-09,89,117.4
2026-05-09,90,127.72
2026-05-09,90,113.5
2026-05-09,91,124.17
2026-05-09,91,116.59
2026-05-09,92,118.98
2026-05-09,92,111.95
2026-05-09,93,123.06
2026-05-09,93,111.17
2026-05-09,94,118.87
2026-05-09,94,106.36
2026-05-09,95,117.63
2026-05-09,95,107.06
2026-05-09,96,113.44
2026-05-09,96,100.87
2026-05-10,1,121.63
2026-05-10,1,110.57
2026-05-10,2,115.97
2026-05-10,2,95.15
2026-05-10,3,113.73
2026-05-10,3,102.73
2026-05-10,4,113.17
2026-05-10,4,98.67
2026-05-10,5,114.93
2026-05-10,5,100.17
2026-05-10,6,113.84
2026-05-10,6,94.08
2026-05-10,7,112.27
2026-05-10,7,92.54
2026-05-10,8,110.05
2026-05-10,8,87.45
2026-05-10,9,109.25
2026-05-10,9,90.61
2026-05-10,10,110.0
2026-05-10,10,97.12
2026-05-10,11,109.27
2026-05-10,11,96.55
2026-05-10,12,100.0
2026-05-10,12,99.83
2026-05-10,13,109.91
2026-05-10,13,97.03
2026-05-10,14,108.25
2026-05-10,14,98.74
2026-05-10,15,103.39
2026-05-10,15,102.9
2026-05-10,16,103.57
2026-05-10,16,104.15
2026-05-10,17,93.93
2026-05-10,17,93.5
2026-05-10,18,99.52
2026-05-10,18,95.37
2026-05-10,19,98.15
2026-05-10,19,100.14
2026-05-10,20,96.8
2026-05-10,20,103.94
2026-05-10,21,95.97
2026-05-10,21,104.68
2026-05-10,22,98.59
2026-05-10,22,114.91
2026-05-10,23,98.54
2026-05-10,23,117.54
2026-05-10,24,93.68
2026-05-10,24,112.27
2026-05-10,25,113.77
2026-05-10,25,132.72
2026-05-10,26,105.04
2026-05-10,26,128.72
2026-05-10,27,95.47
2026-05-10,27,134.98
2026-05-10,28,89.41
2026-05-10,28,141.86
2026-05-10,29,108.12
2026-05-10,29,164.3
2026-05-10,30,92.24
2026-05-10,30,199.73
2026-05-10,31,85.55
2026-05-10,31,155.0
2026-05-10,32,72.31
2026-05-10,32,143.97
2026-05-10,33,90.0
2026-05-10,33,218.87
2026-05-10,34,75.47
2026-05-10,34,149.59
2026-05-10,35,50.79
2026-05-10,35,138.97
2026-05-10,36,11.03
2026-05-10,36,123.0
2026-05-10,37,33.59
2026-05-10,37,152.43
2026-05-10,38,9.96
2026-05-10,38,122.58
2026-05-10,39,1.15
2026-05-10,39,119.04
2026-05-10,40,0.02
2026-05-10,40,111.79
2026-05-10,41,0.07
2026-05-10,41,115.23
2026-05-10,42,0.0
2026-05-10,42,104.61
2026-05-10,43,-0.01
2026-05-10,43,99.46
2026-05-10,44,0.0
2026-05-10,44,92.69
2026-05-10,45,100.01
2026-05-10,46,0.13
2026-05-10,46,90.52
2026-05-10,47,0.23
2026-05-10,47,82.87
2026-05-10,48,0.34
2026-05-10,48,82.02
2026-05-10,49,0.23
2026-05-10,49,84.64
2026-05-10,50,0.35
2026-05-10,50,81.84
2026-05-10,51,0.5
2026-05-10,51,81.81
2026-05-10,52,0.77
2026-05-10,52,77.84
2026-05-10,53,0.44
2026-05-10,53,78.23
2026-05-10,54,-0.09
2026-05-10,54,77.84
2026-05-10,55,-0.39
2026-05-10,55,75.92
2026-05-10,56,-0.49
2026-05-10,56,71.9
2026-05-10,57,-0.48
2026-05-10,57,75.24
2026-05-10,58,-0.3
2026-05-10,58,75.22
2026-05-10,59,-0.48
2026-05-10,59,72.6
2026-05-10,60,0.03
2026-05-10,60,70.83
2026-05-10,61,-0.82
2026-05-10,61,74.06
2026-05-10,62,-0.11
2026-05-10,62,74.82
2026-05-10,63,-0.07
2026-05-10,63,71.59
2026-05-10,64,-0.01
2026-05-10,64,70.47
2026-05-10,65,-0.06
2026-05-10,65,97.04
2026-05-10,66,-0.02
2026-05-10,66,100.02
2026-05-10,67,0.36
2026-05-10,67,91.78
2026-05-10,68,8.52
2026-05-10,68,90.33
2026-05-10,69,7.4
2026-05-10,69,93.0
2026-05-10,70,44.35
2026-05-10,70,92.68
2026-05-10,71,70.64
2026-05-10,71,95.9
2026-05-10,72,88.73
2026-05-10,72,101.13
2026-05-10,73,68.46
2026-05-10,73,95.41
2026-05-10,74,86.01
2026-05-10,74,99.98
2026-05-10,75,97.5
2026-05-10,75,102.64
2026-05-10,76,99.48
2026-05-10,76,111.12
2026-05-10,77,93.56
2026-05-10,77,108.83
2026-05-10,78,105.76
2026-05-10,78,114.48
2026-05-10,79,109.04
2026-05-10,79,122.75
2026-05-10,80,115.67
2026-05-10,80,132.47
2026-05-10,81,113.76
2026-05-10,81,124.35
2026-05-10,82,118.04
2026-05-10,82,126.5
2026-05-10,83,121.74
2026-05-10,83,132.94
2026-05-10,84,127.64
2026-05-10,84,134.24
2026-05-10,85,118.41
2026-05-10,85,135.19
2026-05-10,86,122.33
2026-05-10,86,130.0
2026-05-10,87,120.44
2026-05-10,87,126.87
2026-05-10,88,118.02
2026-05-10,88,114.94
2026-05-10,89,117.4
2026-05-10,89,126.9
2026-05-10,90,113.5
2026-05-10,90,121.01
2026-05-10,91,116.59
2026-05-10,91,121.86
2026-05-10,92,111.95
2026-05-10,92,113.68
2026-05-10,93,111.17
2026-05-10,93,120.02
2026-05-10,94,106.36
2026-05-10,94,109.92
2026-05-10,95,107.06
2026-05-10,95,107.73
2026-05-10,96,100.87
2026-05-10,96,102.33
2026-05-11,1,110.57
2026-05-11,1,106.14
2026-05-11,2,95.15
2026-05-11,2,101.14
2026-05-11,3,102.73
2026-05-11,3,96.96
2026-05-11,4,98.67
2026-05-11,4,92.91
2026-05-11,5,100.17
2026-05-11,5,98.93
2026-05-11,6,94.08
2026-05-11,6,93.58
2026-05-11,7,92.54
2026-05-11,7,94.32
2026-05-11,8,87.45
2026-05-11,8,86.8
2026-05-11,9,90.61
2026-05-11,9,88.9
2026-05-11,10,97.12
2026-05-11,10,91.63
2026-05-11,11,96.55
2026-05-11,11,87.97
2026-05-11,12,99.83
2026-05-11,12,81.16
2026-05-11,13,97.03
2026-05-11,13,89.79
2026-05-11,14,98.74
2026-05-11,14,84.42
2026-05-11,15,102.9
2026-05-11,15,83.36
2026-05-11,16,104.15
2026-05-11,16,84.84
2026-05-11,17,93.5
2026-05-11,17,83.7
2026-05-11,18,95.37
2026-05-11,18,89.74
2026-05-11,19,100.14
2026-05-11,19,92.19
2026-05-11,20,103.94
2026-05-11,20,92.49
2026-05-11,21,104.68
2026-05-11,21,85.74
2026-05-11,22,114.91
2026-05-11,22,90.1
2026-05-11,23,117.54
2026-05-11,23,98.03
2026-05-11,24,112.27
2026-05-11,24,100.55
2026-05-11,25,132.72
2026-05-11,25,100.1
2026-05-11,26,128.72
2026-05-11,26,110.93
2026-05-11,27,134.98
2026-05-11,27,114.9
2026-05-11,28,141.86
2026-05-11,28,119.92
2026-05-11,29,164.3
2026-05-11,29,125.77
2026-05-11,30,199.73
2026-05-11,30,125.01
2026-05-11,31,155.0
2026-05-11,31,122.85
2026-05-11,32,143.97
2026-05-11,32,117.0
2026-05-11,33,218.87
2026-05-11,33,125.05
2026-05-11,34,149.59
2026-05-11,34,118.0
2026-05-11,35,138.97
2026-05-11,35,108.53
2026-05-11,36,123.0
2026-05-11,36,97.0
2026-05-11,37,152.43
2026-05-11,37,108.53
2026-05-11,38,122.58
2026-05-11,38,100.0
2026-05-11,39,119.04
2026-05-11,39,92.78
2026-05-11,40,111.79
2026-05-11,40,74.99
2026-05-11,41,115.23
2026-05-11,41,95.15
2026-05-11,42,104.61
2026-05-11,42,82.87
2026-05-11,43,99.46
2026-05-11,43,68.15
2026-05-11,44,92.69
2026-05-11,44,55.35
2026-05-11,45,100.01
2026-05-11,45,66.78
2026-05-11,46,90.52
2026-05-11,46,60.65
2026-05-11,47,82.87
2026-05-11,47,55.73
2026-05-11,48,82.02
2026-05-11,48,52.3
2026-05-11,49,84.64
2026-05-11,49,51.81
2026-05-11,50,81.84
2026-05-11,50,42.49
2026-05-11,51,81.81
2026-05-11,51,37.86
2026-05-11,52,77.84
2026-05-11,52,37.3
2026-05-11,53,78.23
2026-05-11,53,31.89
2026-05-11,54,77.84
2026-05-11,54,29.59
2026-05-11,55,75.92
2026-05-11,55,24.13
2026-05-11,56,71.9
2026-05-11,56,22.19
2026-05-11,57,75.24
2026-05-11,57,30.0
2026-05-11,58,75.22
2026-05-11,58,27.72
2026-05-11,59,72.6
2026-05-11,59,30.12
2026-05-11,60,70.83
2026-05-11,60,39.86
2026-05-11,61,74.06
2026-05-11,61,30.47
2026-05-11,62,74.82
2026-05-11,62,38.19
2026-05-11,63,71.59
2026-05-11,63,50.94
2026-05-11,64,70.47
2026-05-11,64,62.5
2026-05-11,65,97.04
2026-05-11,65,37.8
2026-05-11,66,100.02
2026-05-11,66,53.98
2026-05-11,67,91.78
2026-05-11,67,78.4
2026-05-11,68,90.33
2026-05-11,68,86.48
2026-05-11,69,93.0
2026-05-11,69,57.72
2026-05-11,70,92.68
2026-05-11,70,82.5
2026-05-11,71,95.9
2026-05-11,71,92.85
2026-05-11,72,101.13
2026-05-11,72,111.23
2026-05-11,73,95.41
2026-05-11,73,88.9
2026-05-11,74,99.98
2026-05-11,74,108.87
2026-05-11,75,102.64
2026-05-11,75,111.34
2026-05-11,76,111.12
2026-05-11,76,128.92
2026-05-11,77,108.83
2026-05-11,77,108.6
2026-05-11,78,114.48
2026-05-11,78,123.62
2026-05-11,79,122.75
2026-05-11,79,140.4
2026-05-11,80,132.47
2026-05-11,80,153.83
2026-05-11,81,124.35
2026-05-11,81,130.63
2026-05-11,82,126.5
2026-05-11,82,136.86
2026-05-11,83,132.94
2026-05-11,83,141.04
2026-05-11,84,134.24
2026-05-11,84,141.92
2026-05-11,85,135.19
2026-05-11,85,147.11
2026-05-11,86,130.0
2026-05-11,86,143.69
2026-05-11,87,126.87
2026-05-11,87,137.27
2026-05-11,88,114.94
2026-05-11,88,131.63
2026-05-11,89,126.9
2026-05-11,89,136.48
2026-05-11,90,121.01
2026-05-11,90,131.17
2026-05-11,91,121.86
2026-05-11,91,128.25
2026-05-11,92,113.68
2026-05-11,92,123.55
2026-05-11,93,120.02
2026-05-11,93,125.37
2026-05-11,94,109.92
2026-05-11,94,118.74
2026-05-11,95,107.73
2026-05-11,95,114.26
2026-05-11,96,102.33
2026-05-11,96,109.02
2026-05-12,1,106.14
2026-05-12,1,119.45
2026-05-12,2,101.14
2026-05-12,2,108.95
2026-05-12,3,96.96
2026-05-12,3,97.08
2026-05-12,4,92.91
2026-05-12,4,93.26
2026-05-12,5,98.93
2026-05-12,5,104.68
2026-05-12,6,93.58
2026-05-12,6,100.5
2026-05-12,7,94.32
2026-05-12,7,100.42
2026-05-12,8,86.8
2026-05-12,8,98.24
2026-05-12,9,88.9
2026-05-12,9,99.59
2026-05-12,10,91.63
2026-05-12,10,98.85
2026-05-12,11,87.97
2026-05-12,11,87.65
2026-05-12,12,81.16
2026-05-12,12,89.36
2026-05-12,13,89.79
2026-05-12,13,90.0
2026-05-12,14,84.42
2026-05-12,14,90.59
2026-05-12,15,83.36
2026-05-12,15,92.47
2026-05-12,16,84.84
2026-05-12,16,93.24
2026-05-12,17,83.7
2026-05-12,17,94.71
2026-05-12,18,89.74
2026-05-12,18,95.45
2026-05-12,19,92.19
2026-05-12,19,95.19
2026-05-12,20,92.49
2026-05-12,20,101.04
2026-05-12,21,85.74
2026-05-12,21,105.31
2026-05-12,22,90.1
2026-05-12,22,99.68
2026-05-12,23,98.03
2026-05-12,23,103.1
2026-05-12,24,100.55
2026-05-12,24,107.92
2026-05-12,25,100.1
2026-05-12,25,107.41
2026-05-12,26,110.93
2026-05-12,26,115.03
2026-05-12,27,114.9
2026-05-12,27,123.19
2026-05-12,28,119.92
2026-05-12,28,119.2
2026-05-12,29,125.77
2026-05-12,29,131.17
2026-05-12,30,125.01
2026-05-12,30,128.83
2026-05-12,31,122.85
2026-05-12,31,128.08
2026-05-12,32,117.0
2026-05-12,32,119.0
2026-05-12,33,125.05
2026-05-12,33,134.74
2026-05-12,34,118.0
2026-05-12,34,123.06
2026-05-12,35,108.53
2026-05-12,35,115.56
2026-05-12,36,97.0
2026-05-12,36,97.81
2026-05-12,37,108.53
2026-05-12,37,109.27
2026-05-12,38,100.0
2026-05-12,38,84.36
2026-05-12,39,92.78
2026-05-12,39,76.43
2026-05-12,40,74.99
2026-05-12,40,67.78
2026-05-12,41,95.15
2026-05-12,41,76.41
2026-05-12,42,82.87
2026-05-12,42,69.83
2026-05-12,43,68.15
2026-05-12,43,66.15
2026-05-12,44,55.35
2026-05-12,44,58.11
2026-05-12,45,66.78
2026-05-12,45,69.46
2026-05-12,46,60.65
2026-05-12,46,64.84
2026-05-12,47,55.73
2026-05-12,47,64.78
2026-05-12,48,52.3
2026-05-12,48,62.41
2026-05-12,49,51.81
2026-05-12,49,71.3
2026-05-12,50,42.49
2026-05-12,50,66.61
2026-05-12,51,37.86
2026-05-12,51,62.01
2026-05-12,52,37.3
2026-05-12,52,58.82
2026-05-12,53,31.89
2026-05-12,53,64.88
2026-05-12,54,29.59
2026-05-12,54,64.26
2026-05-12,55,24.13
2026-05-12,55,55.89
2026-05-12,56,22.19
2026-05-12,56,52.19
2026-05-12,57,30.0
2026-05-12,57,49.79
2026-05-12,58,27.72
2026-05-12,58,51.67
2026-05-12,59,30.12
2026-05-12,59,56.5
2026-05-12,60,39.86
2026-05-12,60,60.5
2026-05-12,61,30.47
2026-05-12,61,53.71
2026-05-12,62,38.19
2026-05-12,62,60.07
2026-05-12,63,50.94
2026-05-12,63,66.46
2026-05-12,64,62.5
2026-05-12,64,75.35
2026-05-12,65,37.8
2026-05-12,65,58.94
2026-05-12,66,53.98
2026-05-12,66,68.51
2026-05-12,67,78.4
2026-05-12,67,74.18
2026-05-12,68,86.48
2026-05-12,68,85.84
2026-05-12,69,57.72
2026-05-12,69,69.16
2026-05-12,70,82.5
2026-05-12,70,77.6
2026-05-12,71,92.85
2026-05-12,71,89.4
2026-05-12,72,111.23
2026-05-12,72,96.7
2026-05-12,73,88.9
2026-05-12,73,99.04
2026-05-12,74,108.87
2026-05-12,74,109.88
2026-05-12,75,111.34
2026-05-12,75,114.88
2026-05-12,76,128.92
2026-05-12,76,125.48
2026-05-12,77,108.6
2026-05-12,77,116.37
2026-05-12,78,123.62
2026-05-12,78,126.3
2026-05-12,79,140.4
2026-05-12,79,136.22
2026-05-12,80,153.83
2026-05-12,80,161.16
2026-05-12,81,130.63
2026-05-12,81,150.0
2026-05-12,82,136.86
2026-05-12,82,156.72
2026-05-12,83,141.04
2026-05-12,83,158.75
2026-05-12,84,141.92
2026-05-12,84,160.84
2026-05-12,85,147.11
2026-05-12,85,151.71
2026-05-12,86,143.69
2026-05-12,86,148.53
2026-05-12,87,137.27
2026-05-12,87,138.59
2026-05-12,88,131.63
2026-05-12,88,135.0
2026-05-12,89,136.48
2026-05-12,89,133.68
2026-05-12,90,131.17
2026-05-12,90,125.0
2026-05-12,91,128.25
2026-05-12,91,127.0
2026-05-12,92,123.55
2026-05-12,92,122.96
2026-05-12,93,125.37
2026-05-12,93,124.87
2026-05-12,94,118.74
2026-05-12,94,118.79
2026-05-12,95,114.26
2026-05-12,95,114.29
2026-05-12,96,109.02
2026-05-12,96,110.0
2026-05-13,1,119.45
2026-05-13,1,121.24
2026-05-13,2,108.95
2026-05-13,2,118.95
2026-05-13,3,97.08
2026-05-13,3,109.36
2026-05-13,4,93.26
2026-05-13,4,103.99
2026-05-13,5,104.68
2026-05-13,5,106.13
2026-05-13,6,100.5
2026-05-13,6,102.01
2026-05-13,7,100.42
2026-05-13,7,100.85
2026-05-13,8,98.24
2026-05-13,8,91.71
2026-05-13,9,99.59
2026-05-13,9,101.51
2026-05-13,10,98.85
2026-05-13,10,97.42
2026-05-13,11,87.65
2026-05-13,11,96.61
2026-05-13,12,89.36
2026-05-13,12,91.5
2026-05-13,13,90.0
2026-05-13,13,96.19
2026-05-13,14,90.59
2026-05-13,14,94.67
2026-05-13,15,92.47
2026-05-13,15,93.68
2026-05-13,16,93.24
2026-05-13,16,92.77
2026-05-13,17,94.71
2026-05-13,17,92.83
2026-05-13,18,95.45
2026-05-13,18,92.43
2026-05-13,19,95.19
2026-05-13,19,91.89
2026-05-13,20,101.04
2026-05-13,20,94.61
2026-05-13,21,105.31
2026-05-13,21,95.0
2026-05-13,22,99.68
2026-05-13,22,91.22
2026-05-13,23,103.1
2026-05-13,23,92.2
2026-05-13,24,107.92
2026-05-13,24,90.88
2026-05-13,25,107.41
2026-05-13,25,100.99
2026-05-13,26,115.03
2026-05-13,26,100.54
2026-05-13,27,123.19
2026-05-13,27,98.2
2026-05-13,28,119.2
2026-05-13,28,90.45
2026-05-13,29,131.17
2026-05-13,29,116.27
2026-05-13,30,128.83
2026-05-13,30,94.57
2026-05-13,31,128.08
2026-05-13,31,89.92
2026-05-13,32,119.0
2026-05-13,32,81.36
2026-05-13,33,134.74
2026-05-13,33,93.79
2026-05-13,34,123.06
2026-05-13,34,90.7
2026-05-13,35,115.56
2026-05-13,35,85.17
2026-05-13,36,97.81
2026-05-13,36,70.29
2026-05-13,37,109.27
2026-05-13,37,85.27
2026-05-13,38,84.36
2026-05-13,38,82.0
2026-05-13,39,76.43
2026-05-13,39,67.81
2026-05-13,40,67.78
2026-05-13,40,63.34
2026-05-13,41,76.41
2026-05-13,41,67.92
2026-05-13,42,69.83
2026-05-13,42,52.17
2026-05-13,43,66.15
2026-05-13,43,40.67
2026-05-13,44,58.11
2026-05-13,44,30.63
2026-05-13,45,69.46
2026-05-13,45,37.32
2026-05-13,46,64.84
2026-05-13,46,34.41
2026-05-13,47,64.78
2026-05-13,47,28.94
2026-05-13,48,62.41
2026-05-13,48,21.3
2026-05-13,49,71.3
2026-05-13,49,47.2
2026-05-13,50,66.61
2026-05-13,50,26.98
2026-05-13,51,62.01
2026-05-13,51,14.22
2026-05-13,52,58.82
2026-05-13,52,10.25
2026-05-13,53,64.88
2026-05-13,53,10.21
2026-05-13,54,64.26
2026-05-13,54,8.75
2026-05-13,55,55.89
2026-05-13,55,7.16
2026-05-13,56,52.19
2026-05-13,56,4.52
2026-05-13,57,49.79
2026-05-13,57,3.01
2026-05-13,58,51.67
2026-05-13,58,3.98
2026-05-13,59,56.5
2026-05-13,59,4.07
2026-05-13,60,60.5
2026-05-13,60,4.76
2026-05-13,61,53.71
2026-05-13,61,3.74
2026-05-13,62,60.07
2026-05-13,62,6.11
2026-05-13,63,66.46
2026-05-13,63,14.59
2026-05-13,64,75.35
2026-05-13,64,33.11
2026-05-13,65,58.94
2026-05-13,65,20.39
2026-05-13,66,68.51
2026-05-13,66,47.72
2026-05-13,67,74.18
2026-05-13,67,69.47
2026-05-13,68,85.84
2026-05-13,68,89.58
2026-05-13,69,69.16
2026-05-13,69,51.87
2026-05-13,70,77.6
2026-05-13,70,77.65
2026-05-13,71,89.4
2026-05-13,71,88.32
2026-05-13,72,96.7
2026-05-13,72,107.35
2026-05-13,73,99.04
2026-05-13,73,91.52
2026-05-13,74,109.88
2026-05-13,74,105.58
2026-05-13,75,114.88
2026-05-13,75,116.78
2026-05-13,76,125.48
2026-05-13,76,130.57
2026-05-13,77,116.37
2026-05-13,77,117.25
2026-05-13,78,126.3
2026-05-13,78,127.17
2026-05-13,79,136.22
2026-05-13,79,136.0
2026-05-13,80,161.16
2026-05-13,80,143.58
2026-05-13,81,150.0
2026-05-13,81,142.17
2026-05-13,82,156.72
2026-05-13,82,147.68
2026-05-13,83,158.75
2026-05-13,83,152.37
2026-05-13,84,160.84
2026-05-13,84,191.1
2026-05-13,85,151.71
2026-05-13,85,146.76
2026-05-13,86,148.53
2026-05-13,86,153.95
2026-05-13,87,138.59
2026-05-13,87,152.39
2026-05-13,88,135.0
2026-05-13,88,155.87
2026-05-13,89,133.68
2026-05-13,89,150.87
2026-05-13,90,125.0
2026-05-13,90,137.54
2026-05-13,91,127.0
2026-05-13,91,133.44
2026-05-13,92,122.96
2026-05-13,92,128.12
2026-05-13,93,124.87
2026-05-13,93,131.51
2026-05-13,94,118.79
2026-05-13,94,126.53
2026-05-13,95,114.29
2026-05-13,95,122.95
2026-05-13,96,110.0
2026-05-13,96,118.65
2026-05-16,1,139.39
2026-05-16,1,128.47
2026-05-16,2,127.07
2026-05-16,2,122.19
2026-05-16,3,112.31
2026-05-16,3,114.79
2026-05-16,4,108.74
2026-05-16,4,112.65
2026-05-16,5,114.23
2026-05-16,5,121.29
2026-05-16,6,109.12
2026-05-16,6,114.81
2026-05-16,7,114.46
2026-05-16,7,112.63
2026-05-16,8,111.45
2026-05-16,8,111.16
2026-05-16,9,113.88
2026-05-16,9,114.17
2026-05-16,10,108.15
2026-05-16,10,111.92
2026-05-16,11,107.61
2026-05-16,11,108.46
2026-05-16,12,104.45
2026-05-16,12,107.32
2026-05-16,13,108.21
2026-05-16,13,106.25
2026-05-16,14,106.61
2026-05-16,14,107.8
2026-05-16,15,109.99
2026-05-16,15,108.38
2026-05-16,16,109.69
2026-05-16,16,109.67
2026-05-16,17,109.76
2026-05-16,17,105.32
2026-05-16,18,108.58
2026-05-16,18,104.89
2026-05-16,19,107.54
2026-05-16,19,102.92
2026-05-16,20,109.64
2026-05-16,20,103.22
2026-05-16,21,102.7
2026-05-16,22,105.51
2026-05-16,22,102.35
2026-05-16,23,102.62
2026-05-16,23,100.95
2026-05-16,24,101.76
2026-05-16,24,98.43
2026-05-16,25,106.18
2026-05-16,25,101.08
2026-05-16,26,102.69
2026-05-16,26,98.45
2026-05-16,27,101.46
2026-05-16,27,92.59
2026-05-16,28,97.6
2026-05-16,28,88.41
2026-05-16,29,104.06
2026-05-16,29,96.56
2026-05-16,30,99.13
2026-05-16,30,85.88
2026-05-16,31,94.68
2026-05-16,31,68.3
2026-05-16,32,83.09
2026-05-16,32,61.59
2026-05-16,33,93.11
2026-05-16,33,81.11
2026-05-16,34,85.19
2026-05-16,34,62.49
2026-05-16,35,77.97
2026-05-16,35,48.96
2026-05-16,36,60.23
2026-05-16,36,16.82
2026-05-16,37,73.58
2026-05-16,37,38.47
2026-05-16,38,53.06
2026-05-16,38,22.3
2026-05-16,39,16.82
2026-05-16,39,9.99
2026-05-16,40,7.17
2026-05-16,40,6.35
2026-05-16,41,12.52
2026-05-16,41,8.07
2026-05-16,42,2.98
2026-05-16,42,4.51
2026-05-16,43,0.44
2026-05-16,43,1.34
2026-05-16,44,0.21
2026-05-16,44,0.04
2026-05-16,45,0.55
2026-05-16,45,2.0
2026-05-16,46,0.19
2026-05-16,47,0.5
2026-05-16,47,0.05
2026-05-16,48,0.64
2026-05-16,48,0.0
2026-05-16,49,0.29
2026-05-16,49,1.34
2026-05-16,50,0.25
2026-05-16,50,2.73
2026-05-16,51,-0.17
2026-05-16,51,2.72
2026-05-16,52,-0.56
2026-05-16,52,0.12
2026-05-16,53,-0.87
2026-05-16,53,0.0
2026-05-16,54,-0.83
2026-05-16,55,-0.85
2026-05-16,56,-0.81
2026-05-16,57,-0.77
2026-05-16,59,-0.76
2026-05-16,59,0.08
2026-05-16,60,-0.64
2026-05-16,60,6.46
2026-05-16,61,-0.63
2026-05-16,61,5.81
2026-05-16,62,-0.42
2026-05-16,62,8.32
2026-05-16,63,-0.36
2026-05-16,63,17.66
2026-05-16,64,-0.07
2026-05-16,64,43.94
2026-05-16,65,-0.08
2026-05-16,65,13.56
2026-05-16,66,0.06
2026-05-16,66,37.43
2026-05-16,67,0.3
2026-05-16,67,71.3
2026-05-16,68,16.18
2026-05-16,68,103.11
2026-05-16,69,5.18
2026-05-16,69,69.37
2026-05-16,70,35.9
2026-05-16,70,90.66
2026-05-16,71,74.11
2026-05-16,71,111.79
2026-05-16,72,91.63
2026-05-16,72,129.11
2026-05-16,73,62.44
2026-05-16,73,107.63
2026-05-16,74,86.56
2026-05-16,74,125.7
2026-05-16,75,113.77
2026-05-16,75,137.47
2026-05-16,76,122.22
2026-05-16,76,144.31
2026-05-16,77,104.1
2026-05-16,77,134.62
2026-05-16,78,117.25
2026-05-16,78,141.72
2026-05-16,79,126.89
2026-05-16,79,146.37
2026-05-16,80,134.0
2026-05-16,80,147.66
2026-05-16,81,132.99
2026-05-16,81,144.55
2026-05-16,82,138.0
2026-05-16,82,150.49
2026-05-16,83,140.95
2026-05-16,83,151.52
2026-05-16,84,145.65
2026-05-16,84,148.32
2026-05-16,85,143.24
2026-05-16,85,157.42
2026-05-16,86,141.01
2026-05-16,86,151.95
2026-05-16,87,138.98
2026-05-16,87,148.61
2026-05-16,88,141.9
2026-05-16,88,147.04
2026-05-16,89,138.0
2026-05-16,89,153.07
2026-05-16,90,136.2
2026-05-16,90,146.56
2026-05-16,91,134.13
2026-05-16,91,145.27
2026-05-16,92,130.69
2026-05-16,92,143.13
2026-05-16,93,126.84
2026-05-16,93,143.87
2026-05-16,94,124.85
2026-05-16,94,139.47
2026-05-16,95,124.13
2026-05-16,95,139.73
2026-05-16,96,115.74
2026-05-16,96,129.85
2026-05-17,1,128.47
2026-05-17,1,134.33
2026-05-17,2,122.19
2026-05-17,2,129.76
2026-05-17,3,114.79
2026-05-17,3,124.5
2026-05-17,4,112.65
2026-05-17,4,120.26
2026-05-17,5,121.29
2026-05-17,5,124.41
2026-05-17,6,114.81
2026-05-17,6,120.07
2026-05-17,7,112.63
2026-05-17,7,119.52
2026-05-17,8,111.16
2026-05-17,8,117.78
2026-05-17,9,114.17
2026-05-17,9,119.73
2026-05-17,10,111.92
2026-05-17,10,120.49
2026-05-17,11,108.46
2026-05-17,11,120.41
2026-05-17,12,107.32
2026-05-17,12,120.26
2026-05-17,13,106.25
2026-05-17,13,120.86
2026-05-17,14,107.8
2026-05-17,14,119.35
2026-05-17,15,108.38
2026-05-17,15,120.07
2026-05-17,16,109.67
2026-05-17,16,120.19
2026-05-17,17,105.32
2026-05-17,17,120.34
2026-05-17,18,104.89
2026-05-17,18,121.77
2026-05-17,19,102.92
2026-05-17,19,122.78
2026-05-17,20,103.22
2026-05-17,20,127.24
2026-05-17,21,102.7
2026-05-17,21,120.7
2026-05-17,22,102.35
2026-05-17,22,127.65
2026-05-17,23,100.95
2026-05-17,23,132.34
2026-05-17,24,98.43
2026-05-17,24,140.24
2026-05-17,25,101.08
2026-05-17,25,137.53
2026-05-17,26,98.45
2026-05-17,26,143.08
2026-05-17,27,92.59
2026-05-17,27,146.75
2026-05-17,28,88.41
2026-05-17,28,154.9
2026-05-17,29,96.56
2026-05-17,29,176.02
2026-05-17,30,85.88
2026-05-17,30,161.29
2026-05-17,31,68.3
2026-05-17,31,158.62
2026-05-17,32,61.59
2026-05-17,32,148.33
2026-05-17,33,81.11
2026-05-17,33,190.04
2026-05-17,34,62.49
2026-05-17,34,196.03
2026-05-17,35,48.96
2026-05-17,35,177.05
2026-05-17,36,16.82
2026-05-17,36,148.4
2026-05-17,37,38.47
2026-05-17,37,145.89
2026-05-17,38,22.3
2026-05-17,38,164.76
2026-05-17,39,9.99
2026-05-17,39,134.63
2026-05-17,40,6.35
2026-05-17,40,130.0
2026-05-17,41,8.07
2026-05-17,41,135.0
2026-05-17,42,4.51
2026-05-17,42,142.69
2026-05-17,43,1.34
2026-05-17,43,117.27
2026-05-17,44,0.04
2026-05-17,44,109.68
2026-05-17,45,2.0
2026-05-17,45,109.31
2026-05-17,46,0.19
2026-05-17,46,114.05
2026-05-17,47,0.05
2026-05-17,47,105.4
2026-05-17,48,0.0
2026-05-17,48,98.76
2026-05-17,49,1.34
2026-05-17,49,115.16
2026-05-17,50,2.73
2026-05-17,50,97.73
2026-05-17,51,2.72
2026-05-17,51,94.78
2026-05-17,52,0.12
2026-05-17,52,89.47
2026-05-17,53,0.0
2026-05-17,53,98.56
2026-05-17,54,89.13
2026-05-17,55,89.31
2026-05-17,56,83.2
2026-05-17,57,84.22
2026-05-17,58,90.14
2026-05-17,59,0.08
2026-05-17,59,92.4
2026-05-17,60,6.46
2026-05-17,60,93.63
2026-05-17,61,5.81
2026-05-17,61,94.54
2026-05-17,62,8.32
2026-05-17,62,96.29
2026-05-17,63,17.66
2026-05-17,63,116.19
2026-05-17,64,43.94
2026-05-17,64,97.5
2026-05-17,65,13.56
2026-05-17,65,90.14
2026-05-17,66,37.43
2026-05-17,66,96.37
2026-05-17,67,71.3
2026-05-17,67,105.31
2026-05-17,68,103.11
2026-05-17,68,117.18
2026-05-17,69,69.37
2026-05-17,69,103.42
2026-05-17,70,90.66
2026-05-17,70,113.44
2026-05-17,71,111.79
2026-05-17,71,126.87
2026-05-17,72,129.11
2026-05-17,72,143.67
2026-05-17,73,107.63
2026-05-17,73,121.65
2026-05-17,74,125.7
2026-05-17,74,131.26
2026-05-17,75,137.47
2026-05-17,75,139.0
2026-05-17,76,144.31
2026-05-17,76,157.98
2026-05-17,77,134.62
2026-05-17,77,125.94
2026-05-17,78,141.72
2026-05-17,78,147.0
2026-05-17,79,146.37
2026-05-17,79,174.78
2026-05-17,80,147.66
2026-05-17,80,229.82
2026-05-17,81,144.55
2026-05-17,81,193.31
2026-05-17,82,150.49
2026-05-17,82,207.48
2026-05-17,83,151.52
2026-05-17,83,228.26
2026-05-17,84,148.32
2026-05-17,84,220.29
2026-05-17,85,157.42
2026-05-17,85,237.25
2026-05-17,86,151.95
2026-05-17,86,199.55
2026-05-17,87,148.61
2026-05-17,87,176.95
2026-05-17,88,147.04
2026-05-17,88,152.5
2026-05-17,89,153.07
2026-05-17,89,164.46
2026-05-17,90,146.56
2026-05-17,90,151.47
2026-05-17,91,145.27
2026-05-17,91,148.52
2026-05-17,92,143.13
2026-05-17,92,141.09
2026-05-17,93,143.87
2026-05-17,93,147.31
2026-05-17,94,139.47
2026-05-17,94,137.82
2026-05-17,95,139.73
2026-05-17,95,137.12
2026-05-17,96,129.85
2026-05-17,96,128.89
2026-05-18,1,134.33
2026-05-18,1,146.53
2026-05-18,2,129.76
2026-05-18,2,136.47
2026-05-18,3,124.5
2026-05-18,3,130.62
2026-05-18,4,120.26
2026-05-18,4,127.2
2026-05-18,5,124.41
2026-05-18,5,133.93
2026-05-18,6,120.07
2026-05-18,6,124.82
2026-05-18,7,119.52
2026-05-18,7,123.01
2026-05-18,8,117.78
2026-05-18,8,120.62
2026-05-18,9,119.73
2026-05-18,9,124.0
2026-05-18,10,120.49
2026-05-18,10,120.0
2026-05-18,11,120.41
2026-05-18,11,120.91
2026-05-18,12,120.26
2026-05-18,12,120.65
2026-05-18,13,120.86
2026-05-18,13,120.28
2026-05-18,14,119.35
2026-05-18,14,119.06
2026-05-18,15,120.07
2026-05-18,15,119.91
2026-05-18,16,120.19
2026-05-18,16,119.26
2026-05-18,17,120.34
2026-05-18,17,115.76
2026-05-18,18,121.77
2026-05-18,18,115.55
2026-05-18,19,122.78
2026-05-18,19,120.83
2026-05-18,20,127.24
2026-05-18,20,124.75
2026-05-18,21,120.7
2026-05-18,21,120.0
2026-05-18,22,127.65
2026-05-18,22,124.16
2026-05-18,23,132.34
2026-05-18,23,126.0
2026-05-18,24,140.24
2026-05-18,24,131.6
2026-05-18,25,137.53
2026-05-18,25,132.16
2026-05-18,26,143.08
2026-05-18,26,144.44
2026-05-18,27,146.75
2026-05-18,27,144.15
2026-05-18,28,154.9
2026-05-18,28,135.24
2026-05-18,29,176.02
2026-05-18,29,150.71
2026-05-18,30,161.29
2026-05-18,30,137.34
2026-05-18,31,158.62
2026-05-18,31,132.44
2026-05-18,32,148.33
2026-05-18,32,117.6
2026-05-18,33,190.04
2026-05-18,33,138.15
2026-05-18,34,196.03
2026-05-18,34,125.42
2026-05-18,35,177.05
2026-05-18,35,111.89
2026-05-18,36,148.4
2026-05-18,36,100.83
2026-05-18,37,145.89
2026-05-18,37,123.92
2026-05-18,38,164.76
2026-05-18,38,113.36
2026-05-18,39,134.63
2026-05-18,39,98.21
2026-05-18,40,130.0
2026-05-18,40,82.25
2026-05-18,41,135.0
2026-05-18,41,96.23
2026-05-18,42,142.69
2026-05-18,42,90.08
2026-05-18,43,117.27
2026-05-18,43,79.57
2026-05-18,44,109.68
2026-05-18,44,74.13
2026-05-18,45,109.31
2026-05-18,45,79.04
2026-05-18,46,114.05
2026-05-18,46,74.03
2026-05-18,47,105.4
2026-05-18,47,69.99
2026-05-18,48,98.76
2026-05-18,48,65.06
2026-05-18,49,115.16
2026-05-18,49,67.87
2026-05-18,50,97.73
2026-05-18,50,66.91
2026-05-18,51,94.78
2026-05-18,51,59.89
2026-05-18,52,89.47
2026-05-18,52,57.5
2026-05-18,53,98.56
2026-05-18,53,65.77
2026-05-18,54,89.13
2026-05-18,54,65.36
2026-05-18,55,89.31
2026-05-18,55,65.68
2026-05-18,56,83.2
2026-05-18,56,64.22
2026-05-18,57,84.22
2026-05-18,57,51.88
2026-05-18,58,90.14
2026-05-18,58,59.19
2026-05-18,59,92.4
2026-05-18,59,62.76
2026-05-18,60,93.63
2026-05-18,60,66.44
2026-05-18,61,94.54
2026-05-18,61,64.89
2026-05-18,62,96.29
2026-05-18,62,70.41
2026-05-18,63,116.19
2026-05-18,63,79.83
2026-05-18,64,97.5
2026-05-18,64,85.48
2026-05-18,65,90.14
2026-05-18,65,70.73
2026-05-18,66,96.37
2026-05-18,66,77.79
2026-05-18,67,105.31
2026-05-18,67,83.65
2026-05-18,68,117.18
2026-05-18,68,91.1
2026-05-18,69,103.42
2026-05-18,69,90.63
2026-05-18,70,113.44
2026-05-18,70,97.42
2026-05-18,71,126.87
2026-05-18,71,112.45
2026-05-18,72,143.67
2026-05-18,72,118.69
2026-05-18,73,121.65
2026-05-18,73,113.22
2026-05-18,74,131.26
2026-05-18,74,121.69
2026-05-18,75,139.0
2026-05-18,75,130.85
2026-05-18,76,157.98
2026-05-18,76,129.46
2026-05-18,77,125.94
2026-05-18,77,119.24
2026-05-18,78,147.0
2026-05-18,78,128.75
2026-05-18,79,174.78
2026-05-18,79,143.37
2026-05-18,80,229.82
2026-05-18,80,176.63
2026-05-18,81,193.31
2026-05-18,81,152.36
2026-05-18,82,207.48
2026-05-18,82,157.18
2026-05-18,83,228.26
2026-05-18,83,157.72
2026-05-18,84,220.29
2026-05-18,84,154.42
2026-05-18,85,237.25
2026-05-18,85,157.02
2026-05-18,86,199.55
2026-05-18,86,139.52
2026-05-18,87,176.95
2026-05-18,87,134.6
2026-05-18,88,152.5
2026-05-18,88,125.26
2026-05-18,89,164.46
2026-05-18,89,145.21
2026-05-18,90,151.47
2026-05-18,90,130.65
2026-05-18,91,148.52
2026-05-18,91,129.25
2026-05-18,92,141.09
2026-05-18,92,122.28
2026-05-18,93,147.31
2026-05-18,93,131.3
2026-05-18,94,137.82
2026-05-18,94,118.1
2026-05-18,95,137.12
2026-05-18,95,120.22
2026-05-18,96,128.89
2026-05-18,96,109.95
2026-05-19,1,146.53
2026-05-19,1,127.05
2026-05-19,2,136.47
2026-05-19,2,116.21
2026-05-19,3,130.62
2026-05-19,3,104.09
2026-05-19,4,127.2
2026-05-19,4,92.36
2026-05-19,5,133.93
2026-05-19,5,113.02
2026-05-19,6,124.82
2026-05-19,6,107.33
2026-05-19,7,123.01
2026-05-19,7,101.73
2026-05-19,8,120.62
2026-05-19,8,94.75
2026-05-19,9,124.0
2026-05-19,9,102.53
2026-05-19,10,120.0
2026-05-19,10,95.07
2026-05-19,11,120.91
2026-05-19,11,90.51
2026-05-19,12,120.65
2026-05-19,12,87.83
2026-05-19,13,120.28
2026-05-19,13,92.5
2026-05-19,14,119.06
2026-05-19,14,91.08
2026-05-19,15,119.91
2026-05-19,15,85.47
2026-05-19,16,119.26
2026-05-19,16,82.92
2026-05-19,17,115.76
2026-05-19,17,87.36
2026-05-19,18,115.55
2026-05-19,18,83.08
2026-05-19,19,120.83
2026-05-19,19,83.83
2026-05-19,20,124.75
2026-05-19,20,89.9
2026-05-19,21,120.0
2026-05-19,21,85.71
2026-05-19,22,124.16
2026-05-19,22,92.75
2026-05-19,23,126.0
2026-05-19,23,99.49
2026-05-19,24,131.6
2026-05-19,24,109.05
2026-05-19,25,132.16
2026-05-19,25,103.21
2026-05-19,26,144.44
2026-05-19,26,117.79
2026-05-19,27,144.15
2026-05-19,27,117.57
2026-05-19,28,135.24
2026-05-19,28,114.89
2026-05-19,29,150.71
2026-05-19,29,129.46
2026-05-19,30,137.34
2026-05-19,30,128.76
2026-05-19,31,132.44
2026-05-19,31,119.19
2026-05-19,32,117.6
2026-05-19,32,113.23
2026-05-19,33,138.15
2026-05-19,33,135.04
2026-05-19,34,125.42
2026-05-19,34,125.85
2026-05-19,35,111.89
2026-05-19,35,114.73
2026-05-19,36,100.83
2026-05-19,36,100.07
2026-05-19,37,123.92
2026-05-19,37,106.6
2026-05-19,38,113.36
2026-05-19,38,96.1
2026-05-19,39,98.21
2026-05-19,39,85.61
2026-05-19,40,82.25
2026-05-19,40,72.95
2026-05-19,41,96.23
2026-05-19,41,73.98
2026-05-19,42,90.08
2026-05-19,42,66.89
2026-05-19,43,79.57
2026-05-19,43,65.45
2026-05-19,44,74.13
2026-05-19,44,59.23
2026-05-19,45,79.04
2026-05-19,45,63.26
2026-05-19,46,74.03
2026-05-19,46,53.54
2026-05-19,47,69.99
2026-05-19,47,54.31
2026-05-19,48,65.06
2026-05-19,48,45.69
2026-05-19,49,67.87
2026-05-19,49,59.6
2026-05-19,50,66.91
2026-05-19,50,47.18
2026-05-19,51,59.89
2026-05-19,51,42.48
2026-05-19,52,57.5
2026-05-19,52,33.92
2026-05-19,53,65.77
2026-05-19,53,42.57
2026-05-19,54,65.36
2026-05-19,54,34.91
2026-05-19,55,65.68
2026-05-19,55,29.94
2026-05-19,56,64.22
2026-05-19,56,20.68
2026-05-19,57,51.88
2026-05-19,57,19.64
2026-05-19,58,59.19
2026-05-19,58,21.58
2026-05-19,59,62.76
2026-05-19,59,25.8
2026-05-19,60,66.44
2026-05-19,60,29.21
2026-05-19,61,64.89
2026-05-19,61,22.64
2026-05-19,62,70.41
2026-05-19,62,27.79
2026-05-19,63,79.83
2026-05-19,63,35.2
2026-05-19,64,85.48
2026-05-19,64,45.72
2026-05-19,65,70.73
2026-05-19,65,12.93
2026-05-19,66,77.79
2026-05-19,66,43.09
2026-05-19,67,83.65
2026-05-19,67,60.85
2026-05-19,68,91.1
2026-05-19,68,69.98
2026-05-19,69,90.63
2026-05-19,69,52.51
2026-05-19,70,97.42
2026-05-19,70,69.5
2026-05-19,71,112.45
2026-05-19,71,77.23
2026-05-19,72,118.69
2026-05-19,72,87.96
2026-05-19,73,113.22
2026-05-19,73,76.84
2026-05-19,74,121.69
2026-05-19,74,91.19
2026-05-19,75,130.85
2026-05-19,75,111.78
2026-05-19,76,129.46
2026-05-19,76,129.77
2026-05-19,77,119.24
2026-05-19,77,104.21
2026-05-19,78,128.75
2026-05-19,78,125.25
2026-05-19,79,143.37
2026-05-19,79,134.28
2026-05-19,80,176.63
2026-05-19,80,155.46
2026-05-19,81,152.36
2026-05-19,81,129.21
2026-05-19,82,157.18
2026-05-19,82,154.02
2026-05-19,83,157.72
2026-05-19,83,165.01
2026-05-19,84,154.42
2026-05-19,84,175.47
2026-05-19,85,157.02
2026-05-19,85,174.72
2026-05-19,86,139.52
2026-05-19,86,165.37
2026-05-19,87,134.6
2026-05-19,87,157.12
2026-05-19,88,125.26
2026-05-19,88,143.79
2026-05-19,89,145.21
2026-05-19,89,164.47
2026-05-19,90,130.65
2026-05-19,90,149.33
2026-05-19,91,129.25
2026-05-19,91,143.21
2026-05-19,92,122.28
2026-05-19,92,133.55
2026-05-19,93,131.3
2026-05-19,93,139.11
2026-05-19,94,118.1
2026-05-19,94,135.68
2026-05-19,95,120.22
2026-05-19,95,131.18
2026-05-19,96,109.95
2026-05-19,96,126.62
2026-05-20,1,127.05
2026-05-20,1,138.39
2026-05-20,2,116.21
2026-05-20,2,131.96
2026-05-20,3,104.09
2026-05-20,3,123.49
2026-05-20,4,92.36
2026-05-20,4,119.19
2026-05-20,5,113.02
2026-05-20,5,123.09
2026-05-20,6,107.33
2026-05-20,6,117.26
2026-05-20,7,101.73
2026-05-20,7,115.54
2026-05-20,8,94.75
2026-05-20,8,112.61
2026-05-20,9,102.53
2026-05-20,9,113.06
2026-05-20,10,95.07
2026-05-20,10,110.99
2026-05-20,11,90.51
2026-05-20,11,110.01
2026-05-20,12,87.83
2026-05-20,12,109.2
2026-05-20,13,92.5
2026-05-20,13,110.35
2026-05-20,14,91.08
2026-05-20,14,109.9
2026-05-20,15,85.47
2026-05-20,15,110.4
2026-05-20,16,82.92
2026-05-20,16,110.72
2026-05-20,17,87.36
2026-05-20,17,106.92
2026-05-20,18,83.08
2026-05-20,18,109.54
2026-05-20,19,83.83
2026-05-20,19,113.34
2026-05-20,20,89.9
2026-05-20,20,118.05
2026-05-20,21,85.71
2026-05-20,21,112.15
2026-05-20,22,92.75
2026-05-20,22,116.23
2026-05-20,23,99.49
2026-05-20,23,127.17
2026-05-20,24,109.05
2026-05-20,24,130.89
2026-05-20,25,103.21
2026-05-20,25,130.2
2026-05-20,26,117.79
2026-05-20,26,138.89
2026-05-20,27,117.57
2026-05-20,27,139.8
2026-05-20,28,114.89
2026-05-20,28,139.55
2026-05-20,29,129.46
2026-05-20,29,150.12
2026-05-20,30,128.76
2026-05-20,30,143.77
2026-05-20,31,119.19
2026-05-20,31,136.57
2026-05-20,32,113.23
2026-05-20,32,134.84
2026-05-20,33,135.04
2026-05-20,33,171.91
2026-05-20,34,125.85
2026-05-20,34,148.79
2026-05-20,35,114.73
2026-05-20,35,127.46
2026-05-20,36,100.07
2026-05-20,36,118.84
2026-05-20,37,106.6
2026-05-20,37,207.8
2026-05-20,38,96.1
2026-05-20,38,120.0
2026-05-20,39,85.61
2026-05-20,39,113.0
2026-05-20,40,72.95
2026-05-20,40,110.0
2026-05-20,41,73.98
2026-05-20,41,86.18
2026-05-20,42,66.89
2026-05-20,42,84.11
2026-05-20,43,65.45
2026-05-20,43,73.27
2026-05-20,44,59.23
2026-05-20,44,51.06
2026-05-20,45,63.26
2026-05-20,45,59.22
2026-05-20,46,53.54
2026-05-20,46,44.6
2026-05-20,47,54.31
2026-05-20,47,24.93
2026-05-20,48,45.69
2026-05-20,48,12.26
2026-05-20,49,59.6
2026-05-20,49,12.35
2026-05-20,50,47.18
2026-05-20,50,9.17
2026-05-20,51,42.48
2026-05-20,52,33.92
2026-05-20,52,7.31
2026-05-20,53,42.57
2026-05-20,53,7.83
2026-05-20,54,34.91
2026-05-20,54,6.54
2026-05-20,55,29.94
2026-05-20,55,4.52
2026-05-20,56,20.68
2026-05-20,56,3.36
2026-05-20,57,19.64
2026-05-20,57,3.59
2026-05-20,58,21.58
2026-05-20,58,6.54
2026-05-20,59,25.8
2026-05-20,59,6.72
2026-05-20,60,29.21
2026-05-20,60,8.49
2026-05-20,61,22.64
2026-05-20,61,7.34
2026-05-20,62,27.79
2026-05-20,62,16.19
2026-05-20,63,35.2
2026-05-20,63,37.67
2026-05-20,64,45.72
2026-05-20,64,52.32
2026-05-20,65,12.93
2026-05-20,65,22.75
2026-05-20,66,43.09
2026-05-20,66,55.56
2026-05-20,67,60.85
2026-05-20,67,74.81
2026-05-20,68,69.98
2026-05-20,68,83.57
2026-05-20,69,52.51
2026-05-20,69,78.19
2026-05-20,70,69.5
2026-05-20,70,112.26
2026-05-20,71,77.23
2026-05-20,71,124.83
2026-05-20,72,87.96
2026-05-20,72,173.8
2026-05-20,73,76.84
2026-05-20,73,111.95
2026-05-20,74,91.19
2026-05-20,74,136.18
2026-05-20,75,111.78
2026-05-20,75,134.21
2026-05-20,76,129.77
2026-05-20,76,145.21
2026-05-20,77,104.21
2026-05-20,77,133.79
2026-05-20,78,125.25
2026-05-20,78,144.09
2026-05-20,79,134.28
2026-05-20,79,153.38
2026-05-20,80,155.46
2026-05-20,80,183.63
2026-05-20,81,129.21
2026-05-20,81,162.87
2026-05-20,82,154.02
2026-05-20,82,174.99
2026-05-20,83,165.01
2026-05-20,83,204.97
2026-05-20,84,175.47
2026-05-20,84,215.22
2026-05-20,85,174.72
2026-05-20,85,204.04
2026-05-20,86,165.37
2026-05-20,86,185.46
2026-05-20,87,157.12
2026-05-20,87,172.56
2026-05-20,88,143.79
2026-05-20,88,157.46
2026-05-20,89,164.47
2026-05-20,89,186.14
2026-05-20,90,149.33
2026-05-20,90,158.45
2026-05-20,91,143.21
2026-05-20,91,150.68
2026-05-20,92,133.55
2026-05-20,92,146.64
2026-05-20,93,139.11
2026-05-20,93,148.04
2026-05-20,94,135.68
2026-05-20,94,143.31
2026-05-20,95,131.18
2026-05-20,95,143.19
2026-05-20,96,126.62
2026-05-20,96,143.64
