datetime,load_mw
2026-01-01 00:00:00,4004.8
2026-01-01 01:00:00,3999.5
2026-01-01 02:00:00,3622.4
2026-01-01 03:00:00,3913.9
2026-01-01 04:00:00,3743.6
2026-01-01 05:00:00,3582.0
2026-01-01 06:00:00,3562.6
2026-01-01 07:00:00,3653.5
2026-01-01 08:00:00,3634.9
2026-01-01 09:00:00,3719.3
2026-01-01 10:00:00,3936.4
2026-01-01 11:00:00,4032.3
2026-01-01 12:00:00,4092.3
2026-01-01 13:00:00,4219.1
2026-01-01 14:00:00,4369.3
2026-01-01 15:00:00,4379.8
2026-01-01 16:00:00,4484.5
2026-01-01 17:00:00,4648.7
2026-01-01 18:00:00,4584.3
2026-01-01 19:00:00,4417.9
2026-01-01 20:00:00,4475.6
2026-01-01 21:00:00,4532.2
2026-01-01 22:00:00,4322.0
2026-01-01 23:00:00,4211.4
2026-01-02 00:00:00,4176.9
2026-01-02 01:00:00,4189.4
2026-01-02 02:00:00,3764.3
2026-01-02 03:00:00,3908.1
2026-01-02 04:00:00,3519.2
2026-01-02 05:00:00,3637.8
2026-01-02 06:00:00,3459.4
2026-01-02 07:00:00,3779.0
2026-01-02 08:00:00,3766.8
2026-01-02 09:00:00,3882.7
2026-01-02 10:00:00,3743.5
2026-01-02 11:00:00,4052.5
2026-01-02 12:00:00,4037.4
2026-01-02 13:00:00,4174.2
2026-01-02 14:00:00,4410.5
2026-01-02 15:00:00,4558.4
2026-01-02 16:00:00,4557.2
2026-01-02 17:00:00,4507.2
2026-01-02 18:00:00,4500.5
2026-01-02 19:00:00,4755.9
2026-01-02 20:00:00,4603.8
2026-01-02 21:00:00,4539.5
2026-01-02 22:00:00,4611.5
2026-01-02 23:00:00,4131.0
2026-01-03 00:00:00,4406.6
2026-01-03 01:00:00,4348.1
2026-01-03 02:00:00,4043.6
2026-01-03 03:00:00,3845.1
2026-01-03 04:00:00,3586.7
2026-01-03 05:00:00,3735.7
2026-01-03 06:00:00,3546.2
2026-01-03 07:00:00,3613.7
2026-01-03 08:00:00,3631.4
2026-01-03 09:00:00,3779.8
2026-01-03 10:00:00,4003.8
2026-01-03 11:00:00,3903.1
2026-01-03 12:00:00,3980.9
2026-01-03 13:00:00,4108.2
2026-01-03 14:00:00,4232.9
2026-01-03 15:00:00,4280.9
2026-01-03 16:00:00,4422.5
2026-01-03 17:00:00,4737.2
2026-01-03 18:00:00,4527.8
2026-01-03 19:00:00,4612.8
2026-01-03 20:00:00,4385.9
2026-01-03 21:00:00,4472.8
2026-01-03 22:00:00,4140.0
2026-01-03 23:00:00,4144.4
2026-01-04 00:00:00,4369.3
2026-01-04 01:00:00,3899.4
2026-01-04 02:00:00,3983.1
2026-01-04 03:00:00,3799.8
2026-01-04 04:00:00,3647.3
2026-01-04 05:00:00,3537.4
2026-01-04 06:00:00,3753.0
2026-01-04 07:00:00,3594.3
2026-01-04 08:00:00,3848.8
2026-01-04 09:00:00,3658.6
2026-01-04 10:00:00,3855.3
2026-01-04 11:00:00,4024.9
2026-01-04 12:00:00,4143.1
2026-01-04 13:00:00,4079.7
2026-01-04 14:00:00,4268.6
2026-01-04 15:00:00,4428.3
2026-01-04 16:00:00,4428.8
2026-01-04 17:00:00,4662.4
2026-01-04 18:00:00,4668.7
2026-01-04 19:00:00,4346.2
2026-01-04 20:00:00,4314.4
2026-01-04 21:00:00,4297.8
2026-01-04 22:00:00,4362.0
2026-01-04 23:00:00,4471.3
2026-01-05 00:00:00,4052.0
2026-01-05 01:00:00,3998.5
2026-01-05 02:00:00,3720.2
2026-01-05 03:00:00,3618.6
2026-01-05 04:00:00,3429.8
2026-01-05 05:00:00,3611.3
2026-01-05 06:00:00,3711.3
2026-01-05 07:00:00,3571.8
2026-01-05 08:00:00,3832.1
2026-01-05 09:00:00,3767.6
2026-01-05 10:00:00,3843.0
2026-01-05 11:00:00,4030.0
2026-01-05 12:00:00,4155.8
2026-01-05 13:00:00,4364.4
2026-01-05 14:00:00,4251.0
2026-01-05 15:00:00,4176.1
2026-01-05 16:00:00,4543.9
2026-01-05 17:00:00,4506.6
2026-01-05 18:00:00,4593.7
2026-01-05 19:00:00,4779.6
2026-01-05 20:00:00,4397.6
2026-01-05 21:00:00,4542.2
2026-01-05 22:00:00,4460.3
2026-01-05 23:00:00,4281.4
2026-01-06 00:00:00,4230.9
2026-01-06 01:00:00,3912.2
2026-01-06 02:00:00,3764.8
2026-01-06 03:00:00,3867.6
2026-01-06 04:00:00,3749.9
2026-01-06 05:00:00,3780.3
2026-01-06 06:00:00,3621.8
2026-01-06 07:00:00,3808.1
2026-01-06 08:00:00,3629.3
2026-01-06 09:00:00,3615.4
2026-01-06 10:00:00,3601.6
2026-01-06 11:00:00,3834.5
2026-01-06 12:00:00,4194.2
2026-01-06 13:00:00,4049.5
2026-01-06 14:00:00,4291.6
2026-01-06 15:00:00,4702.1
2026-01-06 16:00:00,4630.3
2026-01-06 17:00:00,4793.5
2026-01-06 18:00:00,4476.6
2026-01-06 19:00:00,4283.3
2026-01-06 20:00:00,4710.4
2026-01-06 21:00:00,4278.9
2026-01-06 22:00:00,4356.2
2026-01-06 23:00:00,4250.7
2026-01-07 00:00:00,3981.3
2026-01-07 01:00:00,4152.0
2026-01-07 02:00:00,4031.0
2026-01-07 03:00:00,3807.6
2026-01-07 04:00:00,3658.4
2026-01-07 05:00:00,3634.9
2026-01-07 06:00:00,3463.3
2026-01-07 07:00:00,3583.1
2026-01-07 08:00:00,3649.1
2026-01-07 09:00:00,3638.8
2026-01-07 10:00:00,3946.4
2026-01-07 11:00:00,3793.9
2026-01-07 12:00:00,4040.0
2026-01-07 13:00:00,3953.4
2026-01-07 14:00:00,4403.8
2026-01-07 15:00:00,4536.8
2026-01-07 16:00:00,4601.6
2026-01-07 17:00:00,4927.1
2026-01-07 18:00:00,4706.7
2026-01-07 19:00:00,4463.8
2026-01-07 20:00:00,4846.4
2026-01-07 21:00:00,4336.8
2026-01-07 22:00:00,4438.3
2026-01-07 23:00:00,4312.1
2026-01-08 00:00:00,3987.9
2026-01-08 01:00:00,4131.4
2026-01-08 02:00:00,3885.9
2026-01-08 03:00:00,3808.2
2026-01-08 04:00:00,3579.1
2026-01-08 05:00:00,3766.4
2026-01-08 06:00:00,3489.7
2026-01-08 07:00:00,3396.5
2026-01-08 08:00:00,3830.8
2026-01-08 09:00:00,3688.0
2026-01-08 10:00:00,3847.9
2026-01-08 11:00:00,4193.9
2026-01-08 12:00:00,4228.9
2026-01-08 13:00:00,4297.8
2026-01-08 14:00:00,4470.7
2026-01-08 15:00:00,4358.5
2026-01-08 16:00:00,4615.6
2026-01-08 17:00:00,4708.2
2026-01-08 18:00:00,4682.7
2026-01-08 19:00:00,4550.4
2026-01-08 20:00:00,4075.2
2026-01-08 21:00:00,4512.2
2026-01-08 22:00:00,4355.4
2026-01-08 23:00:00,4176.6
2026-01-09 00:00:00,4184.9
2026-01-09 01:00:00,3993.9
2026-01-09 02:00:00,3865.8
2026-01-09 03:00:00,3559.6
2026-01-09 04:00:00,3483.0
2026-01-09 05:00:00,3652.5
2026-01-09 06:00:00,3600.1
2026-01-09 07:00:00,3624.5
2026-01-09 08:00:00,3677.7
2026-01-09 09:00:00,3786.5
2026-01-09 10:00:00,3844.9
2026-01-09 11:00:00,3980.0
2026-01-09 12:00:00,4121.1
2026-01-09 13:00:00,4331.2
2026-01-09 14:00:00,4278.4
2026-01-09 15:00:00,4538.0
2026-01-09 16:00:00,4599.4
2026-01-09 17:00:00,4585.5
2026-01-09 18:00:00,4532.8
2026-01-09 19:00:00,4617.0
2026-01-09 20:00:00,4626.3
2026-01-09 21:00:00,4314.1
2026-01-09 22:00:00,4346.9
2026-01-09 23:00:00,4226.5
2026-01-10 00:00:00,4009.9
2026-01-10 01:00:00,3885.4
2026-01-10 02:00:00,3652.9
2026-01-10 03:00:00,3603.0
2026-01-10 04:00:00,3471.3
2026-01-10 05:00:00,3531.8
2026-01-10 06:00:00,3521.4
2026-01-10 07:00:00,3540.6
2026-01-10 08:00:00,3700.0
2026-01-10 09:00:00,3712.2
2026-01-10 10:00:00,3750.7
2026-01-10 11:00:00,3872.1
2026-01-10 12:00:00,3952.2
2026-01-10 13:00:00,4193.8
2026-01-10 14:00:00,4312.1
2026-01-10 15:00:00,4636.0
2026-01-10 16:00:00,4704.7
2026-01-10 17:00:00,4747.8
2026-01-10 18:00:00,4836.9
2026-01-10 19:00:00,4424.2
2026-01-10 20:00:00,4600.9
2026-01-10 21:00:00,4531.9
2026-01-10 22:00:00,4394.1
2026-01-10 23:00:00,4471.4
2026-01-11 00:00:00,4391.2
2026-01-11 01:00:00,4074.7
2026-01-11 02:00:00,3914.9
2026-01-11 03:00:00,3598.1
2026-01-11 04:00:00,3518.8
2026-01-11 05:00:00,3687.2
2026-01-11 06:00:00,3577.0
2026-01-11 07:00:00,3443.3
2026-01-11 08:00:00,3637.9
2026-01-11 09:00:00,3775.3
2026-01-11 10:00:00,3947.9
2026-01-11 11:00:00,3943.1
2026-01-11 12:00:00,4053.0
2026-01-11 13:00:00,4215.4
2026-01-11 14:00:00,4355.9
2026-01-11 15:00:00,4299.0
2026-01-11 16:00:00,4617.9
2026-01-11 17:00:00,4830.6
2026-01-11 18:00:00,4682.3
2026-01-11 19:00:00,4393.7
2026-01-11 20:00:00,4528.7
2026-01-11 21:00:00,4226.0
2026-01-11 22:00:00,4114.6
2026-01-11 23:00:00,4292.6
2026-01-12 00:00:00,4093.2
2026-01-12 01:00:00,3871.9
2026-01-12 02:00:00,3583.2
2026-01-12 03:00:00,3577.7
2026-01-12 04:00:00,3669.9
2026-01-12 05:00:00,3604.2
2026-01-12 06:00:00,3665.9
2026-01-12 07:00:00,3782.9
2026-01-12 08:00:00,3609.2
2026-01-12 09:00:00,3785.5
2026-01-12 10:00:00,3816.1
2026-01-12 11:00:00,3893.6
2026-01-12 12:00:00,4053.0
2026-01-12 13:00:00,4327.0
2026-01-12 14:00:00,4208.8
2026-01-12 15:00:00,4572.5
2026-01-12 16:00:00,4692.2
2026-01-12 17:00:00,4569.0
2026-01-12 18:00:00,4612.2
2026-01-12 19:00:00,4395.1
2026-01-12 20:00:00,4797.7
2026-01-12 21:00:00,4552.3
2026-01-12 22:00:00,4351.8
2026-01-12 23:00:00,4217.3
2026-01-13 00:00:00,4135.0
2026-01-13 01:00:00,3873.2
2026-01-13 02:00:00,3864.6
2026-01-13 03:00:00,3616.1
2026-01-13 04:00:00,3707.0
2026-01-13 05:00:00,3515.8
2026-01-13 06:00:00,3687.5
2026-01-13 07:00:00,3582.5
2026-01-13 08:00:00,3679.0
2026-01-13 09:00:00,4081.4
2026-01-13 10:00:00,3926.0
2026-01-13 11:00:00,3982.1
2026-01-13 12:00:00,4084.6
2026-01-13 13:00:00,4083.8
2026-01-13 14:00:00,4459.1
2026-01-13 15:00:00,4624.7
2026-01-13 16:00:00,4519.4
2026-01-13 17:00:00,4762.7
2026-01-13 18:00:00,4564.9
2026-01-13 19:00:00,4348.5
2026-01-13 20:00:00,4432.8
2026-01-13 21:00:00,4304.7
2026-01-13 22:00:00,4294.9
2026-01-13 23:00:00,4282.3
2026-01-14 00:00:00,3966.1
2026-01-14 01:00:00,3938.4
2026-01-14 02:00:00,3851.2
2026-01-14 03:00:00,3635.6
2026-01-14 04:00:00,3534.9
2026-01-14 05:00:00,3604.3
2026-01-14 06:00:00,3681.4
2026-01-14 07:00:00,3521.2
2026-01-14 08:00:00,3553.2
2026-01-14 09:00:00,3705.7
2026-01-14 10:00:00,3860.9
2026-01-14 11:00:00,3881.4
2026-01-14 12:00:00,4035.7
2026-01-14 13:00:00,4177.3
2026-01-14 14:00:00,4195.2
2026-01-14 15:00:00,4407.6
2026-01-14 16:00:00,4441.0
2026-01-14 17:00:00,4748.0
2026-01-14 18:00:00,4512.8
2026-01-14 19:00:00,4612.6
2026-01-14 20:00:00,4553.2
2026-01-14 21:00:00,4293.8
2026-01-14 22:00:00,4174.4
2026-01-14 23:00:00,4150.1
2026-01-15 00:00:00,4153.5
2026-01-15 01:00:00,3875.6
2026-01-15 02:00:00,3744.9
2026-01-15 03:00:00,3371.9
2026-01-15 04:00:00,3592.7
2026-01-15 05:00:00,3627.7
2026-01-15 06:00:00,3626.4
2026-01-15 07:00:00,3641.4
2026-01-15 08:00:00,3600.4
2026-01-15 09:00:00,3691.8
2026-01-15 10:00:00,3922.3
2026-01-15 11:00:00,3926.6
2026-01-15 12:00:00,3795.7
2026-01-15 13:00:00,4323.8
2026-01-15 14:00:00,4192.5
2026-01-15 15:00:00,4590.2
2026-01-15 16:00:00,4707.8
2026-01-15 17:00:00,4645.8
2026-01-15 18:00:00,4679.6
2026-01-15 19:00:00,4776.9
2026-01-15 20:00:00,4371.6
2026-01-15 21:00:00,4454.7
2026-01-15 22:00:00,4349.2
2026-01-15 23:00:00,4083.7
2026-01-16 00:00:00,4311.6
2026-01-16 01:00:00,3870.9
2026-01-16 02:00:00,3732.1
2026-01-16 03:00:00,3748.2
2026-01-16 04:00:00,3760.2
2026-01-16 05:00:00,3514.2
2026-01-16 06:00:00,3497.2
2026-01-16 07:00:00,3646.5
2026-01-16 08:00:00,3464.7
2026-01-16 09:00:00,3622.4
2026-01-16 10:00:00,3717.9
2026-01-16 11:00:00,3886.8
2026-01-16 12:00:00,4051.1
2026-01-16 13:00:00,4418.7
2026-01-16 14:00:00,4426.7
2026-01-16 15:00:00,4423.9
2026-01-16 16:00:00,4473.5
2026-01-16 17:00:00,4655.2
2026-01-16 18:00:00,4618.5
2026-01-16 19:00:00,4656.9
2026-01-16 20:00:00,4665.5
2026-01-16 21:00:00,4299.2
2026-01-16 22:00:00,4046.1
2026-01-16 23:00:00,4193.0
2026-01-17 00:00:00,4075.6
2026-01-17 01:00:00,3970.9
2026-01-17 02:00:00,3743.9
2026-01-17 03:00:00,3684.1
2026-01-17 04:00:00,3699.4
2026-01-17 05:00:00,3655.7
2026-01-17 06:00:00,3724.7
2026-01-17 07:00:00,3321.9
2026-01-17 08:00:00,3433.8
2026-01-17 09:00:00,3886.4
2026-01-17 10:00:00,3887.3
2026-01-17 11:00:00,4029.9
2026-01-17 12:00:00,4029.8
2026-01-17 13:00:00,4136.3
2026-01-17 14:00:00,4337.6
2026-01-17 15:00:00,4304.2
2026-01-17 16:00:00,4312.6
2026-01-17 17:00:00,4412.7
2026-01-17 18:00:00,4576.8
2026-01-17 19:00:00,4622.1
2026-01-17 20:00:00,4693.6
2026-01-17 21:00:00,4460.5
2026-01-17 22:00:00,4368.8
2026-01-17 23:00:00,4393.9
2026-01-18 00:00:00,3968.5
2026-01-18 01:00:00,3817.0
2026-01-18 02:00:00,3746.8
2026-01-18 03:00:00,3696.1
2026-01-18 04:00:00,3870.8
2026-01-18 05:00:00,3536.0
2026-01-18 06:00:00,3717.5
2026-01-18 07:00:00,3520.7
2026-01-18 08:00:00,3686.2
2026-01-18 09:00:00,3788.2
2026-01-18 10:00:00,3873.8
2026-01-18 11:00:00,4020.4
2026-01-18 12:00:00,3976.8
2026-01-18 13:00:00,4363.4
2026-01-18 14:00:00,4426.8
2026-01-18 15:00:00,4328.2
2026-01-18 16:00:00,4552.4
2026-01-18 17:00:00,4412.7
2026-01-18 18:00:00,4569.7
2026-01-18 19:00:00,4400.6
2026-01-18 20:00:00,4577.1
2026-01-18 21:00:00,4767.0
2026-01-18 22:00:00,4484.0
2026-01-18 23:00:00,4274.4
2026-01-19 00:00:00,3948.8
2026-01-19 01:00:00,3973.2
2026-01-19 02:00:00,3948.9
2026-01-19 03:00:00,3692.4
2026-01-19 04:00:00,3638.8
2026-01-19 05:00:00,3369.9
2026-01-19 06:00:00,3453.3
2026-01-19 07:00:00,3351.0
2026-01-19 08:00:00,3852.3
2026-01-19 09:00:00,3758.5
2026-01-19 10:00:00,3892.1
2026-01-19 11:00:00,3901.2
2026-01-19 12:00:00,3879.5
2026-01-19 13:00:00,4205.1
2026-01-19 14:00:00,4228.0
2026-01-19 15:00:00,4291.3
2026-01-19 16:00:00,4493.6
2026-01-19 17:00:00,4549.9
2026-01-19 18:00:00,4531.9
2026-01-19 19:00:00,4443.4
2026-01-19 20:00:00,4367.8
2026-01-19 21:00:00,4407.2
2026-01-19 22:00:00,4449.4
2026-01-19 23:00:00,3989.4
2026-01-20 00:00:00,3973.4
2026-01-20 01:00:00,3903.2
2026-01-20 02:00:00,3782.8
2026-01-20 03:00:00,3627.0
2026-01-20 04:00:00,3849.9
2026-01-20 05:00:00,3616.3
2026-01-20 06:00:00,3432.8
2026-01-20 07:00:00,3342.0
2026-01-20 08:00:00,3596.9
2026-01-20 09:00:00,3874.4
2026-01-20 10:00:00,3823.3
2026-01-20 11:00:00,3642.7
2026-01-20 12:00:00,3884.5
2026-01-20 13:00:00,4193.7
2026-01-20 14:00:00,4427.5
2026-01-20 15:00:00,4419.6
2026-01-20 16:00:00,4499.8
2026-01-20 17:00:00,4660.4
2026-01-20 18:00:00,4699.2
2026-01-20 19:00:00,4450.0
2026-01-20 20:00:00,4533.6
2026-01-20 21:00:00,4286.5
2026-01-20 22:00:00,4168.4
2026-01-20 23:00:00,4247.4
2026-01-21 00:00:00,3876.4
2026-01-21 01:00:00,3937.9
2026-01-21 02:00:00,3834.5
2026-01-21 03:00:00,3796.3
2026-01-21 04:00:00,3475.2
2026-01-21 05:00:00,3608.8
2026-01-21 06:00:00,3530.8
2026-01-21 07:00:00,3741.0
2026-01-21 08:00:00,3523.3
2026-01-21 09:00:00,3558.5
2026-01-21 10:00:00,3855.0
2026-01-21 11:00:00,3812.7
2026-01-21 12:00:00,3889.2
2026-01-21 13:00:00,4282.9
2026-01-21 14:00:00,4345.7
2026-01-21 15:00:00,4024.1
2026-01-21 16:00:00,4366.1
2026-01-21 17:00:00,4393.4
2026-01-21 18:00:00,4620.5
2026-01-21 19:00:00,4702.6
2026-01-21 20:00:00,4722.7
2026-01-21 21:00:00,4480.8
2026-01-21 22:00:00,4160.8
2026-01-21 23:00:00,4035.7
2026-01-22 00:00:00,3927.5
2026-01-22 01:00:00,3970.9
2026-01-22 02:00:00,3943.2
2026-01-22 03:00:00,3457.5
2026-01-22 04:00:00,3681.0
2026-01-22 05:00:00,3669.1
2026-01-22 06:00:00,3578.4
2026-01-22 07:00:00,3945.6
2026-01-22 08:00:00,3671.2
2026-01-22 09:00:00,3690.1
2026-01-22 10:00:00,3862.8
2026-01-22 11:00:00,3844.6
2026-01-22 12:00:00,3907.1
2026-01-22 13:00:00,4218.9
2026-01-22 14:00:00,4427.0
2026-01-22 15:00:00,4363.7
2026-01-22 16:00:00,4582.2
2026-01-22 17:00:00,4475.8
2026-01-22 18:00:00,4733.4
2026-01-22 19:00:00,4546.2
2026-01-22 20:00:00,4534.3
2026-01-22 21:00:00,4482.4
2026-01-22 22:00:00,4124.5
2026-01-22 23:00:00,4144.0
2026-01-23 00:00:00,4257.1
2026-01-23 01:00:00,3911.0
2026-01-23 02:00:00,3954.1
2026-01-23 03:00:00,3788.0
2026-01-23 04:00:00,3382.9
2026-01-23 05:00:00,3637.0
2026-01-23 06:00:00,3404.2
2026-01-23 07:00:00,3582.9
2026-01-23 08:00:00,3551.4
2026-01-23 09:00:00,3683.1
2026-01-23 10:00:00,3775.3
2026-01-23 11:00:00,3933.3
2026-01-23 12:00:00,3979.5
2026-01-23 13:00:00,4000.4
2026-01-23 14:00:00,4161.6
2026-01-23 15:00:00,4496.1
2026-01-23 16:00:00,4672.3
2026-01-23 17:00:00,4543.0
2026-01-23 18:00:00,4632.9
2026-01-23 19:00:00,4631.8
2026-01-23 20:00:00,4300.5
2026-01-23 21:00:00,4160.0
2026-01-23 22:00:00,4274.7
2026-01-23 23:00:00,3933.0
2026-01-24 00:00:00,3997.7
2026-01-24 01:00:00,3723.3
2026-01-24 02:00:00,3705.0
2026-01-24 03:00:00,3585.9
2026-01-24 04:00:00,3658.8
2026-01-24 05:00:00,3468.5
2026-01-24 06:00:00,3391.1
2026-01-24 07:00:00,3551.5
2026-01-24 08:00:00,3951.4
2026-01-24 09:00:00,3733.7
2026-01-24 10:00:00,3544.5
2026-01-24 11:00:00,3909.2
2026-01-24 12:00:00,4335.9
2026-01-24 13:00:00,4176.8
2026-01-24 14:00:00,4430.5
2026-01-24 15:00:00,4513.4
2026-01-24 16:00:00,4602.0
2026-01-24 17:00:00,4635.1
2026-01-24 18:00:00,4559.7
2026-01-24 19:00:00,4486.4
2026-01-24 20:00:00,4424.9
2026-01-24 21:00:00,4393.0
2026-01-24 22:00:00,4326.0
2026-01-24 23:00:00,4000.9
2026-01-25 00:00:00,3990.6
2026-01-25 01:00:00,3889.7
2026-01-25 02:00:00,3786.7
2026-01-25 03:00:00,3632.8
2026-01-25 04:00:00,3687.0
2026-01-25 05:00:00,3527.5
2026-01-25 06:00:00,3477.7
2026-01-25 07:00:00,3391.1
2026-01-25 08:00:00,3495.9
2026-01-25 09:00:00,3695.9
2026-01-25 10:00:00,3786.0
2026-01-25 11:00:00,3647.3
2026-01-25 12:00:00,4132.1
2026-01-25 13:00:00,4066.0
2026-01-25 14:00:00,4162.4
2026-01-25 15:00:00,4507.7
2026-01-25 16:00:00,4592.7
2026-01-25 17:00:00,4417.4
2026-01-25 18:00:00,4476.9
2026-01-25 19:00:00,4355.4
2026-01-25 20:00:00,4549.7
2026-01-25 21:00:00,4480.9
2026-01-25 22:00:00,4215.8
2026-01-25 23:00:00,4314.6
2026-01-26 00:00:00,4128.2
2026-01-26 01:00:00,3873.4
2026-01-26 02:00:00,3854.0
2026-01-26 03:00:00,3465.0
2026-01-26 04:00:00,3552.3
2026-01-26 05:00:00,3563.8
2026-01-26 06:00:00,3515.1
2026-01-26 07:00:00,3779.1
2026-01-26 08:00:00,3620.0
2026-01-26 09:00:00,3705.9
2026-01-26 10:00:00,3605.9
2026-01-26 11:00:00,3863.0
2026-01-26 12:00:00,3920.7
2026-01-26 13:00:00,4425.7
2026-01-26 14:00:00,4214.2
2026-01-26 15:00:00,4381.7
2026-01-26 16:00:00,4592.5
2026-01-26 17:00:00,4575.1
2026-01-26 18:00:00,4343.7
2026-01-26 19:00:00,4572.3
2026-01-26 20:00:00,4530.7
2026-01-26 21:00:00,4343.9
2026-01-26 22:00:00,4317.6
2026-01-26 23:00:00,4153.6
2026-01-27 00:00:00,3845.1
2026-01-27 01:00:00,3814.0
2026-01-27 02:00:00,3763.3
2026-01-27 03:00:00,3586.6
2026-01-27 04:00:00,3641.9
2026-01-27 05:00:00,3647.2
2026-01-27 06:00:00,3542.5
2026-01-27 07:00:00,3481.7
2026-01-27 08:00:00,3739.6
2026-01-27 09:00:00,3671.8
2026-01-27 10:00:00,3801.0
2026-01-27 11:00:00,3787.2
2026-01-27 12:00:00,3981.9
2026-01-27 13:00:00,4256.9
2026-01-27 14:00:00,4346.6
2026-01-27 15:00:00,4338.2
2026-01-27 16:00:00,4440.8
2026-01-27 17:00:00,4513.4
2026-01-27 18:00:00,4393.3
2026-01-27 19:00:00,4466.7
2026-01-27 20:00:00,4377.3
2026-01-27 21:00:00,4192.7
2026-01-27 22:00:00,4273.4
2026-01-27 23:00:00,4117.0
2026-01-28 00:00:00,3828.9
2026-01-28 01:00:00,3779.4
2026-01-28 02:00:00,3743.5
2026-01-28 03:00:00,3303.2
2026-01-28 04:00:00,3592.4
2026-01-28 05:00:00,3552.1
2026-01-28 06:00:00,3580.7
2026-01-28 07:00:00,3448.1
2026-01-28 08:00:00,3398.5
2026-01-28 09:00:00,3723.7
2026-01-28 10:00:00,3586.6
2026-01-28 11:00:00,3936.8
2026-01-28 12:00:00,3919.9
2026-01-28 13:00:00,4008.7
2026-01-28 14:00:00,4285.8
2026-01-28 15:00:00,4488.4
2026-01-28 16:00:00,4414.0
2026-01-28 17:00:00,4453.0
2026-01-28 18:00:00,4296.6
2026-01-28 19:00:00,4581.7
2026-01-28 20:00:00,4440.4
2026-01-28 21:00:00,4319.3
2026-01-28 22:00:00,4405.1
2026-01-28 23:00:00,3939.1
2026-01-29 00:00:00,3936.9
2026-01-29 01:00:00,3868.3
2026-01-29 02:00:00,3711.4
2026-01-29 03:00:00,3350.6
2026-01-29 04:00:00,3605.2
2026-01-29 05:00:00,3509.3
2026-01-29 06:00:00,3617.0
2026-01-29 07:00:00,3757.2
2026-01-29 08:00:00,3539.5
2026-01-29 09:00:00,3687.3
2026-01-29 10:00:00,3774.8
2026-01-29 11:00:00,3885.1
2026-01-29 12:00:00,3977.2
2026-01-29 13:00:00,4169.3
2026-01-29 14:00:00,4378.6
2026-01-29 15:00:00,4244.6
2026-01-29 16:00:00,4653.7
2026-01-29 17:00:00,4536.0
2026-01-29 18:00:00,4528.4
2026-01-29 19:00:00,4204.8
2026-01-29 20:00:00,4423.1
2026-01-29 21:00:00,4227.5
2026-01-29 22:00:00,4309.7
2026-01-29 23:00:00,4234.6
2026-01-30 00:00:00,4128.1
2026-01-30 01:00:00,3840.5
2026-01-30 02:00:00,3730.6
2026-01-30 03:00:00,3688.1
2026-01-30 04:00:00,3304.1
2026-01-30 05:00:00,3453.6
2026-01-30 06:00:00,3423.2
2026-01-30 07:00:00,3567.5
2026-01-30 08:00:00,3499.8
2026-01-30 09:00:00,3723.1
2026-01-30 10:00:00,3713.9
2026-01-30 11:00:00,3960.0
2026-01-30 12:00:00,4252.6
2026-01-30 13:00:00,4302.5
2026-01-30 14:00:00,4349.5
2026-01-30 15:00:00,4476.4
2026-01-30 16:00:00,4374.3
2026-01-30 17:00:00,4375.3
2026-01-30 18:00:00,4383.0
2026-01-30 19:00:00,4490.7
2026-01-30 20:00:00,4593.7
2026-01-30 21:00:00,4249.6
2026-01-30 22:00:00,4289.5
2026-01-30 23:00:00,3962.7
2026-01-31 00:00:00,3836.7
2026-01-31 01:00:00,3955.8
2026-01-31 02:00:00,3649.6
2026-01-31 03:00:00,3542.3
2026-01-31 04:00:00,3785.4
2026-01-31 05:00:00,3506.3
2026-01-31 06:00:00,3475.4
2026-01-31 07:00:00,3469.9
2026-01-31 08:00:00,3596.9
2026-01-31 09:00:00,3541.3
2026-01-31 10:00:00,3736.3
2026-01-31 11:00:00,3980.1
2026-01-31 12:00:00,3940.3
2026-01-31 13:00:00,3822.4
2026-01-31 14:00:00,4149.5
2026-01-31 15:00:00,4423.5
2026-01-31 16:00:00,4545.0
2026-01-31 17:00:00,4503.7
2026-01-31 18:00:00,4648.1
2026-01-31 19:00:00,4334.7
2026-01-31 20:00:00,4562.7
2026-01-31 21:00:00,4354.6
2026-01-31 22:00:00,4306.6
2026-01-31 23:00:00,3761.4
2026-02-01 00:00:00,4082.0
2026-02-01 01:00:00,3873.1
2026-02-01 02:00:00,3953.2
2026-02-01 03:00:00,3642.9
2026-02-01 04:00:00,3423.7
2026-02-01 05:00:00,3393.9
2026-02-01 06:00:00,3521.6
2026-02-01 07:00:00,3526.5
2026-02-01 08:00:00,3463.1
2026-02-01 09:00:00,3490.2
2026-02-01 10:00:00,3903.5
2026-02-01 11:00:00,3813.2
2026-02-01 12:00:00,3962.7
2026-02-01 13:00:00,4036.0
2026-02-01 14:00:00,4388.0
2026-02-01 15:00:00,4457.3
2026-02-01 16:00:00,4280.0
2026-02-01 17:00:00,4443.0
2026-02-01 18:00:00,4358.2
2026-02-01 19:00:00,4674.0
2026-02-01 20:00:00,4454.4
2026-02-01 21:00:00,4287.8
2026-02-01 22:00:00,4177.0
2026-02-01 23:00:00,4161.9
2026-02-02 00:00:00,3937.3
2026-02-02 01:00:00,4022.2
2026-02-02 02:00:00,3605.0
2026-02-02 03:00:00,3464.1
2026-02-02 04:00:00,3701.8
2026-02-02 05:00:00,3431.1
2026-02-02 06:00:00,3635.2
2026-02-02 07:00:00,3587.1
2026-02-02 08:00:00,3368.2
2026-02-02 09:00:00,3537.1
2026-02-02 10:00:00,3719.4
2026-02-02 11:00:00,3807.3
2026-02-02 12:00:00,3999.1
2026-02-02 13:00:00,4018.4
2026-02-02 14:00:00,4201.9
2026-02-02 15:00:00,4435.5
2026-02-02 16:00:00,4554.4
2026-02-02 17:00:00,4349.2
2026-02-02 18:00:00,4432.9
2026-02-02 19:00:00,4428.1
2026-02-02 20:00:00,4231.1
2026-02-02 21:00:00,4425.8
2026-02-02 22:00:00,4277.1
2026-02-02 23:00:00,4151.0
2026-02-03 00:00:00,3945.4
2026-02-03 01:00:00,3933.3
2026-02-03 02:00:00,3823.6
2026-02-03 03:00:00,3743.3
2026-02-03 04:00:00,3503.8
2026-02-03 05:00:00,3515.9
2026-02-03 06:00:00,3409.9
2026-02-03 07:00:00,3434.5
2026-02-03 08:00:00,3640.6
2026-02-03 09:00:00,3608.4
2026-02-03 10:00:00,3686.7
2026-02-03 11:00:00,3897.8
2026-02-03 12:00:00,4034.3
2026-02-03 13:00:00,3993.0
2026-02-03 14:00:00,4126.0
2026-02-03 15:00:00,4392.4
2026-02-03 16:00:00,4449.2
2026-02-03 17:00:00,4410.5
2026-02-03 18:00:00,4595.8
2026-02-03 19:00:00,4423.0
2026-02-03 20:00:00,4152.9
2026-02-03 21:00:00,4209.3
2026-02-03 22:00:00,4023.9
2026-02-03 23:00:00,4217.4
2026-02-04 00:00:00,4010.8
2026-02-04 01:00:00,3834.7
2026-02-04 02:00:00,3421.4
2026-02-04 03:00:00,3418.3
2026-02-04 04:00:00,3497.7
2026-02-04 05:00:00,3251.8
2026-02-04 06:00:00,3561.1
2026-02-04 07:00:00,3452.4
2026-02-04 08:00:00,3497.1
2026-02-04 09:00:00,3585.8
2026-02-04 10:00:00,3582.6
2026-02-04 11:00:00,3691.7
2026-02-04 12:00:00,3718.1
2026-02-04 13:00:00,4077.8
2026-02-04 14:00:00,4243.9
2026-02-04 15:00:00,4269.8
2026-02-04 16:00:00,4343.6
2026-02-04 17:00:00,4314.2
2026-02-04 18:00:00,4473.8
2026-02-04 19:00:00,4132.1
2026-02-04 20:00:00,4243.5
2026-02-04 21:00:00,4217.2
2026-02-04 22:00:00,4131.2
2026-02-04 23:00:00,4097.5
2026-02-05 00:00:00,3918.4
2026-02-05 01:00:00,3830.4
2026-02-05 02:00:00,3840.3
2026-02-05 03:00:00,3751.5
2026-02-05 04:00:00,3584.8
2026-02-05 05:00:00,3606.6
2026-02-05 06:00:00,3646.9
2026-02-05 07:00:00,3500.4
2026-02-05 08:00:00,3337.8
2026-02-05 09:00:00,3705.3
2026-02-05 10:00:00,3568.5
2026-02-05 11:00:00,4031.5
2026-02-05 12:00:00,4144.1
2026-02-05 13:00:00,4004.0
2026-02-05 14:00:00,4054.4
2026-02-05 15:00:00,4206.9
2026-02-05 16:00:00,4360.8
2026-02-05 17:00:00,4572.0
2026-02-05 18:00:00,4286.6
2026-02-05 19:00:00,4523.3
2026-02-05 20:00:00,4118.8
2026-02-05 21:00:00,4433.0
2026-02-05 22:00:00,4176.0
2026-02-05 23:00:00,4086.4
2026-02-06 00:00:00,3919.9
2026-02-06 01:00:00,3915.1
2026-02-06 02:00:00,3726.4
2026-02-06 03:00:00,3780.5
2026-02-06 04:00:00,3285.0
2026-02-06 05:00:00,3339.2
2026-02-06 06:00:00,3268.9
2026-02-06 07:00:00,3533.2
2026-02-06 08:00:00,3294.1
2026-02-06 09:00:00,3867.4
2026-02-06 10:00:00,3689.9
2026-02-06 11:00:00,3945.7
2026-02-06 12:00:00,3812.2
2026-02-06 13:00:00,4080.7
2026-02-06 14:00:00,4252.3
2026-02-06 15:00:00,4195.8
2026-02-06 16:00:00,4332.3
2026-02-06 17:00:00,4596.1
2026-02-06 18:00:00,4577.8
2026-02-06 19:00:00,4477.9
2026-02-06 20:00:00,4594.6
2026-02-06 21:00:00,4044.7
2026-02-06 22:00:00,4209.3
2026-02-06 23:00:00,4007.6
2026-02-07 00:00:00,4094.4
2026-02-07 01:00:00,3926.9
2026-02-07 02:00:00,3813.1
2026-02-07 03:00:00,3497.2
2026-02-07 04:00:00,3556.4
2026-02-07 05:00:00,3568.3
2026-02-07 06:00:00,3576.9
2026-02-07 07:00:00,3326.7
2026-02-07 08:00:00,3405.5
2026-02-07 09:00:00,3595.9
2026-02-07 10:00:00,3837.1
2026-02-07 11:00:00,3864.3
2026-02-07 12:00:00,4084.0
2026-02-07 13:00:00,3813.6
2026-02-07 14:00:00,4135.5
2026-02-07 15:00:00,4331.1
2026-02-07 16:00:00,4382.7
2026-02-07 17:00:00,4173.0
2026-02-07 18:00:00,4548.7
2026-02-07 19:00:00,4440.6
2026-02-07 20:00:00,4292.8
2026-02-07 21:00:00,4412.7
2026-02-07 22:00:00,3957.5
2026-02-07 23:00:00,3982.7
2026-02-08 00:00:00,4020.3
2026-02-08 01:00:00,3829.5
2026-02-08 02:00:00,3636.5
2026-02-08 03:00:00,3541.0
2026-02-08 04:00:00,3451.6
2026-02-08 05:00:00,3533.4
2026-02-08 06:00:00,3375.3
2026-02-08 07:00:00,3509.8
2026-02-08 08:00:00,3227.6
2026-02-08 09:00:00,3704.6
2026-02-08 10:00:00,3953.3
2026-02-08 11:00:00,3840.4
2026-02-08 12:00:00,3899.1
2026-02-08 13:00:00,3974.3
2026-02-08 14:00:00,4242.7
2026-02-08 15:00:00,4183.8
2026-02-08 16:00:00,4242.6
2026-02-08 17:00:00,4135.0
2026-02-08 18:00:00,4436.2
2026-02-08 19:00:00,4354.7
2026-02-08 20:00:00,4311.0
2026-02-08 21:00:00,4259.2
2026-02-08 22:00:00,4070.5
2026-02-08 23:00:00,4057.0
2026-02-09 00:00:00,3775.1
2026-02-09 01:00:00,3761.0
2026-02-09 02:00:00,3620.1
2026-02-09 03:00:00,3344.9
2026-02-09 04:00:00,3324.6
2026-02-09 05:00:00,3348.6
2026-02-09 06:00:00,3334.8
2026-02-09 07:00:00,3450.0
2026-02-09 08:00:00,3419.8
2026-02-09 09:00:00,3541.4
2026-02-09 10:00:00,3601.6
2026-02-09 11:00:00,3460.0
2026-02-09 12:00:00,3885.0
2026-02-09 13:00:00,3927.8
2026-02-09 14:00:00,4129.8
2026-02-09 15:00:00,4160.2
2026-02-09 16:00:00,4409.9
2026-02-09 17:00:00,4375.3
2026-02-09 18:00:00,4482.4
2026-02-09 19:00:00,4473.7
2026-02-09 20:00:00,4261.6
2026-02-09 21:00:00,4347.6
2026-02-09 22:00:00,4173.2
2026-02-09 23:00:00,3897.8
2026-02-10 00:00:00,3881.0
2026-02-10 01:00:00,3776.4
2026-02-10 02:00:00,3796.5
2026-02-10 03:00:00,3498.3
2026-02-10 04:00:00,3648.8
2026-02-10 05:00:00,3502.3
2026-02-10 06:00:00,3138.8
2026-02-10 07:00:00,3284.8
2026-02-10 08:00:00,3529.0
2026-02-10 09:00:00,3363.0
2026-02-10 10:00:00,3698.0
2026-02-10 11:00:00,3926.9
2026-02-10 12:00:00,3857.8
2026-02-10 13:00:00,4187.9
2026-02-10 14:00:00,4298.0
2026-02-10 15:00:00,4235.5
2026-02-10 16:00:00,4317.3
2026-02-10 17:00:00,4392.6
2026-02-10 18:00:00,4440.9
2026-02-10 19:00:00,4183.2
2026-02-10 20:00:00,4302.3
2026-02-10 21:00:00,4039.0
2026-02-10 22:00:00,4094.4
2026-02-10 23:00:00,3988.5
2026-02-11 00:00:00,3666.9
2026-02-11 01:00:00,3603.5
2026-02-11 02:00:00,3586.4
2026-02-11 03:00:00,3789.4
2026-02-11 04:00:00,3283.9
2026-02-11 05:00:00,3414.9
2026-02-11 06:00:00,3275.2
2026-02-11 07:00:00,3354.1
2026-02-11 08:00:00,3566.8
2026-02-11 09:00:00,3564.9
2026-02-11 10:00:00,3681.9
2026-02-11 11:00:00,3809.6
2026-02-11 12:00:00,3949.0
2026-02-11 13:00:00,3749.5
2026-02-11 14:00:00,4175.4
2026-02-11 15:00:00,4222.0
2026-02-11 16:00:00,4359.0
2026-02-11 17:00:00,4461.2
2026-02-11 18:00:00,4427.3
2026-02-11 19:00:00,4442.8
2026-02-11 20:00:00,4169.0
2026-02-11 21:00:00,4283.4
2026-02-11 22:00:00,4112.6
2026-02-11 23:00:00,3994.3
2026-02-12 00:00:00,4030.9
2026-02-12 01:00:00,3686.4
2026-02-12 02:00:00,3544.0
2026-02-12 03:00:00,3362.4
2026-02-12 04:00:00,3404.6
2026-02-12 05:00:00,3518.2
2026-02-12 06:00:00,3172.1
2026-02-12 07:00:00,3419.0
2026-02-12 08:00:00,3134.5
2026-02-12 09:00:00,3434.6
2026-02-12 10:00:00,3673.1
2026-02-12 11:00:00,3676.1
2026-02-12 12:00:00,3725.4
2026-02-12 13:00:00,3954.5
2026-02-12 14:00:00,4237.5
2026-02-12 15:00:00,4401.0
2026-02-12 16:00:00,4482.4
2026-02-12 17:00:00,4432.4
2026-02-12 18:00:00,4410.4
2026-02-12 19:00:00,4467.9
2026-02-12 20:00:00,4160.5
2026-02-12 21:00:00,4103.0
2026-02-12 22:00:00,4270.4
2026-02-12 23:00:00,4097.1
2026-02-13 00:00:00,3969.5
2026-02-13 01:00:00,3761.3
2026-02-13 02:00:00,3514.6
2026-02-13 03:00:00,3380.0
2026-02-13 04:00:00,3542.3
2026-02-13 05:00:00,3509.3
2026-02-13 06:00:00,3227.4
2026-02-13 07:00:00,3289.7
2026-02-13 08:00:00,3415.6
2026-02-13 09:00:00,3612.0
2026-02-13 10:00:00,3569.3
2026-02-13 11:00:00,3628.0
2026-02-13 12:00:00,3977.9
2026-02-13 13:00:00,4059.9
2026-02-13 14:00:00,4025.1
2026-02-13 15:00:00,4132.4
2026-02-13 16:00:00,4423.7
2026-02-13 17:00:00,4186.3
2026-02-13 18:00:00,4321.5
2026-02-13 19:00:00,4393.0
2026-02-13 20:00:00,4308.5
2026-02-13 21:00:00,4320.4
2026-02-13 22:00:00,3899.5
2026-02-13 23:00:00,3985.9
2026-02-14 00:00:00,3890.1
2026-02-14 01:00:00,3764.1
2026-02-14 02:00:00,3672.3
2026-02-14 03:00:00,3359.0
2026-02-14 04:00:00,3592.6
2026-02-14 05:00:00,3423.2
2026-02-14 06:00:00,3418.6
2026-02-14 07:00:00,3298.6
2026-02-14 08:00:00,3439.1
2026-02-14 09:00:00,3656.0
2026-02-14 10:00:00,3597.7
2026-02-14 11:00:00,3743.1
2026-02-14 12:00:00,3886.6
2026-02-14 13:00:00,3781.6
2026-02-14 14:00:00,4077.0
2026-02-14 15:00:00,4284.0
2026-02-14 16:00:00,4221.2
2026-02-14 17:00:00,4324.3
2026-02-14 18:00:00,4342.0
2026-02-14 19:00:00,4138.8
2026-02-14 20:00:00,4374.5
2026-02-14 21:00:00,4035.6
2026-02-14 22:00:00,4144.8
2026-02-14 23:00:00,3957.0
2026-02-15 00:00:00,3802.3
2026-02-15 01:00:00,3721.4
2026-02-15 02:00:00,3682.7
2026-02-15 03:00:00,3585.9
2026-02-15 04:00:00,3356.7
2026-02-15 05:00:00,3338.2
2026-02-15 06:00:00,3237.4
2026-02-15 07:00:00,3181.7
2026-02-15 08:00:00,3520.7
2026-02-15 09:00:00,3353.9
2026-02-15 10:00:00,3500.4
2026-02-15 11:00:00,3754.3
2026-02-15 12:00:00,3676.0
2026-02-15 13:00:00,4024.3
2026-02-15 14:00:00,3985.6
2026-02-15 15:00:00,4053.6
2026-02-15 16:00:00,4199.3
2026-02-15 17:00:00,4216.3
2026-02-15 18:00:00,4363.4
2026-02-15 19:00:00,4487.7
2026-02-15 20:00:00,4348.0
2026-02-15 21:00:00,4243.0
2026-02-15 22:00:00,4009.4
2026-02-15 23:00:00,3933.2
2026-02-16 00:00:00,3843.4
2026-02-16 01:00:00,3693.3
2026-02-16 02:00:00,3596.3
2026-02-16 03:00:00,3330.7
2026-02-16 04:00:00,3606.2
2026-02-16 05:00:00,3182.5
2026-02-16 06:00:00,3307.3
2026-02-16 07:00:00,3440.5
2026-02-16 08:00:00,3301.0
2026-02-16 09:00:00,3595.4
2026-02-16 10:00:00,3403.0
2026-02-16 11:00:00,3603.1
2026-02-16 12:00:00,3539.0
2026-02-16 13:00:00,4073.9
2026-02-16 14:00:00,3926.5
2026-02-16 15:00:00,4089.6
2026-02-16 16:00:00,4343.3
2026-02-16 17:00:00,4342.0
2026-02-16 18:00:00,4444.8
2026-02-16 19:00:00,4377.1
2026-02-16 20:00:00,4355.9
2026-02-16 21:00:00,4111.2
2026-02-16 22:00:00,4054.5
2026-02-16 23:00:00,4032.3
2026-02-17 00:00:00,3904.1
2026-02-17 01:00:00,3797.3
2026-02-17 02:00:00,3470.9
2026-02-17 03:00:00,3327.2
2026-02-17 04:00:00,3228.2
2026-02-17 05:00:00,3271.5
2026-02-17 06:00:00,3298.7
2026-02-17 07:00:00,3184.2
2026-02-17 08:00:00,3354.8
2026-02-17 09:00:00,3531.6
2026-02-17 10:00:00,3677.6
2026-02-17 11:00:00,3608.5
2026-02-17 12:00:00,3876.1
2026-02-17 13:00:00,3783.7
2026-02-17 14:00:00,3977.8
2026-02-17 15:00:00,4172.8
2026-02-17 16:00:00,4161.6
2026-02-17 17:00:00,4195.1
2026-02-17 18:00:00,4337.3
2026-02-17 19:00:00,4168.6
2026-02-17 20:00:00,4250.4
2026-02-17 21:00:00,4144.3
2026-02-17 22:00:00,4114.1
2026-02-17 23:00:00,4022.6
2026-02-18 00:00:00,3818.1
2026-02-18 01:00:00,3612.6
2026-02-18 02:00:00,3672.0
2026-02-18 03:00:00,3470.6
2026-02-18 04:00:00,3261.4
2026-02-18 05:00:00,3337.3
2026-02-18 06:00:00,3225.5
2026-02-18 07:00:00,3012.6
2026-02-18 08:00:00,3250.0
2026-02-18 09:00:00,3398.6
2026-02-18 10:00:00,3492.1
2026-02-18 11:00:00,3482.6
2026-02-18 12:00:00,3754.2
2026-02-18 13:00:00,3976.3
2026-02-18 14:00:00,3908.4
2026-02-18 15:00:00,4179.0
2026-02-18 16:00:00,3984.0
2026-02-18 17:00:00,4337.3
2026-02-18 18:00:00,4225.2
2026-02-18 19:00:00,4114.8
2026-02-18 20:00:00,4358.2
2026-02-18 21:00:00,4201.0
2026-02-18 22:00:00,4155.0
2026-02-18 23:00:00,3957.2
2026-02-19 00:00:00,3831.7
2026-02-19 01:00:00,3614.1
2026-02-19 02:00:00,3589.6
2026-02-19 03:00:00,3424.9
2026-02-19 04:00:00,3278.4
2026-02-19 05:00:00,3281.9
2026-02-19 06:00:00,3134.2
2026-02-19 07:00:00,3300.4
2026-02-19 08:00:00,3405.6
2026-02-19 09:00:00,3446.7
2026-02-19 10:00:00,3602.8
2026-02-19 11:00:00,3617.8
2026-02-19 12:00:00,3787.8
2026-02-19 13:00:00,3916.2
2026-02-19 14:00:00,4263.5
2026-02-19 15:00:00,3980.5
2026-02-19 16:00:00,4456.1
2026-02-19 17:00:00,4177.4
2026-02-19 18:00:00,4241.0
2026-02-19 19:00:00,4296.7
2026-02-19 20:00:00,4282.3
2026-02-19 21:00:00,4130.0
2026-02-19 22:00:00,4055.7
2026-02-19 23:00:00,4074.2
2026-02-20 00:00:00,4088.2
2026-02-20 01:00:00,3697.4
2026-02-20 02:00:00,3610.5
2026-02-20 03:00:00,3411.8
2026-02-20 04:00:00,3541.3
2026-02-20 05:00:00,3279.8
2026-02-20 06:00:00,3336.3
2026-02-20 07:00:00,3168.1
2026-02-20 08:00:00,3025.6
2026-02-20 09:00:00,3690.8
2026-02-20 10:00:00,3650.9
2026-02-20 11:00:00,3753.2
2026-02-20 12:00:00,3662.5
2026-02-20 13:00:00,3708.4
2026-02-20 14:00:00,3994.0
2026-02-20 15:00:00,4139.3
2026-02-20 16:00:00,4290.0
2026-02-20 17:00:00,4255.2
2026-02-20 18:00:00,4422.5
2026-02-20 19:00:00,4294.1
2026-02-20 20:00:00,4239.2
2026-02-20 21:00:00,4260.6
2026-02-20 22:00:00,3939.2
2026-02-20 23:00:00,3943.1
2026-02-21 00:00:00,3701.6
2026-02-21 01:00:00,3557.5
2026-02-21 02:00:00,3696.1
2026-02-21 03:00:00,3542.3
2026-02-21 04:00:00,3396.3
2026-02-21 05:00:00,3437.6
2026-02-21 06:00:00,3309.3
2026-02-21 07:00:00,3442.0
2026-02-21 08:00:00,3230.5
2026-02-21 09:00:00,3392.6
2026-02-21 10:00:00,3558.5
2026-02-21 11:00:00,3513.8
2026-02-21 12:00:00,3682.5
2026-02-21 13:00:00,3743.9
2026-02-21 14:00:00,4091.7
2026-02-21 15:00:00,4059.5
2026-02-21 16:00:00,4225.4
2026-02-21 17:00:00,4305.1
2026-02-21 18:00:00,4240.8
2026-02-21 19:00:00,4244.7
2026-02-21 20:00:00,4207.9
2026-02-21 21:00:00,4162.0
2026-02-21 22:00:00,4166.6
2026-02-21 23:00:00,3756.4
2026-02-22 00:00:00,3767.3
2026-02-22 01:00:00,3484.7
2026-02-22 02:00:00,3677.1
2026-02-22 03:00:00,3184.9
2026-02-22 04:00:00,3341.3
2026-02-22 05:00:00,3221.9
2026-02-22 06:00:00,3185.7
2026-02-22 07:00:00,3354.6
2026-02-22 08:00:00,3382.4
2026-02-22 09:00:00,3285.3
2026-02-22 10:00:00,3556.3
2026-02-22 11:00:00,3655.6
2026-02-22 12:00:00,3662.3
2026-02-22 13:00:00,3706.9
2026-02-22 14:00:00,4092.9
2026-02-22 15:00:00,4184.5
2026-02-22 16:00:00,4242.5
2026-02-22 17:00:00,4168.3
2026-02-22 18:00:00,4390.3
2026-02-22 19:00:00,4636.2
2026-02-22 20:00:00,4197.8
2026-02-22 21:00:00,4161.5
2026-02-22 22:00:00,3897.9
2026-02-22 23:00:00,3777.8
2026-02-23 00:00:00,3951.1
2026-02-23 01:00:00,3882.3
2026-02-23 02:00:00,3462.6
2026-02-23 03:00:00,3310.0
2026-02-23 04:00:00,3198.4
2026-02-23 05:00:00,3184.6
2026-02-23 06:00:00,3245.5
2026-02-23 07:00:00,3107.6
2026-02-23 08:00:00,3220.7
2026-02-23 09:00:00,3496.1
2026-02-23 10:00:00,3466.6
2026-02-23 11:00:00,3513.4
2026-02-23 12:00:00,3595.4
2026-02-23 13:00:00,3991.0
2026-02-23 14:00:00,3859.1
2026-02-23 15:00:00,4069.6
2026-02-23 16:00:00,4284.6
2026-02-23 17:00:00,4279.1
2026-02-23 18:00:00,4266.1
2026-02-23 19:00:00,4249.7
2026-02-23 20:00:00,4050.5
2026-02-23 21:00:00,3997.6
2026-02-23 22:00:00,3924.0
2026-02-23 23:00:00,3516.1
2026-02-24 00:00:00,3678.7
2026-02-24 01:00:00,3586.5
2026-02-24 02:00:00,3467.4
2026-02-24 03:00:00,3358.6
2026-02-24 04:00:00,3317.6
2026-02-24 05:00:00,3275.0
2026-02-24 06:00:00,3420.3
2026-02-24 07:00:00,3260.5
2026-02-24 08:00:00,3393.3
2026-02-24 09:00:00,3299.7
2026-02-24 10:00:00,3512.6
2026-02-24 11:00:00,3628.6
2026-02-24 12:00:00,3695.8
2026-02-24 13:00:00,3648.0
2026-02-24 14:00:00,3811.6
2026-02-24 15:00:00,4129.0
2026-02-24 16:00:00,4148.2
2026-02-24 17:00:00,4174.5
2026-02-24 18:00:00,4139.5
2026-02-24 19:00:00,4213.9
2026-02-24 20:00:00,4221.2
2026-02-24 21:00:00,4295.2
2026-02-24 22:00:00,3967.6
2026-02-24 23:00:00,3827.5
2026-02-25 00:00:00,3751.2
2026-02-25 01:00:00,3728.3
2026-02-25 02:00:00,3744.0
2026-02-25 03:00:00,3431.2
2026-02-25 04:00:00,3112.4
2026-02-25 05:00:00,3237.2
2026-02-25 06:00:00,3081.0
2026-02-25 07:00:00,3118.2
2026-02-25 08:00:00,3499.5
2026-02-25 09:00:00,3320.5
2026-02-25 10:00:00,3379.8
2026-02-25 11:00:00,3749.7
2026-02-25 12:00:00,3724.1
2026-02-25 13:00:00,3708.2
2026-02-25 14:00:00,3971.2
2026-02-25 15:00:00,3900.2
2026-02-25 16:00:00,4043.5
2026-02-25 17:00:00,4218.3
2026-02-25 18:00:00,3907.4
2026-02-25 19:00:00,4280.7
2026-02-25 20:00:00,4175.2
2026-02-25 21:00:00,4165.6
2026-02-25 22:00:00,3914.2
2026-02-25 23:00:00,3890.6
2026-02-26 00:00:00,3592.0
2026-02-26 01:00:00,3469.8
2026-02-26 02:00:00,3471.7
2026-02-26 03:00:00,3358.6
2026-02-26 04:00:00,3274.3
2026-02-26 05:00:00,3386.9
2026-02-26 06:00:00,3174.7
2026-02-26 07:00:00,3277.9
2026-02-26 08:00:00,3314.8
2026-02-26 09:00:00,3371.5
2026-02-26 10:00:00,3505.0
2026-02-26 11:00:00,3368.0
2026-02-26 12:00:00,3638.1
2026-02-26 13:00:00,3965.6
2026-02-26 14:00:00,3918.3
2026-02-26 15:00:00,4140.2
2026-02-26 16:00:00,4192.0
2026-02-26 17:00:00,3820.1
2026-02-26 18:00:00,4044.3
2026-02-26 19:00:00,4104.0
2026-02-26 20:00:00,4051.7
2026-02-26 21:00:00,3999.5
2026-02-26 22:00:00,3897.4
2026-02-26 23:00:00,3730.3
2026-02-27 00:00:00,3618.2
2026-02-27 01:00:00,3333.8
2026-02-27 02:00:00,3679.3
2026-02-27 03:00:00,3509.3
2026-02-27 04:00:00,3367.5
2026-02-27 05:00:00,3201.9
2026-02-27 06:00:00,3085.1
2026-02-27 07:00:00,3503.0
2026-02-27 08:00:00,3147.1
2026-02-27 09:00:00,3510.6
2026-02-27 10:00:00,3479.0
2026-02-27 11:00:00,3452.6
2026-02-27 12:00:00,3592.8
2026-02-27 13:00:00,3769.2
2026-02-27 14:00:00,3864.7
2026-02-27 15:00:00,3872.9
2026-02-27 16:00:00,4172.4
2026-02-27 17:00:00,4060.7
2026-02-27 18:00:00,4278.9
2026-02-27 19:00:00,4148.3
2026-02-27 20:00:00,4136.3
2026-02-27 21:00:00,4053.1
2026-02-27 22:00:00,3888.6
2026-02-27 23:00:00,3802.2
2026-02-28 00:00:00,3704.7
2026-02-28 01:00:00,3831.2
2026-02-28 02:00:00,3278.6
2026-02-28 03:00:00,3244.3
2026-02-28 04:00:00,3202.1
2026-02-28 05:00:00,3046.8
2026-02-28 06:00:00,3020.0
2026-02-28 07:00:00,3009.9
2026-02-28 08:00:00,3237.6
2026-02-28 09:00:00,3258.9
2026-02-28 10:00:00,3446.1
2026-02-28 11:00:00,3374.4
2026-02-28 12:00:00,3567.5
2026-02-28 13:00:00,3912.6
2026-02-28 14:00:00,4013.3
2026-02-28 15:00:00,3838.9
2026-02-28 16:00:00,4203.9
2026-02-28 17:00:00,4088.1
2026-02-28 18:00:00,4037.4
2026-02-28 19:00:00,4239.8
2026-02-28 20:00:00,4209.7
2026-02-28 21:00:00,3722.7
2026-02-28 22:00:00,4020.9
2026-02-28 23:00:00,3735.7
2026-03-01 00:00:00,3602.3
2026-03-01 01:00:00,3490.1
2026-03-01 02:00:00,3541.7
2026-03-01 03:00:00,3459.6
2026-03-01 04:00:00,3268.2
2026-03-01 05:00:00,3270.3
2026-03-01 06:00:00,3413.9
2026-03-01 07:00:00,3172.3
2026-03-01 08:00:00,3102.3
2026-03-01 09:00:00,3365.5
2026-03-01 10:00:00,3490.0
2026-03-01 11:00:00,3506.9
2026-03-01 12:00:00,3631.8
2026-03-01 13:00:00,4040.9
2026-03-01 14:00:00,3873.0
2026-03-01 15:00:00,3900.0
2026-03-01 16:00:00,3764.4
2026-03-01 17:00:00,4233.7
2026-03-01 18:00:00,4304.7
2026-03-01 19:00:00,3994.5
2026-03-01 20:00:00,4154.1
2026-03-01 21:00:00,3963.9
2026-03-01 22:00:00,3908.5
2026-03-01 23:00:00,3709.2
2026-03-02 00:00:00,3648.6
2026-03-02 01:00:00,3623.8
2026-03-02 02:00:00,3338.1
2026-03-02 03:00:00,3213.9
2026-03-02 04:00:00,3094.4
2026-03-02 05:00:00,3299.6
2026-03-02 06:00:00,3047.4
2026-03-02 07:00:00,3238.4
2026-03-02 08:00:00,3064.2
2026-03-02 09:00:00,3036.9
2026-03-02 10:00:00,3328.0
2026-03-02 11:00:00,3543.3
2026-03-02 12:00:00,3773.9
2026-03-02 13:00:00,3868.3
2026-03-02 14:00:00,3931.6
2026-03-02 15:00:00,3697.7
2026-03-02 16:00:00,4132.7
2026-03-02 17:00:00,3947.5
2026-03-02 18:00:00,4057.5
2026-03-02 19:00:00,4337.4
2026-03-02 20:00:00,4193.0
2026-03-02 21:00:00,3864.0
2026-03-02 22:00:00,3847.7
2026-03-02 23:00:00,3862.4
2026-03-03 00:00:00,3620.7
2026-03-03 01:00:00,3482.6
2026-03-03 02:00:00,3253.1
2026-03-03 03:00:00,3347.7
2026-03-03 04:00:00,3283.6
2026-03-03 05:00:00,3057.6
2026-03-03 06:00:00,2892.8
2026-03-03 07:00:00,3368.4
2026-03-03 08:00:00,3117.7
2026-03-03 09:00:00,3330.5
2026-03-03 10:00:00,3281.4
2026-03-03 11:00:00,3414.7
2026-03-03 12:00:00,3747.3
2026-03-03 13:00:00,3723.8
2026-03-03 14:00:00,3974.2
2026-03-03 15:00:00,4080.0
2026-03-03 16:00:00,4002.4
2026-03-03 17:00:00,4148.5
2026-03-03 18:00:00,4222.6
2026-03-03 19:00:00,4261.1
2026-03-03 20:00:00,4030.1
2026-03-03 21:00:00,3983.3
2026-03-03 22:00:00,3765.8
2026-03-03 23:00:00,3850.7
2026-03-04 00:00:00,3639.3
2026-03-04 01:00:00,3337.9
2026-03-04 02:00:00,3334.5
2026-03-04 03:00:00,3258.6
2026-03-04 04:00:00,3121.9
2026-03-04 05:00:00,3055.9
2026-03-04 06:00:00,2929.0
2026-03-04 07:00:00,3152.8
2026-03-04 08:00:00,3139.8
2026-03-04 09:00:00,3379.1
2026-03-04 10:00:00,3360.2
2026-03-04 11:00:00,3592.9
2026-03-04 12:00:00,3478.9
2026-03-04 13:00:00,3795.6
2026-03-04 14:00:00,3957.5
2026-03-04 15:00:00,4062.4
2026-03-04 16:00:00,4019.8
2026-03-04 17:00:00,3996.3
2026-03-04 18:00:00,4318.4
2026-03-04 19:00:00,4078.3
2026-03-04 20:00:00,3908.6
2026-03-04 21:00:00,3946.1
2026-03-04 22:00:00,3906.7
2026-03-04 23:00:00,3661.3
2026-03-05 00:00:00,3665.8
2026-03-05 01:00:00,3594.1
2026-03-05 02:00:00,3360.7
2026-03-05 03:00:00,3382.8
2026-03-05 04:00:00,3168.1
2026-03-05 05:00:00,3075.6
2026-03-05 06:00:00,3303.4
2026-03-05 07:00:00,3206.0
2026-03-05 08:00:00,3193.3
2026-03-05 09:00:00,3044.3
2026-03-05 10:00:00,3197.3
2026-03-05 11:00:00,3282.9
2026-03-05 12:00:00,3605.9
2026-03-05 13:00:00,3736.2
2026-03-05 14:00:00,3909.2
2026-03-05 15:00:00,4086.3
2026-03-05 16:00:00,3859.3
2026-03-05 17:00:00,3930.1
2026-03-05 18:00:00,3997.9
2026-03-05 19:00:00,4144.3
2026-03-05 20:00:00,4073.8
2026-03-05 21:00:00,3835.0
2026-03-05 22:00:00,3771.1
2026-03-05 23:00:00,3779.2
2026-03-06 00:00:00,3612.0
2026-03-06 01:00:00,3595.2
2026-03-06 02:00:00,3255.5
2026-03-06 03:00:00,3232.0
2026-03-06 04:00:00,3050.0
2026-03-06 05:00:00,3255.3
2026-03-06 06:00:00,3222.8
2026-03-06 07:00:00,3175.0
2026-03-06 08:00:00,3282.7
2026-03-06 09:00:00,3410.0
2026-03-06 10:00:00,3522.4
2026-03-06 11:00:00,3671.6
2026-03-06 12:00:00,3512.4
2026-03-06 13:00:00,3631.8
2026-03-06 14:00:00,4001.0
2026-03-06 15:00:00,3899.9
2026-03-06 16:00:00,3818.6
2026-03-06 17:00:00,4024.8
2026-03-06 18:00:00,4217.7
2026-03-06 19:00:00,4022.6
2026-03-06 20:00:00,4119.0
2026-03-06 21:00:00,3984.3
2026-03-06 22:00:00,3682.9
2026-03-06 23:00:00,3776.6
2026-03-07 00:00:00,3593.9
2026-03-07 01:00:00,3397.0
2026-03-07 02:00:00,3170.4
2026-03-07 03:00:00,3428.9
2026-03-07 04:00:00,3048.2
2026-03-07 05:00:00,2862.8
2026-03-07 06:00:00,3189.0
2026-03-07 07:00:00,3052.2
2026-03-07 08:00:00,3296.9
2026-03-07 09:00:00,3221.3
2026-03-07 10:00:00,3335.0
2026-03-07 11:00:00,3527.1
2026-03-07 12:00:00,3599.6
2026-03-07 13:00:00,3728.0
2026-03-07 14:00:00,3964.1
2026-03-07 15:00:00,3829.3
2026-03-07 16:00:00,4083.0
2026-03-07 17:00:00,4100.2
2026-03-07 18:00:00,3890.1
2026-03-07 19:00:00,4197.5
2026-03-07 20:00:00,4106.3
2026-03-07 21:00:00,4118.4
2026-03-07 22:00:00,3777.9
2026-03-07 23:00:00,3577.3
2026-03-08 00:00:00,3946.8
2026-03-08 01:00:00,3327.1
2026-03-08 02:00:00,3232.7
2026-03-08 03:00:00,3290.1
2026-03-08 04:00:00,3091.7
2026-03-08 05:00:00,3142.5
2026-03-08 06:00:00,2916.5
2026-03-08 07:00:00,2888.3
2026-03-08 08:00:00,3075.6
2026-03-08 09:00:00,3300.9
2026-03-08 10:00:00,3319.2
2026-03-08 11:00:00,3586.4
2026-03-08 12:00:00,3540.5
2026-03-08 13:00:00,3723.3
2026-03-08 14:00:00,3711.9
2026-03-08 15:00:00,3748.6
2026-03-08 16:00:00,3857.2
2026-03-08 17:00:00,3956.7
2026-03-08 18:00:00,4303.8
2026-03-08 19:00:00,3896.6
2026-03-08 20:00:00,3894.6
2026-03-08 21:00:00,4084.4
2026-03-08 22:00:00,3736.2
2026-03-08 23:00:00,3765.4
2026-03-09 00:00:00,3291.7
2026-03-09 01:00:00,3318.4
2026-03-09 02:00:00,3375.0
2026-03-09 03:00:00,3005.8
2026-03-09 04:00:00,3150.8
2026-03-09 05:00:00,3082.9
2026-03-09 06:00:00,2993.7
2026-03-09 07:00:00,3044.6
2026-03-09 08:00:00,3211.4
2026-03-09 09:00:00,3199.4
2026-03-09 10:00:00,3426.5
2026-03-09 11:00:00,3522.2
2026-03-09 12:00:00,3741.8
2026-03-09 13:00:00,3635.4
2026-03-09 14:00:00,3826.4
2026-03-09 15:00:00,3782.6
2026-03-09 16:00:00,4062.1
2026-03-09 17:00:00,3952.0
2026-03-09 18:00:00,4127.6
2026-03-09 19:00:00,4002.6
2026-03-09 20:00:00,3965.0
2026-03-09 21:00:00,3932.9
2026-03-09 22:00:00,3712.3
2026-03-09 23:00:00,3599.8
2026-03-10 00:00:00,3475.3
2026-03-10 01:00:00,3355.0
2026-03-10 02:00:00,3373.1
2026-03-10 03:00:00,3147.7
2026-03-10 04:00:00,3045.3
2026-03-10 05:00:00,3161.9
2026-03-10 06:00:00,3128.5
2026-03-10 07:00:00,3043.2
2026-03-10 08:00:00,3406.5
2026-03-10 09:00:00,3064.7
2026-03-10 10:00:00,3485.7
2026-03-10 11:00:00,3444.0
2026-03-10 12:00:00,3662.2
2026-03-10 13:00:00,3634.4
2026-03-10 14:00:00,3930.4
2026-03-10 15:00:00,3775.2
2026-03-10 16:00:00,4067.9
2026-03-10 17:00:00,4052.7
2026-03-10 18:00:00,4146.1
2026-03-10 19:00:00,3962.4
2026-03-10 20:00:00,4020.5
2026-03-10 21:00:00,3796.0
2026-03-10 22:00:00,3742.8
2026-03-10 23:00:00,3634.9
2026-03-11 00:00:00,3462.0
2026-03-11 01:00:00,3345.8
2026-03-11 02:00:00,3136.8
2026-03-11 03:00:00,3164.3
2026-03-11 04:00:00,3272.9
2026-03-11 05:00:00,3389.0
2026-03-11 06:00:00,2930.8
2026-03-11 07:00:00,2956.8
2026-03-11 08:00:00,3137.1
2026-03-11 09:00:00,3235.8
2026-03-11 10:00:00,3124.1
2026-03-11 11:00:00,3122.8
2026-03-11 12:00:00,3558.9
2026-03-11 13:00:00,3816.7
2026-03-11 14:00:00,3947.0
2026-03-11 15:00:00,3878.7
2026-03-11 16:00:00,4125.3
2026-03-11 17:00:00,3987.7
2026-03-11 18:00:00,3857.0
2026-03-11 19:00:00,3990.8
2026-03-11 20:00:00,4080.3
2026-03-11 21:00:00,3891.8
2026-03-11 22:00:00,3704.2
2026-03-11 23:00:00,3657.4
2026-03-12 00:00:00,3561.2
2026-03-12 01:00:00,3407.5
2026-03-12 02:00:00,3306.1
2026-03-12 03:00:00,3210.9
2026-03-12 04:00:00,3213.6
2026-03-12 05:00:00,3050.9
2026-03-12 06:00:00,2999.2
2026-03-12 07:00:00,3076.9
2026-03-12 08:00:00,3154.1
2026-03-12 09:00:00,2953.2
2026-03-12 10:00:00,3402.6
2026-03-12 11:00:00,3588.5
2026-03-12 12:00:00,3517.0
2026-03-12 13:00:00,3716.4
2026-03-12 14:00:00,3674.2
2026-03-12 15:00:00,3946.4
2026-03-12 16:00:00,3842.6
2026-03-12 17:00:00,4015.6
2026-03-12 18:00:00,4079.4
2026-03-12 19:00:00,3898.5
2026-03-12 20:00:00,3809.4
2026-03-12 21:00:00,3820.8
2026-03-12 22:00:00,3690.4
2026-03-12 23:00:00,3598.0
2026-03-13 00:00:00,3374.9
2026-03-13 01:00:00,3506.7
2026-03-13 02:00:00,3223.1
2026-03-13 03:00:00,3204.3
2026-03-13 04:00:00,2876.2
2026-03-13 05:00:00,2950.3
2026-03-13 06:00:00,3194.4
2026-03-13 07:00:00,2914.2
2026-03-13 08:00:00,3102.9
2026-03-13 09:00:00,3398.3
2026-03-13 10:00:00,3250.3
2026-03-13 11:00:00,3551.1
2026-03-13 12:00:00,3391.8
2026-03-13 13:00:00,3570.7
2026-03-13 14:00:00,3740.8
2026-03-13 15:00:00,3786.1
2026-03-13 16:00:00,3970.9
2026-03-13 17:00:00,3766.1
2026-03-13 18:00:00,3868.3
2026-03-13 19:00:00,4134.8
2026-03-13 20:00:00,3941.6
2026-03-13 21:00:00,3905.6
2026-03-13 22:00:00,3944.7
2026-03-13 23:00:00,3412.3
2026-03-14 00:00:00,3133.5
2026-03-14 01:00:00,3574.0
2026-03-14 02:00:00,3075.8
2026-03-14 03:00:00,3145.5
2026-03-14 04:00:00,2860.4
2026-03-14 05:00:00,2698.2
2026-03-14 06:00:00,2977.7
2026-03-14 07:00:00,3059.1
2026-03-14 08:00:00,2953.5
2026-03-14 09:00:00,2826.4
2026-03-14 10:00:00,3270.7
2026-03-14 11:00:00,3581.6
2026-03-14 12:00:00,3274.9
2026-03-14 13:00:00,3702.8
2026-03-14 14:00:00,3764.3
2026-03-14 15:00:00,3612.0
2026-03-14 16:00:00,4034.0
2026-03-14 17:00:00,3984.3
2026-03-14 18:00:00,3961.7
2026-03-14 19:00:00,4114.3
2026-03-14 20:00:00,3914.5
2026-03-14 21:00:00,3984.1
2026-03-14 22:00:00,4040.9
2026-03-14 23:00:00,3631.4
2026-03-15 00:00:00,3528.7
2026-03-15 01:00:00,3277.5
2026-03-15 02:00:00,3409.4
2026-03-15 03:00:00,2974.0
2026-03-15 04:00:00,2980.2
2026-03-15 05:00:00,2984.5
2026-03-15 06:00:00,2952.5
2026-03-15 07:00:00,2905.2
2026-03-15 08:00:00,3145.4
2026-03-15 09:00:00,3081.8
2026-03-15 10:00:00,2963.7
2026-03-15 11:00:00,3481.2
2026-03-15 12:00:00,3678.4
2026-03-15 13:00:00,3532.5
2026-03-15 14:00:00,3882.4
2026-03-15 15:00:00,3758.4
2026-03-15 16:00:00,3782.0
2026-03-15 17:00:00,3840.0
2026-03-15 18:00:00,4163.5
2026-03-15 19:00:00,4113.5
2026-03-15 20:00:00,3982.2
2026-03-15 21:00:00,3697.3
2026-03-15 22:00:00,3810.5
2026-03-15 23:00:00,3463.0
2026-03-16 00:00:00,3538.4
2026-03-16 01:00:00,3267.8
2026-03-16 02:00:00,3143.8
2026-03-16 03:00:00,3045.2
2026-03-16 04:00:00,2779.1
2026-03-16 05:00:00,2766.6
2026-03-16 06:00:00,2941.6
2026-03-16 07:00:00,2847.1
2026-03-16 08:00:00,3124.0
2026-03-16 09:00:00,3245.2
2026-03-16 10:00:00,3020.0
2026-03-16 11:00:00,3146.2
2026-03-16 12:00:00,3435.5
2026-03-16 13:00:00,3818.0
2026-03-16 14:00:00,3609.9
2026-03-16 15:00:00,3866.9
2026-03-16 16:00:00,3687.4
2026-03-16 17:00:00,3825.7
2026-03-16 18:00:00,4008.8
2026-03-16 19:00:00,3903.7
2026-03-16 20:00:00,3942.0
2026-03-16 21:00:00,3816.7
2026-03-16 22:00:00,3695.8
2026-03-16 23:00:00,3571.9
2026-03-17 00:00:00,3610.5
2026-03-17 01:00:00,3307.9
2026-03-17 02:00:00,3297.7
2026-03-17 03:00:00,3058.1
2026-03-17 04:00:00,3020.9
2026-03-17 05:00:00,2830.4
2026-03-17 06:00:00,2689.5
2026-03-17 07:00:00,2906.5
2026-03-17 08:00:00,3018.3
2026-03-17 09:00:00,3027.9
2026-03-17 10:00:00,3253.1
2026-03-17 11:00:00,3211.8
2026-03-17 12:00:00,3269.2
2026-03-17 13:00:00,3388.1
2026-03-17 14:00:00,3763.4
2026-03-17 15:00:00,3688.1
2026-03-17 16:00:00,3866.9
2026-03-17 17:00:00,3745.4
2026-03-17 18:00:00,3826.9
2026-03-17 19:00:00,3910.2
2026-03-17 20:00:00,3991.2
2026-03-17 21:00:00,3653.2
2026-03-17 22:00:00,3502.6
2026-03-17 23:00:00,3553.7
2026-03-18 00:00:00,3443.4
2026-03-18 01:00:00,3242.6
2026-03-18 02:00:00,3319.6
2026-03-18 03:00:00,2862.8
2026-03-18 04:00:00,2890.0
2026-03-18 05:00:00,2938.2
2026-03-18 06:00:00,2815.2
2026-03-18 07:00:00,2977.0
2026-03-18 08:00:00,2986.5
2026-03-18 09:00:00,3034.8
2026-03-18 10:00:00,3457.0
2026-03-18 11:00:00,3168.6
2026-03-18 12:00:00,3384.9
2026-03-18 13:00:00,3603.9
2026-03-18 14:00:00,3574.8
2026-03-18 15:00:00,3784.3
2026-03-18 16:00:00,3949.4
2026-03-18 17:00:00,3922.2
2026-03-18 18:00:00,4001.8
2026-03-18 19:00:00,3850.0
2026-03-18 20:00:00,3813.1
2026-03-18 21:00:00,3995.2
2026-03-18 22:00:00,3717.1
2026-03-18 23:00:00,3655.1
2026-03-19 00:00:00,3330.8
2026-03-19 01:00:00,3252.9
2026-03-19 02:00:00,3297.7
2026-03-19 03:00:00,3064.9
2026-03-19 04:00:00,2824.7
2026-03-19 05:00:00,2815.3
2026-03-19 06:00:00,2897.6
2026-03-19 07:00:00,3110.5
2026-03-19 08:00:00,3035.7
2026-03-19 09:00:00,2959.0
2026-03-19 10:00:00,3151.5
2026-03-19 11:00:00,3281.4
2026-03-19 12:00:00,3201.7
2026-03-19 13:00:00,3527.4
2026-03-19 14:00:00,3609.4
2026-03-19 15:00:00,3736.3
2026-03-19 16:00:00,3725.9
2026-03-19 17:00:00,3927.7
2026-03-19 18:00:00,3849.5
2026-03-19 19:00:00,3788.7
2026-03-19 20:00:00,4053.3
2026-03-19 21:00:00,3705.9
2026-03-19 22:00:00,3482.8
2026-03-19 23:00:00,3672.0
2026-03-20 00:00:00,3564.9
2026-03-20 01:00:00,3149.6
2026-03-20 02:00:00,3092.1
2026-03-20 03:00:00,3018.4
2026-03-20 04:00:00,2911.3
2026-03-20 05:00:00,2742.7
2026-03-20 06:00:00,2761.6
2026-03-20 07:00:00,3164.2
2026-03-20 08:00:00,2883.5
2026-03-20 09:00:00,2971.6
2026-03-20 10:00:00,3231.1
2026-03-20 11:00:00,3200.5
2026-03-20 12:00:00,3306.4
2026-03-20 13:00:00,3389.9
2026-03-20 14:00:00,3699.2
2026-03-20 15:00:00,3762.7
2026-03-20 16:00:00,3951.5
2026-03-20 17:00:00,3815.1
2026-03-20 18:00:00,4039.0
2026-03-20 19:00:00,3883.3
2026-03-20 20:00:00,3750.8
2026-03-20 21:00:00,3789.3
2026-03-20 22:00:00,3671.9
2026-03-20 23:00:00,3542.2
2026-03-21 00:00:00,3288.6
2026-03-21 01:00:00,3237.0
2026-03-21 02:00:00,3104.3
2026-03-21 03:00:00,3111.5
2026-03-21 04:00:00,3097.7
2026-03-21 05:00:00,2992.9
2026-03-21 06:00:00,2965.1
2026-03-21 07:00:00,3024.4
2026-03-21 08:00:00,3089.2
2026-03-21 09:00:00,2973.5
2026-03-21 10:00:00,2983.3
2026-03-21 11:00:00,3262.4
2026-03-21 12:00:00,3553.1
2026-03-21 13:00:00,3350.3
2026-03-21 14:00:00,3505.8
2026-03-21 15:00:00,3731.1
2026-03-21 16:00:00,3736.1
2026-03-21 17:00:00,3971.1
2026-03-21 18:00:00,3877.8
2026-03-21 19:00:00,3951.8
2026-03-21 20:00:00,3836.2
2026-03-21 21:00:00,3768.9
2026-03-21 22:00:00,3474.7
2026-03-21 23:00:00,3417.3
2026-03-22 00:00:00,3129.1
2026-03-22 01:00:00,3142.3
2026-03-22 02:00:00,3047.8
2026-03-22 03:00:00,3050.5
2026-03-22 04:00:00,2791.2
2026-03-22 05:00:00,3091.9
2026-03-22 06:00:00,3007.5
2026-03-22 07:00:00,2755.5
2026-03-22 08:00:00,2706.2
2026-03-22 09:00:00,2813.6
2026-03-22 10:00:00,3145.6
2026-03-22 11:00:00,3080.3
2026-03-22 12:00:00,3322.6
2026-03-22 13:00:00,3553.7
2026-03-22 14:00:00,3653.2
2026-03-22 15:00:00,3797.5
2026-03-22 16:00:00,3633.6
2026-03-22 17:00:00,3916.5
2026-03-22 18:00:00,3936.9
2026-03-22 19:00:00,3950.3
2026-03-22 20:00:00,3885.0
2026-03-22 21:00:00,3552.9
2026-03-22 22:00:00,3308.8
2026-03-22 23:00:00,3524.4
2026-03-23 00:00:00,3542.2
2026-03-23 01:00:00,3128.1
2026-03-23 02:00:00,3005.6
2026-03-23 03:00:00,3016.1
2026-03-23 04:00:00,3045.0
2026-03-23 05:00:00,2952.8
2026-03-23 06:00:00,2705.2
2026-03-23 07:00:00,2811.4
2026-03-23 08:00:00,2845.3
2026-03-23 09:00:00,3060.6
2026-03-23 10:00:00,3185.4
2026-03-23 11:00:00,3108.9
2026-03-23 12:00:00,3246.4
2026-03-23 13:00:00,3507.0
2026-03-23 14:00:00,3566.3
2026-03-23 15:00:00,3603.1
2026-03-23 16:00:00,3720.1
2026-03-23 17:00:00,3896.0
2026-03-23 18:00:00,3797.8
2026-03-23 19:00:00,3808.0
2026-03-23 20:00:00,3678.9
2026-03-23 21:00:00,3763.2
2026-03-23 22:00:00,3525.5
2026-03-23 23:00:00,3498.0
2026-03-24 00:00:00,3356.8
2026-03-24 01:00:00,3159.8
2026-03-24 02:00:00,2985.0
2026-03-24 03:00:00,2971.8
2026-03-24 04:00:00,2864.1
2026-03-24 05:00:00,2972.0
2026-03-24 06:00:00,2731.1
2026-03-24 07:00:00,2940.1
2026-03-24 08:00:00,3043.6
2026-03-24 09:00:00,3056.6
2026-03-24 10:00:00,3170.0
2026-03-24 11:00:00,3170.6
2026-03-24 12:00:00,3384.3
2026-03-24 13:00:00,3514.2
2026-03-24 14:00:00,3386.3
2026-03-24 15:00:00,3643.7
2026-03-24 16:00:00,3616.8
2026-03-24 17:00:00,3587.8
2026-03-24 18:00:00,3825.2
2026-03-24 19:00:00,3863.1
2026-03-24 20:00:00,3680.3
2026-03-24 21:00:00,3742.3
2026-03-24 22:00:00,3644.7
2026-03-24 23:00:00,3466.8
2026-03-25 00:00:00,3266.0
2026-03-25 01:00:00,3276.3
2026-03-25 02:00:00,3286.1
2026-03-25 03:00:00,2724.7
2026-03-25 04:00:00,2978.1
2026-03-25 05:00:00,2701.6
2026-03-25 06:00:00,2924.1
2026-03-25 07:00:00,2958.5
2026-03-25 08:00:00,2840.1
2026-03-25 09:00:00,2915.8
2026-03-25 10:00:00,3068.4
2026-03-25 11:00:00,3205.1
2026-03-25 12:00:00,3295.4
2026-03-25 13:00:00,3585.1
2026-03-25 14:00:00,3380.2
2026-03-25 15:00:00,3611.0
2026-03-25 16:00:00,3828.2
2026-03-25 17:00:00,3765.0
2026-03-25 18:00:00,3786.0
2026-03-25 19:00:00,3761.9
2026-03-25 20:00:00,3861.8
2026-03-25 21:00:00,3750.8
2026-03-25 22:00:00,3404.2
2026-03-25 23:00:00,3305.5
2026-03-26 00:00:00,3262.2
2026-03-26 01:00:00,3165.4
2026-03-26 02:00:00,3169.5
2026-03-26 03:00:00,2942.5
2026-03-26 04:00:00,3035.1
2026-03-26 05:00:00,3049.7
2026-03-26 06:00:00,2704.0
2026-03-26 07:00:00,2845.2
2026-03-26 08:00:00,2997.8
2026-03-26 09:00:00,2981.1
2026-03-26 10:00:00,3097.4
2026-03-26 11:00:00,3121.3
2026-03-26 12:00:00,3238.8
2026-03-26 13:00:00,3458.5
2026-03-26 14:00:00,3673.4
2026-03-26 15:00:00,3530.8
2026-03-26 16:00:00,3718.7
2026-03-26 17:00:00,4001.3
2026-03-26 18:00:00,3778.2
2026-03-26 19:00:00,3804.1
2026-03-26 20:00:00,3829.5
2026-03-26 21:00:00,3722.3
2026-03-26 22:00:00,3530.5
2026-03-26 23:00:00,3402.0
2026-03-27 00:00:00,3481.2
2026-03-27 01:00:00,3054.8
2026-03-27 02:00:00,2884.5
2026-03-27 03:00:00,3076.4
2026-03-27 04:00:00,3014.3
2026-03-27 05:00:00,2696.6
2026-03-27 06:00:00,2900.6
2026-03-27 07:00:00,2855.4
2026-03-27 08:00:00,2848.1
2026-03-27 09:00:00,2953.9
2026-03-27 10:00:00,3265.8
2026-03-27 11:00:00,3253.8
2026-03-27 12:00:00,3364.3
2026-03-27 13:00:00,3485.2
2026-03-27 14:00:00,3471.2
2026-03-27 15:00:00,3607.7
2026-03-27 16:00:00,3707.3
2026-03-27 17:00:00,3668.4
2026-03-27 18:00:00,3853.9
2026-03-27 19:00:00,3910.8
2026-03-27 20:00:00,3710.8
2026-03-27 21:00:00,3543.8
2026-03-27 22:00:00,3443.2
2026-03-27 23:00:00,3608.2
2026-03-28 00:00:00,3216.3
2026-03-28 01:00:00,3010.0
2026-03-28 02:00:00,2856.9
2026-03-28 03:00:00,2874.4
2026-03-28 04:00:00,2996.9
2026-03-28 05:00:00,2950.6
2026-03-28 06:00:00,2853.8
2026-03-28 07:00:00,2710.5
2026-03-28 08:00:00,2947.7
2026-03-28 09:00:00,2904.4
2026-03-28 10:00:00,3104.0
2026-03-28 11:00:00,3412.3
2026-03-28 12:00:00,3252.8
2026-03-28 13:00:00,3245.3
2026-03-28 14:00:00,3758.0
2026-03-28 15:00:00,3612.9
2026-03-28 16:00:00,3689.5
2026-03-28 17:00:00,3564.0
2026-03-28 18:00:00,3867.1
2026-03-28 19:00:00,3886.5
2026-03-28 20:00:00,3740.3
2026-03-28 21:00:00,3761.2
2026-03-28 22:00:00,3478.3
2026-03-28 23:00:00,3566.9
2026-03-29 00:00:00,3368.1
2026-03-29 01:00:00,3357.0
2026-03-29 02:00:00,2823.5
2026-03-29 03:00:00,2769.8
2026-03-29 04:00:00,2946.7
2026-03-29 05:00:00,2834.8
2026-03-29 06:00:00,2662.0
2026-03-29 07:00:00,2800.1
2026-03-29 08:00:00,2949.8
2026-03-29 09:00:00,3054.2
2026-03-29 10:00:00,3052.5
2026-03-29 11:00:00,3152.2
2026-03-29 12:00:00,3326.3
2026-03-29 13:00:00,3393.0
2026-03-29 14:00:00,3748.0
2026-03-29 15:00:00,3570.3
2026-03-29 16:00:00,3702.3
2026-03-29 17:00:00,3726.7
2026-03-29 18:00:00,3952.2
2026-03-29 19:00:00,3684.3
2026-03-29 20:00:00,3803.7
2026-03-29 21:00:00,3610.5
2026-03-29 22:00:00,3458.6
2026-03-29 23:00:00,3141.1
2026-03-30 00:00:00,3254.1
2026-03-30 01:00:00,3332.6
2026-03-30 02:00:00,2926.3
2026-03-30 03:00:00,2554.3
2026-03-30 04:00:00,2860.3
2026-03-30 05:00:00,2630.0
2026-03-30 06:00:00,2542.0
2026-03-30 07:00:00,2708.4
2026-03-30 08:00:00,2659.2
2026-03-30 09:00:00,3024.0
2026-03-30 10:00:00,3025.8
2026-03-30 11:00:00,3194.2
2026-03-30 12:00:00,3172.3
2026-03-30 13:00:00,3364.1
2026-03-30 14:00:00,3428.7
2026-03-30 15:00:00,3629.5
2026-03-30 16:00:00,3406.9
2026-03-30 17:00:00,3719.2
2026-03-30 18:00:00,3863.1
2026-03-30 19:00:00,3925.7
2026-03-30 20:00:00,3770.5
2026-03-30 21:00:00,3607.8
2026-03-30 22:00:00,3281.6
2026-03-30 23:00:00,3383.0
2026-03-31 00:00:00,2999.0
2026-03-31 01:00:00,2996.7
2026-03-31 02:00:00,2957.9
2026-03-31 03:00:00,2845.8
2026-03-31 04:00:00,2904.7
2026-03-31 05:00:00,2714.0
2026-03-31 06:00:00,2578.6
2026-03-31 07:00:00,2687.9
2026-03-31 08:00:00,2704.4
2026-03-31 09:00:00,3004.3
2026-03-31 10:00:00,2800.5
2026-03-31 11:00:00,3038.1
2026-03-31 12:00:00,3335.5
2026-03-31 13:00:00,3251.4
2026-03-31 14:00:00,3520.2
2026-03-31 15:00:00,3580.7
2026-03-31 16:00:00,3615.0
2026-03-31 17:00:00,3494.3
2026-03-31 18:00:00,3725.3
2026-03-31 19:00:00,3641.6
2026-03-31 20:00:00,3687.3
2026-03-31 21:00:00,3398.5
2026-03-31 22:00:00,3532.1
2026-03-31 23:00:00,3427.2
2026-04-01 00:00:00,3386.4
2026-04-01 01:00:00,3029.9
2026-04-01 02:00:00,2883.2
2026-04-01 03:00:00,2971.1
2026-04-01 04:00:00,2656.9
2026-04-01 05:00:00,2629.0
2026-04-01 06:00:00,2677.3
2026-04-01 07:00:00,2594.6
2026-04-01 08:00:00,2953.0
2026-04-01 09:00:00,2974.4
2026-04-01 10:00:00,2701.3
2026-04-01 11:00:00,2824.8
2026-04-01 12:00:00,3133.1
2026-04-01 13:00:00,3399.9
2026-04-01 14:00:00,3541.8
2026-04-01 15:00:00,3732.2
2026-04-01 16:00:00,3676.0
2026-04-01 17:00:00,3562.8
2026-04-01 18:00:00,3757.9
2026-04-01 19:00:00,3550.8
2026-04-01 20:00:00,3538.8
2026-04-01 21:00:00,3366.3
2026-04-01 22:00:00,3346.7
2026-04-01 23:00:00,3258.8
2026-04-02 00:00:00,3134.7
2026-04-02 01:00:00,3286.2
2026-04-02 02:00:00,2964.1
2026-04-02 03:00:00,2890.1
2026-04-02 04:00:00,2787.0
2026-04-02 05:00:00,2907.7
2026-04-02 06:00:00,2585.8
2026-04-02 07:00:00,2806.4
2026-04-02 08:00:00,2663.1
2026-04-02 09:00:00,2827.9
2026-04-02 10:00:00,3006.8
2026-04-02 11:00:00,2905.3
2026-04-02 12:00:00,3149.7
2026-04-02 13:00:00,3325.6
2026-04-02 14:00:00,3505.4
2026-04-02 15:00:00,3520.9
2026-04-02 16:00:00,3965.0
2026-04-02 17:00:00,3901.7
2026-04-02 18:00:00,3428.0
2026-04-02 19:00:00,3688.7
2026-04-02 20:00:00,3690.4
2026-04-02 21:00:00,3584.9
2026-04-02 22:00:00,3606.5
2026-04-02 23:00:00,2975.2
2026-04-03 00:00:00,3059.4
2026-04-03 01:00:00,3243.4
2026-04-03 02:00:00,3082.9
2026-04-03 03:00:00,3107.1
2026-04-03 04:00:00,2951.4
2026-04-03 05:00:00,2548.1
2026-04-03 06:00:00,2808.7
2026-04-03 07:00:00,2667.0
2026-04-03 08:00:00,2775.3
2026-04-03 09:00:00,2835.7
2026-04-03 10:00:00,2875.9
2026-04-03 11:00:00,2991.5
2026-04-03 12:00:00,3273.6
2026-04-03 13:00:00,3244.1
2026-04-03 14:00:00,3455.2
2026-04-03 15:00:00,3590.5
2026-04-03 16:00:00,3547.1
2026-04-03 17:00:00,3626.1
2026-04-03 18:00:00,3814.9
2026-04-03 19:00:00,3455.1
2026-04-03 20:00:00,3527.8
2026-04-03 21:00:00,3367.8
2026-04-03 22:00:00,3450.2
2026-04-03 23:00:00,3627.4
2026-04-04 00:00:00,3025.4
2026-04-04 01:00:00,3190.0
2026-04-04 02:00:00,3092.0
2026-04-04 03:00:00,2560.9
2026-04-04 04:00:00,2576.2
2026-04-04 05:00:00,2684.2
2026-04-04 06:00:00,2550.5
2026-04-04 07:00:00,2718.8
2026-04-04 08:00:00,2898.7
2026-04-04 09:00:00,2898.1
2026-04-04 10:00:00,2892.8
2026-04-04 11:00:00,3104.5
2026-04-04 12:00:00,3207.4
2026-04-04 13:00:00,3141.8
2026-04-04 14:00:00,3341.6
2026-04-04 15:00:00,3572.9
2026-04-04 16:00:00,3587.4
2026-04-04 17:00:00,3683.6
2026-04-04 18:00:00,3768.1
2026-04-04 19:00:00,3353.3
2026-04-04 20:00:00,3770.8
2026-04-04 21:00:00,3284.0
2026-04-04 22:00:00,3410.1
2026-04-04 23:00:00,3305.8
2026-04-05 00:00:00,3139.9
2026-04-05 01:00:00,3049.9
2026-04-05 02:00:00,2838.6
2026-04-05 03:00:00,2714.2
2026-04-05 04:00:00,2709.2
2026-04-05 05:00:00,2691.8
2026-04-05 06:00:00,2570.7
2026-04-05 07:00:00,2707.9
2026-04-05 08:00:00,2614.9
2026-04-05 09:00:00,2726.9
2026-04-05 10:00:00,2871.2
2026-04-05 11:00:00,3073.6
2026-04-05 12:00:00,3111.3
2026-04-05 13:00:00,3324.3
2026-04-05 14:00:00,3590.6
2026-04-05 15:00:00,3442.8
2026-04-05 16:00:00,3735.0
2026-04-05 17:00:00,3469.3
2026-04-05 18:00:00,3722.0
2026-04-05 19:00:00,3603.5
2026-04-05 20:00:00,3829.1
2026-04-05 21:00:00,3434.8
2026-04-05 22:00:00,3291.7
2026-04-05 23:00:00,3396.7
2026-04-06 00:00:00,3189.6
2026-04-06 01:00:00,3019.3
2026-04-06 02:00:00,2599.0
2026-04-06 03:00:00,2831.9
2026-04-06 04:00:00,2691.4
2026-04-06 05:00:00,2663.8
2026-04-06 06:00:00,2542.2
2026-04-06 07:00:00,2808.6
2026-04-06 08:00:00,2699.4
2026-04-06 09:00:00,2750.3
2026-04-06 10:00:00,2695.5
2026-04-06 11:00:00,2978.5
2026-04-06 12:00:00,2999.7
2026-04-06 13:00:00,3423.6
2026-04-06 14:00:00,3409.1
2026-04-06 15:00:00,3409.5
2026-04-06 16:00:00,3539.0
2026-04-06 17:00:00,3784.2
2026-04-06 18:00:00,3643.3
2026-04-06 19:00:00,3607.2
2026-04-06 20:00:00,3781.0
2026-04-06 21:00:00,3522.6
2026-04-06 22:00:00,3482.4
2026-04-06 23:00:00,3210.4
2026-04-07 00:00:00,3076.8
2026-04-07 01:00:00,3093.7
2026-04-07 02:00:00,2865.5
2026-04-07 03:00:00,2810.1
2026-04-07 04:00:00,2679.1
2026-04-07 05:00:00,2636.3
2026-04-07 06:00:00,2602.6
2026-04-07 07:00:00,2477.2
2026-04-07 08:00:00,2840.8
2026-04-07 09:00:00,2691.2
2026-04-07 10:00:00,2722.5
2026-04-07 11:00:00,2995.7
2026-04-07 12:00:00,3036.0
2026-04-07 13:00:00,3394.9
2026-04-07 14:00:00,3440.3
2026-04-07 15:00:00,3396.0
2026-04-07 16:00:00,3439.0
2026-04-07 17:00:00,3671.7
2026-04-07 18:00:00,3527.4
2026-04-07 19:00:00,3428.8
2026-04-07 20:00:00,3343.3
2026-04-07 21:00:00,3547.3
2026-04-07 22:00:00,3171.0
2026-04-07 23:00:00,3095.5
2026-04-08 00:00:00,3189.7
2026-04-08 01:00:00,3073.3
2026-04-08 02:00:00,2715.1
2026-04-08 03:00:00,2678.0
2026-04-08 04:00:00,2788.1
2026-04-08 05:00:00,2645.8
2026-04-08 06:00:00,2547.3
2026-04-08 07:00:00,2633.3
2026-04-08 08:00:00,2718.6
2026-04-08 09:00:00,2615.2
2026-04-08 10:00:00,2728.3
2026-04-08 11:00:00,3103.8
2026-04-08 12:00:00,3309.5
2026-04-08 13:00:00,3336.5
2026-04-08 14:00:00,3325.3
2026-04-08 15:00:00,3369.3
2026-04-08 16:00:00,3536.7
2026-04-08 17:00:00,3705.2
2026-04-08 18:00:00,3746.7
2026-04-08 19:00:00,3576.8
2026-04-08 20:00:00,3575.5
2026-04-08 21:00:00,3274.1
2026-04-08 22:00:00,3326.9
2026-04-08 23:00:00,3397.2
2026-04-09 00:00:00,3075.1
2026-04-09 01:00:00,3016.7
2026-04-09 02:00:00,2948.3
2026-04-09 03:00:00,2834.6
2026-04-09 04:00:00,2668.1
2026-04-09 05:00:00,2538.5
2026-04-09 06:00:00,2328.7
2026-04-09 07:00:00,2465.4
2026-04-09 08:00:00,2616.7
2026-04-09 09:00:00,2818.4
2026-04-09 10:00:00,2860.0
2026-04-09 11:00:00,3092.6
2026-04-09 12:00:00,2938.1
2026-04-09 13:00:00,2999.9
2026-04-09 14:00:00,3404.9
2026-04-09 15:00:00,3649.2
2026-04-09 16:00:00,3538.3
2026-04-09 17:00:00,3498.4
2026-04-09 18:00:00,3686.6
2026-04-09 19:00:00,3731.4
2026-04-09 20:00:00,3366.7
2026-04-09 21:00:00,3391.1
2026-04-09 22:00:00,3448.7
2026-04-09 23:00:00,3236.3
2026-04-10 00:00:00,2981.3
2026-04-10 01:00:00,2911.1
2026-04-10 02:00:00,2719.7
2026-04-10 03:00:00,2546.5
2026-04-10 04:00:00,2678.8
2026-04-10 05:00:00,2435.6
2026-04-10 06:00:00,2558.5
2026-04-10 07:00:00,2477.2
2026-04-10 08:00:00,2689.9
2026-04-10 09:00:00,2674.0
2026-04-10 10:00:00,2788.4
2026-04-10 11:00:00,2754.6
2026-04-10 12:00:00,3095.4
2026-04-10 13:00:00,3143.6
2026-04-10 14:00:00,3220.2
2026-04-10 15:00:00,3468.3
2026-04-10 16:00:00,3605.2
2026-04-10 17:00:00,3747.3
2026-04-10 18:00:00,3585.4
2026-04-10 19:00:00,3572.5
2026-04-10 20:00:00,3382.1
2026-04-10 21:00:00,3333.7
2026-04-10 22:00:00,3449.2
2026-04-10 23:00:00,3135.8
2026-04-11 00:00:00,3276.0
2026-04-11 01:00:00,2782.4
2026-04-11 02:00:00,2791.0
2026-04-11 03:00:00,2683.1
2026-04-11 04:00:00,2546.0
2026-04-11 05:00:00,2539.3
2026-04-11 06:00:00,2535.5
2026-04-11 07:00:00,2595.3
2026-04-11 08:00:00,2614.0
2026-04-11 09:00:00,2827.4
2026-04-11 10:00:00,3104.4
2026-04-11 11:00:00,3015.7
2026-04-11 12:00:00,3103.2
2026-04-11 13:00:00,3066.1
2026-04-11 14:00:00,3239.5
2026-04-11 15:00:00,3204.6
2026-04-11 16:00:00,3544.7
2026-04-11 17:00:00,3359.0
2026-04-11 18:00:00,3634.4
2026-04-11 19:00:00,3444.6
2026-04-11 20:00:00,3527.7
2026-04-11 21:00:00,3467.1
2026-04-11 22:00:00,3074.7
2026-04-11 23:00:00,3084.3
2026-04-12 00:00:00,3092.5
2026-04-12 01:00:00,2977.0
2026-04-12 02:00:00,2894.2
2026-04-12 03:00:00,2653.1
2026-04-12 04:00:00,2603.0
2026-04-12 05:00:00,2777.7
2026-04-12 06:00:00,2569.7
2026-04-12 07:00:00,2660.9
2026-04-12 08:00:00,2580.0
2026-04-12 09:00:00,2509.8
2026-04-12 10:00:00,2849.3
2026-04-12 11:00:00,2978.7
2026-04-12 12:00:00,3155.2
2026-04-12 13:00:00,3062.9
2026-04-12 14:00:00,3206.0
2026-04-12 15:00:00,3134.4
2026-04-12 16:00:00,3539.8
2026-04-12 17:00:00,3619.4
2026-04-12 18:00:00,3457.6
2026-04-12 19:00:00,3467.6
2026-04-12 20:00:00,3444.1
2026-04-12 21:00:00,3580.7
2026-04-12 22:00:00,3394.5
2026-04-12 23:00:00,3301.3
2026-04-13 00:00:00,3016.7
2026-04-13 01:00:00,2851.0
2026-04-13 02:00:00,2915.3
2026-04-13 03:00:00,2480.0
2026-04-13 04:00:00,2660.4
2026-04-13 05:00:00,2392.3
2026-04-13 06:00:00,2624.8
2026-04-13 07:00:00,2607.9
2026-04-13 08:00:00,2489.6
2026-04-13 09:00:00,2701.3
2026-04-13 10:00:00,2641.9
2026-04-13 11:00:00,2772.0
2026-04-13 12:00:00,2979.3
2026-04-13 13:00:00,3063.9
2026-04-13 14:00:00,3393.8
2026-04-13 15:00:00,3628.5
2026-04-13 16:00:00,3457.4
2026-04-13 17:00:00,3505.6
2026-04-13 18:00:00,3611.9
2026-04-13 19:00:00,3466.4
2026-04-13 20:00:00,3508.1
2026-04-13 21:00:00,3148.1
2026-04-13 22:00:00,3186.1
2026-04-13 23:00:00,2963.0
2026-04-14 00:00:00,2788.5
2026-04-14 01:00:00,3001.8
2026-04-14 02:00:00,2730.2
2026-04-14 03:00:00,2850.5
2026-04-14 04:00:00,2762.7
2026-04-14 05:00:00,2523.9
2026-04-14 06:00:00,2463.8
2026-04-14 07:00:00,2439.5
2026-04-14 08:00:00,2286.5
2026-04-14 09:00:00,2594.1
2026-04-14 10:00:00,2728.2
2026-04-14 11:00:00,2800.2
2026-04-14 12:00:00,2893.2
2026-04-14 13:00:00,3128.0
2026-04-14 14:00:00,3214.0
2026-04-14 15:00:00,3377.5
2026-04-14 16:00:00,3321.6
2026-04-14 17:00:00,3714.8
2026-04-14 18:00:00,3570.5
2026-04-14 19:00:00,3468.5
2026-04-14 20:00:00,3343.3
2026-04-14 21:00:00,3241.0
2026-04-14 22:00:00,3347.4
2026-04-14 23:00:00,3082.5
2026-04-15 00:00:00,3007.5
2026-04-15 01:00:00,2921.0
2026-04-15 02:00:00,2685.1
2026-04-15 03:00:00,2676.7
2026-04-15 04:00:00,2343.0
2026-04-15 05:00:00,2399.8
2026-04-15 06:00:00,2266.0
2026-04-15 07:00:00,2464.9
2026-04-15 08:00:00,2512.2
2026-04-15 09:00:00,2852.3
2026-04-15 10:00:00,2650.6
2026-04-15 11:00:00,2881.7
2026-04-15 12:00:00,3042.8
2026-04-15 13:00:00,3288.7
2026-04-15 14:00:00,3295.8
2026-04-15 15:00:00,3433.3
2026-04-15 16:00:00,3637.5
2026-04-15 17:00:00,3271.7
2026-04-15 18:00:00,3419.1
2026-04-15 19:00:00,3425.4
2026-04-15 20:00:00,3412.0
2026-04-15 21:00:00,3263.9
2026-04-15 22:00:00,3363.4
2026-04-15 23:00:00,3040.1
2026-04-16 00:00:00,2906.1
2026-04-16 01:00:00,2909.3
2026-04-16 02:00:00,2644.0
2026-04-16 03:00:00,2502.8
2026-04-16 04:00:00,2392.0
2026-04-16 05:00:00,2481.3
2026-04-16 06:00:00,2601.3
2026-04-16 07:00:00,2591.0
2026-04-16 08:00:00,2598.7
2026-04-16 09:00:00,2637.8
2026-04-16 10:00:00,2659.9
2026-04-16 11:00:00,2835.1
2026-04-16 12:00:00,2828.7
2026-04-16 13:00:00,3122.8
2026-04-16 14:00:00,3343.7
2026-04-16 15:00:00,3132.5
2026-04-16 16:00:00,3563.7
2026-04-16 17:00:00,3196.4
2026-04-16 18:00:00,3378.5
2026-04-16 19:00:00,3324.6
2026-04-16 20:00:00,3317.0
2026-04-16 21:00:00,3280.2
2026-04-16 22:00:00,3368.7
2026-04-16 23:00:00,2976.7
2026-04-17 00:00:00,2856.4
2026-04-17 01:00:00,2748.1
2026-04-17 02:00:00,2649.5
2026-04-17 03:00:00,2534.6
2026-04-17 04:00:00,2371.5
2026-04-17 05:00:00,2510.8
2026-04-17 06:00:00,2446.7
2026-04-17 07:00:00,2598.0
2026-04-17 08:00:00,2676.3
2026-04-17 09:00:00,2420.4
2026-04-17 10:00:00,2898.7
2026-04-17 11:00:00,2891.5
2026-04-17 12:00:00,3110.9
2026-04-17 13:00:00,3076.8
2026-04-17 14:00:00,3285.4
2026-04-17 15:00:00,3378.3
2026-04-17 16:00:00,3550.8
2026-04-17 17:00:00,3366.0
2026-04-17 18:00:00,3383.5
2026-04-17 19:00:00,3407.9
2026-04-17 20:00:00,3550.0
2026-04-17 21:00:00,3490.9
2026-04-17 22:00:00,3070.3
2026-04-17 23:00:00,3147.3
2026-04-18 00:00:00,2949.8
2026-04-18 01:00:00,2795.6
2026-04-18 02:00:00,2767.2
2026-04-18 03:00:00,2821.8
2026-04-18 04:00:00,2589.8
2026-04-18 05:00:00,2414.1
2026-04-18 06:00:00,2376.1
2026-04-18 07:00:00,2528.8
2026-04-18 08:00:00,2549.3
2026-04-18 09:00:00,2733.0
2026-04-18 10:00:00,2868.1
2026-04-18 11:00:00,2850.9
2026-04-18 12:00:00,3022.8
2026-04-18 13:00:00,3279.5
2026-04-18 14:00:00,3354.8
2026-04-18 15:00:00,3194.0
2026-04-18 16:00:00,3209.6
2026-04-18 17:00:00,3266.7
2026-04-18 18:00:00,3236.2
2026-04-18 19:00:00,3475.8
2026-04-18 20:00:00,3228.3
2026-04-18 21:00:00,3380.3
2026-04-18 22:00:00,3095.7
2026-04-18 23:00:00,3187.5
2026-04-19 00:00:00,3018.6
2026-04-19 01:00:00,2831.5
2026-04-19 02:00:00,2745.5
2026-04-19 03:00:00,2432.0
2026-04-19 04:00:00,2210.2
2026-04-19 05:00:00,2388.5
2026-04-19 06:00:00,2489.5
2026-04-19 07:00:00,2295.5
2026-04-19 08:00:00,2579.6
2026-04-19 09:00:00,2651.8
2026-04-19 10:00:00,2697.1
2026-04-19 11:00:00,2833.9
2026-04-19 12:00:00,2920.1
2026-04-19 13:00:00,3077.1
2026-04-19 14:00:00,3027.3
2026-04-19 15:00:00,3409.2
2026-04-19 16:00:00,3402.6
2026-04-19 17:00:00,3475.2
2026-04-19 18:00:00,3336.8
2026-04-19 19:00:00,3230.5
2026-04-19 20:00:00,3506.5
2026-04-19 21:00:00,3101.3
2026-04-19 22:00:00,3134.2
2026-04-19 23:00:00,3039.5
2026-04-20 00:00:00,2952.8
2026-04-20 01:00:00,2832.1
2026-04-20 02:00:00,2669.4
2026-04-20 03:00:00,2395.5
2026-04-20 04:00:00,2454.2
2026-04-20 05:00:00,2426.0
2026-04-20 06:00:00,2483.7
2026-04-20 07:00:00,2464.2
2026-04-20 08:00:00,2621.2
2026-04-20 09:00:00,2664.8
2026-04-20 10:00:00,2513.6
2026-04-20 11:00:00,2794.8
2026-04-20 12:00:00,2968.6
2026-04-20 13:00:00,2983.5
2026-04-20 14:00:00,3345.8
2026-04-20 15:00:00,3201.3
2026-04-20 16:00:00,3191.2
2026-04-20 17:00:00,3182.5
2026-04-20 18:00:00,3356.1
2026-04-20 19:00:00,3339.0
2026-04-20 20:00:00,3299.0
2026-04-20 21:00:00,2998.8
2026-04-20 22:00:00,3161.9
2026-04-20 23:00:00,3177.6
2026-04-21 00:00:00,2832.5
2026-04-21 01:00:00,2852.6
2026-04-21 02:00:00,2584.9
2026-04-21 03:00:00,2456.6
2026-04-21 04:00:00,2637.3
2026-04-21 05:00:00,2512.6
2026-04-21 06:00:00,2514.8
2026-04-21 07:00:00,2705.7
2026-04-21 08:00:00,2475.5
2026-04-21 09:00:00,2552.5
2026-04-21 10:00:00,2674.9
2026-04-21 11:00:00,2950.6
2026-04-21 12:00:00,3020.6
2026-04-21 13:00:00,2929.0
2026-04-21 14:00:00,3057.2
2026-04-21 15:00:00,3303.9
2026-04-21 16:00:00,3398.6
2026-04-21 17:00:00,3443.5
2026-04-21 18:00:00,3469.5
2026-04-21 19:00:00,3363.0
2026-04-21 20:00:00,3409.3
2026-04-21 21:00:00,3332.6
2026-04-21 22:00:00,3043.8
2026-04-21 23:00:00,2879.0
2026-04-22 00:00:00,2928.3
2026-04-22 01:00:00,2720.8
2026-04-22 02:00:00,2475.9
2026-04-22 03:00:00,2637.4
2026-04-22 04:00:00,2515.0
2026-04-22 05:00:00,2581.2
2026-04-22 06:00:00,2389.8
2026-04-22 07:00:00,2421.7
2026-04-22 08:00:00,2288.8
2026-04-22 09:00:00,2710.1
2026-04-22 10:00:00,2717.8
2026-04-22 11:00:00,2871.0
2026-04-22 12:00:00,2862.4
2026-04-22 13:00:00,3014.0
2026-04-22 14:00:00,3180.4
2026-04-22 15:00:00,3152.9
2026-04-22 16:00:00,3229.3
2026-04-22 17:00:00,3611.6
2026-04-22 18:00:00,3429.3
2026-04-22 19:00:00,3287.5
2026-04-22 20:00:00,3148.8
2026-04-22 21:00:00,3098.2
2026-04-22 22:00:00,3174.7
2026-04-22 23:00:00,2899.0
2026-04-23 00:00:00,2753.8
2026-04-23 01:00:00,2728.6
2026-04-23 02:00:00,2675.7
2026-04-23 03:00:00,2682.5
2026-04-23 04:00:00,2349.7
2026-04-23 05:00:00,2313.9
2026-04-23 06:00:00,2424.2
2026-04-23 07:00:00,2338.0
2026-04-23 08:00:00,2546.1
2026-04-23 09:00:00,2468.3
2026-04-23 10:00:00,2467.6
2026-04-23 11:00:00,2661.7
2026-04-23 12:00:00,2689.4
2026-04-23 13:00:00,2941.0
2026-04-23 14:00:00,3182.4
2026-04-23 15:00:00,3233.8
2026-04-23 16:00:00,3292.3
2026-04-23 17:00:00,3202.2
2026-04-23 18:00:00,3280.8
2026-04-23 19:00:00,3307.9
2026-04-23 20:00:00,3333.5
2026-04-23 21:00:00,3527.1
2026-04-23 22:00:00,3037.1
2026-04-23 23:00:00,3111.3
2026-04-24 00:00:00,2729.6
2026-04-24 01:00:00,2613.6
2026-04-24 02:00:00,2380.0
2026-04-24 03:00:00,2418.5
2026-04-24 04:00:00,2557.5
2026-04-24 05:00:00,2378.8
2026-04-24 06:00:00,2510.2
2026-04-24 07:00:00,2320.2
2026-04-24 08:00:00,2557.4
2026-04-24 09:00:00,2441.6
2026-04-24 10:00:00,2717.6
2026-04-24 11:00:00,2927.3
2026-04-24 12:00:00,2832.5
2026-04-24 13:00:00,2826.7
2026-04-24 14:00:00,3329.2
2026-04-24 15:00:00,3107.2
2026-04-24 16:00:00,3222.6
2026-04-24 17:00:00,3302.6
2026-04-24 18:00:00,3466.1
2026-04-24 19:00:00,3421.4
2026-04-24 20:00:00,3366.8
2026-04-24 21:00:00,3175.3
2026-04-24 22:00:00,3080.8
2026-04-24 23:00:00,3081.5
2026-04-25 00:00:00,3052.9
2026-04-25 01:00:00,2573.3
2026-04-25 02:00:00,2752.5
2026-04-25 03:00:00,2614.0
2026-04-25 04:00:00,2497.7
2026-04-25 05:00:00,2284.5
2026-04-25 06:00:00,2362.7
2026-04-25 07:00:00,2414.2
2026-04-25 08:00:00,2340.3
2026-04-25 09:00:00,2637.9
2026-04-25 10:00:00,2543.0
2026-04-25 11:00:00,2904.3
2026-04-25 12:00:00,2669.0
2026-04-25 13:00:00,2812.8
2026-04-25 14:00:00,2870.2
2026-04-25 15:00:00,3286.2
2026-04-25 16:00:00,3170.8
2026-04-25 17:00:00,3230.1
2026-04-25 18:00:00,3454.6
2026-04-25 19:00:00,3536.0
2026-04-25 20:00:00,3186.4
2026-04-25 21:00:00,3360.7
2026-04-25 22:00:00,3157.5
2026-04-25 23:00:00,2969.7
2026-04-26 00:00:00,2697.5
2026-04-26 01:00:00,2541.7
2026-04-26 02:00:00,2597.4
2026-04-26 03:00:00,2501.7
2026-04-26 04:00:00,2322.6
2026-04-26 05:00:00,2235.9
2026-04-26 06:00:00,2179.2
2026-04-26 07:00:00,2396.5
2026-04-26 08:00:00,2484.3
2026-04-26 09:00:00,2568.5
2026-04-26 10:00:00,2658.8
2026-04-26 11:00:00,2639.8
2026-04-26 12:00:00,3026.0
2026-04-26 13:00:00,2841.6
2026-04-26 14:00:00,3151.1
2026-04-26 15:00:00,3137.4
2026-04-26 16:00:00,3130.4
2026-04-26 17:00:00,3236.2
2026-04-26 18:00:00,3395.9
2026-04-26 19:00:00,3443.4
2026-04-26 20:00:00,3301.1
2026-04-26 21:00:00,2830.1
2026-04-26 22:00:00,3166.4
2026-04-26 23:00:00,2701.8
2026-04-27 00:00:00,3058.4
2026-04-27 01:00:00,2723.1
2026-04-27 02:00:00,2593.6
2026-04-27 03:00:00,2592.4
2026-04-27 04:00:00,2357.8
2026-04-27 05:00:00,2310.3
2026-04-27 06:00:00,2277.8
2026-04-27 07:00:00,2355.5
2026-04-27 08:00:00,2399.4
2026-04-27 09:00:00,2495.7
2026-04-27 10:00:00,2171.7
2026-04-27 11:00:00,2679.9
2026-04-27 12:00:00,2628.3
2026-04-27 13:00:00,3276.6
2026-04-27 14:00:00,3164.6
2026-04-27 15:00:00,3283.9
2026-04-27 16:00:00,3307.8
2026-04-27 17:00:00,3380.8
2026-04-27 18:00:00,3208.7
2026-04-27 19:00:00,3393.7
2026-04-27 20:00:00,3351.5
2026-04-27 21:00:00,3190.2
2026-04-27 22:00:00,3157.4
2026-04-27 23:00:00,3071.0
2026-04-28 00:00:00,2815.2
2026-04-28 01:00:00,2549.0
2026-04-28 02:00:00,2661.2
2026-04-28 03:00:00,2642.1
2026-04-28 04:00:00,2234.9
2026-04-28 05:00:00,2468.1
2026-04-28 06:00:00,2341.8
2026-04-28 07:00:00,2401.0
2026-04-28 08:00:00,2478.1
2026-04-28 09:00:00,2327.7
2026-04-28 10:00:00,2593.4
2026-04-28 11:00:00,2801.1
2026-04-28 12:00:00,2978.4
2026-04-28 13:00:00,3041.0
2026-04-28 14:00:00,2944.0
2026-04-28 15:00:00,3183.6
2026-04-28 16:00:00,3208.1
2026-04-28 17:00:00,3295.0
2026-04-28 18:00:00,3437.5
2026-04-28 19:00:00,3118.5
2026-04-28 20:00:00,3298.5
2026-04-28 21:00:00,3209.3
2026-04-28 22:00:00,2934.7
2026-04-28 23:00:00,3065.9
2026-04-29 00:00:00,2729.9
2026-04-29 01:00:00,2675.7
2026-04-29 02:00:00,2237.2
2026-04-29 03:00:00,2579.9
2026-04-29 04:00:00,2331.0
2026-04-29 05:00:00,2276.5
2026-04-29 06:00:00,2472.8
2026-04-29 07:00:00,2080.3
2026-04-29 08:00:00,2467.5
2026-04-29 09:00:00,2568.8
2026-04-29 10:00:00,2304.4
2026-04-29 11:00:00,2696.3
2026-04-29 12:00:00,2747.3
2026-04-29 13:00:00,2795.3
2026-04-29 14:00:00,2886.3
2026-04-29 15:00:00,3232.7
2026-04-29 16:00:00,3365.5
2026-04-29 17:00:00,3137.9
2026-04-29 18:00:00,3175.6
2026-04-29 19:00:00,3371.9
2026-04-29 20:00:00,3514.7
2026-04-29 21:00:00,2953.5
2026-04-29 22:00:00,2860.8
2026-04-29 23:00:00,2784.5
2026-04-30 00:00:00,2656.4
2026-04-30 01:00:00,2798.2
2026-04-30 02:00:00,2410.4
2026-04-30 03:00:00,2704.6
2026-04-30 04:00:00,2408.1
2026-04-30 05:00:00,2425.9
2026-04-30 06:00:00,2360.6
2026-04-30 07:00:00,2173.2
2026-04-30 08:00:00,2178.0
2026-04-30 09:00:00,2544.5
2026-04-30 10:00:00,2681.4
2026-04-30 11:00:00,2704.8
2026-04-30 12:00:00,2781.2
2026-04-30 13:00:00,2922.0
2026-04-30 14:00:00,3057.2
2026-04-30 15:00:00,2966.1
2026-04-30 16:00:00,3219.3
2026-04-30 17:00:00,3261.5
2026-04-30 18:00:00,3058.1
2026-04-30 19:00:00,2927.0
2026-04-30 20:00:00,3177.5
2026-04-30 21:00:00,2876.5
2026-04-30 22:00:00,2734.5
2026-04-30 23:00:00,2689.5
2026-05-01 00:00:00,2797.0
2026-05-01 01:00:00,2637.6
2026-05-01 02:00:00,2531.7
2026-05-01 03:00:00,2627.9
2026-05-01 04:00:00,2402.4
2026-05-01 05:00:00,2478.5
2026-05-01 06:00:00,2293.3
2026-05-01 07:00:00,2418.6
2026-05-01 08:00:00,2530.0
2026-05-01 09:00:00,2660.8
2026-05-01 10:00:00,2490.2
2026-05-01 11:00:00,2488.1
2026-05-01 12:00:00,2773.3
2026-05-01 13:00:00,3063.2
2026-05-01 14:00:00,3210.8
2026-05-01 15:00:00,3133.8
2026-05-01 16:00:00,3243.1
2026-05-01 17:00:00,3443.9
2026-05-01 18:00:00,3284.5
2026-05-01 19:00:00,3328.9
2026-05-01 20:00:00,3309.7
2026-05-01 21:00:00,3086.9
2026-05-01 22:00:00,2904.4
2026-05-01 23:00:00,3196.0
2026-05-02 00:00:00,2686.4
2026-05-02 01:00:00,2496.7
2026-05-02 02:00:00,2475.9
2026-05-02 03:00:00,2423.5
2026-05-02 04:00:00,2360.2
2026-05-02 05:00:00,2232.8
2026-05-02 06:00:00,2317.9
2026-05-02 07:00:00,2485.6
2026-05-02 08:00:00,2280.4
2026-05-02 09:00:00,2405.8
2026-05-02 10:00:00,2677.1
2026-05-02 11:00:00,2498.2
2026-05-02 12:00:00,2603.6
2026-05-02 13:00:00,2794.5
2026-05-02 14:00:00,2987.2
2026-05-02 15:00:00,3215.9
2026-05-02 16:00:00,2978.9
2026-05-02 17:00:00,3148.5
2026-05-02 18:00:00,3109.8
2026-05-02 19:00:00,3033.0
2026-05-02 20:00:00,3020.0
2026-05-02 21:00:00,3194.1
2026-05-02 22:00:00,3009.2
2026-05-02 23:00:00,2895.1
2026-05-03 00:00:00,2822.5
2026-05-03 01:00:00,2670.2
2026-05-03 02:00:00,2547.9
2026-05-03 03:00:00,2628.6
2026-05-03 04:00:00,2394.1
2026-05-03 05:00:00,1919.0
2026-05-03 06:00:00,2313.4
2026-05-03 07:00:00,2379.8
2026-05-03 08:00:00,2370.2
2026-05-03 09:00:00,2311.8
2026-05-03 10:00:00,2360.9
2026-05-03 11:00:00,2615.7
2026-05-03 12:00:00,2823.9
2026-05-03 13:00:00,2976.7
2026-05-03 14:00:00,2756.8
2026-05-03 15:00:00,3132.8
2026-05-03 16:00:00,3330.1
2026-05-03 17:00:00,3315.5
2026-05-03 18:00:00,3554.9
2026-05-03 19:00:00,3130.5
2026-05-03 20:00:00,3015.5
2026-05-03 21:00:00,3198.2
2026-05-03 22:00:00,3172.1
2026-05-03 23:00:00,2735.6
2026-05-04 00:00:00,2738.2
2026-05-04 01:00:00,2632.2
2026-05-04 02:00:00,2533.8
2026-05-04 03:00:00,2534.6
2026-05-04 04:00:00,2591.1
2026-05-04 05:00:00,2174.9
2026-05-04 06:00:00,2190.1
2026-05-04 07:00:00,2057.6
2026-05-04 08:00:00,2392.1
2026-05-04 09:00:00,2232.8
2026-05-04 10:00:00,2492.5
2026-05-04 11:00:00,2654.7
2026-05-04 12:00:00,2892.0
2026-05-04 13:00:00,2848.0
2026-05-04 14:00:00,2913.7
2026-05-04 15:00:00,2997.7
2026-05-04 16:00:00,3279.1
2026-05-04 17:00:00,3162.8
2026-05-04 18:00:00,3229.3
2026-05-04 19:00:00,3299.7
2026-05-04 20:00:00,3316.1
2026-05-04 21:00:00,3218.4
2026-05-04 22:00:00,2794.5
2026-05-04 23:00:00,2713.0
2026-05-05 00:00:00,2763.6
2026-05-05 01:00:00,2660.8
2026-05-05 02:00:00,2502.2
2026-05-05 03:00:00,2526.6
2026-05-05 04:00:00,2475.8
2026-05-05 05:00:00,2223.9
2026-05-05 06:00:00,2238.2
2026-05-05 07:00:00,2367.9
2026-05-05 08:00:00,2390.0
2026-05-05 09:00:00,2235.5
2026-05-05 10:00:00,2302.2
2026-05-05 11:00:00,2363.7
2026-05-05 12:00:00,2710.6
2026-05-05 13:00:00,2767.3
2026-05-05 14:00:00,2876.1
2026-05-05 15:00:00,2872.4
2026-05-05 16:00:00,3135.7
2026-05-05 17:00:00,3003.9
2026-05-05 18:00:00,3062.6
2026-05-05 19:00:00,3145.9
2026-05-05 20:00:00,3197.1
2026-05-05 21:00:00,3063.6
2026-05-05 22:00:00,3040.4
2026-05-05 23:00:00,2825.9
2026-05-06 00:00:00,2651.8
2026-05-06 01:00:00,2533.7
2026-05-06 02:00:00,2341.9
2026-05-06 03:00:00,2352.2
2026-05-06 04:00:00,2413.7
2026-05-06 05:00:00,2308.7
2026-05-06 06:00:00,2288.8
2026-05-06 07:00:00,2263.0
2026-05-06 08:00:00,2294.3
2026-05-06 09:00:00,2357.4
2026-05-06 10:00:00,2316.4
2026-05-06 11:00:00,2431.0
2026-05-06 12:00:00,2581.1
2026-05-06 13:00:00,2939.7
2026-05-06 14:00:00,2868.8
2026-05-06 15:00:00,3125.7
2026-05-06 16:00:00,2988.4
2026-05-06 17:00:00,3143.5
2026-05-06 18:00:00,3074.6
2026-05-06 19:00:00,3259.9
2026-05-06 20:00:00,3365.0
2026-05-06 21:00:00,2894.9
2026-05-06 22:00:00,2977.1
2026-05-06 23:00:00,2720.0
2026-05-07 00:00:00,2777.2
2026-05-07 01:00:00,2764.8
2026-05-07 02:00:00,2376.3
2026-05-07 03:00:00,2458.1
2026-05-07 04:00:00,2242.4
2026-05-07 05:00:00,2117.8
2026-05-07 06:00:00,2141.6
2026-05-07 07:00:00,2347.5
2026-05-07 08:00:00,2307.2
2026-05-07 09:00:00,2325.2
2026-05-07 10:00:00,2417.3
2026-05-07 11:00:00,2482.5
2026-05-07 12:00:00,2766.7
2026-05-07 13:00:00,3079.1
2026-05-07 14:00:00,2916.0
2026-05-07 15:00:00,2912.7
2026-05-07 16:00:00,3165.2
2026-05-07 17:00:00,3233.4
2026-05-07 18:00:00,3316.6
2026-05-07 19:00:00,3018.8
2026-05-07 20:00:00,3152.5
2026-05-07 21:00:00,2932.4
2026-05-07 22:00:00,3101.1
2026-05-07 23:00:00,2904.0
2026-05-08 00:00:00,2658.1
2026-05-08 01:00:00,2402.3
2026-05-08 02:00:00,2664.0
2026-05-08 03:00:00,2308.1
2026-05-08 04:00:00,2357.4
2026-05-08 05:00:00,1960.6
2026-05-08 06:00:00,2194.5
2026-05-08 07:00:00,2290.0
2026-05-08 08:00:00,1978.8
2026-05-08 09:00:00,2356.7
2026-05-08 10:00:00,2582.0
2026-05-08 11:00:00,2365.6
2026-05-08 12:00:00,2659.1
2026-05-08 13:00:00,2761.1
2026-05-08 14:00:00,2846.7
2026-05-08 15:00:00,2950.1
2026-05-08 16:00:00,2995.7
2026-05-08 17:00:00,3060.8
2026-05-08 18:00:00,3163.5
2026-05-08 19:00:00,3163.0
2026-05-08 20:00:00,2939.9
2026-05-08 21:00:00,2949.5
2026-05-08 22:00:00,2931.1
2026-05-08 23:00:00,2943.6
2026-05-09 00:00:00,2815.1
2026-05-09 01:00:00,2534.5
2026-05-09 02:00:00,2430.8
2026-05-09 03:00:00,2140.3
2026-05-09 04:00:00,2241.9
2026-05-09 05:00:00,1952.5
2026-05-09 06:00:00,2117.8
2026-05-09 07:00:00,2022.0
2026-05-09 08:00:00,2138.0
2026-05-09 09:00:00,2326.1
2026-05-09 10:00:00,2437.4
2026-05-09 11:00:00,2684.9
2026-05-09 12:00:00,2687.9
2026-05-09 13:00:00,2727.9
2026-05-09 14:00:00,2987.3
2026-05-09 15:00:00,2810.4
2026-05-09 16:00:00,3295.0
2026-05-09 17:00:00,2881.8
2026-05-09 18:00:00,3237.5
2026-05-09 19:00:00,3205.6
2026-05-09 20:00:00,3018.8
2026-05-09 21:00:00,2955.2
2026-05-09 22:00:00,2724.8
2026-05-09 23:00:00,2797.0
2026-05-10 00:00:00,2719.2
2026-05-10 01:00:00,2458.5
2026-05-10 02:00:00,2454.3
2026-05-10 03:00:00,2381.3
2026-05-10 04:00:00,2126.1
2026-05-10 05:00:00,2271.0
2026-05-10 06:00:00,2206.0
2026-05-10 07:00:00,2176.1
2026-05-10 08:00:00,2309.4
2026-05-10 09:00:00,2333.3
2026-05-10 10:00:00,2311.5
2026-05-10 11:00:00,2441.3
2026-05-10 12:00:00,2674.7
2026-05-10 13:00:00,2909.6
2026-05-10 14:00:00,2918.3
2026-05-10 15:00:00,2952.5
2026-05-10 16:00:00,3083.7
2026-05-10 17:00:00,2986.9
2026-05-10 18:00:00,3282.0
2026-05-10 19:00:00,3296.7
2026-05-10 20:00:00,3276.6
2026-05-10 21:00:00,3102.8
2026-05-10 22:00:00,2811.0
2026-05-10 23:00:00,2755.2
2026-05-11 00:00:00,2593.2
2026-05-11 01:00:00,2562.3
2026-05-11 02:00:00,2550.9
2026-05-11 03:00:00,1991.8
2026-05-11 04:00:00,2254.4
2026-05-11 05:00:00,2184.8
2026-05-11 06:00:00,2170.8
2026-05-11 07:00:00,2233.4
2026-05-11 08:00:00,2099.1
2026-05-11 09:00:00,2394.6
2026-05-11 10:00:00,2423.6
2026-05-11 11:00:00,2480.9
2026-05-11 12:00:00,2636.6
2026-05-11 13:00:00,2711.5
2026-05-11 14:00:00,2894.0
2026-05-11 15:00:00,3056.0
2026-05-11 16:00:00,2912.1
2026-05-11 17:00:00,3073.4
2026-05-11 18:00:00,3075.4
2026-05-11 19:00:00,3109.4
2026-05-11 20:00:00,3029.3
2026-05-11 21:00:00,2772.8
2026-05-11 22:00:00,2934.5
2026-05-11 23:00:00,2900.2
2026-05-12 00:00:00,2544.6
2026-05-12 01:00:00,2517.7
2026-05-12 02:00:00,2294.7
2026-05-12 03:00:00,2296.7
2026-05-12 04:00:00,2167.6
2026-05-12 05:00:00,2273.3
2026-05-12 06:00:00,2058.8
2026-05-12 07:00:00,2218.2
2026-05-12 08:00:00,2105.5
2026-05-12 09:00:00,2206.0
2026-05-12 10:00:00,2386.2
2026-05-12 11:00:00,2298.7
2026-05-12 12:00:00,2516.6
2026-05-12 13:00:00,2849.8
2026-05-12 14:00:00,2789.4
2026-05-12 15:00:00,2813.7
2026-05-12 16:00:00,2881.9
2026-05-12 17:00:00,3112.0
2026-05-12 18:00:00,3052.2
2026-05-12 19:00:00,3107.1
2026-05-12 20:00:00,2716.8
2026-05-12 21:00:00,2874.7
2026-05-12 22:00:00,2772.7
2026-05-12 23:00:00,2834.4
2026-05-13 00:00:00,2719.4
2026-05-13 01:00:00,2562.8
2026-05-13 02:00:00,2123.2
2026-05-13 03:00:00,2359.5
2026-05-13 04:00:00,2321.8
2026-05-13 05:00:00,2032.5
2026-05-13 06:00:00,2143.3
2026-05-13 07:00:00,2177.3
2026-05-13 08:00:00,2126.5
2026-05-13 09:00:00,2270.4
2026-05-13 10:00:00,2261.5
2026-05-13 11:00:00,2496.9
2026-05-13 12:00:00,2591.5
2026-05-13 13:00:00,2767.9
2026-05-13 14:00:00,3082.7
2026-05-13 15:00:00,2833.2
2026-05-13 16:00:00,3180.4
2026-05-13 17:00:00,3099.7
2026-05-13 18:00:00,3106.8
2026-05-13 19:00:00,2834.6
2026-05-13 20:00:00,3153.9
2026-05-13 21:00:00,2818.8
2026-05-13 22:00:00,2740.5
2026-05-13 23:00:00,2700.0
2026-05-14 00:00:00,2563.7
2026-05-14 01:00:00,2369.1
2026-05-14 02:00:00,2525.9
2026-05-14 03:00:00,2328.4
2026-05-14 04:00:00,2457.4
2026-05-14 05:00:00,2029.2
2026-05-14 06:00:00,2006.5
2026-05-14 07:00:00,2353.6
2026-05-14 08:00:00,2015.7
2026-05-14 09:00:00,2280.7
2026-05-14 10:00:00,2314.2
2026-05-14 11:00:00,2440.0
2026-05-14 12:00:00,2430.5
2026-05-14 13:00:00,2647.9
2026-05-14 14:00:00,3084.7
2026-05-14 15:00:00,2972.3
2026-05-14 16:00:00,3213.7
2026-05-14 17:00:00,3006.4
2026-05-14 18:00:00,3115.3
2026-05-14 19:00:00,3159.4
2026-05-14 20:00:00,3107.3
2026-05-14 21:00:00,2928.7
2026-05-14 22:00:00,2855.6
2026-05-14 23:00:00,2857.7
2026-05-15 00:00:00,2635.1
2026-05-15 01:00:00,2254.1
2026-05-15 02:00:00,2272.6
2026-05-15 03:00:00,2109.0
2026-05-15 04:00:00,1958.5
2026-05-15 05:00:00,2208.3
2026-05-15 06:00:00,2222.4
2026-05-15 07:00:00,2017.9
2026-05-15 08:00:00,2121.8
2026-05-15 09:00:00,2476.6
2026-05-15 10:00:00,2323.1
2026-05-15 11:00:00,2451.8
2026-05-15 12:00:00,2628.6
2026-05-15 13:00:00,2876.5
2026-05-15 14:00:00,2900.6
2026-05-15 15:00:00,3072.2
2026-05-15 16:00:00,2906.7
2026-05-15 17:00:00,3175.6
2026-05-15 18:00:00,3078.6
2026-05-15 19:00:00,2975.0
2026-05-15 20:00:00,3087.4
2026-05-15 21:00:00,3245.9
2026-05-15 22:00:00,2863.4
2026-05-15 23:00:00,2840.2
2026-05-16 00:00:00,2555.0
2026-05-16 01:00:00,2270.7
2026-05-16 02:00:00,2401.3
2026-05-16 03:00:00,2110.8
2026-05-16 04:00:00,2124.9
2026-05-16 05:00:00,2336.9
2026-05-16 06:00:00,1867.9
2026-05-16 07:00:00,2143.7
2026-05-16 08:00:00,2211.8
2026-05-16 09:00:00,2267.7
2026-05-16 10:00:00,2261.9
2026-05-16 11:00:00,2474.8
2026-05-16 12:00:00,2467.1
2026-05-16 13:00:00,2896.2
2026-05-16 14:00:00,2849.9
2026-05-16 15:00:00,3091.6
2026-05-16 16:00:00,2977.8
2026-05-16 17:00:00,3166.4
2026-05-16 18:00:00,3161.7
2026-05-16 19:00:00,2924.1
2026-05-16 20:00:00,3201.2
2026-05-16 21:00:00,3255.5
2026-05-16 22:00:00,2955.0
2026-05-16 23:00:00,2544.9
2026-05-17 00:00:00,2475.4
2026-05-17 01:00:00,2179.3
2026-05-17 02:00:00,2228.2
2026-05-17 03:00:00,2434.1
2026-05-17 04:00:00,2265.7
2026-05-17 05:00:00,1975.5
2026-05-17 06:00:00,1921.8
2026-05-17 07:00:00,2012.2
2026-05-17 08:00:00,2269.7
2026-05-17 09:00:00,2277.8
2026-05-17 10:00:00,2501.1
2026-05-17 11:00:00,2364.7
2026-05-17 12:00:00,2585.7
2026-05-17 13:00:00,2614.3
2026-05-17 14:00:00,2796.3
2026-05-17 15:00:00,2885.8
2026-05-17 16:00:00,2966.5
2026-05-17 17:00:00,3122.3
2026-05-17 18:00:00,3011.4
2026-05-17 19:00:00,3033.6
2026-05-17 20:00:00,2893.6
2026-05-17 21:00:00,3065.3
2026-05-17 22:00:00,3023.5
2026-05-17 23:00:00,2930.6
2026-05-18 00:00:00,2663.8
2026-05-18 01:00:00,2432.0
2026-05-18 02:00:00,2203.6
2026-05-18 03:00:00,2085.0
2026-05-18 04:00:00,2122.2
2026-05-18 05:00:00,1932.3
2026-05-18 06:00:00,2155.2
2026-05-18 07:00:00,2110.6
2026-05-18 08:00:00,1968.9
2026-05-18 09:00:00,2183.0
2026-05-18 10:00:00,2414.1
2026-05-18 11:00:00,2571.1
2026-05-18 12:00:00,2587.9
2026-05-18 13:00:00,2767.4
2026-05-18 14:00:00,2850.4
2026-05-18 15:00:00,2860.8
2026-05-18 16:00:00,3012.2
2026-05-18 17:00:00,3059.0
2026-05-18 18:00:00,2991.1
2026-05-18 19:00:00,3073.0
2026-05-18 20:00:00,2990.5
2026-05-18 21:00:00,2958.9
2026-05-18 22:00:00,2810.8
2026-05-18 23:00:00,2687.1
2026-05-19 00:00:00,2342.4
2026-05-19 01:00:00,2709.7
2026-05-19 02:00:00,2393.8
2026-05-19 03:00:00,2255.8
2026-05-19 04:00:00,2334.4
2026-05-19 05:00:00,2192.6
2026-05-19 06:00:00,2113.3
2026-05-19 07:00:00,2151.3
2026-05-19 08:00:00,2321.5
2026-05-19 09:00:00,2232.9
2026-05-19 10:00:00,2143.6
2026-05-19 11:00:00,2244.6
2026-05-19 12:00:00,2719.0
2026-05-19 13:00:00,2659.1
2026-05-19 14:00:00,2867.2
2026-05-19 15:00:00,2895.7
2026-05-19 16:00:00,3038.5
2026-05-19 17:00:00,2933.5
2026-05-19 18:00:00,3107.2
2026-05-19 19:00:00,2762.1
2026-05-19 20:00:00,2950.1
2026-05-19 21:00:00,2741.1
2026-05-19 22:00:00,2799.3
2026-05-19 23:00:00,2688.8
2026-05-20 00:00:00,2529.2
2026-05-20 01:00:00,2435.4
2026-05-20 02:00:00,2085.8
2026-05-20 03:00:00,2063.3
2026-05-20 04:00:00,2086.3
2026-05-20 05:00:00,2107.2
2026-05-20 06:00:00,2074.6
2026-05-20 07:00:00,1855.5
2026-05-20 08:00:00,2264.7
2026-05-20 09:00:00,2174.6
2026-05-20 10:00:00,2484.3
2026-05-20 11:00:00,2492.1
2026-05-20 12:00:00,2678.1
2026-05-20 13:00:00,2732.0
2026-05-20 14:00:00,2733.3
2026-05-20 15:00:00,2860.3
2026-05-20 16:00:00,3074.7
2026-05-20 17:00:00,2977.1
2026-05-20 18:00:00,2809.0
2026-05-20 19:00:00,3018.5
2026-05-20 20:00:00,2997.0
2026-05-20 21:00:00,2942.1
2026-05-20 22:00:00,2867.8
2026-05-20 23:00:00,2902.6
2026-05-21 00:00:00,2353.9
2026-05-21 01:00:00,2615.0
2026-05-21 02:00:00,2368.1
2026-05-21 03:00:00,2176.9
2026-05-21 04:00:00,1936.1
2026-05-21 05:00:00,2056.3
2026-05-21 06:00:00,2101.9
2026-05-21 07:00:00,2041.5
2026-05-21 08:00:00,2040.1
2026-05-21 09:00:00,2102.9
2026-05-21 10:00:00,2182.6
2026-05-21 11:00:00,2474.8
2026-05-21 12:00:00,2595.4
2026-05-21 13:00:00,2770.5
2026-05-21 14:00:00,2682.7
2026-05-21 15:00:00,3039.1
2026-05-21 16:00:00,3255.6
2026-05-21 17:00:00,3019.2
2026-05-21 18:00:00,3161.3
2026-05-21 19:00:00,2847.7
2026-05-21 20:00:00,3241.4
2026-05-21 21:00:00,2951.4
2026-05-21 22:00:00,2919.9
2026-05-21 23:00:00,2686.2
2026-05-22 00:00:00,2331.3
2026-05-22 01:00:00,2450.6
2026-05-22 02:00:00,2269.5
2026-05-22 03:00:00,2277.0
2026-05-22 04:00:00,1986.0
2026-05-22 05:00:00,1672.6
2026-05-22 06:00:00,2009.8
2026-05-22 07:00:00,1994.7
2026-05-22 08:00:00,2172.2
2026-05-22 09:00:00,2060.4
2026-05-22 10:00:00,2221.0
2026-05-22 11:00:00,2342.3
2026-05-22 12:00:00,2427.5
2026-05-22 13:00:00,2712.1
2026-05-22 14:00:00,2731.3
2026-05-22 15:00:00,2808.9
2026-05-22 16:00:00,2864.9
2026-05-22 17:00:00,2960.1
2026-05-22 18:00:00,3197.6
2026-05-22 19:00:00,2967.3
2026-05-22 20:00:00,2866.5
2026-05-22 21:00:00,2878.3
2026-05-22 22:00:00,2857.6
2026-05-22 23:00:00,2641.8
2026-05-23 00:00:00,2560.8
2026-05-23 01:00:00,2457.2
2026-05-23 02:00:00,2350.9
2026-05-23 03:00:00,2183.4
2026-05-23 04:00:00,1910.4
2026-05-23 05:00:00,2011.9
2026-05-23 06:00:00,1930.6
2026-05-23 07:00:00,2112.7
2026-05-23 08:00:00,2228.6
2026-05-23 09:00:00,2108.9
2026-05-23 10:00:00,2345.5
2026-05-23 11:00:00,2421.9
2026-05-23 12:00:00,2478.6
2026-05-23 13:00:00,2802.3
2026-05-23 14:00:00,2700.1
2026-05-23 15:00:00,2776.2
2026-05-23 16:00:00,2833.0
2026-05-23 17:00:00,3112.9
2026-05-23 18:00:00,2914.2
2026-05-23 19:00:00,2895.2
2026-05-23 20:00:00,3063.6
2026-05-23 21:00:00,2897.5
2026-05-23 22:00:00,2732.6
2026-05-23 23:00:00,2528.2
2026-05-24 00:00:00,2528.4
2026-05-24 01:00:00,2243.4
2026-05-24 02:00:00,2272.8
2026-05-24 03:00:00,2163.0
2026-05-24 04:00:00,2057.0
2026-05-24 05:00:00,2037.9
2026-05-24 06:00:00,2071.0
2026-05-24 07:00:00,1798.9
2026-05-24 08:00:00,1938.9
2026-05-24 09:00:00,2229.6
2026-05-24 10:00:00,2227.9
2026-05-24 11:00:00,2467.8
2026-05-24 12:00:00,2698.1
2026-05-24 13:00:00,2810.0
2026-05-24 14:00:00,2862.9
2026-05-24 15:00:00,2860.2
2026-05-24 16:00:00,3068.8
2026-05-24 17:00:00,2905.6
2026-05-24 18:00:00,3017.4
2026-05-24 19:00:00,2945.9
2026-05-24 20:00:00,2870.4
2026-05-24 21:00:00,2758.4
2026-05-24 22:00:00,2793.2
2026-05-24 23:00:00,2438.7
2026-05-25 00:00:00,2260.4
2026-05-25 01:00:00,2480.9
2026-05-25 02:00:00,2289.2
2026-05-25 03:00:00,2235.0
2026-05-25 04:00:00,2042.6
2026-05-25 05:00:00,2062.8
2026-05-25 06:00:00,1930.4
2026-05-25 07:00:00,1943.6
2026-05-25 08:00:00,1921.8
2026-05-25 09:00:00,2347.6
2026-05-25 10:00:00,2123.1
2026-05-25 11:00:00,2544.7
2026-05-25 12:00:00,2342.4
2026-05-25 13:00:00,2507.8
2026-05-25 14:00:00,2880.9
2026-05-25 15:00:00,2907.9
2026-05-25 16:00:00,2966.9
2026-05-25 17:00:00,2856.8
2026-05-25 18:00:00,3099.0
2026-05-25 19:00:00,2864.1
2026-05-25 20:00:00,2952.3
2026-05-25 21:00:00,2750.5
2026-05-25 22:00:00,2916.7
2026-05-25 23:00:00,2659.0
2026-05-26 00:00:00,2641.7
2026-05-26 01:00:00,2333.4
2026-05-26 02:00:00,2145.9
2026-05-26 03:00:00,1964.0
2026-05-26 04:00:00,2077.1
2026-05-26 05:00:00,2138.6
2026-05-26 06:00:00,2042.9
2026-05-26 07:00:00,1911.2
2026-05-26 08:00:00,1991.9
2026-05-26 09:00:00,2071.0
2026-05-26 10:00:00,2224.1
2026-05-26 11:00:00,2430.7
2026-05-26 12:00:00,2493.4
2026-05-26 13:00:00,2690.8
2026-05-26 14:00:00,2778.8
2026-05-26 15:00:00,2708.1
2026-05-26 16:00:00,2919.5
2026-05-26 17:00:00,2838.5
2026-05-26 18:00:00,2986.0
2026-05-26 19:00:00,3009.1
2026-05-26 20:00:00,2814.0
2026-05-26 21:00:00,2669.7
2026-05-26 22:00:00,2748.4
2026-05-26 23:00:00,2588.0
2026-05-27 00:00:00,2611.2
2026-05-27 01:00:00,2264.6
2026-05-27 02:00:00,2416.8
2026-05-27 03:00:00,2196.1
2026-05-27 04:00:00,1858.1
2026-05-27 05:00:00,1907.4
2026-05-27 06:00:00,1973.8
2026-05-27 07:00:00,1972.7
2026-05-27 08:00:00,1930.6
2026-05-27 09:00:00,1898.9
2026-05-27 10:00:00,2181.8
2026-05-27 11:00:00,2312.1
2026-05-27 12:00:00,2536.4
2026-05-27 13:00:00,2619.7
2026-05-27 14:00:00,2588.9
2026-05-27 15:00:00,2912.9
2026-05-27 16:00:00,2828.6
2026-05-27 17:00:00,3063.0
2026-05-27 18:00:00,2909.7
2026-05-27 19:00:00,2882.7
2026-05-27 20:00:00,2897.0
2026-05-27 21:00:00,2909.8
2026-05-27 22:00:00,2745.2
2026-05-27 23:00:00,2438.2
2026-05-28 00:00:00,2579.1
2026-05-28 01:00:00,2253.7
2026-05-28 02:00:00,2040.4
2026-05-28 03:00:00,1905.8
2026-05-28 04:00:00,2184.1
2026-05-28 05:00:00,2160.1
2026-05-28 06:00:00,1896.1
2026-05-28 07:00:00,1942.9
2026-05-28 08:00:00,2020.8
2026-05-28 09:00:00,1956.0
2026-05-28 10:00:00,2225.3
2026-05-28 11:00:00,2395.5
2026-05-28 12:00:00,2408.1
2026-05-28 13:00:00,2616.3
2026-05-28 14:00:00,2658.3
2026-05-28 15:00:00,2932.9
2026-05-28 16:00:00,2780.4
2026-05-28 17:00:00,2883.8
2026-05-28 18:00:00,3127.3
2026-05-28 19:00:00,2960.9
2026-05-28 20:00:00,3176.8
2026-05-28 21:00:00,2897.5
2026-05-28 22:00:00,2844.2
2026-05-28 23:00:00,2661.7
2026-05-29 00:00:00,2363.7
2026-05-29 01:00:00,2436.6
2026-05-29 02:00:00,2084.8
2026-05-29 03:00:00,1903.2
2026-05-29 04:00:00,2066.5
2026-05-29 05:00:00,2089.0
2026-05-29 06:00:00,2100.5
2026-05-29 07:00:00,2018.3
2026-05-29 08:00:00,2009.9
2026-05-29 09:00:00,2081.1
2026-05-29 10:00:00,2264.2
2026-05-29 11:00:00,2441.0
2026-05-29 12:00:00,2453.1
2026-05-29 13:00:00,2655.2
2026-05-29 14:00:00,2838.0
2026-05-29 15:00:00,2946.4
2026-05-29 16:00:00,3021.4
2026-05-29 17:00:00,3031.4
2026-05-29 18:00:00,3155.5
2026-05-29 19:00:00,2825.0
2026-05-29 20:00:00,3081.5
2026-05-29 21:00:00,2809.5
2026-05-29 22:00:00,2511.4
2026-05-29 23:00:00,2590.4
2026-05-30 00:00:00,2484.2
2026-05-30 01:00:00,2157.7
2026-05-30 02:00:00,2198.4
2026-05-30 03:00:00,1828.7
2026-05-30 04:00:00,2215.1
2026-05-30 05:00:00,1929.7
2026-05-30 06:00:00,1942.9
2026-05-30 07:00:00,2075.0
2026-05-30 08:00:00,2011.1
2026-05-30 09:00:00,1938.0
2026-05-30 10:00:00,1960.4
2026-05-30 11:00:00,2391.7
2026-05-30 12:00:00,2537.2
2026-05-30 13:00:00,2518.4
2026-05-30 14:00:00,2450.3
2026-05-30 15:00:00,2833.0
2026-05-30 16:00:00,2870.9
2026-05-30 17:00:00,2996.5
2026-05-30 18:00:00,2844.1
2026-05-30 19:00:00,2670.8
2026-05-30 20:00:00,2805.7
2026-05-30 21:00:00,2884.5
2026-05-30 22:00:00,2812.7
2026-05-30 23:00:00,2525.2
2026-05-31 00:00:00,2369.7
2026-05-31 01:00:00,2090.6
2026-05-31 02:00:00,2329.2
2026-05-31 03:00:00,2028.1
2026-05-31 04:00:00,1916.8
2026-05-31 05:00:00,1845.2
2026-05-31 06:00:00,1887.2
2026-05-31 07:00:00,2001.4
2026-05-31 08:00:00,1955.5
2026-05-31 09:00:00,2242.2
2026-05-31 10:00:00,2261.2
2026-05-31 11:00:00,2347.9
2026-05-31 12:00:00,2588.2
2026-05-31 13:00:00,2417.4
2026-05-31 14:00:00,2699.0
2026-05-31 15:00:00,2880.3
2026-05-31 16:00:00,2962.7
2026-05-31 17:00:00,2863.3
2026-05-31 18:00:00,2787.0
2026-05-31 19:00:00,2690.9
2026-05-31 20:00:00,2922.6
2026-05-31 21:00:00,2773.4
2026-05-31 22:00:00,2658.8
2026-05-31 23:00:00,2580.0
2026-06-01 00:00:00,2423.1
2026-06-01 01:00:00,2238.6
2026-06-01 02:00:00,2268.4
2026-06-01 03:00:00,1913.3
2026-06-01 04:00:00,1860.2
2026-06-01 05:00:00,1788.1
2026-06-01 06:00:00,1886.0
2026-06-01 07:00:00,2018.6
2026-06-01 08:00:00,1901.9
2026-06-01 09:00:00,2090.1
2026-06-01 10:00:00,2288.2
2026-06-01 11:00:00,2508.1
2026-06-01 12:00:00,2527.6
2026-06-01 13:00:00,2494.7
2026-06-01 14:00:00,2496.3
2026-06-01 15:00:00,2479.0
2026-06-01 16:00:00,2787.8
2026-06-01 17:00:00,2920.8
2026-06-01 18:00:00,2872.3
2026-06-01 19:00:00,3140.1
2026-06-01 20:00:00,2702.8
2026-06-01 21:00:00,2704.1
2026-06-01 22:00:00,2399.3
2026-06-01 23:00:00,2690.0
2026-06-02 00:00:00,2349.8
2026-06-02 01:00:00,2075.6
2026-06-02 02:00:00,2150.8
2026-06-02 03:00:00,2241.2
2026-06-02 04:00:00,2222.7
2026-06-02 05:00:00,1906.7
2026-06-02 06:00:00,1994.1
2026-06-02 07:00:00,1885.0
2026-06-02 08:00:00,1958.8
2026-06-02 09:00:00,2002.2
2026-06-02 10:00:00,2355.4
2026-06-02 11:00:00,2204.0
2026-06-02 12:00:00,2174.8
2026-06-02 13:00:00,2411.2
2026-06-02 14:00:00,2592.7
2026-06-02 15:00:00,2790.1
2026-06-02 16:00:00,2780.9
2026-06-02 17:00:00,2920.9
2026-06-02 18:00:00,2939.7
2026-06-02 19:00:00,2852.9
2026-06-02 20:00:00,2927.4
2026-06-02 21:00:00,2656.7
2026-06-02 22:00:00,2541.6
2026-06-02 23:00:00,2654.4
2026-06-03 00:00:00,2420.2
2026-06-03 01:00:00,1937.6
2026-06-03 02:00:00,2108.6
2026-06-03 03:00:00,2124.5
2026-06-03 04:00:00,2154.0
2026-06-03 05:00:00,2009.3
2026-06-03 06:00:00,1949.6
2026-06-03 07:00:00,2050.7
2026-06-03 08:00:00,2098.0
2026-06-03 09:00:00,2193.6
2026-06-03 10:00:00,2024.2
2026-06-03 11:00:00,2269.5
2026-06-03 12:00:00,2229.1
2026-06-03 13:00:00,2664.8
2026-06-03 14:00:00,2578.1
2026-06-03 15:00:00,2640.3
2026-06-03 16:00:00,3056.2
2026-06-03 17:00:00,2761.0
2026-06-03 18:00:00,2858.5
2026-06-03 19:00:00,2888.5
2026-06-03 20:00:00,2816.3
2026-06-03 21:00:00,2893.6
2026-06-03 22:00:00,2726.5
2026-06-03 23:00:00,2414.6
2026-06-04 00:00:00,2498.2
2026-06-04 01:00:00,2239.9
2026-06-04 02:00:00,2084.9
2026-06-04 03:00:00,2118.5
2026-06-04 04:00:00,2019.9
2026-06-04 05:00:00,1934.4
2026-06-04 06:00:00,1799.5
2026-06-04 07:00:00,1927.3
2026-06-04 08:00:00,1822.7
2026-06-04 09:00:00,2136.0
2026-06-04 10:00:00,2114.4
2026-06-04 11:00:00,2258.1
2026-06-04 12:00:00,2480.3
2026-06-04 13:00:00,2503.3
2026-06-04 14:00:00,2703.7
2026-06-04 15:00:00,2665.2
2026-06-04 16:00:00,2862.7
2026-06-04 17:00:00,2989.2
2026-06-04 18:00:00,2676.6
2026-06-04 19:00:00,2824.5
2026-06-04 20:00:00,2839.5
2026-06-04 21:00:00,2727.7
2026-06-04 22:00:00,2699.3
2026-06-04 23:00:00,2659.5
2026-06-05 00:00:00,2404.1
2026-06-05 01:00:00,2318.2
2026-06-05 02:00:00,2191.5
2026-06-05 03:00:00,2157.7
2026-06-05 04:00:00,2049.2
2026-06-05 05:00:00,2088.7
2026-06-05 06:00:00,2023.1
2026-06-05 07:00:00,1837.7
2026-06-05 08:00:00,1991.0
2026-06-05 09:00:00,2154.1
2026-06-05 10:00:00,2158.4
2026-06-05 11:00:00,1932.6
2026-06-05 12:00:00,2605.5
2026-06-05 13:00:00,2573.4
2026-06-05 14:00:00,2676.2
2026-06-05 15:00:00,2783.6
2026-06-05 16:00:00,2727.1
2026-06-05 17:00:00,2876.9
2026-06-05 18:00:00,2848.7
2026-06-05 19:00:00,2775.2
2026-06-05 20:00:00,2840.4
2026-06-05 21:00:00,2791.9
2026-06-05 22:00:00,2771.2
2026-06-05 23:00:00,2553.3
2026-06-06 00:00:00,2373.6
2026-06-06 01:00:00,2330.1
2026-06-06 02:00:00,2267.8
2026-06-06 03:00:00,2154.1
2026-06-06 04:00:00,1930.4
2026-06-06 05:00:00,1918.4
2026-06-06 06:00:00,1856.2
2026-06-06 07:00:00,2162.8
2026-06-06 08:00:00,2075.2
2026-06-06 09:00:00,2182.5
2026-06-06 10:00:00,2022.4
2026-06-06 11:00:00,2304.6
2026-06-06 12:00:00,2557.2
2026-06-06 13:00:00,2368.8
2026-06-06 14:00:00,2627.7
2026-06-06 15:00:00,2513.4
2026-06-06 16:00:00,3181.8
2026-06-06 17:00:00,2899.8
2026-06-06 18:00:00,2828.1
2026-06-06 19:00:00,2978.8
2026-06-06 20:00:00,2774.5
2026-06-06 21:00:00,2819.9
2026-06-06 22:00:00,2583.1
2026-06-06 23:00:00,2654.7
2026-06-07 00:00:00,2309.7
2026-06-07 01:00:00,2276.5
2026-06-07 02:00:00,2016.4
2026-06-07 03:00:00,2053.8
2026-06-07 04:00:00,1940.6
2026-06-07 05:00:00,1753.7
2026-06-07 06:00:00,2102.7
2026-06-07 07:00:00,1879.8
2026-06-07 08:00:00,1952.2
2026-06-07 09:00:00,2144.3
2026-06-07 10:00:00,2021.5
2026-06-07 11:00:00,2126.3
2026-06-07 12:00:00,2306.3
2026-06-07 13:00:00,2642.1
2026-06-07 14:00:00,2517.5
2026-06-07 15:00:00,3049.2
2026-06-07 16:00:00,2846.4
2026-06-07 17:00:00,2913.0
2026-06-07 18:00:00,2942.1
2026-06-07 19:00:00,2792.4
2026-06-07 20:00:00,2813.7
2026-06-07 21:00:00,2665.7
2026-06-07 22:00:00,2623.1
2026-06-07 23:00:00,2485.3
2026-06-08 00:00:00,2554.4
2026-06-08 01:00:00,2278.3
2026-06-08 02:00:00,2136.4
2026-06-08 03:00:00,2010.5
2026-06-08 04:00:00,1861.4
2026-06-08 05:00:00,1789.1
2026-06-08 06:00:00,1856.5
2026-06-08 07:00:00,2047.1
2026-06-08 08:00:00,2007.2
2026-06-08 09:00:00,1953.9
2026-06-08 10:00:00,2037.8
2026-06-08 11:00:00,2214.7
2026-06-08 12:00:00,2502.6
2026-06-08 13:00:00,2629.0
2026-06-08 14:00:00,2582.3
2026-06-08 15:00:00,2659.5
2026-06-08 16:00:00,2869.3
2026-06-08 17:00:00,2769.8
2026-06-08 18:00:00,2847.9
2026-06-08 19:00:00,3051.1
2026-06-08 20:00:00,2734.2
2026-06-08 21:00:00,2744.0
2026-06-08 22:00:00,2624.3
2026-06-08 23:00:00,2613.8
2026-06-09 00:00:00,2405.0
2026-06-09 01:00:00,2078.0
2026-06-09 02:00:00,2000.3
2026-06-09 03:00:00,2087.5
2026-06-09 04:00:00,1934.3
2026-06-09 05:00:00,1833.3
2026-06-09 06:00:00,1713.0
2026-06-09 07:00:00,1921.4
2026-06-09 08:00:00,1885.4
2026-06-09 09:00:00,2101.7
2026-06-09 10:00:00,2160.1
2026-06-09 11:00:00,2134.9
2026-06-09 12:00:00,2221.6
2026-06-09 13:00:00,2434.1
2026-06-09 14:00:00,2663.8
2026-06-09 15:00:00,2806.6
2026-06-09 16:00:00,2573.6
2026-06-09 17:00:00,3014.4
2026-06-09 18:00:00,2900.2
2026-06-09 19:00:00,2813.2
2026-06-09 20:00:00,2568.4
2026-06-09 21:00:00,2598.8
2026-06-09 22:00:00,2755.6
2026-06-09 23:00:00,2504.4
2026-06-10 00:00:00,2378.4
2026-06-10 01:00:00,2196.8
2026-06-10 02:00:00,2057.4
2026-06-10 03:00:00,1973.0
2026-06-10 04:00:00,2038.5
2026-06-10 05:00:00,1984.6
2026-06-10 06:00:00,1941.2
2026-06-10 07:00:00,1854.4
2026-06-10 08:00:00,1979.9
2026-06-10 09:00:00,2197.0
2026-06-10 10:00:00,2219.4
2026-06-10 11:00:00,2397.9
2026-06-10 12:00:00,2200.9
2026-06-10 13:00:00,2261.3
2026-06-10 14:00:00,2711.7
2026-06-10 15:00:00,2702.5
2026-06-10 16:00:00,2368.4
2026-06-10 17:00:00,2939.3
2026-06-10 18:00:00,2997.9
2026-06-10 19:00:00,2887.5
2026-06-10 20:00:00,2815.2
2026-06-10 21:00:00,2536.0
2026-06-10 22:00:00,2744.5
2026-06-10 23:00:00,2796.5
2026-06-11 00:00:00,2675.4
2026-06-11 01:00:00,2240.4
2026-06-11 02:00:00,2132.6
2026-06-11 03:00:00,2105.0
2026-06-11 04:00:00,1792.9
2026-06-11 05:00:00,1816.1
2026-06-11 06:00:00,1948.3
2026-06-11 07:00:00,1914.7
2026-06-11 08:00:00,1866.4
2026-06-11 09:00:00,1998.7
2026-06-11 10:00:00,1967.4
2026-06-11 11:00:00,2186.5
2026-06-11 12:00:00,2497.8
2026-06-11 13:00:00,2416.2
2026-06-11 14:00:00,2524.7
2026-06-11 15:00:00,2664.2
2026-06-11 16:00:00,2651.1
2026-06-11 17:00:00,2924.9
2026-06-11 18:00:00,2675.9
2026-06-11 19:00:00,2731.0
2026-06-11 20:00:00,2823.6
2026-06-11 21:00:00,2472.5
2026-06-11 22:00:00,2793.0
2026-06-11 23:00:00,2649.6
2026-06-12 00:00:00,2365.5
2026-06-12 01:00:00,2380.4
2026-06-12 02:00:00,2146.3
2026-06-12 03:00:00,2083.2
2026-06-12 04:00:00,2066.3
2026-06-12 05:00:00,2145.0
2026-06-12 06:00:00,1891.2
2026-06-12 07:00:00,2166.2
2026-06-12 08:00:00,2064.8
2026-06-12 09:00:00,2204.7
2026-06-12 10:00:00,2119.3
2026-06-12 11:00:00,2281.7
2026-06-12 12:00:00,2635.7
2026-06-12 13:00:00,2419.4
2026-06-12 14:00:00,2468.4
2026-06-12 15:00:00,2994.9
2026-06-12 16:00:00,2548.9
2026-06-12 17:00:00,2960.8
2026-06-12 18:00:00,2778.0
2026-06-12 19:00:00,2819.2
2026-06-12 20:00:00,2572.6
2026-06-12 21:00:00,2686.4
2026-06-12 22:00:00,2441.1
2026-06-12 23:00:00,2476.5
2026-06-13 00:00:00,2407.6
2026-06-13 01:00:00,2048.8
2026-06-13 02:00:00,2221.8
2026-06-13 03:00:00,2110.3
2026-06-13 04:00:00,1661.8
2026-06-13 05:00:00,1808.3
2026-06-13 06:00:00,1756.9
2026-06-13 07:00:00,2300.3
2026-06-13 08:00:00,1919.4
2026-06-13 09:00:00,1826.5
2026-06-13 10:00:00,2122.4
2026-06-13 11:00:00,2061.9
2026-06-13 12:00:00,2257.8
2026-06-13 13:00:00,2640.1
2026-06-13 14:00:00,2599.2
2026-06-13 15:00:00,2717.4
2026-06-13 16:00:00,2917.8
2026-06-13 17:00:00,3075.7
2026-06-13 18:00:00,2891.1
2026-06-13 19:00:00,2698.5
2026-06-13 20:00:00,2775.3
2026-06-13 21:00:00,2741.3
2026-06-13 22:00:00,2581.3
2026-06-13 23:00:00,2560.3
2026-06-14 00:00:00,2258.8
2026-06-14 01:00:00,2446.2
2026-06-14 02:00:00,2160.8
2026-06-14 03:00:00,1796.3
2026-06-14 04:00:00,1917.3
2026-06-14 05:00:00,1954.9
2026-06-14 06:00:00,1901.4
2026-06-14 07:00:00,2057.2
2026-06-14 08:00:00,1788.2
2026-06-14 09:00:00,1802.4
2026-06-14 10:00:00,2202.9
2026-06-14 11:00:00,2164.8
2026-06-14 12:00:00,2301.2
2026-06-14 13:00:00,2580.4
2026-06-14 14:00:00,2475.9
2026-06-14 15:00:00,2533.7
2026-06-14 16:00:00,2637.1
2026-06-14 17:00:00,2914.8
2026-06-14 18:00:00,2825.2
2026-06-14 19:00:00,2735.0
2026-06-14 20:00:00,2520.2
2026-06-14 21:00:00,2780.8
2026-06-14 22:00:00,2460.5
2026-06-14 23:00:00,2551.9
2026-06-15 00:00:00,2289.8
2026-06-15 01:00:00,2247.9
2026-06-15 02:00:00,2003.5
2026-06-15 03:00:00,2028.9
2026-06-15 04:00:00,1650.0
2026-06-15 05:00:00,1761.8
2026-06-15 06:00:00,1905.2
2026-06-15 07:00:00,2040.4
2026-06-15 08:00:00,1965.3
2026-06-15 09:00:00,1900.6
2026-06-15 10:00:00,2011.5
2026-06-15 11:00:00,2221.2
2026-06-15 12:00:00,2191.2
2026-06-15 13:00:00,2595.7
2026-06-15 14:00:00,2836.6
2026-06-15 15:00:00,2628.7
2026-06-15 16:00:00,2497.1
2026-06-15 17:00:00,2724.3
2026-06-15 18:00:00,2813.0
2026-06-15 19:00:00,2751.2
2026-06-15 20:00:00,2922.2
2026-06-15 21:00:00,2815.1
2026-06-15 22:00:00,2485.9
2026-06-15 23:00:00,2613.3
2026-06-16 00:00:00,2543.5
2026-06-16 01:00:00,2001.9
2026-06-16 02:00:00,2057.3
2026-06-16 03:00:00,1998.1
2026-06-16 04:00:00,2078.9
2026-06-16 05:00:00,1661.7
2026-06-16 06:00:00,1796.3
2026-06-16 07:00:00,1767.1
2026-06-16 08:00:00,1794.4
2026-06-16 09:00:00,1956.7
2026-06-16 10:00:00,2177.0
2026-06-16 11:00:00,2282.9
2026-06-16 12:00:00,2498.0
2026-06-16 13:00:00,2402.3
2026-06-16 14:00:00,2602.1
2026-06-16 15:00:00,2752.3
2026-06-16 16:00:00,2945.8
2026-06-16 17:00:00,2706.0
2026-06-16 18:00:00,2835.7
2026-06-16 19:00:00,2696.5
2026-06-16 20:00:00,2813.9
2026-06-16 21:00:00,2496.6
2026-06-16 22:00:00,2437.4
2026-06-16 23:00:00,2465.0
2026-06-17 00:00:00,2196.0
2026-06-17 01:00:00,2241.2
2026-06-17 02:00:00,1979.1
2026-06-17 03:00:00,1695.1
2026-06-17 04:00:00,1809.9
2026-06-17 05:00:00,1979.4
2026-06-17 06:00:00,1878.8
2026-06-17 07:00:00,1915.9
2026-06-17 08:00:00,1559.9
2026-06-17 09:00:00,1913.0
2026-06-17 10:00:00,2152.2
2026-06-17 11:00:00,2168.4
2026-06-17 12:00:00,2428.6
2026-06-17 13:00:00,2519.6
2026-06-17 14:00:00,2512.0
2026-06-17 15:00:00,2800.3
2026-06-17 16:00:00,2945.3
2026-06-17 17:00:00,2905.0
2026-06-17 18:00:00,2908.1
2026-06-17 19:00:00,2665.9
2026-06-17 20:00:00,2780.7
2026-06-17 21:00:00,2715.5
2026-06-17 22:00:00,2458.6
2026-06-17 23:00:00,2416.9
2026-06-18 00:00:00,2248.3
2026-06-18 01:00:00,2346.0
2026-06-18 02:00:00,1954.4
2026-06-18 03:00:00,1999.2
2026-06-18 04:00:00,1888.7
2026-06-18 05:00:00,1908.8
2026-06-18 06:00:00,1820.8
2026-06-18 07:00:00,1735.6
2026-06-18 08:00:00,1923.2
2026-06-18 09:00:00,2208.3
2026-06-18 10:00:00,2132.8
2026-06-18 11:00:00,2323.1
2026-06-18 12:00:00,2132.0
2026-06-18 13:00:00,2673.7
2026-06-18 14:00:00,2721.5
2026-06-18 15:00:00,2665.8
2026-06-18 16:00:00,2843.9
2026-06-18 17:00:00,3017.6
2026-06-18 18:00:00,2817.8
2026-06-18 19:00:00,2675.2
2026-06-18 20:00:00,2857.5
2026-06-18 21:00:00,2649.1
2026-06-18 22:00:00,2636.6
2026-06-18 23:00:00,2414.9
2026-06-19 00:00:00,2138.6
2026-06-19 01:00:00,2137.0
2026-06-19 02:00:00,2138.1
2026-06-19 03:00:00,1835.2
2026-06-19 04:00:00,2088.4
2026-06-19 05:00:00,1594.5
2026-06-19 06:00:00,1715.3
2026-06-19 07:00:00,1872.0
2026-06-19 08:00:00,1912.4
2026-06-19 09:00:00,2065.5
2026-06-19 10:00:00,2092.1
2026-06-19 11:00:00,2388.9
2026-06-19 12:00:00,2264.5
2026-06-19 13:00:00,2524.0
2026-06-19 14:00:00,2491.8
2026-06-19 15:00:00,2815.7
2026-06-19 16:00:00,2730.7
2026-06-19 17:00:00,2768.3
2026-06-19 18:00:00,2820.8
2026-06-19 19:00:00,2694.5
2026-06-19 20:00:00,2709.0
2026-06-19 21:00:00,2481.9
2026-06-19 22:00:00,2534.4
2026-06-19 23:00:00,2441.8
2026-06-20 00:00:00,2398.8
2026-06-20 01:00:00,2140.3
2026-06-20 02:00:00,1914.7
2026-06-20 03:00:00,1961.6
2026-06-20 04:00:00,1814.7
2026-06-20 05:00:00,1726.2
2026-06-20 06:00:00,2029.0
2026-06-20 07:00:00,1808.0
2026-06-20 08:00:00,2235.6
2026-06-20 09:00:00,1922.5
2026-06-20 10:00:00,1941.5
2026-06-20 11:00:00,2160.1
2026-06-20 12:00:00,2219.7
2026-06-20 13:00:00,2539.5
2026-06-20 14:00:00,2508.0
2026-06-20 15:00:00,2676.5
2026-06-20 16:00:00,2849.6
2026-06-20 17:00:00,2790.7
2026-06-20 18:00:00,2843.7
2026-06-20 19:00:00,2731.8
2026-06-20 20:00:00,2865.7
2026-06-20 21:00:00,2876.3
2026-06-20 22:00:00,2545.3
2026-06-20 23:00:00,2332.5
2026-06-21 00:00:00,2335.5
2026-06-21 01:00:00,2400.7
2026-06-21 02:00:00,2047.1
2026-06-21 03:00:00,2143.8
2026-06-21 04:00:00,1783.6
2026-06-21 05:00:00,1817.6
2026-06-21 06:00:00,1945.7
2026-06-21 07:00:00,1871.5
2026-06-21 08:00:00,1834.5
2026-06-21 09:00:00,2178.0
2026-06-21 10:00:00,2066.7
2026-06-21 11:00:00,2206.5
2026-06-21 12:00:00,2290.6
2026-06-21 13:00:00,2348.3
2026-06-21 14:00:00,2593.1
2026-06-21 15:00:00,2828.4
2026-06-21 16:00:00,2738.3
2026-06-21 17:00:00,2952.5
2026-06-21 18:00:00,2716.1
2026-06-21 19:00:00,2827.7
2026-06-21 20:00:00,2831.5
2026-06-21 21:00:00,2734.6
2026-06-21 22:00:00,2547.3
2026-06-21 23:00:00,2216.0
2026-06-22 00:00:00,2300.7
2026-06-22 01:00:00,2297.1
2026-06-22 02:00:00,2144.8
2026-06-22 03:00:00,1951.8
2026-06-22 04:00:00,2048.9
2026-06-22 05:00:00,1706.2
2026-06-22 06:00:00,1868.4
2026-06-22 07:00:00,2034.8
2026-06-22 08:00:00,2074.8
2026-06-22 09:00:00,2201.5
2026-06-22 10:00:00,1918.7
2026-06-22 11:00:00,2139.3
2026-06-22 12:00:00,2336.3
2026-06-22 13:00:00,2544.5
2026-06-22 14:00:00,2423.7
2026-06-22 15:00:00,2706.0
2026-06-22 16:00:00,2649.6
2026-06-22 17:00:00,2786.9
2026-06-22 18:00:00,2622.8
2026-06-22 19:00:00,2875.2
2026-06-22 20:00:00,2518.2
2026-06-22 21:00:00,2716.6
2026-06-22 22:00:00,2414.9
2026-06-22 23:00:00,2348.2
2026-06-23 00:00:00,2386.8
2026-06-23 01:00:00,2222.3
2026-06-23 02:00:00,1913.9
2026-06-23 03:00:00,1671.4
2026-06-23 04:00:00,1903.9
2026-06-23 05:00:00,1855.3
2026-06-23 06:00:00,1631.2
2026-06-23 07:00:00,2045.4
2026-06-23 08:00:00,1985.1
2026-06-23 09:00:00,1780.0
2026-06-23 10:00:00,2169.6
2026-06-23 11:00:00,2019.5
2026-06-23 12:00:00,2500.7
2026-06-23 13:00:00,2644.9
2026-06-23 14:00:00,2775.6
2026-06-23 15:00:00,2513.2
2026-06-23 16:00:00,2702.7
2026-06-23 17:00:00,2640.0
2026-06-23 18:00:00,2694.3
2026-06-23 19:00:00,3042.4
2026-06-23 20:00:00,2761.1
2026-06-23 21:00:00,2635.8
2026-06-23 22:00:00,2538.9
2026-06-23 23:00:00,2339.4
2026-06-24 00:00:00,2244.7
2026-06-24 01:00:00,2244.5
2026-06-24 02:00:00,2023.9
2026-06-24 03:00:00,1910.9
2026-06-24 04:00:00,1854.9
2026-06-24 05:00:00,1839.6
2026-06-24 06:00:00,1789.6
2026-06-24 07:00:00,1767.0
2026-06-24 08:00:00,1825.0
2026-06-24 09:00:00,2011.2
2026-06-24 10:00:00,2018.4
2026-06-24 11:00:00,2154.8
2026-06-24 12:00:00,2227.9
2026-06-24 13:00:00,2427.7
2026-06-24 14:00:00,2622.7
2026-06-24 15:00:00,2443.5
2026-06-24 16:00:00,2765.2
2026-06-24 17:00:00,2868.6
2026-06-24 18:00:00,2811.7
2026-06-24 19:00:00,2716.7
2026-06-24 20:00:00,2856.9
2026-06-24 21:00:00,2779.4
2026-06-24 22:00:00,2449.6
2026-06-24 23:00:00,2492.7
2026-06-25 00:00:00,2335.7
2026-06-25 01:00:00,1931.6
2026-06-25 02:00:00,2098.1
2026-06-25 03:00:00,1785.0
2026-06-25 04:00:00,1877.8
2026-06-25 05:00:00,1645.6
2026-06-25 06:00:00,1869.9
2026-06-25 07:00:00,2108.8
2026-06-25 08:00:00,1797.7
2026-06-25 09:00:00,1839.1
2026-06-25 10:00:00,1862.6
2026-06-25 11:00:00,2052.7
2026-06-25 12:00:00,2431.8
2026-06-25 13:00:00,2441.2
2026-06-25 14:00:00,2348.2
2026-06-25 15:00:00,2630.2
2026-06-25 16:00:00,2692.3
2026-06-25 17:00:00,2861.5
2026-06-25 18:00:00,2745.8
2026-06-25 19:00:00,2836.4
2026-06-25 20:00:00,2725.8
2026-06-25 21:00:00,2454.7
2026-06-25 22:00:00,2429.4
2026-06-25 23:00:00,2592.5
2026-06-26 00:00:00,2348.5
2026-06-26 01:00:00,2198.5
2026-06-26 02:00:00,2052.8
2026-06-26 03:00:00,1754.4
2026-06-26 04:00:00,1839.0
2026-06-26 05:00:00,1873.8
2026-06-26 06:00:00,1893.7
2026-06-26 07:00:00,1948.4
2026-06-26 08:00:00,1919.2
2026-06-26 09:00:00,2023.7
2026-06-26 10:00:00,1988.7
2026-06-26 11:00:00,2347.8
2026-06-26 12:00:00,2190.2
2026-06-26 13:00:00,2476.8
2026-06-26 14:00:00,2526.0
2026-06-26 15:00:00,2812.8
2026-06-26 16:00:00,2724.0
2026-06-26 17:00:00,2879.4
2026-06-26 18:00:00,2722.8
2026-06-26 19:00:00,2934.6
2026-06-26 20:00:00,2857.0
2026-06-26 21:00:00,2850.4
2026-06-26 22:00:00,2524.3
2026-06-26 23:00:00,2548.4
2026-06-27 00:00:00,2395.6
2026-06-27 01:00:00,2319.9
2026-06-27 02:00:00,2149.3
2026-06-27 03:00:00,1980.0
2026-06-27 04:00:00,2018.6
2026-06-27 05:00:00,1505.6
2026-06-27 06:00:00,1772.7
2026-06-27 07:00:00,1725.7
2026-06-27 08:00:00,2017.2
2026-06-27 09:00:00,1936.1
2026-06-27 10:00:00,2152.0
2026-06-27 11:00:00,2200.6
2026-06-27 12:00:00,2444.2
2026-06-27 13:00:00,2541.5
2026-06-27 14:00:00,2563.3
2026-06-27 15:00:00,2727.7
2026-06-27 16:00:00,2747.0
2026-06-27 17:00:00,2742.4
2026-06-27 18:00:00,2873.6
2026-06-27 19:00:00,2983.6
2026-06-27 20:00:00,2850.1
2026-06-27 21:00:00,2571.9
2026-06-27 22:00:00,2665.5
2026-06-27 23:00:00,2345.6
2026-06-28 00:00:00,1951.7
2026-06-28 01:00:00,2067.3
2026-06-28 02:00:00,2080.8
2026-06-28 03:00:00,1782.8
2026-06-28 04:00:00,1900.1
2026-06-28 05:00:00,1967.9
2026-06-28 06:00:00,1800.7
2026-06-28 07:00:00,1879.8
2026-06-28 08:00:00,1842.9
2026-06-28 09:00:00,1672.1
2026-06-28 10:00:00,2089.0
2026-06-28 11:00:00,2089.6
2026-06-28 12:00:00,2343.8
2026-06-28 13:00:00,2202.8
2026-06-28 14:00:00,2580.3
2026-06-28 15:00:00,2726.8
2026-06-28 16:00:00,2909.3
2026-06-28 17:00:00,2819.1
2026-06-28 18:00:00,2650.9
2026-06-28 19:00:00,2796.3
2026-06-28 20:00:00,2508.7
2026-06-28 21:00:00,2435.0
2026-06-28 22:00:00,2589.5
2026-06-28 23:00:00,2506.8
2026-06-29 00:00:00,2336.5
2026-06-29 01:00:00,2324.6
2026-06-29 02:00:00,2157.3
2026-06-29 03:00:00,2025.6
2026-06-29 04:00:00,1679.5
2026-06-29 05:00:00,1742.5
2026-06-29 06:00:00,1829.9
2026-06-29 07:00:00,1652.5
2026-06-29 08:00:00,1729.3
2026-06-29 09:00:00,1771.5
2026-06-29 10:00:00,1977.5
2026-06-29 11:00:00,2200.1
2026-06-29 12:00:00,2451.6
2026-06-29 13:00:00,2442.7
2026-06-29 14:00:00,2516.0
2026-06-29 15:00:00,2536.4
2026-06-29 16:00:00,2899.0
2026-06-29 17:00:00,2821.7
2026-06-29 18:00:00,2895.1
2026-06-29 19:00:00,2666.0
2026-06-29 20:00:00,2590.6
2026-06-29 21:00:00,2691.7
2026-06-29 22:00:00,2571.2
2026-06-29 23:00:00,2584.1
2026-06-30 00:00:00,2228.3
2026-06-30 01:00:00,2149.0
2026-06-30 02:00:00,1994.8
2026-06-30 03:00:00,2078.9
2026-06-30 04:00:00,1777.4
2026-06-30 05:00:00,1917.8
2026-06-30 06:00:00,1800.9
2026-06-30 07:00:00,1891.1
2026-06-30 08:00:00,2036.8
2026-06-30 09:00:00,2014.9
2026-06-30 10:00:00,2288.7
2026-06-30 11:00:00,2219.6
2026-06-30 12:00:00,2087.5
2026-06-30 13:00:00,2480.9
2026-06-30 14:00:00,2531.1
2026-06-30 15:00:00,2555.4
2026-06-30 16:00:00,2714.8
2026-06-30 17:00:00,2682.6
2026-06-30 18:00:00,2856.9
2026-06-30 19:00:00,2822.3
2026-06-30 20:00:00,2845.4
2026-06-30 21:00:00,2734.2
2026-06-30 22:00:00,2632.5
2026-06-30 23:00:00,2268.1
2026-07-01 00:00:00,2271.0
2026-07-01 01:00:00,1940.6
2026-07-01 02:00:00,2126.2
2026-07-01 03:00:00,1950.1
2026-07-01 04:00:00,1903.7
2026-07-01 05:00:00,1809.0
2026-07-01 06:00:00,1840.0
2026-07-01 07:00:00,1575.3
2026-07-01 08:00:00,1909.2
2026-07-01 09:00:00,2159.9
2026-07-01 10:00:00,2098.1
2026-07-01 11:00:00,2119.2
2026-07-01 12:00:00,2462.1
2026-07-01 13:00:00,2471.4
2026-07-01 14:00:00,2597.6
2026-07-01 15:00:00,2894.3
2026-07-01 16:00:00,2791.5
2026-07-01 17:00:00,2707.6
2026-07-01 18:00:00,2700.7
2026-07-01 19:00:00,2919.1
2026-07-01 20:00:00,2539.4
2026-07-01 21:00:00,2594.5
2026-07-01 22:00:00,2470.2
2026-07-01 23:00:00,2550.2
2026-07-02 00:00:00,2276.2
2026-07-02 01:00:00,2193.5
2026-07-02 02:00:00,1826.0
2026-07-02 03:00:00,1886.1
2026-07-02 04:00:00,1864.0
2026-07-02 05:00:00,1812.0
2026-07-02 06:00:00,1800.2
2026-07-02 07:00:00,1888.3
2026-07-02 08:00:00,1897.1
2026-07-02 09:00:00,2107.0
2026-07-02 10:00:00,1987.1
2026-07-02 11:00:00,2156.2
2026-07-02 12:00:00,2246.8
2026-07-02 13:00:00,2617.1
2026-07-02 14:00:00,2702.7
2026-07-02 15:00:00,2493.4
2026-07-02 16:00:00,2579.5
2026-07-02 17:00:00,2892.1
2026-07-02 18:00:00,2923.8
2026-07-02 19:00:00,2847.6
2026-07-02 20:00:00,2557.3
2026-07-02 21:00:00,2585.2
2026-07-02 22:00:00,2472.0
2026-07-02 23:00:00,2398.1
2026-07-03 00:00:00,2278.1
2026-07-03 01:00:00,1975.0
2026-07-03 02:00:00,1968.6
2026-07-03 03:00:00,1881.3
2026-07-03 04:00:00,1615.2
2026-07-03 05:00:00,2018.9
2026-07-03 06:00:00,2001.4
2026-07-03 07:00:00,1716.0
2026-07-03 08:00:00,1802.7
2026-07-03 09:00:00,1885.3
2026-07-03 10:00:00,1958.2
2026-07-03 11:00:00,2236.8
2026-07-03 12:00:00,2169.4
2026-07-03 13:00:00,2541.6
2026-07-03 14:00:00,2625.5
2026-07-03 15:00:00,2652.2
2026-07-03 16:00:00,2968.3
2026-07-03 17:00:00,2884.6
2026-07-03 18:00:00,2756.1
2026-07-03 19:00:00,2759.6
2026-07-03 20:00:00,2873.2
2026-07-03 21:00:00,2560.6
2026-07-03 22:00:00,2423.8
2026-07-03 23:00:00,2528.5
2026-07-04 00:00:00,2389.5
2026-07-04 01:00:00,2083.3
2026-07-04 02:00:00,2281.8
2026-07-04 03:00:00,1899.6
2026-07-04 04:00:00,1993.6
2026-07-04 05:00:00,1877.1
2026-07-04 06:00:00,1705.8
2026-07-04 07:00:00,1806.6
2026-07-04 08:00:00,1574.5
2026-07-04 09:00:00,2068.8
2026-07-04 10:00:00,2062.4
2026-07-04 11:00:00,2290.0
2026-07-04 12:00:00,2203.8
2026-07-04 13:00:00,2411.0
2026-07-04 14:00:00,2388.2
2026-07-04 15:00:00,2568.9
2026-07-04 16:00:00,2830.0
2026-07-04 17:00:00,2850.1
2026-07-04 18:00:00,2965.1
2026-07-04 19:00:00,2914.4
2026-07-04 20:00:00,2756.9
2026-07-04 21:00:00,2354.5
2026-07-04 22:00:00,2728.0
2026-07-04 23:00:00,2460.0
2026-07-05 00:00:00,2685.7
2026-07-05 01:00:00,2401.3
2026-07-05 02:00:00,2132.8
2026-07-05 03:00:00,1981.1
2026-07-05 04:00:00,1837.6
2026-07-05 05:00:00,1692.7
2026-07-05 06:00:00,1730.9
2026-07-05 07:00:00,1816.6
2026-07-05 08:00:00,1743.8
2026-07-05 09:00:00,1915.9
2026-07-05 10:00:00,2184.6
2026-07-05 11:00:00,2055.4
2026-07-05 12:00:00,2278.8
2026-07-05 13:00:00,2398.3
2026-07-05 14:00:00,2571.2
2026-07-05 15:00:00,2544.9
2026-07-05 16:00:00,2684.8
2026-07-05 17:00:00,2509.5
2026-07-05 18:00:00,2782.0
2026-07-05 19:00:00,2867.9
2026-07-05 20:00:00,2818.4
2026-07-05 21:00:00,2790.4
2026-07-05 22:00:00,2430.5
2026-07-05 23:00:00,2468.1
2026-07-06 00:00:00,2317.3
2026-07-06 01:00:00,2144.6
2026-07-06 02:00:00,2093.5
2026-07-06 03:00:00,1960.0
2026-07-06 04:00:00,1761.5
2026-07-06 05:00:00,2019.0
2026-07-06 06:00:00,1999.1
2026-07-06 07:00:00,1676.2
2026-07-06 08:00:00,1941.1
2026-07-06 09:00:00,1875.4
2026-07-06 10:00:00,2153.9
2026-07-06 11:00:00,2084.0
2026-07-06 12:00:00,2166.8
2026-07-06 13:00:00,2495.7
2026-07-06 14:00:00,2493.1
2026-07-06 15:00:00,2689.8
2026-07-06 16:00:00,2687.4
2026-07-06 17:00:00,2658.3
2026-07-06 18:00:00,2498.2
2026-07-06 19:00:00,2908.9
2026-07-06 20:00:00,2778.5
2026-07-06 21:00:00,2402.1
2026-07-06 22:00:00,2425.1
2026-07-06 23:00:00,2404.8
2026-07-07 00:00:00,2462.0
2026-07-07 01:00:00,2260.1
2026-07-07 02:00:00,2151.0
2026-07-07 03:00:00,1998.9
2026-07-07 04:00:00,1870.8
2026-07-07 05:00:00,1837.3
2026-07-07 06:00:00,1855.6
2026-07-07 07:00:00,1750.2
2026-07-07 08:00:00,1625.0
2026-07-07 09:00:00,1995.7
2026-07-07 10:00:00,2031.7
2026-07-07 11:00:00,1994.6
2026-07-07 12:00:00,2276.0
2026-07-07 13:00:00,2570.9
2026-07-07 14:00:00,2446.4
2026-07-07 15:00:00,2618.6
2026-07-07 16:00:00,2681.5
2026-07-07 17:00:00,2683.2
2026-07-07 18:00:00,2720.0
2026-07-07 19:00:00,2761.2
2026-07-07 20:00:00,2842.7
2026-07-07 21:00:00,2671.1
2026-07-07 22:00:00,2656.6
2026-07-07 23:00:00,2408.6
2026-07-08 00:00:00,2314.8
2026-07-08 01:00:00,1986.1
2026-07-08 02:00:00,2105.4
2026-07-08 03:00:00,2057.0
2026-07-08 04:00:00,1880.5
2026-07-08 05:00:00,1944.7
2026-07-08 06:00:00,1945.7
2026-07-08 07:00:00,1840.5
2026-07-08 08:00:00,1928.1
2026-07-08 09:00:00,2184.1
2026-07-08 10:00:00,1964.4
2026-07-08 11:00:00,2223.6
2026-07-08 12:00:00,2524.5
2026-07-08 13:00:00,2362.8
2026-07-08 14:00:00,2782.1
2026-07-08 15:00:00,2678.4
2026-07-08 16:00:00,2664.2
2026-07-08 17:00:00,2864.0
2026-07-08 18:00:00,2906.1
2026-07-08 19:00:00,2740.0
2026-07-08 20:00:00,2771.2
2026-07-08 21:00:00,2623.7
2026-07-08 22:00:00,2496.5
2026-07-08 23:00:00,2489.0
2026-07-09 00:00:00,2429.5
2026-07-09 01:00:00,2088.4
2026-07-09 02:00:00,2044.7
2026-07-09 03:00:00,2200.4
2026-07-09 04:00:00,1949.7
2026-07-09 05:00:00,1656.7
2026-07-09 06:00:00,1904.8
2026-07-09 07:00:00,1692.3
2026-07-09 08:00:00,1700.5
2026-07-09 09:00:00,1953.0
2026-07-09 10:00:00,2227.3
2026-07-09 11:00:00,2296.0
2026-07-09 12:00:00,2483.4
2026-07-09 13:00:00,2541.3
2026-07-09 14:00:00,2524.3
2026-07-09 15:00:00,2729.4
2026-07-09 16:00:00,2957.2
2026-07-09 17:00:00,3037.8
2026-07-09 18:00:00,2627.3
2026-07-09 19:00:00,2835.3
2026-07-09 20:00:00,2669.2
2026-07-09 21:00:00,2781.3
2026-07-09 22:00:00,2647.2
2026-07-09 23:00:00,2445.9
2026-07-10 00:00:00,2232.0
2026-07-10 01:00:00,2237.5
2026-07-10 02:00:00,2056.3
2026-07-10 03:00:00,1979.9
2026-07-10 04:00:00,1865.5
2026-07-10 05:00:00,1872.4
2026-07-10 06:00:00,1818.3
2026-07-10 07:00:00,1931.1
2026-07-10 08:00:00,1552.9
2026-07-10 09:00:00,1933.9
2026-07-10 10:00:00,2008.6
2026-07-10 11:00:00,2225.7
2026-07-10 12:00:00,2418.1
2026-07-10 13:00:00,2471.8
2026-07-10 14:00:00,2574.8
2026-07-10 15:00:00,2611.8
2026-07-10 16:00:00,2837.3
2026-07-10 17:00:00,3018.8
2026-07-10 18:00:00,2867.9
2026-07-10 19:00:00,2827.5
2026-07-10 20:00:00,2801.6
2026-07-10 21:00:00,2606.2
2026-07-10 22:00:00,2473.8
2026-07-10 23:00:00,2347.2
2026-07-11 00:00:00,2337.7
2026-07-11 01:00:00,2273.8
2026-07-11 02:00:00,2101.1
2026-07-11 03:00:00,1924.9
2026-07-11 04:00:00,1957.4
2026-07-11 05:00:00,1793.6
2026-07-11 06:00:00,1856.2
2026-07-11 07:00:00,1768.4
2026-07-11 08:00:00,1925.6
2026-07-11 09:00:00,1851.9
2026-07-11 10:00:00,1875.6
2026-07-11 11:00:00,2248.4
2026-07-11 12:00:00,2484.3
2026-07-11 13:00:00,2392.1
2026-07-11 14:00:00,2263.8
2026-07-11 15:00:00,2803.3
2026-07-11 16:00:00,2766.5
2026-07-11 17:00:00,3076.7
2026-07-11 18:00:00,2990.6
2026-07-11 19:00:00,2737.4
2026-07-11 20:00:00,2745.7
2026-07-11 21:00:00,2730.3
2026-07-11 22:00:00,2495.1
2026-07-11 23:00:00,2634.6
2026-07-12 00:00:00,2396.7
2026-07-12 01:00:00,2096.2
2026-07-12 02:00:00,2232.9
2026-07-12 03:00:00,1812.7
2026-07-12 04:00:00,1957.5
2026-07-12 05:00:00,1685.1
2026-07-12 06:00:00,1939.4
2026-07-12 07:00:00,1740.0
2026-07-12 08:00:00,1821.9
2026-07-12 09:00:00,2003.2
2026-07-12 10:00:00,2111.1
2026-07-12 11:00:00,2233.8
2026-07-12 12:00:00,2333.9
2026-07-12 13:00:00,2330.2
2026-07-12 14:00:00,2541.8
2026-07-12 15:00:00,2672.0
2026-07-12 16:00:00,2789.4
2026-07-12 17:00:00,2730.9
2026-07-12 18:00:00,2908.0
2026-07-12 19:00:00,2748.6
2026-07-12 20:00:00,2672.8
2026-07-12 21:00:00,2556.8
2026-07-12 22:00:00,2450.5
2026-07-12 23:00:00,2323.9
2026-07-13 00:00:00,2238.1
2026-07-13 01:00:00,2361.7
2026-07-13 02:00:00,2069.3
2026-07-13 03:00:00,2177.5
2026-07-13 04:00:00,1670.5
2026-07-13 05:00:00,1930.0
2026-07-13 06:00:00,1898.0
2026-07-13 07:00:00,1632.0
2026-07-13 08:00:00,1905.0
2026-07-13 09:00:00,1985.3
2026-07-13 10:00:00,2114.5
2026-07-13 11:00:00,2113.0
2026-07-13 12:00:00,2371.0
2026-07-13 13:00:00,2569.7
2026-07-13 14:00:00,2445.9
2026-07-13 15:00:00,2624.2
2026-07-13 16:00:00,2823.1
2026-07-13 17:00:00,2691.5
2026-07-13 18:00:00,2922.2
2026-07-13 19:00:00,2802.1
2026-07-13 20:00:00,2860.6
2026-07-13 21:00:00,2309.1
2026-07-13 22:00:00,2683.5
2026-07-13 23:00:00,2507.1
2026-07-14 00:00:00,2399.4
2026-07-14 01:00:00,2105.4
2026-07-14 02:00:00,2269.7
2026-07-14 03:00:00,1875.2
2026-07-14 04:00:00,1999.0
2026-07-14 05:00:00,1827.1
2026-07-14 06:00:00,1591.9
2026-07-14 07:00:00,1915.3
2026-07-14 08:00:00,1893.1
2026-07-14 09:00:00,1876.3
2026-07-14 10:00:00,2051.5
2026-07-14 11:00:00,2521.4
2026-07-14 12:00:00,2239.6
2026-07-14 13:00:00,2570.3
2026-07-14 14:00:00,2551.6
2026-07-14 15:00:00,2697.3
2026-07-14 16:00:00,2868.4
2026-07-14 17:00:00,2916.9
2026-07-14 18:00:00,2870.9
2026-07-14 19:00:00,2684.2
2026-07-14 20:00:00,2787.9
2026-07-14 21:00:00,2701.8
2026-07-14 22:00:00,2499.3
2026-07-14 23:00:00,2322.6
2026-07-15 00:00:00,2468.1
2026-07-15 01:00:00,2053.2
2026-07-15 02:00:00,2154.1
2026-07-15 03:00:00,1878.9
2026-07-15 04:00:00,1969.1
2026-07-15 05:00:00,1604.5
2026-07-15 06:00:00,1927.8
2026-07-15 07:00:00,1802.1
2026-07-15 08:00:00,1775.2
2026-07-15 09:00:00,2207.3
2026-07-15 10:00:00,2069.4
2026-07-15 11:00:00,2219.5
2026-07-15 12:00:00,2342.6
2026-07-15 13:00:00,2544.7
2026-07-15 14:00:00,2509.6
2026-07-15 15:00:00,2870.3
2026-07-15 16:00:00,2660.8
2026-07-15 17:00:00,2741.8
2026-07-15 18:00:00,2848.8
2026-07-15 19:00:00,3063.2
2026-07-15 20:00:00,2701.3
2026-07-15 21:00:00,2726.6
2026-07-15 22:00:00,2522.7
2026-07-15 23:00:00,2364.7
2026-07-16 00:00:00,2360.3
2026-07-16 01:00:00,2374.9
2026-07-16 02:00:00,1918.6
2026-07-16 03:00:00,2001.7
2026-07-16 04:00:00,1957.0
2026-07-16 05:00:00,1817.4
2026-07-16 06:00:00,1789.8
2026-07-16 07:00:00,1749.1
2026-07-16 08:00:00,1843.7
2026-07-16 09:00:00,1903.7
2026-07-16 10:00:00,2190.1
2026-07-16 11:00:00,2125.4
2026-07-16 12:00:00,2364.6
2026-07-16 13:00:00,2608.0
2026-07-16 14:00:00,2458.9
2026-07-16 15:00:00,2572.1
2026-07-16 16:00:00,2766.1
2026-07-16 17:00:00,2745.4
2026-07-16 18:00:00,2945.6
2026-07-16 19:00:00,2905.9
2026-07-16 20:00:00,2799.6
2026-07-16 21:00:00,2826.0
2026-07-16 22:00:00,2544.5
2026-07-16 23:00:00,2471.9
2026-07-17 00:00:00,2472.2
2026-07-17 01:00:00,2491.2
2026-07-17 02:00:00,2032.4
2026-07-17 03:00:00,1940.1
2026-07-17 04:00:00,2086.8
2026-07-17 05:00:00,1858.3
2026-07-17 06:00:00,1660.8
2026-07-17 07:00:00,1903.0
2026-07-17 08:00:00,1901.2
2026-07-17 09:00:00,1999.6
2026-07-17 10:00:00,2197.3
2026-07-17 11:00:00,2146.1
2026-07-17 12:00:00,2269.0
2026-07-17 13:00:00,2379.2
2026-07-17 14:00:00,2732.8
2026-07-17 15:00:00,2727.7
2026-07-17 16:00:00,2455.8
2026-07-17 17:00:00,2933.9
2026-07-17 18:00:00,2887.7
2026-07-17 19:00:00,2481.8
2026-07-17 20:00:00,2966.2
2026-07-17 21:00:00,2913.4
2026-07-17 22:00:00,2600.3
2026-07-17 23:00:00,2544.7
2026-07-18 00:00:00,2289.8
2026-07-18 01:00:00,2149.8
2026-07-18 02:00:00,2227.2
2026-07-18 03:00:00,1931.4
2026-07-18 04:00:00,1848.6
2026-07-18 05:00:00,1910.4
2026-07-18 06:00:00,1666.9
2026-07-18 07:00:00,1800.3
2026-07-18 08:00:00,1999.5
2026-07-18 09:00:00,1766.6
2026-07-18 10:00:00,2067.7
2026-07-18 11:00:00,2154.0
2026-07-18 12:00:00,2240.4
2026-07-18 13:00:00,2313.4
2026-07-18 14:00:00,2469.6
2026-07-18 15:00:00,2602.0
2026-07-18 16:00:00,2666.2
2026-07-18 17:00:00,2784.0
2026-07-18 18:00:00,2783.3
2026-07-18 19:00:00,2691.6
2026-07-18 20:00:00,2805.2
2026-07-18 21:00:00,2717.9
2026-07-18 22:00:00,2415.3
2026-07-18 23:00:00,2586.2
2026-07-19 00:00:00,2310.5
2026-07-19 01:00:00,2273.5
2026-07-19 02:00:00,1998.7
2026-07-19 03:00:00,1854.5
2026-07-19 04:00:00,1905.8
2026-07-19 05:00:00,1733.5
2026-07-19 06:00:00,1954.7
2026-07-19 07:00:00,2107.3
2026-07-19 08:00:00,1993.2
2026-07-19 09:00:00,1984.4
2026-07-19 10:00:00,2038.0
2026-07-19 11:00:00,2108.2
2026-07-19 12:00:00,2312.3
2026-07-19 13:00:00,2367.9
2026-07-19 14:00:00,2514.7
2026-07-19 15:00:00,2848.2
2026-07-19 16:00:00,2728.1
2026-07-19 17:00:00,2911.7
2026-07-19 18:00:00,2963.1
2026-07-19 19:00:00,2839.8
2026-07-19 20:00:00,2818.1
2026-07-19 21:00:00,2714.0
2026-07-19 22:00:00,2493.0
2026-07-19 23:00:00,2441.6
2026-07-20 00:00:00,2421.0
2026-07-20 01:00:00,2054.0
2026-07-20 02:00:00,2031.4
2026-07-20 03:00:00,2036.9
2026-07-20 04:00:00,1975.7
2026-07-20 05:00:00,1864.0
2026-07-20 06:00:00,1801.7
2026-07-20 07:00:00,1908.8
2026-07-20 08:00:00,1943.4
2026-07-20 09:00:00,1995.1
2026-07-20 10:00:00,2098.0
2026-07-20 11:00:00,2254.2
2026-07-20 12:00:00,2272.6
2026-07-20 13:00:00,2593.0
2026-07-20 14:00:00,2747.1
2026-07-20 15:00:00,2671.8
2026-07-20 16:00:00,2499.9
2026-07-20 17:00:00,2685.1
2026-07-20 18:00:00,2930.1
2026-07-20 19:00:00,2711.4
2026-07-20 20:00:00,2833.9
2026-07-20 21:00:00,2549.0
2026-07-20 22:00:00,2662.7
2026-07-20 23:00:00,2488.6
2026-07-21 00:00:00,2348.1
2026-07-21 01:00:00,2168.5
2026-07-21 02:00:00,2143.5
2026-07-21 03:00:00,1855.0
2026-07-21 04:00:00,1950.7
2026-07-21 05:00:00,1834.2
2026-07-21 06:00:00,2041.4
2026-07-21 07:00:00,1621.8
2026-07-21 08:00:00,1936.6
2026-07-21 09:00:00,1910.0
2026-07-21 10:00:00,2156.6
2026-07-21 11:00:00,2330.1
2026-07-21 12:00:00,2180.7
2026-07-21 13:00:00,2644.7
2026-07-21 14:00:00,2544.2
2026-07-21 15:00:00,2672.1
2026-07-21 16:00:00,2695.6
2026-07-21 17:00:00,2557.9
2026-07-21 18:00:00,2786.7
2026-07-21 19:00:00,2678.1
2026-07-21 20:00:00,2581.2
2026-07-21 21:00:00,2837.7
2026-07-21 22:00:00,2729.5
2026-07-21 23:00:00,2513.6
2026-07-22 00:00:00,2233.0
2026-07-22 01:00:00,2354.6
2026-07-22 02:00:00,2110.2
2026-07-22 03:00:00,1964.6
2026-07-22 04:00:00,1817.1
2026-07-22 05:00:00,1880.2
2026-07-22 06:00:00,1822.0
2026-07-22 07:00:00,1824.6
2026-07-22 08:00:00,1875.1
2026-07-22 09:00:00,2073.6
2026-07-22 10:00:00,2166.3
2026-07-22 11:00:00,2381.8
2026-07-22 12:00:00,2315.5
2026-07-22 13:00:00,2334.0
2026-07-22 14:00:00,2620.4
2026-07-22 15:00:00,2508.1
2026-07-22 16:00:00,2674.7
2026-07-22 17:00:00,2958.8
2026-07-22 18:00:00,3045.5
2026-07-22 19:00:00,2892.2
2026-07-22 20:00:00,2805.8
2026-07-22 21:00:00,2667.9
2026-07-22 22:00:00,2616.6
2026-07-22 23:00:00,2487.7
2026-07-23 00:00:00,2391.1
2026-07-23 01:00:00,2129.4
2026-07-23 02:00:00,2128.0
2026-07-23 03:00:00,1833.5
2026-07-23 04:00:00,1730.5
2026-07-23 05:00:00,2006.2
2026-07-23 06:00:00,2213.5
2026-07-23 07:00:00,1895.2
2026-07-23 08:00:00,1928.6
2026-07-23 09:00:00,2165.2
2026-07-23 10:00:00,1946.7
2026-07-23 11:00:00,2039.0
2026-07-23 12:00:00,2443.6
2026-07-23 13:00:00,2656.9
2026-07-23 14:00:00,2678.3
2026-07-23 15:00:00,2688.0
2026-07-23 16:00:00,3004.3
2026-07-23 17:00:00,2780.0
2026-07-23 18:00:00,2843.0
2026-07-23 19:00:00,2787.9
2026-07-23 20:00:00,2649.1
2026-07-23 21:00:00,2686.6
2026-07-23 22:00:00,2594.8
2026-07-23 23:00:00,2475.6
2026-07-24 00:00:00,2428.4
2026-07-24 01:00:00,2160.3
2026-07-24 02:00:00,2262.9
2026-07-24 03:00:00,1970.2
2026-07-24 04:00:00,1801.4
2026-07-24 05:00:00,1744.1
2026-07-24 06:00:00,1811.5
2026-07-24 07:00:00,1854.0
2026-07-24 08:00:00,1977.6
2026-07-24 09:00:00,2023.8
2026-07-24 10:00:00,2244.7
2026-07-24 11:00:00,2176.9
2026-07-24 12:00:00,2443.0
2026-07-24 13:00:00,2504.2
2026-07-24 14:00:00,2690.3
2026-07-24 15:00:00,2631.3
2026-07-24 16:00:00,2902.1
2026-07-24 17:00:00,2726.6
2026-07-24 18:00:00,3128.9
2026-07-24 19:00:00,2662.4
2026-07-24 20:00:00,2742.6
2026-07-24 21:00:00,2709.4
2026-07-24 22:00:00,2797.0
2026-07-24 23:00:00,2703.1
2026-07-25 00:00:00,2247.4
2026-07-25 01:00:00,2381.6
2026-07-25 02:00:00,1945.7
2026-07-25 03:00:00,2231.6
2026-07-25 04:00:00,1876.8
2026-07-25 05:00:00,1952.7
2026-07-25 06:00:00,1896.2
2026-07-25 07:00:00,1783.4
2026-07-25 08:00:00,1943.9
2026-07-25 09:00:00,2065.7
2026-07-25 10:00:00,1979.6
2026-07-25 11:00:00,2287.7
2026-07-25 12:00:00,2352.8
2026-07-25 13:00:00,2407.3
2026-07-25 14:00:00,2746.3
2026-07-25 15:00:00,2639.8
2026-07-25 16:00:00,2607.4
2026-07-25 17:00:00,2938.9
2026-07-25 18:00:00,2755.0
2026-07-25 19:00:00,2866.7
2026-07-25 20:00:00,2689.8
2026-07-25 21:00:00,2881.5
2026-07-25 22:00:00,2643.6
2026-07-25 23:00:00,2587.0
2026-07-26 00:00:00,2301.4
2026-07-26 01:00:00,2128.3
2026-07-26 02:00:00,2113.2
2026-07-26 03:00:00,2093.6
2026-07-26 04:00:00,2016.3
2026-07-26 05:00:00,2077.1
2026-07-26 06:00:00,1910.9
2026-07-26 07:00:00,2082.3
2026-07-26 08:00:00,1810.0
2026-07-26 09:00:00,1980.0
2026-07-26 10:00:00,2008.2
2026-07-26 11:00:00,2265.9
2026-07-26 12:00:00,2263.9
2026-07-26 13:00:00,2566.9
2026-07-26 14:00:00,2627.0
2026-07-26 15:00:00,2760.8
2026-07-26 16:00:00,2846.6
2026-07-26 17:00:00,2824.6
2026-07-26 18:00:00,3005.6
2026-07-26 19:00:00,3113.2
2026-07-26 20:00:00,2875.7
2026-07-26 21:00:00,2755.0
2026-07-26 22:00:00,2696.5
2026-07-26 23:00:00,2439.5
2026-07-27 00:00:00,2281.5
2026-07-27 01:00:00,2174.3
2026-07-27 02:00:00,2188.5
2026-07-27 03:00:00,2066.9
2026-07-27 04:00:00,2137.6
2026-07-27 05:00:00,1732.6
2026-07-27 06:00:00,1948.8
2026-07-27 07:00:00,2068.4
2026-07-27 08:00:00,1807.8
2026-07-27 09:00:00,2134.7
2026-07-27 10:00:00,2202.7
2026-07-27 11:00:00,2257.5
2026-07-27 12:00:00,2202.0
2026-07-27 13:00:00,2428.8
2026-07-27 14:00:00,2733.2
2026-07-27 15:00:00,2858.2
2026-07-27 16:00:00,2802.5
2026-07-27 17:00:00,2841.8
2026-07-27 18:00:00,3041.1
2026-07-27 19:00:00,2892.0
2026-07-27 20:00:00,2889.7
2026-07-27 21:00:00,2830.0
2026-07-27 22:00:00,2420.4
2026-07-27 23:00:00,2886.9
2026-07-28 00:00:00,2461.0
2026-07-28 01:00:00,2491.1
2026-07-28 02:00:00,2055.6
2026-07-28 03:00:00,1845.6
2026-07-28 04:00:00,2027.4
2026-07-28 05:00:00,1715.9
2026-07-28 06:00:00,1813.3
2026-07-28 07:00:00,1900.7
2026-07-28 08:00:00,1804.9
2026-07-28 09:00:00,2048.3
2026-07-28 10:00:00,2139.4
2026-07-28 11:00:00,2233.7
2026-07-28 12:00:00,2328.9
2026-07-28 13:00:00,2680.8
2026-07-28 14:00:00,2647.9
2026-07-28 15:00:00,2774.2
2026-07-28 16:00:00,2876.9
2026-07-28 17:00:00,2791.0
2026-07-28 18:00:00,2863.5
2026-07-28 19:00:00,3151.6
2026-07-28 20:00:00,2752.2
2026-07-28 21:00:00,2939.8
2026-07-28 22:00:00,2434.4
2026-07-28 23:00:00,2550.2
2026-07-29 00:00:00,2333.1
2026-07-29 01:00:00,2299.0
2026-07-29 02:00:00,2223.4
2026-07-29 03:00:00,2109.4
2026-07-29 04:00:00,1871.5
2026-07-29 05:00:00,1787.8
2026-07-29 06:00:00,1962.7
2026-07-29 07:00:00,2061.4
2026-07-29 08:00:00,2038.0
2026-07-29 09:00:00,2213.6
2026-07-29 10:00:00,2067.0
2026-07-29 11:00:00,2159.4
2026-07-29 12:00:00,2351.0
2026-07-29 13:00:00,2645.1
2026-07-29 14:00:00,2608.8
2026-07-29 15:00:00,2622.8
2026-07-29 16:00:00,2930.2
2026-07-29 17:00:00,2813.8
2026-07-29 18:00:00,2814.6
2026-07-29 19:00:00,2727.3
2026-07-29 20:00:00,2893.4
2026-07-29 21:00:00,2766.5
2026-07-29 22:00:00,2763.2
2026-07-29 23:00:00,2485.7
2026-07-30 00:00:00,2425.6
2026-07-30 01:00:00,2413.9
2026-07-30 02:00:00,2040.9
2026-07-30 03:00:00,2274.5
2026-07-30 04:00:00,1992.3
2026-07-30 05:00:00,1900.9
2026-07-30 06:00:00,1969.0
2026-07-30 07:00:00,1954.3
2026-07-30 08:00:00,1934.3
2026-07-30 09:00:00,2070.8
2026-07-30 10:00:00,2248.6
2026-07-30 11:00:00,2476.8
2026-07-30 12:00:00,2549.2
2026-07-30 13:00:00,2699.7
2026-07-30 14:00:00,2755.7
2026-07-30 15:00:00,2775.3
2026-07-30 16:00:00,2726.2
2026-07-30 17:00:00,2867.8
2026-07-30 18:00:00,2834.4
2026-07-30 19:00:00,2978.2
2026-07-30 20:00:00,2565.4
2026-07-30 21:00:00,2721.5
2026-07-30 22:00:00,2724.7
2026-07-30 23:00:00,2585.1
2026-07-31 00:00:00,2457.2
2026-07-31 01:00:00,2326.0
2026-07-31 02:00:00,2001.5
2026-07-31 03:00:00,2221.9
2026-07-31 04:00:00,2083.5
2026-07-31 05:00:00,2079.9
2026-07-31 06:00:00,1944.5
2026-07-31 07:00:00,1890.0
2026-07-31 08:00:00,2086.2
2026-07-31 09:00:00,1990.6
2026-07-31 10:00:00,2038.5
2026-07-31 11:00:00,2061.8
2026-07-31 12:00:00,2314.0
2026-07-31 13:00:00,2520.8
2026-07-31 14:00:00,2483.9
2026-07-31 15:00:00,2563.6
2026-07-31 16:00:00,2774.5
2026-07-31 17:00:00,3015.7
2026-07-31 18:00:00,2875.8
2026-07-31 19:00:00,2927.8
2026-07-31 20:00:00,2717.1
2026-07-31 21:00:00,2783.8
2026-07-31 22:00:00,2727.6
2026-07-31 23:00:00,2387.0
2026-08-01 00:00:00,2353.3
2026-08-01 01:00:00,2240.4
2026-08-01 02:00:00,2208.4
2026-08-01 03:00:00,1988.7
2026-08-01 04:00:00,1778.2
2026-08-01 05:00:00,1866.8
2026-08-01 06:00:00,2086.1
2026-08-01 07:00:00,2090.7
2026-08-01 08:00:00,1915.6
2026-08-01 09:00:00,1961.8
2026-08-01 10:00:00,2049.8
2026-08-01 11:00:00,2239.3
2026-08-01 12:00:00,2438.2
2026-08-01 13:00:00,2640.3
2026-08-01 14:00:00,2870.2
2026-08-01 15:00:00,2748.9
2026-08-01 16:00:00,3062.0
2026-08-01 17:00:00,3031.2
2026-08-01 18:00:00,2889.4
2026-08-01 19:00:00,2734.5
2026-08-01 20:00:00,2843.7
2026-08-01 21:00:00,2964.2
2026-08-01 22:00:00,2652.1
2026-08-01 23:00:00,2762.3
2026-08-02 00:00:00,2293.4
2026-08-02 01:00:00,2514.0
2026-08-02 02:00:00,2117.0
2026-08-02 03:00:00,1961.5
2026-08-02 04:00:00,1931.1
2026-08-02 05:00:00,1871.5
2026-08-02 06:00:00,1738.1
2026-08-02 07:00:00,1836.9
2026-08-02 08:00:00,1714.3
2026-08-02 09:00:00,2219.2
2026-08-02 10:00:00,2249.3
2026-08-02 11:00:00,2229.2
2026-08-02 12:00:00,2334.7
2026-08-02 13:00:00,2723.7
2026-08-02 14:00:00,2554.7
2026-08-02 15:00:00,2892.4
2026-08-02 16:00:00,3020.6
2026-08-02 17:00:00,3000.0
2026-08-02 18:00:00,2931.4
2026-08-02 19:00:00,2994.9
2026-08-02 20:00:00,2847.8
2026-08-02 21:00:00,2918.3
2026-08-02 22:00:00,2603.9
2026-08-02 23:00:00,2785.5
2026-08-03 00:00:00,2530.5
2026-08-03 01:00:00,2286.8
2026-08-03 02:00:00,2324.9
2026-08-03 03:00:00,2208.2
2026-08-03 04:00:00,1963.4
2026-08-03 05:00:00,1821.5
2026-08-03 06:00:00,1783.6
2026-08-03 07:00:00,1869.3
2026-08-03 08:00:00,1974.2
2026-08-03 09:00:00,2064.2
2026-08-03 10:00:00,2464.7
2026-08-03 11:00:00,2307.0
2026-08-03 12:00:00,2455.5
2026-08-03 13:00:00,2500.0
2026-08-03 14:00:00,2862.2
2026-08-03 15:00:00,2626.1
2026-08-03 16:00:00,2904.9
2026-08-03 17:00:00,2915.0
2026-08-03 18:00:00,2929.0
2026-08-03 19:00:00,2931.3
2026-08-03 20:00:00,2809.2
2026-08-03 21:00:00,2669.7
2026-08-03 22:00:00,2818.4
2026-08-03 23:00:00,2736.5
2026-08-04 00:00:00,2524.8
2026-08-04 01:00:00,2466.4
2026-08-04 02:00:00,2216.9
2026-08-04 03:00:00,1823.0
2026-08-04 04:00:00,1892.4
2026-08-04 05:00:00,2022.3
2026-08-04 06:00:00,1668.3
2026-08-04 07:00:00,1981.1
2026-08-04 08:00:00,2054.8
2026-08-04 09:00:00,2130.1
2026-08-04 10:00:00,2070.7
2026-08-04 11:00:00,2276.9
2026-08-04 12:00:00,2408.9
2026-08-04 13:00:00,2606.7
2026-08-04 14:00:00,2668.0
2026-08-04 15:00:00,2596.3
2026-08-04 16:00:00,3164.7
2026-08-04 17:00:00,2972.3
2026-08-04 18:00:00,2923.3
2026-08-04 19:00:00,2870.9
2026-08-04 20:00:00,2974.6
2026-08-04 21:00:00,2830.6
2026-08-04 22:00:00,2753.6
2026-08-04 23:00:00,2403.8
2026-08-05 00:00:00,2205.9
2026-08-05 01:00:00,2482.6
2026-08-05 02:00:00,2229.4
2026-08-05 03:00:00,2134.0
2026-08-05 04:00:00,2160.2
2026-08-05 05:00:00,1925.4
2026-08-05 06:00:00,2014.8
2026-08-05 07:00:00,1757.5
2026-08-05 08:00:00,2011.3
2026-08-05 09:00:00,2092.8
2026-08-05 10:00:00,2324.1
2026-08-05 11:00:00,2273.3
2026-08-05 12:00:00,2704.0
2026-08-05 13:00:00,2280.3
2026-08-05 14:00:00,2835.7
2026-08-05 15:00:00,2600.8
2026-08-05 16:00:00,3009.6
2026-08-05 17:00:00,3037.0
2026-08-05 18:00:00,2880.7
2026-08-05 19:00:00,2896.7
2026-08-05 20:00:00,2862.0
2026-08-05 21:00:00,2908.3
2026-08-05 22:00:00,2648.7
2026-08-05 23:00:00,2631.5
2026-08-06 00:00:00,2472.6
2026-08-06 01:00:00,2411.6
2026-08-06 02:00:00,2236.3
2026-08-06 03:00:00,2164.3
2026-08-06 04:00:00,2120.0
2026-08-06 05:00:00,2066.9
2026-08-06 06:00:00,2046.4
2026-08-06 07:00:00,1962.5
2026-08-06 08:00:00,2022.5
2026-08-06 09:00:00,2024.7
2026-08-06 10:00:00,2291.4
2026-08-06 11:00:00,2225.9
2026-08-06 12:00:00,2440.5
2026-08-06 13:00:00,2586.5
2026-08-06 14:00:00,2786.7
2026-08-06 15:00:00,2881.0
2026-08-06 16:00:00,2986.3
2026-08-06 17:00:00,2977.6
2026-08-06 18:00:00,2808.6
2026-08-06 19:00:00,2896.0
2026-08-06 20:00:00,2924.5
2026-08-06 21:00:00,2868.1
2026-08-06 22:00:00,2632.2
2026-08-06 23:00:00,2529.2
2026-08-07 00:00:00,2459.9
2026-08-07 01:00:00,2204.6
2026-08-07 02:00:00,2202.4
2026-08-07 03:00:00,2252.2
2026-08-07 04:00:00,1895.0
2026-08-07 05:00:00,1830.3
2026-08-07 06:00:00,2095.6
2026-08-07 07:00:00,1973.5
2026-08-07 08:00:00,2229.6
2026-08-07 09:00:00,1963.3
2026-08-07 10:00:00,2343.5
2026-08-07 11:00:00,2379.5
2026-08-07 12:00:00,2336.0
2026-08-07 13:00:00,2649.2
2026-08-07 14:00:00,2985.2
2026-08-07 15:00:00,2933.7
2026-08-07 16:00:00,2937.7
2026-08-07 17:00:00,2920.8
2026-08-07 18:00:00,2825.2
2026-08-07 19:00:00,2806.2
2026-08-07 20:00:00,2868.2
2026-08-07 21:00:00,2940.3
2026-08-07 22:00:00,2711.9
2026-08-07 23:00:00,2806.8
2026-08-08 00:00:00,2370.7
2026-08-08 01:00:00,2226.1
2026-08-08 02:00:00,2241.4
2026-08-08 03:00:00,2121.3
2026-08-08 04:00:00,2233.1
2026-08-08 05:00:00,2079.4
2026-08-08 06:00:00,1991.2
2026-08-08 07:00:00,1912.4
2026-08-08 08:00:00,2135.5
2026-08-08 09:00:00,2420.8
2026-08-08 10:00:00,2250.1
2026-08-08 11:00:00,2209.6
2026-08-08 12:00:00,2302.1
2026-08-08 13:00:00,2576.8
2026-08-08 14:00:00,2764.8
2026-08-08 15:00:00,2759.5
2026-08-08 16:00:00,2869.7
2026-08-08 17:00:00,2916.9
2026-08-08 18:00:00,3144.6
2026-08-08 19:00:00,2823.7
2026-08-08 20:00:00,2867.5
2026-08-08 21:00:00,2974.1
2026-08-08 22:00:00,2922.8
2026-08-08 23:00:00,2553.3
2026-08-09 00:00:00,2473.3
2026-08-09 01:00:00,2587.6
2026-08-09 02:00:00,2399.3
2026-08-09 03:00:00,2047.9
2026-08-09 04:00:00,1950.0
2026-08-09 05:00:00,2030.7
2026-08-09 06:00:00,1891.1
2026-08-09 07:00:00,1967.1
2026-08-09 08:00:00,2109.0
2026-08-09 09:00:00,1951.4
2026-08-09 10:00:00,2281.6
2026-08-09 11:00:00,2428.1
2026-08-09 12:00:00,2475.0
2026-08-09 13:00:00,2730.7
2026-08-09 14:00:00,2677.3
2026-08-09 15:00:00,2822.1
2026-08-09 16:00:00,2722.7
2026-08-09 17:00:00,2633.3
2026-08-09 18:00:00,2871.8
2026-08-09 19:00:00,2975.0
2026-08-09 20:00:00,2933.5
2026-08-09 21:00:00,2818.5
2026-08-09 22:00:00,2715.7
2026-08-09 23:00:00,2616.2
2026-08-10 00:00:00,2505.5
2026-08-10 01:00:00,2280.3
2026-08-10 02:00:00,2061.8
2026-08-10 03:00:00,2221.4
2026-08-10 04:00:00,1909.6
2026-08-10 05:00:00,2194.6
2026-08-10 06:00:00,1875.0
2026-08-10 07:00:00,1975.8
2026-08-10 08:00:00,2178.8
2026-08-10 09:00:00,2092.3
2026-08-10 10:00:00,2110.1
2026-08-10 11:00:00,2349.6
2026-08-10 12:00:00,2609.6
2026-08-10 13:00:00,2629.5
2026-08-10 14:00:00,2730.9
2026-08-10 15:00:00,2842.0
2026-08-10 16:00:00,3085.2
2026-08-10 17:00:00,2834.9
2026-08-10 18:00:00,3037.2
2026-08-10 19:00:00,3271.5
2026-08-10 20:00:00,2938.4
2026-08-10 21:00:00,2956.5
2026-08-10 22:00:00,2671.0
2026-08-10 23:00:00,2571.9
2026-08-11 00:00:00,2515.4
2026-08-11 01:00:00,2367.3
2026-08-11 02:00:00,2141.8
2026-08-11 03:00:00,2250.7
2026-08-11 04:00:00,2019.3
2026-08-11 05:00:00,2111.2
2026-08-11 06:00:00,1998.6
2026-08-11 07:00:00,2191.2
2026-08-11 08:00:00,2058.1
2026-08-11 09:00:00,2055.9
2026-08-11 10:00:00,2396.5
2026-08-11 11:00:00,2216.5
2026-08-11 12:00:00,2467.7
2026-08-11 13:00:00,2605.9
2026-08-11 14:00:00,2886.2
2026-08-11 15:00:00,2921.0
2026-08-11 16:00:00,2967.3
2026-08-11 17:00:00,3189.6
2026-08-11 18:00:00,3027.5
2026-08-11 19:00:00,2837.9
2026-08-11 20:00:00,2810.1
2026-08-11 21:00:00,2696.4
2026-08-11 22:00:00,2758.9
2026-08-11 23:00:00,2632.7
2026-08-12 00:00:00,2554.1
2026-08-12 01:00:00,2410.8
2026-08-12 02:00:00,2284.8
2026-08-12 03:00:00,2362.5
2026-08-12 04:00:00,2119.9
2026-08-12 05:00:00,1931.2
2026-08-12 06:00:00,1957.5
2026-08-12 07:00:00,1973.7
2026-08-12 08:00:00,2073.2
2026-08-12 09:00:00,1987.1
2026-08-12 10:00:00,2394.0
2026-08-12 11:00:00,2237.6
2026-08-12 12:00:00,2575.1
2026-08-12 13:00:00,2750.2
2026-08-12 14:00:00,2850.8
2026-08-12 15:00:00,2894.1
2026-08-12 16:00:00,2958.8
2026-08-12 17:00:00,3198.5
2026-08-12 18:00:00,3112.1
2026-08-12 19:00:00,2845.9
2026-08-12 20:00:00,3027.5
2026-08-12 21:00:00,2745.3
2026-08-12 22:00:00,2869.4
2026-08-12 23:00:00,2746.8
2026-08-13 00:00:00,2834.2
2026-08-13 01:00:00,2414.8
2026-08-13 02:00:00,2253.0
2026-08-13 03:00:00,2139.5
2026-08-13 04:00:00,2167.9
2026-08-13 05:00:00,2108.1
2026-08-13 06:00:00,2086.7
2026-08-13 07:00:00,2193.4
2026-08-13 08:00:00,2160.3
2026-08-13 09:00:00,2000.5
2026-08-13 10:00:00,2226.3
2026-08-13 11:00:00,2416.9
2026-08-13 12:00:00,2588.6
2026-08-13 13:00:00,2523.0
2026-08-13 14:00:00,2919.0
2026-08-13 15:00:00,2842.7
2026-08-13 16:00:00,3078.8
2026-08-13 17:00:00,3120.9
2026-08-13 18:00:00,2958.3
2026-08-13 19:00:00,3099.5
2026-08-13 20:00:00,3111.6
2026-08-13 21:00:00,2908.5
2026-08-13 22:00:00,2866.6
2026-08-13 23:00:00,2527.9
2026-08-14 00:00:00,2396.8
2026-08-14 01:00:00,2460.8
2026-08-14 02:00:00,2068.9
2026-08-14 03:00:00,2111.5
2026-08-14 04:00:00,2095.6
2026-08-14 05:00:00,2137.9
2026-08-14 06:00:00,2206.6
2026-08-14 07:00:00,2176.4
2026-08-14 08:00:00,1955.2
2026-08-14 09:00:00,2148.4
2026-08-14 10:00:00,2343.9
2026-08-14 11:00:00,2364.9
2026-08-14 12:00:00,2594.8
2026-08-14 13:00:00,2552.4
2026-08-14 14:00:00,2678.9
2026-08-14 15:00:00,3218.9
2026-08-14 16:00:00,2923.8
2026-08-14 17:00:00,3017.9
2026-08-14 18:00:00,3179.9
2026-08-14 19:00:00,3029.5
2026-08-14 20:00:00,3144.5
2026-08-14 21:00:00,3211.1
2026-08-14 22:00:00,2834.0
2026-08-14 23:00:00,3046.5
2026-08-15 00:00:00,2502.0
2026-08-15 01:00:00,2134.7
2026-08-15 02:00:00,2345.2
2026-08-15 03:00:00,2269.5
2026-08-15 04:00:00,1969.4
2026-08-15 05:00:00,1909.6
2026-08-15 06:00:00,1947.6
2026-08-15 07:00:00,1869.7
2026-08-15 08:00:00,2120.2
2026-08-15 09:00:00,2116.8
2026-08-15 10:00:00,2511.2
2026-08-15 11:00:00,2558.1
2026-08-15 12:00:00,2526.4
2026-08-15 13:00:00,2660.3
2026-08-15 14:00:00,2975.7
2026-08-15 15:00:00,3005.9
2026-08-15 16:00:00,2810.4
2026-08-15 17:00:00,3062.6
2026-08-15 18:00:00,3110.0
2026-08-15 19:00:00,3066.8
2026-08-15 20:00:00,3105.5
2026-08-15 21:00:00,2858.5
2026-08-15 22:00:00,2596.1
2026-08-15 23:00:00,2816.2
2026-08-16 00:00:00,2435.7
2026-08-16 01:00:00,2376.2
2026-08-16 02:00:00,2342.2
2026-08-16 03:00:00,2039.4
2026-08-16 04:00:00,2108.8
2026-08-16 05:00:00,1948.9
2026-08-16 06:00:00,1978.0
2026-08-16 07:00:00,1954.6
2026-08-16 08:00:00,1982.1
2026-08-16 09:00:00,2304.7
2026-08-16 10:00:00,2389.4
2026-08-16 11:00:00,2443.2
2026-08-16 12:00:00,2489.0
2026-08-16 13:00:00,2541.7
2026-08-16 14:00:00,2505.4
2026-08-16 15:00:00,2842.2
2026-08-16 16:00:00,2951.1
2026-08-16 17:00:00,3078.9
2026-08-16 18:00:00,3171.7
2026-08-16 19:00:00,3036.1
2026-08-16 20:00:00,3002.1
2026-08-16 21:00:00,2838.3
2026-08-16 22:00:00,2791.8
2026-08-16 23:00:00,2753.5
2026-08-17 00:00:00,2449.4
2026-08-17 01:00:00,2425.5
2026-08-17 02:00:00,2319.9
2026-08-17 03:00:00,2096.0
2026-08-17 04:00:00,1996.9
2026-08-17 05:00:00,2244.4
2026-08-17 06:00:00,2160.4
2026-08-17 07:00:00,2040.6
2026-08-17 08:00:00,2127.4
2026-08-17 09:00:00,2306.7
2026-08-17 10:00:00,2196.1
2026-08-17 11:00:00,2433.3
2026-08-17 12:00:00,2668.7
2026-08-17 13:00:00,2598.4
2026-08-17 14:00:00,2845.1
2026-08-17 15:00:00,2688.7
2026-08-17 16:00:00,3010.7
2026-08-17 17:00:00,3037.6
2026-08-17 18:00:00,3298.4
2026-08-17 19:00:00,3081.0
2026-08-17 20:00:00,2948.8
2026-08-17 21:00:00,2989.6
2026-08-17 22:00:00,2849.2
2026-08-17 23:00:00,2587.4
2026-08-18 00:00:00,2575.2
2026-08-18 01:00:00,2677.7
2026-08-18 02:00:00,2377.0
2026-08-18 03:00:00,2042.0
2026-08-18 04:00:00,2114.3
2026-08-18 05:00:00,2140.4
2026-08-18 06:00:00,2066.3
2026-08-18 07:00:00,2267.6
2026-08-18 08:00:00,2095.8
2026-08-18 09:00:00,2423.3
2026-08-18 10:00:00,2256.7
2026-08-18 11:00:00,2452.6
2026-08-18 12:00:00,2724.2
2026-08-18 13:00:00,2520.7
2026-08-18 14:00:00,2726.6
2026-08-18 15:00:00,3005.8
2026-08-18 16:00:00,3196.0
2026-08-18 17:00:00,2987.3
2026-08-18 18:00:00,3152.3
2026-08-18 19:00:00,2929.7
2026-08-18 20:00:00,3083.4
2026-08-18 21:00:00,3128.4
2026-08-18 22:00:00,2800.8
2026-08-18 23:00:00,2660.6
2026-08-19 00:00:00,2742.9
2026-08-19 01:00:00,2541.8
2026-08-19 02:00:00,2457.5
2026-08-19 03:00:00,2376.4
2026-08-19 04:00:00,2144.3
2026-08-19 05:00:00,2226.2
2026-08-19 06:00:00,2307.1
2026-08-19 07:00:00,2063.4
2026-08-19 08:00:00,2265.0
2026-08-19 09:00:00,2187.9
2026-08-19 10:00:00,2516.0
2026-08-19 11:00:00,2530.9
2026-08-19 12:00:00,2438.8
2026-08-19 13:00:00,2745.9
2026-08-19 14:00:00,2781.3
2026-08-19 15:00:00,3047.6
2026-08-19 16:00:00,3007.9
2026-08-19 17:00:00,3064.8
2026-08-19 18:00:00,3174.0
2026-08-19 19:00:00,3023.8
2026-08-19 20:00:00,2704.0
2026-08-19 21:00:00,2885.7
2026-08-19 22:00:00,2776.2
2026-08-19 23:00:00,2907.7
2026-08-20 00:00:00,2402.9
2026-08-20 01:00:00,2680.6
2026-08-20 02:00:00,2366.0
2026-08-20 03:00:00,2294.6
2026-08-20 04:00:00,2146.4
2026-08-20 05:00:00,2095.2
2026-08-20 06:00:00,2031.4
2026-08-20 07:00:00,2358.5
2026-08-20 08:00:00,2084.4
2026-08-20 09:00:00,2302.8
2026-08-20 10:00:00,2375.2
2026-08-20 11:00:00,2477.0
2026-08-20 12:00:00,2721.7
2026-08-20 13:00:00,2797.8
2026-08-20 14:00:00,2644.0
2026-08-20 15:00:00,2758.0
2026-08-20 16:00:00,2976.2
2026-08-20 17:00:00,3255.6
2026-08-20 18:00:00,3333.6
2026-08-20 19:00:00,3045.8
2026-08-20 20:00:00,3047.0
2026-08-20 21:00:00,2825.7
2026-08-20 22:00:00,2897.5
2026-08-20 23:00:00,2774.2
2026-08-21 00:00:00,2533.3
2026-08-21 01:00:00,2466.3
2026-08-21 02:00:00,2417.8
2026-08-21 03:00:00,2461.8
2026-08-21 04:00:00,2408.6
2026-08-21 05:00:00,2439.5
2026-08-21 06:00:00,2037.3
2026-08-21 07:00:00,1862.9
2026-08-21 08:00:00,2191.2
2026-08-21 09:00:00,2122.8
2026-08-21 10:00:00,2424.9
2026-08-21 11:00:00,2443.3
2026-08-21 12:00:00,2525.9
2026-08-21 13:00:00,2738.1
2026-08-21 14:00:00,2988.9
2026-08-21 15:00:00,3015.5
2026-08-21 16:00:00,3048.3
2026-08-21 17:00:00,3000.3
2026-08-21 18:00:00,2982.6
2026-08-21 19:00:00,3145.5
2026-08-21 20:00:00,3002.8
2026-08-21 21:00:00,2854.8
2026-08-21 22:00:00,2935.0
2026-08-21 23:00:00,2748.9
2026-08-22 00:00:00,2586.4
2026-08-22 01:00:00,2681.2
2026-08-22 02:00:00,2293.1
2026-08-22 03:00:00,2384.6
2026-08-22 04:00:00,2206.7
2026-08-22 05:00:00,2193.9
2026-08-22 06:00:00,2136.6
2026-08-22 07:00:00,2258.4
2026-08-22 08:00:00,2376.1
2026-08-22 09:00:00,2114.4
2026-08-22 10:00:00,2521.4
2026-08-22 11:00:00,2464.2
2026-08-22 12:00:00,2670.5
2026-08-22 13:00:00,2792.6
2026-08-22 14:00:00,2815.6
2026-08-22 15:00:00,2914.5
2026-08-22 16:00:00,3085.7
2026-08-22 17:00:00,3040.2
2026-08-22 18:00:00,3214.0
2026-08-22 19:00:00,2933.8
2026-08-22 20:00:00,3042.6
2026-08-22 21:00:00,3150.2
2026-08-22 22:00:00,2861.4
2026-08-22 23:00:00,2649.5
2026-08-23 00:00:00,2623.5
2026-08-23 01:00:00,2383.4
2026-08-23 02:00:00,2477.5
2026-08-23 03:00:00,2294.5
2026-08-23 04:00:00,2172.4
2026-08-23 05:00:00,2236.4
2026-08-23 06:00:00,2125.8
2026-08-23 07:00:00,2068.6
2026-08-23 08:00:00,2163.8
2026-08-23 09:00:00,2189.9
2026-08-23 10:00:00,2255.7
2026-08-23 11:00:00,2581.2
2026-08-23 12:00:00,2558.6
2026-08-23 13:00:00,2694.0
2026-08-23 14:00:00,2996.0
2026-08-23 15:00:00,2832.4
2026-08-23 16:00:00,2973.8
2026-08-23 17:00:00,3056.6
2026-08-23 18:00:00,3329.4
2026-08-23 19:00:00,3102.4
2026-08-23 20:00:00,3095.0
2026-08-23 21:00:00,3002.6
2026-08-23 22:00:00,2744.0
2026-08-23 23:00:00,2817.0
2026-08-24 00:00:00,2745.1
2026-08-24 01:00:00,2718.4
2026-08-24 02:00:00,2370.7
2026-08-24 03:00:00,2363.0
2026-08-24 04:00:00,2322.8
2026-08-24 05:00:00,2172.3
2026-08-24 06:00:00,2399.9
2026-08-24 07:00:00,2399.3
2026-08-24 08:00:00,2391.3
2026-08-24 09:00:00,2145.4
2026-08-24 10:00:00,2370.9
2026-08-24 11:00:00,2614.9
2026-08-24 12:00:00,2662.7
2026-08-24 13:00:00,2578.7
2026-08-24 14:00:00,2931.2
2026-08-24 15:00:00,3250.4
2026-08-24 16:00:00,3285.4
2026-08-24 17:00:00,3241.3
2026-08-24 18:00:00,3166.7
2026-08-24 19:00:00,3141.0
2026-08-24 20:00:00,3126.4
2026-08-24 21:00:00,2953.1
2026-08-24 22:00:00,2852.8
2026-08-24 23:00:00,2810.8
2026-08-25 00:00:00,2907.1
2026-08-25 01:00:00,2601.2
2026-08-25 02:00:00,2442.7
2026-08-25 03:00:00,2440.0
2026-08-25 04:00:00,2431.6
2026-08-25 05:00:00,2321.9
2026-08-25 06:00:00,2040.4
2026-08-25 07:00:00,2389.6
2026-08-25 08:00:00,2338.3
2026-08-25 09:00:00,2162.9
2026-08-25 10:00:00,2376.6
2026-08-25 11:00:00,2276.9
2026-08-25 12:00:00,2571.1
2026-08-25 13:00:00,2787.2
2026-08-25 14:00:00,2953.8
2026-08-25 15:00:00,2975.5
2026-08-25 16:00:00,3125.6
2026-08-25 17:00:00,3090.5
2026-08-25 18:00:00,3220.1
2026-08-25 19:00:00,3151.5
2026-08-25 20:00:00,3175.0
2026-08-25 21:00:00,3137.0
2026-08-25 22:00:00,3010.2
2026-08-25 23:00:00,2771.8
2026-08-26 00:00:00,2463.5
2026-08-26 01:00:00,2602.7
2026-08-26 02:00:00,2251.3
2026-08-26 03:00:00,2413.5
2026-08-26 04:00:00,2383.4
2026-08-26 05:00:00,2311.9
2026-08-26 06:00:00,2323.3
2026-08-26 07:00:00,2322.7
2026-08-26 08:00:00,2138.8
2026-08-26 09:00:00,2166.8
2026-08-26 10:00:00,2160.9
2026-08-26 11:00:00,2559.4
2026-08-26 12:00:00,2732.3
2026-08-26 13:00:00,2848.1
2026-08-26 14:00:00,2920.1
2026-08-26 15:00:00,3149.5
2026-08-26 16:00:00,3147.7
2026-08-26 17:00:00,2968.9
2026-08-26 18:00:00,3011.3
2026-08-26 19:00:00,3311.5
2026-08-26 20:00:00,3175.2
2026-08-26 21:00:00,2858.9
2026-08-26 22:00:00,3086.8
2026-08-26 23:00:00,2761.0
2026-08-27 00:00:00,2825.8
2026-08-27 01:00:00,2500.4
2026-08-27 02:00:00,2572.8
2026-08-27 03:00:00,2423.8
2026-08-27 04:00:00,2197.3
2026-08-27 05:00:00,2146.1
2026-08-27 06:00:00,2347.7
2026-08-27 07:00:00,2246.4
2026-08-27 08:00:00,2122.1
2026-08-27 09:00:00,2215.5
2026-08-27 10:00:00,2377.4
2026-08-27 11:00:00,2537.1
2026-08-27 12:00:00,2540.8
2026-08-27 13:00:00,3023.7
2026-08-27 14:00:00,2824.9
2026-08-27 15:00:00,2917.1
2026-08-27 16:00:00,2899.7
2026-08-27 17:00:00,3152.0
2026-08-27 18:00:00,3152.9
2026-08-27 19:00:00,3261.5
2026-08-27 20:00:00,3065.8
2026-08-27 21:00:00,3039.2
2026-08-27 22:00:00,2922.6
2026-08-27 23:00:00,2821.2
2026-08-28 00:00:00,2645.0
2026-08-28 01:00:00,2484.7
2026-08-28 02:00:00,2466.8
2026-08-28 03:00:00,2474.6
2026-08-28 04:00:00,2566.9
2026-08-28 05:00:00,2082.8
2026-08-28 06:00:00,2086.7
2026-08-28 07:00:00,2197.8
2026-08-28 08:00:00,2369.3
2026-08-28 09:00:00,2374.0
2026-08-28 10:00:00,2374.6
2026-08-28 11:00:00,2672.1
2026-08-28 12:00:00,2538.5
2026-08-28 13:00:00,2784.9
2026-08-28 14:00:00,2851.1
2026-08-28 15:00:00,2933.6
2026-08-28 16:00:00,2974.3
2026-08-28 17:00:00,3105.2
2026-08-28 18:00:00,3117.7
2026-08-28 19:00:00,3001.3
2026-08-28 20:00:00,2956.0
2026-08-28 21:00:00,2963.1
2026-08-28 22:00:00,3011.0
2026-08-28 23:00:00,2690.2
2026-08-29 00:00:00,2748.7
2026-08-29 01:00:00,2575.7
2026-08-29 02:00:00,2511.7
2026-08-29 03:00:00,2152.7
2026-08-29 04:00:00,2166.6
2026-08-29 05:00:00,2296.6
2026-08-29 06:00:00,2442.0
2026-08-29 07:00:00,2146.9
2026-08-29 08:00:00,2068.0
2026-08-29 09:00:00,2390.7
2026-08-29 10:00:00,2627.9
2026-08-29 11:00:00,2600.9
2026-08-29 12:00:00,2627.8
2026-08-29 13:00:00,2759.2
2026-08-29 14:00:00,3084.2
2026-08-29 15:00:00,3366.8
2026-08-29 16:00:00,3316.9
2026-08-29 17:00:00,3273.3
2026-08-29 18:00:00,3273.2
2026-08-29 19:00:00,3186.8
2026-08-29 20:00:00,3165.5
2026-08-29 21:00:00,3055.7
2026-08-29 22:00:00,2747.1
2026-08-29 23:00:00,2557.4
2026-08-30 00:00:00,2775.6
2026-08-30 01:00:00,2568.2
2026-08-30 02:00:00,2386.5
2026-08-30 03:00:00,2386.7
2026-08-30 04:00:00,2308.1
2026-08-30 05:00:00,2111.8
2026-08-30 06:00:00,2074.3
2026-08-30 07:00:00,2327.5
2026-08-30 08:00:00,2167.8
2026-08-30 09:00:00,2382.4
2026-08-30 10:00:00,2475.5
2026-08-30 11:00:00,2553.0
2026-08-30 12:00:00,2689.1
2026-08-30 13:00:00,2842.8
2026-08-30 14:00:00,2960.5
2026-08-30 15:00:00,2933.8
2026-08-30 16:00:00,3130.6
2026-08-30 17:00:00,3284.1
2026-08-30 18:00:00,3416.9
2026-08-30 19:00:00,3379.0
2026-08-30 20:00:00,2865.5
2026-08-30 21:00:00,3199.3
2026-08-30 22:00:00,2976.9
2026-08-30 23:00:00,2726.1
2026-08-31 00:00:00,2701.4
2026-08-31 01:00:00,2755.5
2026-08-31 02:00:00,2501.9
2026-08-31 03:00:00,2324.2
2026-08-31 04:00:00,2204.4
2026-08-31 05:00:00,2224.2
2026-08-31 06:00:00,2195.5
2026-08-31 07:00:00,2130.7
2026-08-31 08:00:00,2100.8
2026-08-31 09:00:00,2260.2
2026-08-31 10:00:00,2514.6
2026-08-31 11:00:00,2330.2
2026-08-31 12:00:00,2612.2
2026-08-31 13:00:00,3150.5
2026-08-31 14:00:00,3048.8
2026-08-31 15:00:00,3318.0
2026-08-31 16:00:00,3293.1
2026-08-31 17:00:00,3347.1
2026-08-31 18:00:00,3329.5
2026-08-31 19:00:00,3155.9
2026-08-31 20:00:00,3201.1
2026-08-31 21:00:00,3278.5
2026-08-31 22:00:00,3025.2
2026-08-31 23:00:00,2835.3
2026-09-01 00:00:00,2734.3
2026-09-01 01:00:00,2791.7
2026-09-01 02:00:00,2335.3
2026-09-01 03:00:00,2619.9
2026-09-01 04:00:00,2279.2
2026-09-01 05:00:00,2238.8
2026-09-01 06:00:00,2187.5
2026-09-01 07:00:00,2283.1
2026-09-01 08:00:00,2325.0
2026-09-01 09:00:00,2443.9
2026-09-01 10:00:00,2447.2
2026-09-01 11:00:00,2481.0
2026-09-01 12:00:00,2668.2
2026-09-01 13:00:00,2755.5
2026-09-01 14:00:00,2823.6
2026-09-01 15:00:00,3157.1
2026-09-01 16:00:00,3238.3
2026-09-01 17:00:00,3012.0
2026-09-01 18:00:00,3107.6
2026-09-01 19:00:00,3359.6
2026-09-01 20:00:00,3252.4
2026-09-01 21:00:00,3259.3
2026-09-01 22:00:00,2893.2
2026-09-01 23:00:00,2596.4
2026-09-02 00:00:00,2543.0
2026-09-02 01:00:00,2663.9
2026-09-02 02:00:00,2342.9
2026-09-02 03:00:00,2580.7
2026-09-02 04:00:00,2323.2
2026-09-02 05:00:00,2325.5
2026-09-02 06:00:00,2333.5
2026-09-02 07:00:00,2407.7
2026-09-02 08:00:00,2341.1
2026-09-02 09:00:00,2453.6
2026-09-02 10:00:00,2281.2
2026-09-02 11:00:00,2492.8
2026-09-02 12:00:00,2815.0
2026-09-02 13:00:00,2908.5
2026-09-02 14:00:00,2964.9
2026-09-02 15:00:00,3022.2
2026-09-02 16:00:00,3281.7
2026-09-02 17:00:00,3273.7
2026-09-02 18:00:00,3218.2
2026-09-02 19:00:00,3495.7
2026-09-02 20:00:00,3162.9
2026-09-02 21:00:00,3033.1
2026-09-02 22:00:00,3165.5
2026-09-02 23:00:00,2781.9
2026-09-03 00:00:00,2683.0
2026-09-03 01:00:00,2683.8
2026-09-03 02:00:00,2723.9
2026-09-03 03:00:00,2361.8
2026-09-03 04:00:00,2086.4
2026-09-03 05:00:00,2430.5
2026-09-03 06:00:00,2269.8
2026-09-03 07:00:00,2407.8
2026-09-03 08:00:00,2402.1
2026-09-03 09:00:00,2577.7
2026-09-03 10:00:00,2539.5
2026-09-03 11:00:00,2425.9
2026-09-03 12:00:00,2765.5
2026-09-03 13:00:00,3095.4
2026-09-03 14:00:00,3242.0
2026-09-03 15:00:00,3277.7
2026-09-03 16:00:00,3239.3
2026-09-03 17:00:00,3128.7
2026-09-03 18:00:00,3468.6
2026-09-03 19:00:00,3138.5
2026-09-03 20:00:00,3216.5
2026-09-03 21:00:00,3105.4
2026-09-03 22:00:00,3094.8
2026-09-03 23:00:00,2985.2
2026-09-04 00:00:00,3130.5
2026-09-04 01:00:00,2841.6
2026-09-04 02:00:00,2525.8
2026-09-04 03:00:00,2397.4
2026-09-04 04:00:00,2208.4
2026-09-04 05:00:00,2399.3
2026-09-04 06:00:00,2070.2
2026-09-04 07:00:00,2119.2
2026-09-04 08:00:00,2342.2
2026-09-04 09:00:00,2462.1
2026-09-04 10:00:00,2487.9
2026-09-04 11:00:00,2741.7
2026-09-04 12:00:00,2738.8
2026-09-04 13:00:00,3097.5
2026-09-04 14:00:00,3098.6
2026-09-04 15:00:00,3098.8
2026-09-04 16:00:00,3114.8
2026-09-04 17:00:00,3497.4
2026-09-04 18:00:00,3238.6
2026-09-04 19:00:00,3088.3
2026-09-04 20:00:00,3309.9
2026-09-04 21:00:00,3078.9
2026-09-04 22:00:00,3337.7
2026-09-04 23:00:00,2864.2
2026-09-05 00:00:00,2633.5
2026-09-05 01:00:00,2481.7
2026-09-05 02:00:00,2307.9
2026-09-05 03:00:00,2537.3
2026-09-05 04:00:00,2601.3
2026-09-05 05:00:00,2350.8
2026-09-05 06:00:00,2268.4
2026-09-05 07:00:00,2188.2
2026-09-05 08:00:00,2467.0
2026-09-05 09:00:00,2296.9
2026-09-05 10:00:00,2484.5
2026-09-05 11:00:00,2637.0
2026-09-05 12:00:00,2943.5
2026-09-05 13:00:00,3030.9
2026-09-05 14:00:00,3234.3
2026-09-05 15:00:00,3446.9
2026-09-05 16:00:00,3223.6
2026-09-05 17:00:00,3538.8
2026-09-05 18:00:00,3505.9
2026-09-05 19:00:00,3328.8
2026-09-05 20:00:00,3426.3
2026-09-05 21:00:00,3298.4
2026-09-05 22:00:00,3275.8
2026-09-05 23:00:00,2636.2
2026-09-06 00:00:00,2703.2
2026-09-06 01:00:00,2527.1
2026-09-06 02:00:00,2603.2
2026-09-06 03:00:00,2496.4
2026-09-06 04:00:00,2230.6
2026-09-06 05:00:00,2252.4
2026-09-06 06:00:00,2336.2
2026-09-06 07:00:00,2316.6
2026-09-06 08:00:00,2386.7
2026-09-06 09:00:00,2415.8
2026-09-06 10:00:00,2422.1
2026-09-06 11:00:00,2766.1
2026-09-06 12:00:00,2657.7
2026-09-06 13:00:00,3048.3
2026-09-06 14:00:00,3099.6
2026-09-06 15:00:00,3290.6
2026-09-06 16:00:00,3365.8
2026-09-06 17:00:00,3122.1
2026-09-06 18:00:00,3174.1
2026-09-06 19:00:00,3010.7
2026-09-06 20:00:00,3076.8
2026-09-06 21:00:00,3042.1
2026-09-06 22:00:00,3177.7
2026-09-06 23:00:00,3018.6
2026-09-07 00:00:00,2608.3
2026-09-07 01:00:00,2786.5
2026-09-07 02:00:00,2501.1
2026-09-07 03:00:00,2496.1
2026-09-07 04:00:00,2399.3
2026-09-07 05:00:00,2310.6
2026-09-07 06:00:00,2474.4
2026-09-07 07:00:00,2165.7
2026-09-07 08:00:00,2467.2
2026-09-07 09:00:00,2644.3
2026-09-07 10:00:00,2535.0
2026-09-07 11:00:00,2627.3
2026-09-07 12:00:00,2714.9
2026-09-07 13:00:00,2989.2
2026-09-07 14:00:00,3125.6
2026-09-07 15:00:00,3224.6
2026-09-07 16:00:00,2997.1
2026-09-07 17:00:00,3518.1
2026-09-07 18:00:00,3443.7
2026-09-07 19:00:00,3297.9
2026-09-07 20:00:00,3336.7
2026-09-07 21:00:00,3026.7
2026-09-07 22:00:00,3137.9
2026-09-07 23:00:00,2878.7
2026-09-08 00:00:00,2885.5
2026-09-08 01:00:00,2581.8
2026-09-08 02:00:00,2534.2
2026-09-08 03:00:00,2549.1
2026-09-08 04:00:00,2341.0
2026-09-08 05:00:00,2379.7
2026-09-08 06:00:00,2331.3
2026-09-08 07:00:00,2518.3
2026-09-08 08:00:00,2510.1
2026-09-08 09:00:00,2515.2
2026-09-08 10:00:00,2872.1
2026-09-08 11:00:00,2760.7
2026-09-08 12:00:00,2775.5
2026-09-08 13:00:00,3189.8
2026-09-08 14:00:00,3052.6
2026-09-08 15:00:00,3158.9
2026-09-08 16:00:00,3162.1
2026-09-08 17:00:00,3315.9
2026-09-08 18:00:00,3440.8
2026-09-08 19:00:00,3117.7
2026-09-08 20:00:00,3270.6
2026-09-08 21:00:00,3013.2
2026-09-08 22:00:00,3266.1
2026-09-08 23:00:00,2986.0
2026-09-09 00:00:00,3021.5
2026-09-09 01:00:00,2711.4
2026-09-09 02:00:00,2398.8
2026-09-09 03:00:00,2445.5
2026-09-09 04:00:00,2836.0
2026-09-09 05:00:00,2377.0
2026-09-09 06:00:00,2488.9
2026-09-09 07:00:00,2270.0
2026-09-09 08:00:00,2375.4
2026-09-09 09:00:00,2611.2
2026-09-09 10:00:00,2770.6
2026-09-09 11:00:00,2866.2
2026-09-09 12:00:00,2733.5
2026-09-09 13:00:00,2786.9
2026-09-09 14:00:00,2930.7
2026-09-09 15:00:00,3121.4
2026-09-09 16:00:00,3245.9
2026-09-09 17:00:00,3403.8
2026-09-09 18:00:00,3135.9
2026-09-09 19:00:00,3168.0
2026-09-09 20:00:00,3325.0
2026-09-09 21:00:00,3217.9
2026-09-09 22:00:00,3066.4
2026-09-09 23:00:00,3209.8
2026-09-10 00:00:00,2737.2
2026-09-10 01:00:00,2841.7
2026-09-10 02:00:00,2630.1
2026-09-10 03:00:00,2471.4
2026-09-10 04:00:00,2332.7
2026-09-10 05:00:00,2173.7
2026-09-10 06:00:00,2208.3
2026-09-10 07:00:00,2339.9
2026-09-10 08:00:00,2330.1
2026-09-10 09:00:00,2418.9
2026-09-10 10:00:00,2601.0
2026-09-10 11:00:00,2892.4
2026-09-10 12:00:00,2929.2
2026-09-10 13:00:00,3003.4
2026-09-10 14:00:00,2998.8
2026-09-10 15:00:00,3194.3
2026-09-10 16:00:00,3339.9
2026-09-10 17:00:00,3264.4
2026-09-10 18:00:00,3427.8
2026-09-10 19:00:00,3353.9
2026-09-10 20:00:00,3375.8
2026-09-10 21:00:00,3586.9
2026-09-10 22:00:00,3156.5
2026-09-10 23:00:00,3056.4
2026-09-11 00:00:00,2835.4
2026-09-11 01:00:00,2847.8
2026-09-11 02:00:00,2541.0
2026-09-11 03:00:00,2542.3
2026-09-11 04:00:00,2222.2
2026-09-11 05:00:00,2611.4
2026-09-11 06:00:00,2512.3
2026-09-11 07:00:00,2276.6
2026-09-11 08:00:00,2643.8
2026-09-11 09:00:00,2566.3
2026-09-11 10:00:00,2716.6
2026-09-11 11:00:00,2780.4
2026-09-11 12:00:00,2861.0
2026-09-11 13:00:00,3120.2
2026-09-11 14:00:00,3093.5
2026-09-11 15:00:00,3110.7
2026-09-11 16:00:00,3481.9
2026-09-11 17:00:00,3364.8
2026-09-11 18:00:00,3499.6
2026-09-11 19:00:00,3369.0
2026-09-11 20:00:00,3432.2
2026-09-11 21:00:00,3039.2
2026-09-11 22:00:00,3237.6
2026-09-11 23:00:00,3078.6
2026-09-12 00:00:00,2793.9
2026-09-12 01:00:00,2850.9
2026-09-12 02:00:00,2731.3
2026-09-12 03:00:00,2556.5
2026-09-12 04:00:00,2567.5
2026-09-12 05:00:00,2327.5
2026-09-12 06:00:00,2287.2
2026-09-12 07:00:00,2240.9
2026-09-12 08:00:00,2533.8
2026-09-12 09:00:00,2577.2
2026-09-12 10:00:00,2452.6
2026-09-12 11:00:00,2856.1
2026-09-12 12:00:00,3015.3
2026-09-12 13:00:00,3275.1
2026-09-12 14:00:00,3154.9
2026-09-12 15:00:00,3452.6
2026-09-12 16:00:00,3155.1
2026-09-12 17:00:00,3541.5
2026-09-12 18:00:00,3530.8
2026-09-12 19:00:00,3367.1
2026-09-12 20:00:00,3443.2
2026-09-12 21:00:00,3011.2
2026-09-12 22:00:00,3176.5
2026-09-12 23:00:00,3094.8
2026-09-13 00:00:00,2926.7
2026-09-13 01:00:00,2886.1
2026-09-13 02:00:00,2761.7
2026-09-13 03:00:00,2390.6
2026-09-13 04:00:00,2540.3
2026-09-13 05:00:00,2351.8
2026-09-13 06:00:00,2561.1
2026-09-13 07:00:00,2472.9
2026-09-13 08:00:00,2609.3
2026-09-13 09:00:00,2867.0
2026-09-13 10:00:00,2825.3
2026-09-13 11:00:00,2531.6
2026-09-13 12:00:00,2784.1
2026-09-13 13:00:00,3059.4
2026-09-13 14:00:00,3218.4
2026-09-13 15:00:00,3299.2
2026-09-13 16:00:00,3355.9
2026-09-13 17:00:00,3519.2
2026-09-13 18:00:00,3334.2
2026-09-13 19:00:00,3465.9
2026-09-13 20:00:00,3315.0
2026-09-13 21:00:00,3416.7
2026-09-13 22:00:00,3209.4
2026-09-13 23:00:00,2934.9
2026-09-14 00:00:00,2806.4
2026-09-14 01:00:00,3048.3
2026-09-14 02:00:00,2764.9
2026-09-14 03:00:00,2676.7
2026-09-14 04:00:00,2444.0
2026-09-14 05:00:00,2407.5
2026-09-14 06:00:00,2180.4
2026-09-14 07:00:00,2548.8
2026-09-14 08:00:00,2503.9
2026-09-14 09:00:00,2727.0
2026-09-14 10:00:00,2853.5
2026-09-14 11:00:00,2825.0
2026-09-14 12:00:00,2991.6
2026-09-14 13:00:00,3204.3
2026-09-14 14:00:00,3144.7
2026-09-14 15:00:00,3402.9
2026-09-14 16:00:00,3147.6
2026-09-14 17:00:00,3495.1
2026-09-14 18:00:00,3409.1
2026-09-14 19:00:00,3444.0
2026-09-14 20:00:00,3250.5
2026-09-14 21:00:00,3195.4
2026-09-14 22:00:00,3117.9
2026-09-14 23:00:00,3069.9
2026-09-15 00:00:00,2843.2
2026-09-15 01:00:00,2632.6
2026-09-15 02:00:00,2938.7
2026-09-15 03:00:00,2666.3
2026-09-15 04:00:00,2399.5
2026-09-15 05:00:00,2418.6
2026-09-15 06:00:00,2434.8
2026-09-15 07:00:00,2517.6
2026-09-15 08:00:00,2398.0
2026-09-15 09:00:00,2506.5
2026-09-15 10:00:00,2788.8
2026-09-15 11:00:00,3145.5
2026-09-15 12:00:00,3039.3
2026-09-15 13:00:00,3085.8
2026-09-15 14:00:00,3042.4
2026-09-15 15:00:00,3381.0
2026-09-15 16:00:00,3256.7
2026-09-15 17:00:00,3556.4
2026-09-15 18:00:00,3433.8
2026-09-15 19:00:00,3350.5
2026-09-15 20:00:00,3539.3
2026-09-15 21:00:00,3289.1
2026-09-15 22:00:00,3130.0
2026-09-15 23:00:00,3090.4
2026-09-16 00:00:00,3233.1
2026-09-16 01:00:00,2884.8
2026-09-16 02:00:00,2735.6
2026-09-16 03:00:00,2392.8
2026-09-16 04:00:00,2733.9
2026-09-16 05:00:00,2317.7
2026-09-16 06:00:00,2475.6
2026-09-16 07:00:00,2451.4
2026-09-16 08:00:00,2528.5
2026-09-16 09:00:00,2611.6
2026-09-16 10:00:00,2540.7
2026-09-16 11:00:00,2815.3
2026-09-16 12:00:00,2844.8
2026-09-16 13:00:00,2943.4
2026-09-16 14:00:00,3185.8
2026-09-16 15:00:00,3444.5
2026-09-16 16:00:00,3435.4
2026-09-16 17:00:00,3357.3
2026-09-16 18:00:00,3588.0
2026-09-16 19:00:00,3664.7
2026-09-16 20:00:00,3235.7
2026-09-16 21:00:00,3152.3
2026-09-16 22:00:00,3437.1
2026-09-16 23:00:00,3026.6
2026-09-17 00:00:00,3079.0
2026-09-17 01:00:00,2755.4
2026-09-17 02:00:00,2769.2
2026-09-17 03:00:00,2703.2
2026-09-17 04:00:00,2376.7
2026-09-17 05:00:00,2642.2
2026-09-17 06:00:00,2385.8
2026-09-17 07:00:00,2495.2
2026-09-17 08:00:00,2493.9
2026-09-17 09:00:00,2678.5
2026-09-17 10:00:00,2796.1
2026-09-17 11:00:00,2746.9
2026-09-17 12:00:00,3126.2
2026-09-17 13:00:00,3079.5
2026-09-17 14:00:00,3279.8
2026-09-17 15:00:00,3417.4
2026-09-17 16:00:00,3374.2
2026-09-17 17:00:00,3467.8
2026-09-17 18:00:00,3591.7
2026-09-17 19:00:00,3299.1
2026-09-17 20:00:00,3387.8
2026-09-17 21:00:00,3598.3
2026-09-17 22:00:00,3166.3
2026-09-17 23:00:00,3315.4
2026-09-18 00:00:00,3141.4
2026-09-18 01:00:00,3006.0
2026-09-18 02:00:00,2862.4
2026-09-18 03:00:00,2626.4
2026-09-18 04:00:00,2598.0
2026-09-18 05:00:00,2703.2
2026-09-18 06:00:00,2314.1
2026-09-18 07:00:00,2683.8
2026-09-18 08:00:00,2531.0
2026-09-18 09:00:00,2856.0
2026-09-18 10:00:00,2953.6
2026-09-18 11:00:00,2965.8
2026-09-18 12:00:00,3126.7
2026-09-18 13:00:00,3053.0
2026-09-18 14:00:00,3344.3
2026-09-18 15:00:00,3412.8
2026-09-18 16:00:00,3541.7
2026-09-18 17:00:00,3678.7
2026-09-18 18:00:00,3499.4
2026-09-18 19:00:00,3406.8
2026-09-18 20:00:00,3431.2
2026-09-18 21:00:00,3390.4
2026-09-18 22:00:00,3209.1
2026-09-18 23:00:00,3189.3
2026-09-19 00:00:00,3061.5
2026-09-19 01:00:00,2851.5
2026-09-19 02:00:00,2925.2
2026-09-19 03:00:00,2544.8
2026-09-19 04:00:00,2667.4
2026-09-19 05:00:00,2573.8
2026-09-19 06:00:00,2465.6
2026-09-19 07:00:00,2593.9
2026-09-19 08:00:00,2314.8
2026-09-19 09:00:00,2702.4
2026-09-19 10:00:00,2822.9
2026-09-19 11:00:00,2873.0
2026-09-19 12:00:00,3009.6
2026-09-19 13:00:00,3027.4
2026-09-19 14:00:00,3115.4
2026-09-19 15:00:00,3225.8
2026-09-19 16:00:00,3417.0
2026-09-19 17:00:00,3293.7
2026-09-19 18:00:00,3421.9
2026-09-19 19:00:00,3608.2
2026-09-19 20:00:00,3401.5
2026-09-19 21:00:00,3206.8
2026-09-19 22:00:00,3421.5
2026-09-19 23:00:00,3067.0
2026-09-20 00:00:00,2895.3
2026-09-20 01:00:00,2770.6
2026-09-20 02:00:00,2898.3
2026-09-20 03:00:00,2668.3
2026-09-20 04:00:00,2574.9
2026-09-20 05:00:00,2608.9
2026-09-20 06:00:00,2511.6
2026-09-20 07:00:00,2563.2
2026-09-20 08:00:00,2484.4
2026-09-20 09:00:00,2712.4
2026-09-20 10:00:00,2652.8
2026-09-20 11:00:00,2904.8
2026-09-20 12:00:00,2823.9
2026-09-20 13:00:00,3181.6
2026-09-20 14:00:00,3411.0
2026-09-20 15:00:00,3431.5
2026-09-20 16:00:00,3454.9
2026-09-20 17:00:00,3506.1
2026-09-20 18:00:00,3495.8
2026-09-20 19:00:00,3223.7
2026-09-20 20:00:00,3573.5
2026-09-20 21:00:00,3444.8
2026-09-20 22:00:00,3166.9
2026-09-20 23:00:00,3152.8
2026-09-21 00:00:00,3177.1
2026-09-21 01:00:00,2755.6
2026-09-21 02:00:00,2786.2
2026-09-21 03:00:00,2753.3
2026-09-21 04:00:00,2511.9
2026-09-21 05:00:00,2620.9
2026-09-21 06:00:00,2429.1
2026-09-21 07:00:00,2694.8
2026-09-21 08:00:00,2558.0
2026-09-21 09:00:00,2583.1
2026-09-21 10:00:00,2826.3
2026-09-21 11:00:00,2695.7
2026-09-21 12:00:00,3018.2
2026-09-21 13:00:00,3148.5
2026-09-21 14:00:00,3531.2
2026-09-21 15:00:00,3469.0
2026-09-21 16:00:00,3610.7
2026-09-21 17:00:00,3436.1
2026-09-21 18:00:00,3407.9
2026-09-21 19:00:00,3346.3
2026-09-21 20:00:00,3561.4
2026-09-21 21:00:00,3283.0
2026-09-21 22:00:00,3139.8
2026-09-21 23:00:00,3302.9
2026-09-22 00:00:00,3162.9
2026-09-22 01:00:00,2866.2
2026-09-22 02:00:00,2755.2
2026-09-22 03:00:00,2677.6
2026-09-22 04:00:00,2520.6
2026-09-22 05:00:00,2454.0
2026-09-22 06:00:00,2571.3
2026-09-22 07:00:00,2568.7
2026-09-22 08:00:00,2514.2
2026-09-22 09:00:00,2815.8
2026-09-22 10:00:00,3049.7
2026-09-22 11:00:00,2810.6
2026-09-22 12:00:00,3022.3
2026-09-22 13:00:00,2921.5
2026-09-22 14:00:00,3431.0
2026-09-22 15:00:00,3242.2
2026-09-22 16:00:00,3488.0
2026-09-22 17:00:00,3611.1
2026-09-22 18:00:00,3652.8
2026-09-22 19:00:00,3396.9
2026-09-22 20:00:00,3398.6
2026-09-22 21:00:00,3378.3
2026-09-22 22:00:00,3112.3
2026-09-22 23:00:00,3105.3
2026-09-23 00:00:00,3127.6
2026-09-23 01:00:00,3050.5
2026-09-23 02:00:00,2655.5
2026-09-23 03:00:00,2596.7
2026-09-23 04:00:00,2536.4
2026-09-23 05:00:00,2733.4
2026-09-23 06:00:00,2486.9
2026-09-23 07:00:00,2593.0
2026-09-23 08:00:00,2765.4
2026-09-23 09:00:00,2792.0
2026-09-23 10:00:00,2899.4
2026-09-23 11:00:00,3083.0
2026-09-23 12:00:00,2859.0
2026-09-23 13:00:00,3236.9
2026-09-23 14:00:00,3342.3
2026-09-23 15:00:00,3345.4
2026-09-23 16:00:00,3625.2
2026-09-23 17:00:00,3701.1
2026-09-23 18:00:00,3500.6
2026-09-23 19:00:00,3375.3
2026-09-23 20:00:00,3170.4
2026-09-23 21:00:00,3669.4
2026-09-23 22:00:00,3255.4
2026-09-23 23:00:00,3240.0
2026-09-24 00:00:00,3081.1
2026-09-24 01:00:00,3132.7
2026-09-24 02:00:00,2655.2
2026-09-24 03:00:00,2696.3
2026-09-24 04:00:00,2545.8
2026-09-24 05:00:00,2538.9
2026-09-24 06:00:00,2446.7
2026-09-24 07:00:00,2470.1
2026-09-24 08:00:00,2673.0
2026-09-24 09:00:00,2745.8
2026-09-24 10:00:00,2687.2
2026-09-24 11:00:00,2932.0
2026-09-24 12:00:00,2955.9
2026-09-24 13:00:00,3300.5
2026-09-24 14:00:00,3431.1
2026-09-24 15:00:00,3576.2
2026-09-24 16:00:00,3487.0
2026-09-24 17:00:00,3499.2
2026-09-24 18:00:00,3587.7
2026-09-24 19:00:00,3510.3
2026-09-24 20:00:00,3524.1
2026-09-24 21:00:00,3382.3
2026-09-24 22:00:00,3199.4
2026-09-24 23:00:00,3253.4
2026-09-25 00:00:00,3194.8
2026-09-25 01:00:00,3045.0
2026-09-25 02:00:00,2702.1
2026-09-25 03:00:00,2901.9
2026-09-25 04:00:00,2458.3
2026-09-25 05:00:00,2533.7
2026-09-25 06:00:00,2611.2
2026-09-25 07:00:00,2621.7
2026-09-25 08:00:00,2630.9
2026-09-25 09:00:00,2688.0
2026-09-25 10:00:00,2804.1
2026-09-25 11:00:00,3095.0
2026-09-25 12:00:00,3232.8
2026-09-25 13:00:00,3246.3
2026-09-25 14:00:00,3232.1
2026-09-25 15:00:00,3533.9
2026-09-25 16:00:00,3711.1
2026-09-25 17:00:00,3676.0
2026-09-25 18:00:00,3527.5
2026-09-25 19:00:00,3545.6
2026-09-25 20:00:00,3705.4
2026-09-25 21:00:00,3499.2
2026-09-25 22:00:00,3238.1
2026-09-25 23:00:00,3392.4
2026-09-26 00:00:00,3050.2
2026-09-26 01:00:00,3188.7
2026-09-26 02:00:00,3158.1
2026-09-26 03:00:00,2950.6
2026-09-26 04:00:00,2780.4
2026-09-26 05:00:00,2642.8
2026-09-26 06:00:00,2451.9
2026-09-26 07:00:00,2554.2
2026-09-26 08:00:00,2553.1
2026-09-26 09:00:00,2701.4
2026-09-26 10:00:00,2912.1
2026-09-26 11:00:00,2930.3
2026-09-26 12:00:00,3227.4
2026-09-26 13:00:00,3157.0
2026-09-26 14:00:00,3431.6
2026-09-26 15:00:00,3616.9
2026-09-26 16:00:00,3472.1
2026-09-26 17:00:00,3590.1
2026-09-26 18:00:00,3506.0
2026-09-26 19:00:00,3519.4
2026-09-26 20:00:00,3583.3
2026-09-26 21:00:00,3503.7
2026-09-26 22:00:00,3475.4
2026-09-26 23:00:00,3166.2
2026-09-27 00:00:00,3151.3
2026-09-27 01:00:00,3078.5
2026-09-27 02:00:00,2864.0
2026-09-27 03:00:00,2806.4
2026-09-27 04:00:00,2514.9
2026-09-27 05:00:00,2532.4
2026-09-27 06:00:00,2769.0
2026-09-27 07:00:00,2437.1
2026-09-27 08:00:00,2474.6
2026-09-27 09:00:00,2792.3
2026-09-27 10:00:00,2696.1
2026-09-27 11:00:00,3184.0
2026-09-27 12:00:00,3285.2
2026-09-27 13:00:00,3175.1
2026-09-27 14:00:00,3398.0
2026-09-27 15:00:00,3375.6
2026-09-27 16:00:00,3327.8
2026-09-27 17:00:00,3650.6
2026-09-27 18:00:00,3452.3
2026-09-27 19:00:00,3693.1
2026-09-27 20:00:00,3748.3
2026-09-27 21:00:00,3531.8
2026-09-27 22:00:00,3565.1
2026-09-27 23:00:00,3257.3
2026-09-28 00:00:00,3238.8
2026-09-28 01:00:00,3123.2
2026-09-28 02:00:00,2842.7
2026-09-28 03:00:00,2858.1
2026-09-28 04:00:00,2727.6
2026-09-28 05:00:00,2474.5
2026-09-28 06:00:00,2550.5
2026-09-28 07:00:00,2576.8
2026-09-28 08:00:00,2596.5
2026-09-28 09:00:00,2699.8
2026-09-28 10:00:00,3042.7
2026-09-28 11:00:00,2937.9
2026-09-28 12:00:00,3208.1
2026-09-28 13:00:00,3483.8
2026-09-28 14:00:00,3388.5
2026-09-28 15:00:00,3445.3
2026-09-28 16:00:00,3624.7
2026-09-28 17:00:00,3420.3
2026-09-28 18:00:00,3555.2
2026-09-28 19:00:00,3653.0
2026-09-28 20:00:00,3322.9
2026-09-28 21:00:00,3659.1
2026-09-28 22:00:00,3472.6
2026-09-28 23:00:00,3438.8
2026-09-29 00:00:00,3101.9
2026-09-29 01:00:00,3020.2
2026-09-29 02:00:00,3021.0
2026-09-29 03:00:00,3028.0
2026-09-29 04:00:00,2836.2
2026-09-29 05:00:00,2739.9
2026-09-29 06:00:00,2868.5
2026-09-29 07:00:00,2786.7
2026-09-29 08:00:00,2481.9
2026-09-29 09:00:00,2849.4
2026-09-29 10:00:00,2932.1
2026-09-29 11:00:00,3114.5
2026-09-29 12:00:00,3242.4
2026-09-29 13:00:00,3264.9
2026-09-29 14:00:00,3435.7
2026-09-29 15:00:00,3405.4
2026-09-29 16:00:00,3688.0
2026-09-29 17:00:00,3654.9
2026-09-29 18:00:00,3658.6
2026-09-29 19:00:00,3814.7
2026-09-29 20:00:00,3672.0
2026-09-29 21:00:00,3619.2
2026-09-29 22:00:00,3410.6
2026-09-29 23:00:00,3251.0
2026-09-30 00:00:00,3190.1
2026-09-30 01:00:00,3080.3
2026-09-30 02:00:00,2937.6
2026-09-30 03:00:00,2848.7
2026-09-30 04:00:00,2805.9
2026-09-30 05:00:00,2828.6
2026-09-30 06:00:00,2551.4
2026-09-30 07:00:00,2589.0
2026-09-30 08:00:00,2398.0
2026-09-30 09:00:00,2839.6
2026-09-30 10:00:00,2783.6
2026-09-30 11:00:00,2820.5
2026-09-30 12:00:00,3161.4
2026-09-30 13:00:00,3195.2
2026-09-30 14:00:00,3551.1
2026-09-30 15:00:00,3687.9
2026-09-30 16:00:00,3693.4
2026-09-30 17:00:00,3616.6
2026-09-30 18:00:00,3516.8
2026-09-30 19:00:00,3559.6
2026-09-30 20:00:00,3501.9
2026-09-30 21:00:00,3491.4
2026-09-30 22:00:00,3397.7
2026-09-30 23:00:00,3526.6
2026-10-01 00:00:00,3287.9
2026-10-01 01:00:00,3285.5
2026-10-01 02:00:00,2967.6
2026-10-01 03:00:00,2731.3
2026-10-01 04:00:00,2681.1
2026-10-01 05:00:00,2704.5
2026-10-01 06:00:00,2738.7
2026-10-01 07:00:00,2847.9
2026-10-01 08:00:00,2690.6
2026-10-01 09:00:00,2794.4
2026-10-01 10:00:00,2967.0
2026-10-01 11:00:00,3225.3
2026-10-01 12:00:00,3143.5
2026-10-01 13:00:00,3387.6
2026-10-01 14:00:00,3315.4
2026-10-01 15:00:00,3600.5
2026-10-01 16:00:00,3690.0
2026-10-01 17:00:00,3751.5
2026-10-01 18:00:00,3858.4
2026-10-01 19:00:00,3676.7
2026-10-01 20:00:00,3713.7
2026-10-01 21:00:00,3448.4
2026-10-01 22:00:00,3310.3
2026-10-01 23:00:00,3326.0
2026-10-02 00:00:00,3173.1
2026-10-02 01:00:00,3279.3
2026-10-02 02:00:00,3038.8
2026-10-02 03:00:00,3020.5
2026-10-02 04:00:00,2820.3
2026-10-02 05:00:00,2824.9
2026-10-02 06:00:00,2674.4
2026-10-02 07:00:00,2806.3
2026-10-02 08:00:00,2713.5
2026-10-02 09:00:00,2796.6
2026-10-02 10:00:00,2678.5
2026-10-02 11:00:00,3127.5
2026-10-02 12:00:00,3319.6
2026-10-02 13:00:00,3422.3
2026-10-02 14:00:00,3494.7
2026-10-02 15:00:00,3514.3
2026-10-02 16:00:00,3367.8
2026-10-02 17:00:00,3557.9
2026-10-02 18:00:00,3699.9
2026-10-02 19:00:00,3783.1
2026-10-02 20:00:00,3795.1
2026-10-02 21:00:00,3707.6
2026-10-02 22:00:00,3389.2
2026-10-02 23:00:00,3323.1
2026-10-03 00:00:00,3065.5
2026-10-03 01:00:00,2869.0
2026-10-03 02:00:00,2868.5
2026-10-03 03:00:00,2772.5
2026-10-03 04:00:00,2681.2
2026-10-03 05:00:00,2835.1
2026-10-03 06:00:00,2901.5
2026-10-03 07:00:00,2644.2
2026-10-03 08:00:00,2994.4
2026-10-03 09:00:00,2667.5
2026-10-03 10:00:00,3026.9
2026-10-03 11:00:00,3167.3
2026-10-03 12:00:00,3059.6
2026-10-03 13:00:00,3476.1
2026-10-03 14:00:00,3433.0
2026-10-03 15:00:00,3614.6
2026-10-03 16:00:00,3799.7
2026-10-03 17:00:00,3794.4
2026-10-03 18:00:00,3677.0
2026-10-03 19:00:00,3708.1
2026-10-03 20:00:00,3874.4
2026-10-03 21:00:00,3379.0
2026-10-03 22:00:00,3597.5
2026-10-03 23:00:00,3479.1
2026-10-04 00:00:00,3461.7
2026-10-04 01:00:00,3267.3
2026-10-04 02:00:00,2802.7
2026-10-04 03:00:00,2955.7
2026-10-04 04:00:00,2849.0
2026-10-04 05:00:00,2857.8
2026-10-04 06:00:00,2959.1
2026-10-04 07:00:00,2799.8
2026-10-04 08:00:00,2784.4
2026-10-04 09:00:00,2862.8
2026-10-04 10:00:00,3122.9
2026-10-04 11:00:00,2987.4
2026-10-04 12:00:00,3323.4
2026-10-04 13:00:00,3417.5
2026-10-04 14:00:00,3278.1
2026-10-04 15:00:00,3658.4
2026-10-04 16:00:00,3545.8
2026-10-04 17:00:00,3969.4
2026-10-04 18:00:00,3636.0
2026-10-04 19:00:00,3848.6
2026-10-04 20:00:00,3651.5
2026-10-04 21:00:00,3476.7
2026-10-04 22:00:00,3552.7
2026-10-04 23:00:00,3221.9
2026-10-05 00:00:00,3226.5
2026-10-05 01:00:00,3292.5
2026-10-05 02:00:00,2961.3
2026-10-05 03:00:00,3166.3
2026-10-05 04:00:00,2948.9
2026-10-05 05:00:00,2589.0
2026-10-05 06:00:00,3020.1
2026-10-05 07:00:00,2977.9
2026-10-05 08:00:00,2587.4
2026-10-05 09:00:00,2867.8
2026-10-05 10:00:00,3229.4
2026-10-05 11:00:00,3119.1
2026-10-05 12:00:00,3263.6
2026-10-05 13:00:00,3280.1
2026-10-05 14:00:00,3515.5
2026-10-05 15:00:00,3677.6
2026-10-05 16:00:00,3925.4
2026-10-05 17:00:00,3664.7
2026-10-05 18:00:00,3780.9
2026-10-05 19:00:00,3953.9
2026-10-05 20:00:00,3767.2
2026-10-05 21:00:00,3467.9
2026-10-05 22:00:00,3619.1
2026-10-05 23:00:00,3445.7
2026-10-06 00:00:00,3063.4
2026-10-06 01:00:00,3310.6
2026-10-06 02:00:00,2855.7
2026-10-06 03:00:00,3064.0
2026-10-06 04:00:00,2868.3
2026-10-06 05:00:00,2871.9
2026-10-06 06:00:00,2624.1
2026-10-06 07:00:00,2699.7
2026-10-06 08:00:00,2855.0
2026-10-06 09:00:00,2846.6
2026-10-06 10:00:00,2891.5
2026-10-06 11:00:00,3088.6
2026-10-06 12:00:00,3162.4
2026-10-06 13:00:00,3418.6
2026-10-06 14:00:00,3427.9
2026-10-06 15:00:00,3236.3
2026-10-06 16:00:00,3924.6
2026-10-06 17:00:00,3762.3
2026-10-06 18:00:00,3854.3
2026-10-06 19:00:00,3510.3
2026-10-06 20:00:00,3570.1
2026-10-06 21:00:00,3634.7
2026-10-06 22:00:00,3803.8
2026-10-06 23:00:00,3459.8
2026-10-07 00:00:00,3226.0
2026-10-07 01:00:00,3174.3
2026-10-07 02:00:00,2850.9
2026-10-07 03:00:00,2793.3
2026-10-07 04:00:00,2951.5
2026-10-07 05:00:00,2808.5
2026-10-07 06:00:00,2809.7
2026-10-07 07:00:00,2952.9
2026-10-07 08:00:00,2877.9
2026-10-07 09:00:00,2739.0
2026-10-07 10:00:00,3240.4
2026-10-07 11:00:00,3243.1
2026-10-07 12:00:00,3420.7
2026-10-07 13:00:00,3349.5
2026-10-07 14:00:00,3599.9
2026-10-07 15:00:00,3841.9
2026-10-07 16:00:00,3648.8
2026-10-07 17:00:00,3880.3
2026-10-07 18:00:00,3972.3
2026-10-07 19:00:00,4013.4
2026-10-07 20:00:00,3579.6
2026-10-07 21:00:00,3513.8
2026-10-07 22:00:00,3446.1
2026-10-07 23:00:00,3425.2
2026-10-08 00:00:00,3281.7
2026-10-08 01:00:00,3185.1
2026-10-08 02:00:00,3108.2
2026-10-08 03:00:00,2848.1
2026-10-08 04:00:00,2939.2
2026-10-08 05:00:00,2680.1
2026-10-08 06:00:00,2777.2
2026-10-08 07:00:00,2637.9
2026-10-08 08:00:00,3077.2
2026-10-08 09:00:00,2618.4
2026-10-08 10:00:00,2982.4
2026-10-08 11:00:00,2986.0
2026-10-08 12:00:00,3374.5
2026-10-08 13:00:00,3517.9
2026-10-08 14:00:00,3529.6
2026-10-08 15:00:00,3522.5
2026-10-08 16:00:00,3554.1
2026-10-08 17:00:00,3689.3
2026-10-08 18:00:00,3812.6
2026-10-08 19:00:00,3947.4
2026-10-08 20:00:00,3802.3
2026-10-08 21:00:00,3806.2
2026-10-08 22:00:00,3555.2
2026-10-08 23:00:00,3427.1
2026-10-09 00:00:00,3362.6
2026-10-09 01:00:00,3221.2
2026-10-09 02:00:00,2981.2
2026-10-09 03:00:00,3048.4
2026-10-09 04:00:00,2926.2
2026-10-09 05:00:00,2761.0
2026-10-09 06:00:00,2890.5
2026-10-09 07:00:00,2771.3
2026-10-09 08:00:00,2864.2
2026-10-09 09:00:00,2911.4
2026-10-09 10:00:00,3076.8
2026-10-09 11:00:00,3295.9
2026-10-09 12:00:00,3164.9
2026-10-09 13:00:00,3505.2
2026-10-09 14:00:00,3544.7
2026-10-09 15:00:00,3590.4
2026-10-09 16:00:00,3609.3
2026-10-09 17:00:00,3889.5
2026-10-09 18:00:00,3783.8
2026-10-09 19:00:00,3841.4
2026-10-09 20:00:00,3800.7
2026-10-09 21:00:00,3868.4
2026-10-09 22:00:00,3760.3
2026-10-09 23:00:00,3572.1
2026-10-10 00:00:00,3450.1
2026-10-10 01:00:00,3472.5
2026-10-10 02:00:00,3136.5
2026-10-10 03:00:00,3067.1
2026-10-10 04:00:00,2977.2
2026-10-10 05:00:00,2779.6
2026-10-10 06:00:00,2848.9
2026-10-10 07:00:00,2876.4
2026-10-10 08:00:00,2933.9
2026-10-10 09:00:00,3014.3
2026-10-10 10:00:00,3085.7
2026-10-10 11:00:00,3303.2
2026-10-10 12:00:00,3206.8
2026-10-10 13:00:00,3530.3
2026-10-10 14:00:00,3507.7
2026-10-10 15:00:00,3450.1
2026-10-10 16:00:00,3601.1
2026-10-10 17:00:00,3822.8
2026-10-10 18:00:00,3930.4
2026-10-10 19:00:00,3769.8
2026-10-10 20:00:00,3767.9
2026-10-10 21:00:00,3760.2
2026-10-10 22:00:00,3557.1
2026-10-10 23:00:00,3550.7
2026-10-11 00:00:00,3522.5
2026-10-11 01:00:00,3361.0
2026-10-11 02:00:00,3014.2
2026-10-11 03:00:00,2871.9
2026-10-11 04:00:00,3153.2
2026-10-11 05:00:00,3016.1
2026-10-11 06:00:00,3031.1
2026-10-11 07:00:00,2913.0
2026-10-11 08:00:00,2856.5
2026-10-11 09:00:00,3092.5
2026-10-11 10:00:00,2983.1
2026-10-11 11:00:00,3202.5
2026-10-11 12:00:00,3429.6
2026-10-11 13:00:00,3520.0
2026-10-11 14:00:00,3517.4
2026-10-11 15:00:00,3784.0
2026-10-11 16:00:00,3767.9
2026-10-11 17:00:00,3934.8
2026-10-11 18:00:00,3835.1
2026-10-11 19:00:00,3840.0
2026-10-11 20:00:00,3681.1
2026-10-11 21:00:00,3945.4
2026-10-11 22:00:00,3807.5
2026-10-11 23:00:00,3400.6
2026-10-12 00:00:00,3315.5
2026-10-12 01:00:00,3388.9
2026-10-12 02:00:00,2986.0
2026-10-12 03:00:00,3141.6
2026-10-12 04:00:00,3040.7
2026-10-12 05:00:00,2839.8
2026-10-12 06:00:00,3007.4
2026-10-12 07:00:00,2937.5
2026-10-12 08:00:00,2963.0
2026-10-12 09:00:00,3060.2
2026-10-12 10:00:00,3157.1
2026-10-12 11:00:00,3114.4
2026-10-12 12:00:00,3388.2
2026-10-12 13:00:00,3485.9
2026-10-12 14:00:00,3599.7
2026-10-12 15:00:00,3786.2
2026-10-12 16:00:00,3772.5
2026-10-12 17:00:00,3884.4
2026-10-12 18:00:00,3954.5
2026-10-12 19:00:00,3778.0
2026-10-12 20:00:00,3803.3
2026-10-12 21:00:00,3626.6
2026-10-12 22:00:00,3602.8
2026-10-12 23:00:00,3606.0
2026-10-13 00:00:00,3438.2
2026-10-13 01:00:00,3045.0
2026-10-13 02:00:00,3023.7
2026-10-13 03:00:00,3074.4
2026-10-13 04:00:00,2629.3
2026-10-13 05:00:00,2847.2
2026-10-13 06:00:00,2748.8
2026-10-13 07:00:00,2893.8
2026-10-13 08:00:00,2686.8
2026-10-13 09:00:00,2982.2
2026-10-13 10:00:00,3116.6
2026-10-13 11:00:00,3036.5
2026-10-13 12:00:00,3438.7
2026-10-13 13:00:00,3551.4
2026-10-13 14:00:00,3714.8
2026-10-13 15:00:00,3607.8
2026-10-13 16:00:00,3849.1
2026-10-13 17:00:00,3852.9
2026-10-13 18:00:00,3979.7
2026-10-13 19:00:00,3942.8
2026-10-13 20:00:00,3751.7
2026-10-13 21:00:00,3751.5
2026-10-13 22:00:00,3710.3
2026-10-13 23:00:00,3498.5
2026-10-14 00:00:00,3480.7
2026-10-14 01:00:00,3303.4
2026-10-14 02:00:00,3164.2
2026-10-14 03:00:00,2971.1
2026-10-14 04:00:00,2860.0
2026-10-14 05:00:00,2670.3
2026-10-14 06:00:00,2656.9
2026-10-14 07:00:00,2746.5
2026-10-14 08:00:00,2967.8
2026-10-14 09:00:00,2948.5
2026-10-14 10:00:00,3103.6
2026-10-14 11:00:00,3287.0
2026-10-14 12:00:00,3108.8
2026-10-14 13:00:00,3497.3
2026-10-14 14:00:00,3878.9
2026-10-14 15:00:00,3734.2
2026-10-14 16:00:00,3728.8
2026-10-14 17:00:00,3820.3
2026-10-14 18:00:00,3754.1
2026-10-14 19:00:00,3911.4
2026-10-14 20:00:00,4077.7
2026-10-14 21:00:00,3989.1
2026-10-14 22:00:00,3425.6
2026-10-14 23:00:00,3469.9
2026-10-15 00:00:00,3490.7
2026-10-15 01:00:00,3208.9
2026-10-15 02:00:00,3395.4
2026-10-15 03:00:00,2928.3
2026-10-15 04:00:00,3061.5
2026-10-15 05:00:00,2883.9
2026-10-15 06:00:00,2811.3
2026-10-15 07:00:00,2676.5
2026-10-15 08:00:00,2990.0
2026-10-15 09:00:00,3156.2
2026-10-15 10:00:00,3236.7
2026-10-15 11:00:00,3372.2
2026-10-15 12:00:00,3430.3
2026-10-15 13:00:00,3569.6
2026-10-15 14:00:00,3812.4
2026-10-15 15:00:00,3530.8
2026-10-15 16:00:00,3974.1
2026-10-15 17:00:00,3899.5
2026-10-15 18:00:00,3753.7
2026-10-15 19:00:00,3930.5
2026-10-15 20:00:00,3623.1
2026-10-15 21:00:00,3852.4
2026-10-15 22:00:00,3639.7
2026-10-15 23:00:00,3437.7
2026-10-16 00:00:00,3616.8
2026-10-16 01:00:00,3049.8
2026-10-16 02:00:00,3351.7
2026-10-16 03:00:00,3174.9
2026-10-16 04:00:00,2837.1
2026-10-16 05:00:00,2902.0
2026-10-16 06:00:00,2770.9
2026-10-16 07:00:00,2798.9
2026-10-16 08:00:00,3279.3
2026-10-16 09:00:00,2959.4
2026-10-16 10:00:00,3185.8
2026-10-16 11:00:00,3404.8
2026-10-16 12:00:00,3383.2
2026-10-16 13:00:00,3468.9
2026-10-16 14:00:00,3692.1
2026-10-16 15:00:00,3775.6
2026-10-16 16:00:00,3738.4
2026-10-16 17:00:00,3919.9
2026-10-16 18:00:00,3799.4
2026-10-16 19:00:00,3863.9
2026-10-16 20:00:00,3884.3
2026-10-16 21:00:00,3910.9
2026-10-16 22:00:00,3610.6
2026-10-16 23:00:00,3402.5
2026-10-17 00:00:00,3417.8
2026-10-17 01:00:00,3351.3
2026-10-17 02:00:00,3294.8
2026-10-17 03:00:00,3074.1
2026-10-17 04:00:00,2873.3
2026-10-17 05:00:00,2819.8
2026-10-17 06:00:00,2767.5
2026-10-17 07:00:00,2949.6
2026-10-17 08:00:00,2870.3
2026-10-17 09:00:00,3021.9
2026-10-17 10:00:00,3284.4
2026-10-17 11:00:00,3248.4
2026-10-17 12:00:00,3440.9
2026-10-17 13:00:00,3581.2
2026-10-17 14:00:00,3566.2
2026-10-17 15:00:00,3720.9
2026-10-17 16:00:00,3940.6
2026-10-17 17:00:00,3777.4
2026-10-17 18:00:00,4090.3
2026-10-17 19:00:00,3989.7
2026-10-17 20:00:00,3960.0
2026-10-17 21:00:00,3741.9
2026-10-17 22:00:00,3593.0
2026-10-17 23:00:00,3636.9
2026-10-18 00:00:00,3696.9
2026-10-18 01:00:00,3414.5
2026-10-18 02:00:00,3114.5
2026-10-18 03:00:00,2868.0
2026-10-18 04:00:00,2972.4
2026-10-18 05:00:00,2902.0
2026-10-18 06:00:00,2808.6
2026-10-18 07:00:00,2882.4
2026-10-18 08:00:00,3173.2
2026-10-18 09:00:00,3006.4
2026-10-18 10:00:00,3225.5
2026-10-18 11:00:00,3451.7
2026-10-18 12:00:00,3564.1
2026-10-18 13:00:00,3674.7
2026-10-18 14:00:00,3577.1
2026-10-18 15:00:00,3869.1
2026-10-18 16:00:00,3624.0
2026-10-18 17:00:00,3782.3
2026-10-18 18:00:00,4029.3
2026-10-18 19:00:00,4039.1
2026-10-18 20:00:00,3997.2
2026-10-18 21:00:00,3832.5
2026-10-18 22:00:00,3789.4
2026-10-18 23:00:00,3541.8
2026-10-19 00:00:00,3315.1
2026-10-19 01:00:00,3357.8
2026-10-19 02:00:00,3369.7
2026-10-19 03:00:00,3312.7
2026-10-19 04:00:00,3097.0
2026-10-19 05:00:00,2810.2
2026-10-19 06:00:00,2981.7
2026-10-19 07:00:00,2964.4
2026-10-19 08:00:00,2951.2
2026-10-19 09:00:00,3132.7
2026-10-19 10:00:00,3118.6
2026-10-19 11:00:00,3302.5
2026-10-19 12:00:00,3573.7
2026-10-19 13:00:00,3452.3
2026-10-19 14:00:00,3818.4
2026-10-19 15:00:00,3761.1
2026-10-19 16:00:00,3932.4
2026-10-19 17:00:00,4168.4
2026-10-19 18:00:00,3893.5
2026-10-19 19:00:00,3930.5
2026-10-19 20:00:00,4010.8
2026-10-19 21:00:00,3894.9
2026-10-19 22:00:00,4015.6
2026-10-19 23:00:00,3704.9
2026-10-20 00:00:00,3482.1
2026-10-20 01:00:00,3238.1
2026-10-20 02:00:00,3261.7
2026-10-20 03:00:00,3387.6
2026-10-20 04:00:00,3093.1
2026-10-20 05:00:00,2851.0
2026-10-20 06:00:00,2946.8
2026-10-20 07:00:00,2922.4
2026-10-20 08:00:00,3082.0
2026-10-20 09:00:00,3099.3
2026-10-20 10:00:00,3157.0
2026-10-20 11:00:00,3227.2
2026-10-20 12:00:00,3451.7
2026-10-20 13:00:00,3667.8
2026-10-20 14:00:00,3856.8
2026-10-20 15:00:00,3779.2
2026-10-20 16:00:00,4056.6
2026-10-20 17:00:00,3722.1
2026-10-20 18:00:00,4183.8
2026-10-20 19:00:00,3769.8
2026-10-20 20:00:00,3837.7
2026-10-20 21:00:00,3821.9
2026-10-20 22:00:00,3666.3
2026-10-20 23:00:00,3860.4
2026-10-21 00:00:00,3414.5
2026-10-21 01:00:00,3594.9
2026-10-21 02:00:00,2765.5
2026-10-21 03:00:00,2876.6
2026-10-21 04:00:00,3069.5
2026-10-21 05:00:00,2864.8
2026-10-21 06:00:00,2800.3
2026-10-21 07:00:00,2959.5
2026-10-21 08:00:00,2990.8
2026-10-21 09:00:00,3052.5
2026-10-21 10:00:00,3167.3
2026-10-21 11:00:00,3363.5
2026-10-21 12:00:00,3560.0
2026-10-21 13:00:00,3720.5
2026-10-21 14:00:00,3745.1
2026-10-21 15:00:00,3679.0
2026-10-21 16:00:00,3818.2
2026-10-21 17:00:00,3907.8
2026-10-21 18:00:00,4080.5
2026-10-21 19:00:00,3845.2
2026-10-21 20:00:00,4046.2
2026-10-21 21:00:00,3683.0
2026-10-21 22:00:00,3759.0
2026-10-21 23:00:00,3585.5
2026-10-22 00:00:00,3580.6
2026-10-22 01:00:00,3494.9
2026-10-22 02:00:00,3232.2
2026-10-22 03:00:00,3085.2
2026-10-22 04:00:00,3171.1
2026-10-22 05:00:00,2940.7
2026-10-22 06:00:00,3039.9
2026-10-22 07:00:00,3043.3
2026-10-22 08:00:00,3018.8
2026-10-22 09:00:00,3067.8
2026-10-22 10:00:00,3355.4
2026-10-22 11:00:00,3421.4
2026-10-22 12:00:00,3382.4
2026-10-22 13:00:00,3486.4
2026-10-22 14:00:00,3890.0
2026-10-22 15:00:00,4102.7
2026-10-22 16:00:00,3933.6
2026-10-22 17:00:00,3977.4
2026-10-22 18:00:00,4114.9
2026-10-22 19:00:00,3927.0
2026-10-22 20:00:00,3795.1
2026-10-22 21:00:00,3956.2
2026-10-22 22:00:00,3744.4
2026-10-22 23:00:00,3804.3
2026-10-23 00:00:00,3544.7
2026-10-23 01:00:00,3484.0
2026-10-23 02:00:00,3193.6
2026-10-23 03:00:00,3234.4
2026-10-23 04:00:00,3041.4
2026-10-23 05:00:00,3153.5
2026-10-23 06:00:00,3199.5
2026-10-23 07:00:00,3026.2
2026-10-23 08:00:00,3065.3
2026-10-23 09:00:00,2957.7
2026-10-23 10:00:00,3497.2
2026-10-23 11:00:00,3642.2
2026-10-23 12:00:00,3680.8
2026-10-23 13:00:00,3510.2
2026-10-23 14:00:00,3771.5
2026-10-23 15:00:00,3780.6
2026-10-23 16:00:00,3983.6
2026-10-23 17:00:00,3970.6
2026-10-23 18:00:00,4001.2
2026-10-23 19:00:00,3757.2
2026-10-23 20:00:00,3960.1
2026-10-23 21:00:00,3995.8
2026-10-23 22:00:00,3732.1
2026-10-23 23:00:00,3538.6
2026-10-24 00:00:00,3422.9
2026-10-24 01:00:00,3329.2
2026-10-24 02:00:00,3219.9
2026-10-24 03:00:00,3114.6
2026-10-24 04:00:00,3362.9
2026-10-24 05:00:00,2975.1
2026-10-24 06:00:00,3008.5
2026-10-24 07:00:00,3151.4
2026-10-24 08:00:00,3126.8
2026-10-24 09:00:00,3069.8
2026-10-24 10:00:00,3222.2
2026-10-24 11:00:00,3400.7
2026-10-24 12:00:00,3584.2
2026-10-24 13:00:00,3523.7
2026-10-24 14:00:00,3896.4
2026-10-24 15:00:00,4009.9
2026-10-24 16:00:00,3890.5
2026-10-24 17:00:00,4012.1
2026-10-24 18:00:00,4126.7
2026-10-24 19:00:00,3977.4
2026-10-24 20:00:00,3701.7
2026-10-24 21:00:00,3793.9
2026-10-24 22:00:00,4114.9
2026-10-24 23:00:00,3570.4
2026-10-25 00:00:00,3518.5
2026-10-25 01:00:00,3660.7
2026-10-25 02:00:00,3234.2
2026-10-25 03:00:00,3122.8
2026-10-25 04:00:00,3003.1
2026-10-25 05:00:00,3131.0
2026-10-25 06:00:00,2938.4
2026-10-25 07:00:00,3181.3
2026-10-25 08:00:00,3263.6
2026-10-25 09:00:00,3391.1
2026-10-25 10:00:00,3459.0
2026-10-25 11:00:00,3394.3
2026-10-25 12:00:00,3369.6
2026-10-25 13:00:00,3574.6
2026-10-25 14:00:00,4086.1
2026-10-25 15:00:00,3911.7
2026-10-25 16:00:00,4071.3
2026-10-25 17:00:00,3867.0
2026-10-25 18:00:00,4200.9
2026-10-25 19:00:00,4074.3
2026-10-25 20:00:00,3903.2
2026-10-25 21:00:00,4036.2
2026-10-25 22:00:00,3866.2
2026-10-25 23:00:00,3430.6
2026-10-26 00:00:00,3645.2
2026-10-26 01:00:00,3464.6
2026-10-26 02:00:00,3169.5
2026-10-26 03:00:00,3165.1
2026-10-26 04:00:00,3050.2
2026-10-26 05:00:00,3242.9
2026-10-26 06:00:00,3150.1
2026-10-26 07:00:00,3079.1
2026-10-26 08:00:00,3143.4
2026-10-26 09:00:00,3270.1
2026-10-26 10:00:00,3402.7
2026-10-26 11:00:00,3590.9
2026-10-26 12:00:00,3775.1
2026-10-26 13:00:00,3602.7
2026-10-26 14:00:00,3755.1
2026-10-26 15:00:00,3920.3
2026-10-26 16:00:00,3952.1
2026-10-26 17:00:00,4168.5
2026-10-26 18:00:00,3996.3
2026-10-26 19:00:00,4046.5
2026-10-26 20:00:00,3975.6
2026-10-26 21:00:00,4033.5
2026-10-26 22:00:00,3989.6
2026-10-26 23:00:00,3624.4
2026-10-27 00:00:00,3500.4
2026-10-27 01:00:00,3586.2
2026-10-27 02:00:00,3445.1
2026-10-27 03:00:00,3312.4
2026-10-27 04:00:00,3372.5
2026-10-27 05:00:00,3175.9
2026-10-27 06:00:00,3100.3
2026-10-27 07:00:00,3011.0
2026-10-27 08:00:00,3137.6
2026-10-27 09:00:00,3341.1
2026-10-27 10:00:00,3444.8
2026-10-27 11:00:00,3362.8
2026-10-27 12:00:00,3449.1
2026-10-27 13:00:00,3459.5
2026-10-27 14:00:00,3807.6
2026-10-27 15:00:00,4045.6
2026-10-27 16:00:00,4102.9
2026-10-27 17:00:00,4069.6
2026-10-27 18:00:00,3982.5
2026-10-27 19:00:00,4298.8
2026-10-27 20:00:00,4028.8
2026-10-27 21:00:00,3941.2
2026-10-27 22:00:00,4009.7
2026-10-27 23:00:00,3885.7
2026-10-28 00:00:00,3628.0
2026-10-28 01:00:00,3318.2
2026-10-28 02:00:00,3435.1
2026-10-28 03:00:00,3352.2
2026-10-28 04:00:00,3138.8
2026-10-28 05:00:00,3319.4
2026-10-28 06:00:00,3051.3
2026-10-28 07:00:00,3183.1
2026-10-28 08:00:00,3085.9
2026-10-28 09:00:00,3189.0
2026-10-28 10:00:00,3431.3
2026-10-28 11:00:00,3669.9
2026-10-28 12:00:00,3394.2
2026-10-28 13:00:00,3938.5
2026-10-28 14:00:00,3918.5
2026-10-28 15:00:00,3732.7
2026-10-28 16:00:00,3953.1
2026-10-28 17:00:00,4220.4
2026-10-28 18:00:00,3894.2
2026-10-28 19:00:00,3995.4
2026-10-28 20:00:00,4170.2
2026-10-28 21:00:00,4207.4
2026-10-28 22:00:00,3667.6
2026-10-28 23:00:00,3790.0
2026-10-29 00:00:00,3755.7
2026-10-29 01:00:00,3450.6
2026-10-29 02:00:00,3326.3
2026-10-29 03:00:00,3190.9
2026-10-29 04:00:00,3221.5
2026-10-29 05:00:00,3132.7
2026-10-29 06:00:00,3056.1
2026-10-29 07:00:00,3019.6
2026-10-29 08:00:00,3313.1
2026-10-29 09:00:00,3130.8
2026-10-29 10:00:00,3359.4
2026-10-29 11:00:00,3439.2
2026-10-29 12:00:00,3703.7
2026-10-29 13:00:00,3874.3
2026-10-29 14:00:00,3874.0
2026-10-29 15:00:00,4031.5
2026-10-29 16:00:00,3984.1
2026-10-29 17:00:00,4313.6
2026-10-29 18:00:00,4036.8
2026-10-29 19:00:00,4381.0
2026-10-29 20:00:00,3877.4
2026-10-29 21:00:00,3925.2
2026-10-29 22:00:00,3896.2
2026-10-29 23:00:00,3724.4
2026-10-30 00:00:00,3314.8
2026-10-30 01:00:00,3637.4
2026-10-30 02:00:00,3318.3
2026-10-30 03:00:00,3422.4
2026-10-30 04:00:00,3131.0
2026-10-30 05:00:00,3197.9
2026-10-30 06:00:00,3247.8
2026-10-30 07:00:00,3040.2
2026-10-30 08:00:00,3311.3
2026-10-30 09:00:00,3300.0
2026-10-30 10:00:00,3352.2
2026-10-30 11:00:00,3727.4
2026-10-30 12:00:00,3850.8
2026-10-30 13:00:00,4024.2
2026-10-30 14:00:00,3897.8
2026-10-30 15:00:00,3811.3
2026-10-30 16:00:00,3867.5
2026-10-30 17:00:00,4149.7
2026-10-30 18:00:00,4059.8
2026-10-30 19:00:00,4163.9
2026-10-30 20:00:00,4017.9
2026-10-30 21:00:00,3797.2
2026-10-30 22:00:00,3894.2
2026-10-30 23:00:00,3924.2
2026-10-31 00:00:00,3595.9
2026-10-31 01:00:00,3433.8
2026-10-31 02:00:00,3230.3
2026-10-31 03:00:00,3306.1
2026-10-31 04:00:00,3254.6
2026-10-31 05:00:00,3144.6
2026-10-31 06:00:00,3193.6
2026-10-31 07:00:00,3303.9
2026-10-31 08:00:00,3275.2
2026-10-31 09:00:00,2961.8
2026-10-31 10:00:00,3539.2
2026-10-31 11:00:00,3532.1
2026-10-31 12:00:00,3475.0
2026-10-31 13:00:00,3838.8
2026-10-31 14:00:00,3793.2
2026-10-31 15:00:00,3863.7
2026-10-31 16:00:00,4116.7
2026-10-31 17:00:00,4240.5
2026-10-31 18:00:00,4312.7
2026-10-31 19:00:00,4109.6
2026-10-31 20:00:00,4115.5
2026-10-31 21:00:00,3954.6
2026-10-31 22:00:00,3775.2
2026-10-31 23:00:00,3462.6
2026-11-01 00:00:00,3764.3
2026-11-01 01:00:00,3556.6
2026-11-01 02:00:00,3465.8
2026-11-01 03:00:00,3288.0
2026-11-01 04:00:00,3292.0
2026-11-01 05:00:00,3087.6
2026-11-01 06:00:00,3307.3
2026-11-01 07:00:00,3312.5
2026-11-01 08:00:00,3402.7
2026-11-01 09:00:00,3187.4
2026-11-01 10:00:00,3480.9
2026-11-01 11:00:00,3472.0
2026-11-01 12:00:00,3605.0
2026-11-01 13:00:00,3803.8
2026-11-01 14:00:00,3881.0
2026-11-01 15:00:00,3815.7
2026-11-01 16:00:00,4163.3
2026-11-01 17:00:00,4217.6
2026-11-01 18:00:00,4171.5
2026-11-01 19:00:00,4151.8
2026-11-01 20:00:00,3970.6
2026-11-01 21:00:00,4065.2
2026-11-01 22:00:00,4125.1
2026-11-01 23:00:00,3654.0
2026-11-02 00:00:00,3605.3
2026-11-02 01:00:00,3451.4
2026-11-02 02:00:00,3333.1
2026-11-02 03:00:00,3393.3
2026-11-02 04:00:00,3420.3
2026-11-02 05:00:00,3367.9
2026-11-02 06:00:00,3004.1
2026-11-02 07:00:00,3178.9
2026-11-02 08:00:00,3185.4
2026-11-02 09:00:00,3452.6
2026-11-02 10:00:00,3597.6
2026-11-02 11:00:00,3483.7
2026-11-02 12:00:00,3452.7
2026-11-02 13:00:00,3868.7
2026-11-02 14:00:00,3914.4
2026-11-02 15:00:00,4129.4
2026-11-02 16:00:00,4165.3
2026-11-02 17:00:00,4173.9
2026-11-02 18:00:00,4088.8
2026-11-02 19:00:00,4023.4
2026-11-02 20:00:00,4196.5
2026-11-02 21:00:00,3917.3
2026-11-02 22:00:00,3928.1
2026-11-02 23:00:00,3749.2
2026-11-03 00:00:00,3570.8
2026-11-03 01:00:00,3317.9
2026-11-03 02:00:00,3513.7
2026-11-03 03:00:00,3523.3
2026-11-03 04:00:00,3040.5
2026-11-03 05:00:00,3350.5
2026-11-03 06:00:00,2886.5
2026-11-03 07:00:00,3311.8
2026-11-03 08:00:00,3193.8
2026-11-03 09:00:00,3344.7
2026-11-03 10:00:00,3376.2
2026-11-03 11:00:00,3862.9
2026-11-03 12:00:00,3658.7
2026-11-03 13:00:00,3573.6
2026-11-03 14:00:00,3976.4
2026-11-03 15:00:00,4223.9
2026-11-03 16:00:00,3991.9
2026-11-03 17:00:00,4304.4
2026-11-03 18:00:00,3923.9
2026-11-03 19:00:00,4352.8
2026-11-03 20:00:00,3983.2
2026-11-03 21:00:00,4144.1
2026-11-03 22:00:00,4028.9
2026-11-03 23:00:00,3957.5
2026-11-04 00:00:00,3858.4
2026-11-04 01:00:00,3656.9
2026-11-04 02:00:00,3322.8
2026-11-04 03:00:00,3271.1
2026-11-04 04:00:00,3180.6
2026-11-04 05:00:00,3239.9
2026-11-04 06:00:00,3107.0
2026-11-04 07:00:00,3158.2
2026-11-04 08:00:00,3341.8
2026-11-04 09:00:00,3534.2
2026-11-04 10:00:00,3415.6
2026-11-04 11:00:00,3582.8
2026-11-04 12:00:00,3697.6
2026-11-04 13:00:00,3839.9
2026-11-04 14:00:00,4037.7
2026-11-04 15:00:00,4073.3
2026-11-04 16:00:00,4206.4
2026-11-04 17:00:00,4184.7
2026-11-04 18:00:00,3966.4
2026-11-04 19:00:00,4178.3
2026-11-04 20:00:00,4219.0
2026-11-04 21:00:00,3967.3
2026-11-04 22:00:00,4064.0
2026-11-04 23:00:00,3705.1
2026-11-05 00:00:00,3668.5
2026-11-05 01:00:00,3554.0
2026-11-05 02:00:00,3204.2
2026-11-05 03:00:00,3244.2
2026-11-05 04:00:00,3112.7
2026-11-05 05:00:00,3181.6
2026-11-05 06:00:00,3248.9
2026-11-05 07:00:00,2979.4
2026-11-05 08:00:00,3175.1
2026-11-05 09:00:00,3387.2
2026-11-05 10:00:00,3582.5
2026-11-05 11:00:00,3708.4
2026-11-05 12:00:00,3683.2
2026-11-05 13:00:00,3818.1
2026-11-05 14:00:00,4052.6
2026-11-05 15:00:00,4121.6
2026-11-05 16:00:00,4291.8
2026-11-05 17:00:00,4039.1
2026-11-05 18:00:00,4264.4
2026-11-05 19:00:00,4258.5
2026-11-05 20:00:00,4250.4
2026-11-05 21:00:00,3787.7
2026-11-05 22:00:00,3964.4
2026-11-05 23:00:00,3942.7
2026-11-06 00:00:00,3825.4
2026-11-06 01:00:00,3691.1
2026-11-06 02:00:00,3202.7
2026-11-06 03:00:00,3273.9
2026-11-06 04:00:00,3349.6
2026-11-06 05:00:00,3158.3
2026-11-06 06:00:00,3047.0
2026-11-06 07:00:00,3126.2
2026-11-06 08:00:00,3254.1
2026-11-06 09:00:00,3415.1
2026-11-06 10:00:00,3444.6
2026-11-06 11:00:00,3496.4
2026-11-06 12:00:00,3815.7
2026-11-06 13:00:00,3715.6
2026-11-06 14:00:00,4139.7
2026-11-06 15:00:00,4007.1
2026-11-06 16:00:00,4249.4
2026-11-06 17:00:00,4160.8
2026-11-06 18:00:00,4534.8
2026-11-06 19:00:00,4349.9
2026-11-06 20:00:00,4291.5
2026-11-06 21:00:00,3940.2
2026-11-06 22:00:00,3963.3
2026-11-06 23:00:00,3833.1
2026-11-07 00:00:00,3589.2
2026-11-07 01:00:00,3713.6
2026-11-07 02:00:00,3673.9
2026-11-07 03:00:00,3287.2
2026-11-07 04:00:00,3204.0
2026-11-07 05:00:00,3375.0
2026-11-07 06:00:00,3294.1
2026-11-07 07:00:00,3298.8
2026-11-07 08:00:00,3307.7
2026-11-07 09:00:00,3276.4
2026-11-07 10:00:00,3392.8
2026-11-07 11:00:00,3655.5
2026-11-07 12:00:00,3758.0
2026-11-07 13:00:00,3749.3
2026-11-07 14:00:00,4099.7
2026-11-07 15:00:00,4049.6
2026-11-07 16:00:00,4314.4
2026-11-07 17:00:00,4288.1
2026-11-07 18:00:00,4322.3
2026-11-07 19:00:00,4269.8
2026-11-07 20:00:00,4233.8
2026-11-07 21:00:00,4093.1
2026-11-07 22:00:00,3836.8
2026-11-07 23:00:00,3803.0
2026-11-08 00:00:00,3804.9
2026-11-08 01:00:00,3675.6
2026-11-08 02:00:00,3632.0
2026-11-08 03:00:00,3218.8
2026-11-08 04:00:00,3325.4
2026-11-08 05:00:00,3306.5
2026-11-08 06:00:00,3396.5
2026-11-08 07:00:00,3476.5
2026-11-08 08:00:00,3130.1
2026-11-08 09:00:00,3431.2
2026-11-08 10:00:00,3442.2
2026-11-08 11:00:00,3508.2
2026-11-08 12:00:00,3767.2
2026-11-08 13:00:00,4047.3
2026-11-08 14:00:00,3833.6
2026-11-08 15:00:00,4090.2
2026-11-08 16:00:00,4255.3
2026-11-08 17:00:00,4094.8
2026-11-08 18:00:00,4287.8
2026-11-08 19:00:00,4096.3
2026-11-08 20:00:00,4180.9
2026-11-08 21:00:00,4070.8
2026-11-08 22:00:00,4143.8
2026-11-08 23:00:00,3951.8
2026-11-09 00:00:00,3679.0
2026-11-09 01:00:00,3582.7
2026-11-09 02:00:00,3349.3
2026-11-09 03:00:00,3461.8
2026-11-09 04:00:00,3027.2
2026-11-09 05:00:00,3371.4
2026-11-09 06:00:00,3111.1
2026-11-09 07:00:00,3154.4
2026-11-09 08:00:00,3331.5
2026-11-09 09:00:00,3348.7
2026-11-09 10:00:00,3367.7
2026-11-09 11:00:00,3583.2
2026-11-09 12:00:00,3916.5
2026-11-09 13:00:00,3812.3
2026-11-09 14:00:00,3787.4
2026-11-09 15:00:00,4267.5
2026-11-09 16:00:00,4035.8
2026-11-09 17:00:00,4157.8
2026-11-09 18:00:00,4354.9
2026-11-09 19:00:00,4247.3
2026-11-09 20:00:00,4225.0
2026-11-09 21:00:00,4117.1
2026-11-09 22:00:00,3925.9
2026-11-09 23:00:00,3954.7
2026-11-10 00:00:00,3745.9
2026-11-10 01:00:00,3425.9
2026-11-10 02:00:00,3548.4
2026-11-10 03:00:00,3356.6
2026-11-10 04:00:00,3394.8
2026-11-10 05:00:00,3278.4
2026-11-10 06:00:00,3110.7
2026-11-10 07:00:00,3109.4
2026-11-10 08:00:00,3396.2
2026-11-10 09:00:00,3312.4
2026-11-10 10:00:00,3381.9
2026-11-10 11:00:00,3601.9
2026-11-10 12:00:00,3817.4
2026-11-10 13:00:00,3953.9
2026-11-10 14:00:00,3945.0
2026-11-10 15:00:00,4086.5
2026-11-10 16:00:00,4422.4
2026-11-10 17:00:00,4077.9
2026-11-10 18:00:00,4142.9
2026-11-10 19:00:00,4247.4
2026-11-10 20:00:00,4282.9
2026-11-10 21:00:00,4058.6
2026-11-10 22:00:00,3995.6
2026-11-10 23:00:00,4051.8
2026-11-11 00:00:00,3808.2
2026-11-11 01:00:00,3747.6
2026-11-11 02:00:00,3298.3
2026-11-11 03:00:00,3285.5
2026-11-11 04:00:00,3413.2
2026-11-11 05:00:00,3527.9
2026-11-11 06:00:00,3393.7
2026-11-11 07:00:00,3521.3
2026-11-11 08:00:00,3317.7
2026-11-11 09:00:00,3547.7
2026-11-11 10:00:00,3419.5
2026-11-11 11:00:00,3568.1
2026-11-11 12:00:00,3790.8
2026-11-11 13:00:00,4059.4
2026-11-11 14:00:00,3976.7
2026-11-11 15:00:00,4139.7
2026-11-11 16:00:00,4344.7
2026-11-11 17:00:00,4104.2
2026-11-11 18:00:00,4434.8
2026-11-11 19:00:00,4393.0
2026-11-11 20:00:00,4232.0
2026-11-11 21:00:00,4380.2
2026-11-11 22:00:00,3917.2
2026-11-11 23:00:00,3926.6
2026-11-12 00:00:00,3899.8
2026-11-12 01:00:00,3698.4
2026-11-12 02:00:00,3395.8
2026-11-12 03:00:00,3366.3
2026-11-12 04:00:00,3183.4
2026-11-12 05:00:00,3428.7
2026-11-12 06:00:00,3428.7
2026-11-12 07:00:00,3179.7
2026-11-12 08:00:00,3429.9
2026-11-12 09:00:00,3197.0
2026-11-12 10:00:00,3372.5
2026-11-12 11:00:00,3646.7
2026-11-12 12:00:00,3737.1
2026-11-12 13:00:00,3840.6
2026-11-12 14:00:00,4044.3
2026-11-12 15:00:00,3981.8
2026-11-12 16:00:00,4088.8
2026-11-12 17:00:00,4364.2
2026-11-12 18:00:00,4111.0
2026-11-12 19:00:00,4556.6
2026-11-12 20:00:00,4130.5
2026-11-12 21:00:00,4097.6
2026-11-12 22:00:00,4032.6
2026-11-12 23:00:00,4000.6
2026-11-13 00:00:00,3688.1
2026-11-13 01:00:00,3453.9
2026-11-13 02:00:00,3473.3
2026-11-13 03:00:00,3556.4
2026-11-13 04:00:00,3328.7
2026-11-13 05:00:00,3318.1
2026-11-13 06:00:00,3332.7
2026-11-13 07:00:00,3331.5
2026-11-13 08:00:00,3316.9
2026-11-13 09:00:00,3592.5
2026-11-13 10:00:00,3448.6
2026-11-13 11:00:00,3718.5
2026-11-13 12:00:00,3711.6
2026-11-13 13:00:00,3925.9
2026-11-13 14:00:00,4262.2
2026-11-13 15:00:00,4267.2
2026-11-13 16:00:00,4280.4
2026-11-13 17:00:00,4263.0
2026-11-13 18:00:00,4507.8
2026-11-13 19:00:00,4383.4
2026-11-13 20:00:00,4250.2
2026-11-13 21:00:00,4055.3
2026-11-13 22:00:00,3933.5
2026-11-13 23:00:00,3982.1
2026-11-14 00:00:00,3777.9
2026-11-14 01:00:00,3732.7
2026-11-14 02:00:00,3479.6
2026-11-14 03:00:00,3395.7
2026-11-14 04:00:00,3406.7
2026-11-14 05:00:00,3417.1
2026-11-14 06:00:00,3236.1
2026-11-14 07:00:00,3329.2
2026-11-14 08:00:00,3397.1
2026-11-14 09:00:00,3400.0
2026-11-14 10:00:00,3583.6
2026-11-14 11:00:00,3925.1
2026-11-14 12:00:00,4093.1
2026-11-14 13:00:00,3705.2
2026-11-14 14:00:00,4083.8
2026-11-14 15:00:00,4154.0
2026-11-14 16:00:00,4403.8
2026-11-14 17:00:00,4313.6
2026-11-14 18:00:00,4242.9
2026-11-14 19:00:00,4456.4
2026-11-14 20:00:00,4336.2
2026-11-14 21:00:00,3988.7
2026-11-14 22:00:00,3939.9
2026-11-14 23:00:00,4051.2
2026-11-15 00:00:00,3817.3
2026-11-15 01:00:00,3564.1
2026-11-15 02:00:00,3598.5
2026-11-15 03:00:00,3675.6
2026-11-15 04:00:00,3402.4
2026-11-15 05:00:00,3343.4
2026-11-15 06:00:00,3537.0
2026-11-15 07:00:00,3341.9
2026-11-15 08:00:00,3575.1
2026-11-15 09:00:00,3480.6
2026-11-15 10:00:00,3566.6
2026-11-15 11:00:00,3604.5
2026-11-15 12:00:00,3647.5
2026-11-15 13:00:00,3961.7
2026-11-15 14:00:00,4116.2
2026-11-15 15:00:00,4060.1
2026-11-15 16:00:00,4199.5
2026-11-15 17:00:00,4286.9
2026-11-15 18:00:00,4130.9
2026-11-15 19:00:00,4246.0
2026-11-15 20:00:00,4032.0
2026-11-15 21:00:00,4131.1
2026-11-15 22:00:00,4080.4
2026-11-15 23:00:00,4097.6
2026-11-16 00:00:00,3607.5
2026-11-16 01:00:00,3586.0
2026-11-16 02:00:00,3667.4
2026-11-16 03:00:00,3545.7
2026-11-16 04:00:00,3361.1
2026-11-16 05:00:00,3575.8
2026-11-16 06:00:00,3270.6
2026-11-16 07:00:00,3457.8
2026-11-16 08:00:00,3511.3
2026-11-16 09:00:00,3277.4
2026-11-16 10:00:00,3646.6
2026-11-16 11:00:00,3754.4
2026-11-16 12:00:00,3690.2
2026-11-16 13:00:00,4169.3
2026-11-16 14:00:00,4064.7
2026-11-16 15:00:00,4401.3
2026-11-16 16:00:00,4100.9
2026-11-16 17:00:00,4236.7
2026-11-16 18:00:00,4412.7
2026-11-16 19:00:00,4276.7
2026-11-16 20:00:00,4420.9
2026-11-16 21:00:00,4139.5
2026-11-16 22:00:00,3838.6
2026-11-16 23:00:00,4109.9
2026-11-17 00:00:00,3811.7
2026-11-17 01:00:00,3716.2
2026-11-17 02:00:00,3559.8
2026-11-17 03:00:00,3581.2
2026-11-17 04:00:00,3497.9
2026-11-17 05:00:00,3014.7
2026-11-17 06:00:00,3393.8
2026-11-17 07:00:00,3147.9
2026-11-17 08:00:00,3429.7
2026-11-17 09:00:00,3470.3
2026-11-17 10:00:00,3668.1
2026-11-17 11:00:00,3488.0
2026-11-17 12:00:00,3818.9
2026-11-17 13:00:00,4207.2
2026-11-17 14:00:00,4363.0
2026-11-17 15:00:00,4030.0
2026-11-17 16:00:00,4207.2
2026-11-17 17:00:00,4168.2
2026-11-17 18:00:00,4310.9
2026-11-17 19:00:00,4462.6
2026-11-17 20:00:00,4399.6
2026-11-17 21:00:00,4107.2
2026-11-17 22:00:00,4005.3
2026-11-17 23:00:00,3788.7
2026-11-18 00:00:00,3760.3
2026-11-18 01:00:00,3797.6
2026-11-18 02:00:00,3625.5
2026-11-18 03:00:00,3614.2
2026-11-18 04:00:00,3520.5
2026-11-18 05:00:00,3491.7
2026-11-18 06:00:00,3450.4
2026-11-18 07:00:00,3263.2
2026-11-18 08:00:00,3499.9
2026-11-18 09:00:00,3362.9
2026-11-18 10:00:00,3338.8
2026-11-18 11:00:00,3509.8
2026-11-18 12:00:00,3831.4
2026-11-18 13:00:00,4079.8
2026-11-18 14:00:00,4175.0
2026-11-18 15:00:00,4004.6
2026-11-18 16:00:00,4251.1
2026-11-18 17:00:00,4431.3
2026-11-18 18:00:00,4386.9
2026-11-18 19:00:00,4304.5
2026-11-18 20:00:00,4202.4
2026-11-18 21:00:00,4102.0
2026-11-18 22:00:00,4125.9
2026-11-18 23:00:00,4162.9
2026-11-19 00:00:00,4082.1
2026-11-19 01:00:00,3520.1
2026-11-19 02:00:00,3646.9
2026-11-19 03:00:00,3743.4
2026-11-19 04:00:00,3213.3
2026-11-19 05:00:00,3396.3
2026-11-19 06:00:00,3565.2
2026-11-19 07:00:00,3529.4
2026-11-19 08:00:00,3612.5
2026-11-19 09:00:00,3531.4
2026-11-19 10:00:00,3643.9
2026-11-19 11:00:00,3955.2
2026-11-19 12:00:00,3907.0
2026-11-19 13:00:00,4126.7
2026-11-19 14:00:00,4279.1
2026-11-19 15:00:00,4174.2
2026-11-19 16:00:00,4383.8
2026-11-19 17:00:00,4509.4
2026-11-19 18:00:00,4468.2
2026-11-19 19:00:00,4418.1
2026-11-19 20:00:00,4437.8
2026-11-19 21:00:00,4406.8
2026-11-19 22:00:00,4227.6
2026-11-19 23:00:00,4065.2
2026-11-20 00:00:00,3817.0
2026-11-20 01:00:00,3769.3
2026-11-20 02:00:00,3764.2
2026-11-20 03:00:00,3523.8
2026-11-20 04:00:00,3464.5
2026-11-20 05:00:00,3472.2
2026-11-20 06:00:00,3207.1
2026-11-20 07:00:00,3304.6
2026-11-20 08:00:00,3474.2
2026-11-20 09:00:00,3729.7
2026-11-20 10:00:00,3626.8
2026-11-20 11:00:00,3927.0
2026-11-20 12:00:00,3944.2
2026-11-20 13:00:00,4027.1
2026-11-20 14:00:00,4183.2
2026-11-20 15:00:00,4256.2
2026-11-20 16:00:00,4323.8
2026-11-20 17:00:00,4359.5
2026-11-20 18:00:00,4296.7
2026-11-20 19:00:00,4526.8
2026-11-20 20:00:00,4294.4
2026-11-20 21:00:00,4145.8
2026-11-20 22:00:00,4041.7
2026-11-20 23:00:00,4061.0
2026-11-21 00:00:00,3926.7
2026-11-21 01:00:00,3737.1
2026-11-21 02:00:00,3491.1
2026-11-21 03:00:00,3591.0
2026-11-21 04:00:00,3342.9
2026-11-21 05:00:00,3465.0
2026-11-21 06:00:00,3151.4
2026-11-21 07:00:00,3537.2
2026-11-21 08:00:00,3517.7
2026-11-21 09:00:00,3498.0
2026-11-21 10:00:00,3587.1
2026-11-21 11:00:00,3705.5
2026-11-21 12:00:00,3970.8
2026-11-21 13:00:00,4006.1
2026-11-21 14:00:00,4321.7
2026-11-21 15:00:00,4199.7
2026-11-21 16:00:00,4430.2
2026-11-21 17:00:00,4553.8
2026-11-21 18:00:00,4342.9
2026-11-21 19:00:00,4448.8
2026-11-21 20:00:00,4213.5
2026-11-21 21:00:00,4002.2
2026-11-21 22:00:00,4181.6
2026-11-21 23:00:00,4050.9
2026-11-22 00:00:00,3958.7
2026-11-22 01:00:00,3637.9
2026-11-22 02:00:00,3673.3
2026-11-22 03:00:00,3370.8
2026-11-22 04:00:00,3402.2
2026-11-22 05:00:00,3563.4
2026-11-22 06:00:00,3231.2
2026-11-22 07:00:00,3503.8
2026-11-22 08:00:00,3314.1
2026-11-22 09:00:00,3590.2
2026-11-22 10:00:00,3532.6
2026-11-22 11:00:00,3631.0
2026-11-22 12:00:00,3690.9
2026-11-22 13:00:00,4072.3
2026-11-22 14:00:00,3950.0
2026-11-22 15:00:00,4274.7
2026-11-22 16:00:00,4310.7
2026-11-22 17:00:00,4148.1
2026-11-22 18:00:00,4357.2
2026-11-22 19:00:00,4261.7
2026-11-22 20:00:00,4381.1
2026-11-22 21:00:00,4274.8
2026-11-22 22:00:00,4323.0
2026-11-22 23:00:00,4070.4
2026-11-23 00:00:00,3916.3
2026-11-23 01:00:00,3828.6
2026-11-23 02:00:00,3690.7
2026-11-23 03:00:00,3527.6
2026-11-23 04:00:00,3539.9
2026-11-23 05:00:00,3452.5
2026-11-23 06:00:00,3465.9
2026-11-23 07:00:00,3280.1
2026-11-23 08:00:00,3466.1
2026-11-23 09:00:00,3657.8
2026-11-23 10:00:00,3731.0
2026-11-23 11:00:00,3861.7
2026-11-23 12:00:00,3991.4
2026-11-23 13:00:00,4082.8
2026-11-23 14:00:00,4280.7
2026-11-23 15:00:00,4163.6
2026-11-23 16:00:00,4431.8
2026-11-23 17:00:00,4420.3
2026-11-23 18:00:00,4380.5
2026-11-23 19:00:00,4419.9
2026-11-23 20:00:00,4375.8
2026-11-23 21:00:00,4122.1
2026-11-23 22:00:00,4057.6
2026-11-23 23:00:00,4154.0
2026-11-24 00:00:00,3819.3
2026-11-24 01:00:00,3890.9
2026-11-24 02:00:00,3752.5
2026-11-24 03:00:00,3622.9
2026-11-24 04:00:00,3503.0
2026-11-24 05:00:00,3603.2
2026-11-24 06:00:00,3477.4
2026-11-24 07:00:00,3580.8
2026-11-24 08:00:00,3600.5
2026-11-24 09:00:00,3551.5
2026-11-24 10:00:00,3643.5
2026-11-24 11:00:00,3785.4
2026-11-24 12:00:00,3985.9
2026-11-24 13:00:00,3932.7
2026-11-24 14:00:00,3982.8
2026-11-24 15:00:00,4263.8
2026-11-24 16:00:00,4187.9
2026-11-24 17:00:00,4322.4
2026-11-24 18:00:00,4457.4
2026-11-24 19:00:00,4449.4
2026-11-24 20:00:00,4532.2
2026-11-24 21:00:00,4143.6
2026-11-24 22:00:00,3977.4
2026-11-24 23:00:00,4138.1
2026-11-25 00:00:00,3762.5
2026-11-25 01:00:00,3856.6
2026-11-25 02:00:00,3470.7
2026-11-25 03:00:00,3453.7
2026-11-25 04:00:00,3574.3
2026-11-25 05:00:00,3264.3
2026-11-25 06:00:00,3412.2
2026-11-25 07:00:00,3485.5
2026-11-25 08:00:00,3338.8
2026-11-25 09:00:00,3615.2
2026-11-25 10:00:00,3799.9
2026-11-25 11:00:00,3779.0
2026-11-25 12:00:00,3904.2
2026-11-25 13:00:00,4193.8
2026-11-25 14:00:00,4018.4
2026-11-25 15:00:00,4362.5
2026-11-25 16:00:00,4358.3
2026-11-25 17:00:00,4477.4
2026-11-25 18:00:00,4420.5
2026-11-25 19:00:00,4280.4
2026-11-25 20:00:00,4417.1
2026-11-25 21:00:00,4331.1
2026-11-25 22:00:00,4113.9
2026-11-25 23:00:00,3872.6
2026-11-26 00:00:00,3959.5
2026-11-26 01:00:00,3839.7
2026-11-26 02:00:00,3485.0
2026-11-26 03:00:00,3442.4
2026-11-26 04:00:00,3224.7
2026-11-26 05:00:00,3485.4
2026-11-26 06:00:00,3456.0
2026-11-26 07:00:00,3386.7
2026-11-26 08:00:00,3579.1
2026-11-26 09:00:00,3827.7
2026-11-26 10:00:00,3615.2
2026-11-26 11:00:00,3688.1
2026-11-26 12:00:00,4077.9
2026-11-26 13:00:00,3836.4
2026-11-26 14:00:00,3918.3
2026-11-26 15:00:00,4394.7
2026-11-26 16:00:00,4352.2
2026-11-26 17:00:00,4265.8
2026-11-26 18:00:00,4375.0
2026-11-26 19:00:00,4412.9
2026-11-26 20:00:00,4344.1
2026-11-26 21:00:00,4342.0
2026-11-26 22:00:00,4126.4
2026-11-26 23:00:00,3854.7
2026-11-27 00:00:00,3750.9
2026-11-27 01:00:00,3937.4
2026-11-27 02:00:00,3611.3
2026-11-27 03:00:00,3515.7
2026-11-27 04:00:00,3198.2
2026-11-27 05:00:00,3287.4
2026-11-27 06:00:00,3449.1
2026-11-27 07:00:00,3384.2
2026-11-27 08:00:00,3519.2
2026-11-27 09:00:00,3638.4
2026-11-27 10:00:00,3633.1
2026-11-27 11:00:00,4115.5
2026-11-27 12:00:00,3889.5
2026-11-27 13:00:00,4155.4
2026-11-27 14:00:00,4236.9
2026-11-27 15:00:00,4514.0
2026-11-27 16:00:00,4338.6
2026-11-27 17:00:00,4356.8
2026-11-27 18:00:00,4376.9
2026-11-27 19:00:00,4478.3
2026-11-27 20:00:00,4451.7
2026-11-27 21:00:00,4210.8
2026-11-27 22:00:00,4225.7
2026-11-27 23:00:00,3884.7
2026-11-28 00:00:00,4134.3
2026-11-28 01:00:00,3956.9
2026-11-28 02:00:00,3795.9
2026-11-28 03:00:00,3582.8
2026-11-28 04:00:00,3442.2
2026-11-28 05:00:00,3529.3
2026-11-28 06:00:00,3364.5
2026-11-28 07:00:00,3291.1
2026-11-28 08:00:00,3579.2
2026-11-28 09:00:00,3619.5
2026-11-28 10:00:00,3872.6
2026-11-28 11:00:00,3728.2
2026-11-28 12:00:00,4064.4
2026-11-28 13:00:00,4008.9
2026-11-28 14:00:00,4208.0
2026-11-28 15:00:00,4361.6
2026-11-28 16:00:00,4404.0
2026-11-28 17:00:00,4345.2
2026-11-28 18:00:00,4555.8
2026-11-28 19:00:00,4307.2
2026-11-28 20:00:00,4549.5
2026-11-28 21:00:00,4073.8
2026-11-28 22:00:00,4327.8
2026-11-28 23:00:00,4003.3
2026-11-29 00:00:00,3901.1
2026-11-29 01:00:00,3618.3
2026-11-29 02:00:00,3688.5
2026-11-29 03:00:00,3630.0
2026-11-29 04:00:00,3611.6
2026-11-29 05:00:00,3605.5
2026-11-29 06:00:00,3442.0
2026-11-29 07:00:00,3483.6
2026-11-29 08:00:00,3574.4
2026-11-29 09:00:00,3645.4
2026-11-29 10:00:00,3877.3
2026-11-29 11:00:00,3860.0
2026-11-29 12:00:00,3868.4
2026-11-29 13:00:00,4163.8
2026-11-29 14:00:00,4000.0
2026-11-29 15:00:00,4170.0
2026-11-29 16:00:00,4367.8
2026-11-29 17:00:00,4437.6
2026-11-29 18:00:00,4620.4
2026-11-29 19:00:00,4460.2
2026-11-29 20:00:00,4373.8
2026-11-29 21:00:00,4410.6
2026-11-29 22:00:00,4288.6
2026-11-29 23:00:00,4172.0
2026-11-30 00:00:00,4093.1
2026-11-30 01:00:00,3930.6
2026-11-30 02:00:00,3718.7
2026-11-30 03:00:00,3552.2
2026-11-30 04:00:00,3379.7
2026-11-30 05:00:00,3574.6
2026-11-30 06:00:00,3486.0
2026-11-30 07:00:00,3592.5
2026-11-30 08:00:00,3522.2
2026-11-30 09:00:00,3669.7
2026-11-30 10:00:00,3737.9
2026-11-30 11:00:00,3665.4
2026-11-30 12:00:00,3933.1
2026-11-30 13:00:00,3853.1
2026-11-30 14:00:00,4229.3
2026-11-30 15:00:00,4689.0
2026-11-30 16:00:00,4540.1
2026-11-30 17:00:00,4622.9
2026-11-30 18:00:00,4444.6
2026-11-30 19:00:00,4361.1
2026-11-30 20:00:00,4359.7
2026-11-30 21:00:00,4416.6
2026-11-30 22:00:00,4097.3
2026-11-30 23:00:00,4391.3
2026-12-01 00:00:00,3914.5
2026-12-01 01:00:00,3814.0
2026-12-01 02:00:00,3873.2
2026-12-01 03:00:00,3676.0
2026-12-01 04:00:00,3649.5
2026-12-01 05:00:00,3230.8
2026-12-01 06:00:00,3439.6
2026-12-01 07:00:00,3483.1
2026-12-01 08:00:00,3548.4
2026-12-01 09:00:00,3833.6
2026-12-01 10:00:00,3652.6
2026-12-01 11:00:00,3883.1
2026-12-01 12:00:00,4187.0
2026-12-01 13:00:00,3852.9
2026-12-01 14:00:00,4062.1
2026-12-01 15:00:00,4288.6
2026-12-01 16:00:00,4304.9
2026-12-01 17:00:00,4321.0
2026-12-01 18:00:00,4510.2
2026-12-01 19:00:00,4639.2
2026-12-01 20:00:00,4262.8
2026-12-01 21:00:00,4473.8
2026-12-01 22:00:00,4113.4
2026-12-01 23:00:00,4045.8
2026-12-02 00:00:00,4106.9
2026-12-02 01:00:00,3935.2
2026-12-02 02:00:00,3737.1
2026-12-02 03:00:00,3627.3
2026-12-02 04:00:00,3541.8
2026-12-02 05:00:00,3352.9
2026-12-02 06:00:00,3632.0
2026-12-02 07:00:00,3570.5
2026-12-02 08:00:00,3331.5
2026-12-02 09:00:00,3755.9
2026-12-02 10:00:00,3574.0
2026-12-02 11:00:00,3937.0
2026-12-02 12:00:00,3824.6
2026-12-02 13:00:00,4359.2
2026-12-02 14:00:00,4385.5
2026-12-02 15:00:00,4461.5
2026-12-02 16:00:00,4501.5
2026-12-02 17:00:00,4319.3
2026-12-02 18:00:00,4358.3
2026-12-02 19:00:00,4634.7
2026-12-02 20:00:00,4483.4
2026-12-02 21:00:00,4399.3
2026-12-02 22:00:00,4140.5
2026-12-02 23:00:00,4058.2
2026-12-03 00:00:00,3947.3
2026-12-03 01:00:00,3924.4
2026-12-03 02:00:00,3886.7
2026-12-03 03:00:00,3883.4
2026-12-03 04:00:00,3559.7
2026-12-03 05:00:00,3545.0
2026-12-03 06:00:00,3404.9
2026-12-03 07:00:00,3259.9
2026-12-03 08:00:00,3638.3
2026-12-03 09:00:00,3440.1
2026-12-03 10:00:00,3684.0
2026-12-03 11:00:00,3874.3
2026-12-03 12:00:00,4058.2
2026-12-03 13:00:00,4111.8
2026-12-03 14:00:00,4355.6
2026-12-03 15:00:00,4473.9
2026-12-03 16:00:00,4359.1
2026-12-03 17:00:00,4346.7
2026-12-03 18:00:00,4546.5
2026-12-03 19:00:00,4505.4
2026-12-03 20:00:00,4455.3
2026-12-03 21:00:00,4416.4
2026-12-03 22:00:00,4050.7
2026-12-03 23:00:00,4086.7
2026-12-04 00:00:00,4196.0
2026-12-04 01:00:00,3809.2
2026-12-04 02:00:00,3807.1
2026-12-04 03:00:00,3560.8
2026-12-04 04:00:00,3694.7
2026-12-04 05:00:00,3531.8
2026-12-04 06:00:00,3388.2
2026-12-04 07:00:00,3715.7
2026-12-04 08:00:00,3256.7
2026-12-04 09:00:00,3532.7
2026-12-04 10:00:00,3858.0
2026-12-04 11:00:00,3740.4
2026-12-04 12:00:00,3846.2
2026-12-04 13:00:00,3957.8
2026-12-04 14:00:00,4187.6
2026-12-04 15:00:00,4363.5
2026-12-04 16:00:00,4271.0
2026-12-04 17:00:00,4533.0
2026-12-04 18:00:00,4560.4
2026-12-04 19:00:00,4562.1
2026-12-04 20:00:00,4301.6
2026-12-04 21:00:00,4404.1
2026-12-04 22:00:00,4137.5
2026-12-04 23:00:00,4120.0
2026-12-05 00:00:00,4027.7
2026-12-05 01:00:00,4085.1
2026-12-05 02:00:00,3890.9
2026-12-05 03:00:00,3740.5
2026-12-05 04:00:00,3753.1
2026-12-05 05:00:00,3413.1
2026-12-05 06:00:00,3417.8
2026-12-05 07:00:00,3531.0
2026-12-05 08:00:00,3702.6
2026-12-05 09:00:00,3729.7
2026-12-05 10:00:00,3789.6
2026-12-05 11:00:00,4065.7
2026-12-05 12:00:00,4070.2
2026-12-05 13:00:00,4156.0
2026-12-05 14:00:00,4216.3
2026-12-05 15:00:00,4474.1
2026-12-05 16:00:00,4328.2
2026-12-05 17:00:00,4572.1
2026-12-05 18:00:00,4598.8
2026-12-05 19:00:00,4528.4
2026-12-05 20:00:00,4592.4
2026-12-05 21:00:00,4582.8
2026-12-05 22:00:00,4154.7
2026-12-05 23:00:00,4221.1
2026-12-06 00:00:00,3926.4
2026-12-06 01:00:00,3932.2
2026-12-06 02:00:00,3722.8
2026-12-06 03:00:00,3597.9
2026-12-06 04:00:00,3550.6
2026-12-06 05:00:00,3605.7
2026-12-06 06:00:00,3536.8
2026-12-06 07:00:00,3517.9
2026-12-06 08:00:00,3731.3
2026-12-06 09:00:00,3804.6
2026-12-06 10:00:00,3789.0
2026-12-06 11:00:00,3710.5
2026-12-06 12:00:00,3728.9
2026-12-06 13:00:00,4109.5
2026-12-06 14:00:00,4347.2
2026-12-06 15:00:00,4241.9
2026-12-06 16:00:00,4600.9
2026-12-06 17:00:00,4394.7
2026-12-06 18:00:00,4686.3
2026-12-06 19:00:00,4658.9
2026-12-06 20:00:00,4553.7
2026-12-06 21:00:00,4281.8
2026-12-06 22:00:00,4465.2
2026-12-06 23:00:00,4133.3
2026-12-07 00:00:00,4004.5
2026-12-07 01:00:00,3896.4
2026-12-07 02:00:00,3604.3
2026-12-07 03:00:00,3758.3
2026-12-07 04:00:00,3738.3
2026-12-07 05:00:00,3651.1
2026-12-07 06:00:00,3489.3
2026-12-07 07:00:00,3461.5
2026-12-07 08:00:00,3526.7
2026-12-07 09:00:00,3853.3
2026-12-07 10:00:00,3904.9
2026-12-07 11:00:00,3874.1
2026-12-07 12:00:00,3961.0
2026-12-07 13:00:00,4004.3
2026-12-07 14:00:00,4237.9
2026-12-07 15:00:00,4313.8
2026-12-07 16:00:00,4621.3
2026-12-07 17:00:00,4312.3
2026-12-07 18:00:00,4524.2
2026-12-07 19:00:00,4700.8
2026-12-07 20:00:00,4464.0
2026-12-07 21:00:00,4341.5
2026-12-07 22:00:00,4068.4
2026-12-07 23:00:00,4272.7
2026-12-08 00:00:00,4010.1
2026-12-08 01:00:00,3809.7
2026-12-08 02:00:00,3882.8
2026-12-08 03:00:00,3665.6
2026-12-08 04:00:00,3421.7
2026-12-08 05:00:00,3597.2
2026-12-08 06:00:00,3644.5
2026-12-08 07:00:00,3468.0
2026-12-08 08:00:00,3816.7
2026-12-08 09:00:00,3543.9
2026-12-08 10:00:00,4027.8
2026-12-08 11:00:00,3856.4
2026-12-08 12:00:00,4286.8
2026-12-08 13:00:00,4183.4
2026-12-08 14:00:00,4261.2
2026-12-08 15:00:00,4273.8
2026-12-08 16:00:00,4410.0
2026-12-08 17:00:00,4341.0
2026-12-08 18:00:00,4450.9
2026-12-08 19:00:00,4666.2
2026-12-08 20:00:00,4373.1
2026-12-08 21:00:00,4541.3
2026-12-08 22:00:00,4264.4
2026-12-08 23:00:00,4179.0
2026-12-09 00:00:00,4047.8
2026-12-09 01:00:00,3814.0
2026-12-09 02:00:00,3907.8
2026-12-09 03:00:00,3628.1
2026-12-09 04:00:00,3518.6
2026-12-09 05:00:00,3714.9
2026-12-09 06:00:00,3475.2
2026-12-09 07:00:00,3412.5
2026-12-09 08:00:00,3540.4
2026-12-09 09:00:00,3763.0
2026-12-09 10:00:00,3736.2
2026-12-09 11:00:00,3939.8
2026-12-09 12:00:00,4117.3
2026-12-09 13:00:00,4283.0
2026-12-09 14:00:00,4474.5
2026-12-09 15:00:00,4535.7
2026-12-09 16:00:00,4510.4
2026-12-09 17:00:00,4435.4
2026-12-09 18:00:00,4526.2
2026-12-09 19:00:00,4382.1
2026-12-09 20:00:00,4405.9
2026-12-09 21:00:00,4492.2
2026-12-09 22:00:00,4312.8
2026-12-09 23:00:00,4105.1
2026-12-10 00:00:00,4064.6
2026-12-10 01:00:00,3797.7
2026-12-10 02:00:00,3907.1
2026-12-10 03:00:00,3678.5
2026-12-10 04:00:00,3829.2
2026-12-10 05:00:00,3424.6
2026-12-10 06:00:00,3436.2
2026-12-10 07:00:00,3498.7
2026-12-10 08:00:00,3630.0
2026-12-10 09:00:00,3689.7
2026-12-10 10:00:00,3779.8
2026-12-10 11:00:00,4046.8
2026-12-10 12:00:00,4113.7
2026-12-10 13:00:00,4010.7
2026-12-10 14:00:00,4290.3
2026-12-10 15:00:00,4211.5
2026-12-10 16:00:00,4682.4
2026-12-10 17:00:00,4439.3
2026-12-10 18:00:00,4601.3
2026-12-10 19:00:00,4479.3
2026-12-10 20:00:00,4422.7
2026-12-10 21:00:00,4194.3
2026-12-10 22:00:00,4256.7
2026-12-10 23:00:00,4149.1
2026-12-11 00:00:00,4086.3
2026-12-11 01:00:00,4062.3
2026-12-11 02:00:00,3973.8
2026-12-11 03:00:00,4000.5
2026-12-11 04:00:00,3390.2
2026-12-11 05:00:00,3820.5
2026-12-11 06:00:00,3606.1
2026-12-11 07:00:00,3637.5
2026-12-11 08:00:00,3588.0
2026-12-11 09:00:00,3697.1
2026-12-11 10:00:00,3877.3
2026-12-11 11:00:00,3974.8
2026-12-11 12:00:00,3942.8
2026-12-11 13:00:00,4087.0
2026-12-11 14:00:00,4193.3
2026-12-11 15:00:00,4334.0
2026-12-11 16:00:00,4335.8
2026-12-11 17:00:00,4425.3
2026-12-11 18:00:00,4684.7
2026-12-11 19:00:00,4623.6
2026-12-11 20:00:00,4436.7
2026-12-11 21:00:00,4308.6
2026-12-11 22:00:00,4120.8
2026-12-11 23:00:00,4162.4
2026-12-12 00:00:00,3819.8
2026-12-12 01:00:00,3992.5
2026-12-12 02:00:00,3803.0
2026-12-12 03:00:00,3591.9
2026-12-12 04:00:00,3438.0
2026-12-12 05:00:00,3466.6
2026-12-12 06:00:00,3670.6
2026-12-12 07:00:00,3653.6
2026-12-12 08:00:00,3633.0
2026-12-12 09:00:00,3737.1
2026-12-12 10:00:00,3835.2
2026-12-12 11:00:00,4003.2
2026-12-12 12:00:00,3888.7
2026-12-12 13:00:00,4196.6
2026-12-12 14:00:00,4271.2
2026-12-12 15:00:00,4455.3
2026-12-12 16:00:00,4420.8
2026-12-12 17:00:00,4504.2
2026-12-12 18:00:00,4580.2
2026-12-12 19:00:00,4621.7
2026-12-12 20:00:00,4394.3
2026-12-12 21:00:00,4466.8
2026-12-12 22:00:00,4282.4
2026-12-12 23:00:00,4079.1
2026-12-13 00:00:00,4079.8
2026-12-13 01:00:00,3846.1
2026-12-13 02:00:00,3679.0
2026-12-13 03:00:00,3897.9
2026-12-13 04:00:00,3669.2
2026-12-13 05:00:00,3458.3
2026-12-13 06:00:00,3654.8
2026-12-13 07:00:00,3607.7
2026-12-13 08:00:00,3673.1
2026-12-13 09:00:00,3721.2
2026-12-13 10:00:00,3662.0
2026-12-13 11:00:00,3754.3
2026-12-13 12:00:00,4054.5
2026-12-13 13:00:00,4015.1
2026-12-13 14:00:00,4250.8
2026-12-13 15:00:00,4199.5
2026-12-13 16:00:00,4430.1
2026-12-13 17:00:00,4546.3
2026-12-13 18:00:00,4525.0
2026-12-13 19:00:00,4597.5
2026-12-13 20:00:00,4497.9
2026-12-13 21:00:00,4471.3
2026-12-13 22:00:00,4344.6
2026-12-13 23:00:00,4260.0
2026-12-14 00:00:00,4008.2
2026-12-14 01:00:00,4018.8
2026-12-14 02:00:00,3808.6
2026-12-14 03:00:00,3731.6
2026-12-14 04:00:00,3626.1
2026-12-14 05:00:00,3535.4
2026-12-14 06:00:00,3616.8
2026-12-14 07:00:00,3388.7
2026-12-14 08:00:00,3495.9
2026-12-14 09:00:00,3505.7
2026-12-14 10:00:00,3884.6
2026-12-14 11:00:00,3878.6
2026-12-14 12:00:00,4112.2
2026-12-14 13:00:00,4406.6
2026-12-14 14:00:00,4395.3
2026-12-14 15:00:00,4157.6
2026-12-14 16:00:00,4367.7
2026-12-14 17:00:00,4666.1
2026-12-14 18:00:00,4551.7
2026-12-14 19:00:00,4666.9
2026-12-14 20:00:00,4724.1
2026-12-14 21:00:00,4323.8
2026-12-14 22:00:00,4595.2
2026-12-14 23:00:00,4176.4
2026-12-15 00:00:00,4056.1
2026-12-15 01:00:00,4030.5
2026-12-15 02:00:00,4244.1
2026-12-15 03:00:00,3712.2
2026-12-15 04:00:00,3837.4
2026-12-15 05:00:00,3707.2
2026-12-15 06:00:00,3581.7
2026-12-15 07:00:00,3640.1
2026-12-15 08:00:00,3529.6
2026-12-15 09:00:00,3676.8
2026-12-15 10:00:00,3654.6
2026-12-15 11:00:00,4035.9
2026-12-15 12:00:00,3937.4
2026-12-15 13:00:00,4189.8
2026-12-15 14:00:00,4126.8
2026-12-15 15:00:00,4312.9
2026-12-15 16:00:00,4296.7
2026-12-15 17:00:00,4545.4
2026-12-15 18:00:00,4469.5
2026-12-15 19:00:00,4525.7
2026-12-15 20:00:00,4644.0
2026-12-15 21:00:00,4584.0
2026-12-15 22:00:00,4114.0
2026-12-15 23:00:00,4016.1
2026-12-16 00:00:00,4136.8
2026-12-16 01:00:00,3970.8
2026-12-16 02:00:00,3874.1
2026-12-16 03:00:00,3784.2
2026-12-16 04:00:00,3767.0
2026-12-16 05:00:00,3634.9
2026-12-16 06:00:00,3623.6
2026-12-16 07:00:00,3582.2
2026-12-16 08:00:00,3508.5
2026-12-16 09:00:00,3738.8
2026-12-16 10:00:00,3889.3
2026-12-16 11:00:00,3797.2
2026-12-16 12:00:00,4291.5
2026-12-16 13:00:00,4323.1
2026-12-16 14:00:00,4103.3
2026-12-16 15:00:00,4461.1
2026-12-16 16:00:00,4452.2
2026-12-16 17:00:00,4743.3
2026-12-16 18:00:00,4696.1
2026-12-16 19:00:00,4671.8
2026-12-16 20:00:00,4529.9
2026-12-16 21:00:00,4508.0
2026-12-16 22:00:00,4445.2
2026-12-16 23:00:00,4038.7
2026-12-17 00:00:00,4086.0
2026-12-17 01:00:00,3929.9
2026-12-17 02:00:00,3827.6
2026-12-17 03:00:00,3831.5
2026-12-17 04:00:00,3584.6
2026-12-17 05:00:00,3430.9
2026-12-17 06:00:00,3419.4
2026-12-17 07:00:00,3678.3
2026-12-17 08:00:00,3489.1
2026-12-17 09:00:00,3657.9
2026-12-17 10:00:00,3876.6
2026-12-17 11:00:00,3836.6
2026-12-17 12:00:00,3840.4
2026-12-17 13:00:00,4187.2
2026-12-17 14:00:00,4342.2
2026-12-17 15:00:00,4264.5
2026-12-17 16:00:00,4570.1
2026-12-17 17:00:00,4412.9
2026-12-17 18:00:00,4350.6
2026-12-17 19:00:00,4634.4
2026-12-17 20:00:00,4529.3
2026-12-17 21:00:00,4440.9
2026-12-17 22:00:00,4142.0
2026-12-17 23:00:00,3955.9
2026-12-18 00:00:00,4038.2
2026-12-18 01:00:00,3871.8
2026-12-18 02:00:00,3713.9
2026-12-18 03:00:00,3709.6
2026-12-18 04:00:00,3728.9
2026-12-18 05:00:00,3456.8
2026-12-18 06:00:00,3574.4
2026-12-18 07:00:00,3563.7
2026-12-18 08:00:00,3898.0
2026-12-18 09:00:00,3658.8
2026-12-18 10:00:00,3702.1
2026-12-18 11:00:00,3956.3
2026-12-18 12:00:00,4400.8
2026-12-18 13:00:00,4076.7
2026-12-18 14:00:00,4226.5
2026-12-18 15:00:00,4405.9
2026-12-18 16:00:00,4368.2
2026-12-18 17:00:00,4648.5
2026-12-18 18:00:00,4460.3
2026-12-18 19:00:00,4575.9
2026-12-18 20:00:00,4481.2
2026-12-18 21:00:00,4542.4
2026-12-18 22:00:00,4479.2
2026-12-18 23:00:00,4249.9
2026-12-19 00:00:00,3981.5
2026-12-19 01:00:00,3974.0
2026-12-19 02:00:00,3769.9
2026-12-19 03:00:00,3751.5
2026-12-19 04:00:00,3596.9
2026-12-19 05:00:00,3582.9
2026-12-19 06:00:00,3511.8
2026-12-19 07:00:00,3616.8
2026-12-19 08:00:00,3886.1
2026-12-19 09:00:00,3917.5
2026-12-19 10:00:00,3802.4
2026-12-19 11:00:00,3985.1
2026-12-19 12:00:00,3885.1
2026-12-19 13:00:00,4299.8
2026-12-19 14:00:00,4446.8
2026-12-19 15:00:00,4249.8
2026-12-19 16:00:00,4361.0
2026-12-19 17:00:00,4395.3
2026-12-19 18:00:00,4561.6
2026-12-19 19:00:00,4454.6
2026-12-19 20:00:00,4585.0
2026-12-19 21:00:00,4479.0
2026-12-19 22:00:00,4158.5
2026-12-19 23:00:00,4097.4
2026-12-20 00:00:00,4038.5
2026-12-20 01:00:00,3913.5
2026-12-20 02:00:00,3939.2
2026-12-20 03:00:00,3797.4
2026-12-20 04:00:00,3860.2
2026-12-20 05:00:00,3335.9
2026-12-20 06:00:00,3904.7
2026-12-20 07:00:00,3677.2
2026-12-20 08:00:00,3624.0
2026-12-20 09:00:00,3612.2
2026-12-20 10:00:00,3923.0
2026-12-20 11:00:00,4129.0
2026-12-20 12:00:00,4171.7
2026-12-20 13:00:00,4338.7
2026-12-20 14:00:00,4337.3
2026-12-20 15:00:00,4391.2
2026-12-20 16:00:00,4421.2
2026-12-20 17:00:00,4345.5
2026-12-20 18:00:00,4563.3
2026-12-20 19:00:00,4701.7
2026-12-20 20:00:00,4759.2
2026-12-20 21:00:00,4442.7
2026-12-20 22:00:00,4147.4
2026-12-20 23:00:00,4178.6
2026-12-21 00:00:00,4139.0
2026-12-21 01:00:00,4155.6
2026-12-21 02:00:00,3861.6
2026-12-21 03:00:00,3888.6
2026-12-21 04:00:00,3737.9
2026-12-21 05:00:00,3661.3
2026-12-21 06:00:00,3632.4
2026-12-21 07:00:00,3643.4
2026-12-21 08:00:00,3626.5
2026-12-21 09:00:00,3734.4
2026-12-21 10:00:00,3780.0
2026-12-21 11:00:00,4051.7
2026-12-21 12:00:00,3916.1
2026-12-21 13:00:00,4117.8
2026-12-21 14:00:00,4446.6
2026-12-21 15:00:00,4331.9
2026-12-21 16:00:00,4572.8
2026-12-21 17:00:00,4525.3
2026-12-21 18:00:00,4426.4
2026-12-21 19:00:00,4574.6
2026-12-21 20:00:00,4681.0
2026-12-21 21:00:00,4411.9
2026-12-21 22:00:00,4433.1
2026-12-21 23:00:00,4323.7
2026-12-22 00:00:00,3923.8
2026-12-22 01:00:00,4060.2
2026-12-22 02:00:00,3774.3
2026-12-22 03:00:00,3856.8
2026-12-22 04:00:00,3619.5
2026-12-22 05:00:00,3689.8
2026-12-22 06:00:00,3966.9
2026-12-22 07:00:00,3545.8
2026-12-22 08:00:00,3521.3
2026-12-22 09:00:00,3753.8
2026-12-22 10:00:00,3932.3
2026-12-22 11:00:00,4154.9
2026-12-22 12:00:00,4269.6
2026-12-22 13:00:00,4192.4
2026-12-22 14:00:00,4294.9
2026-12-22 15:00:00,4292.0
2026-12-22 16:00:00,4427.1
2026-12-22 17:00:00,4571.4
2026-12-22 18:00:00,4724.5
2026-12-22 19:00:00,4755.8
2026-12-22 20:00:00,4415.3
2026-12-22 21:00:00,4369.3
2026-12-22 22:00:00,4359.3
2026-12-22 23:00:00,4269.9
2026-12-23 00:00:00,4157.8
2026-12-23 01:00:00,3790.2
2026-12-23 02:00:00,3700.4
2026-12-23 03:00:00,3846.7
2026-12-23 04:00:00,3801.1
2026-12-23 05:00:00,3531.8
2026-12-23 06:00:00,3602.3
2026-12-23 07:00:00,3707.4
2026-12-23 08:00:00,3699.2
2026-12-23 09:00:00,3622.0
2026-12-23 10:00:00,3872.2
2026-12-23 11:00:00,3829.5
2026-12-23 12:00:00,4150.4
2026-12-23 13:00:00,4184.0
2026-12-23 14:00:00,4253.2
2026-12-23 15:00:00,4451.2
2026-12-23 16:00:00,4440.6
2026-12-23 17:00:00,4437.5
2026-12-23 18:00:00,4662.6
2026-12-23 19:00:00,4492.0
2026-12-23 20:00:00,4680.9
2026-12-23 21:00:00,4579.0
2026-12-23 22:00:00,4442.4
2026-12-23 23:00:00,4057.3
2026-12-24 00:00:00,4163.9
2026-12-24 01:00:00,3856.2
2026-12-24 02:00:00,3963.5
2026-12-24 03:00:00,3615.7
2026-12-24 04:00:00,3627.1
2026-12-24 05:00:00,3691.3
2026-12-24 06:00:00,3530.7
2026-12-24 07:00:00,3561.5
2026-12-24 08:00:00,3675.0
2026-12-24 09:00:00,3719.1
2026-12-24 10:00:00,3872.2
2026-12-24 11:00:00,3989.5
2026-12-24 12:00:00,3940.4
2026-12-24 13:00:00,4508.7
2026-12-24 14:00:00,4481.4
2026-12-24 15:00:00,4508.5
2026-12-24 16:00:00,4443.1
2026-12-24 17:00:00,4694.3
2026-12-24 18:00:00,4539.0
2026-12-24 19:00:00,4586.5
2026-12-24 20:00:00,4502.7
2026-12-24 21:00:00,4473.2
2026-12-24 22:00:00,4550.6
2026-12-24 23:00:00,4176.7
2026-12-25 00:00:00,4255.8
2026-12-25 01:00:00,4024.3
2026-12-25 02:00:00,3744.4
2026-12-25 03:00:00,4018.6
2026-12-25 04:00:00,3753.4
2026-12-25 05:00:00,3439.0
2026-12-25 06:00:00,3556.4
2026-12-25 07:00:00,3509.7
2026-12-25 08:00:00,3563.8
2026-12-25 09:00:00,3645.9
2026-12-25 10:00:00,3852.5
2026-12-25 11:00:00,3987.2
2026-12-25 12:00:00,4183.6
2026-12-25 13:00:00,4232.7
2026-12-25 14:00:00,4352.9
2026-12-25 15:00:00,4626.2
2026-12-25 16:00:00,4451.2
2026-12-25 17:00:00,4639.4
2026-12-25 18:00:00,4720.6
2026-12-25 19:00:00,4705.6
2026-12-25 20:00:00,4440.7
2026-12-25 21:00:00,4401.7
2026-12-25 22:00:00,4338.8
2026-12-25 23:00:00,4309.8
2026-12-26 00:00:00,4227.3
2026-12-26 01:00:00,3953.0
2026-12-26 02:00:00,4022.8
2026-12-26 03:00:00,3817.8
2026-12-26 04:00:00,3581.2
2026-12-26 05:00:00,3724.7
2026-12-26 06:00:00,3391.7
2026-12-26 07:00:00,3599.9
2026-12-26 08:00:00,3432.8
2026-12-26 09:00:00,3760.0
2026-12-26 10:00:00,3974.8
2026-12-26 11:00:00,4054.3
2026-12-26 12:00:00,3825.3
2026-12-26 13:00:00,4264.6
2026-12-26 14:00:00,4425.8
2026-12-26 15:00:00,4549.5
2026-12-26 16:00:00,4610.8
2026-12-26 17:00:00,4678.3
2026-12-26 18:00:00,4433.4
2026-12-26 19:00:00,4575.4
2026-12-26 20:00:00,4457.6
2026-12-26 21:00:00,4445.1
2026-12-26 22:00:00,4379.2
2026-12-26 23:00:00,4128.5
2026-12-27 00:00:00,4040.7
2026-12-27 01:00:00,4038.1
2026-12-27 02:00:00,3784.0
2026-12-27 03:00:00,3695.0
2026-12-27 04:00:00,3675.2
2026-12-27 05:00:00,3770.8
2026-12-27 06:00:00,3560.0
2026-12-27 07:00:00,3431.2
2026-12-27 08:00:00,3555.3
2026-12-27 09:00:00,3762.5
2026-12-27 10:00:00,3648.2
2026-12-27 11:00:00,3870.1
2026-12-27 12:00:00,3997.4
2026-12-27 13:00:00,4459.6
2026-12-27 14:00:00,4442.7
2026-12-27 15:00:00,4357.6
2026-12-27 16:00:00,4422.4
2026-12-27 17:00:00,4434.5
2026-12-27 18:00:00,4608.8
2026-12-27 19:00:00,4574.5
2026-12-27 20:00:00,4361.4
2026-12-27 21:00:00,4492.8
2026-12-27 22:00:00,4477.5
2026-12-27 23:00:00,4289.6
2026-12-28 00:00:00,4101.3
2026-12-28 01:00:00,4134.2
2026-12-28 02:00:00,3887.7
2026-12-28 03:00:00,3777.3
2026-12-28 04:00:00,3755.2
2026-12-28 05:00:00,3448.9
2026-12-28 06:00:00,3780.2
2026-12-28 07:00:00,3636.6
2026-12-28 08:00:00,3658.0
2026-12-28 09:00:00,3829.9
2026-12-28 10:00:00,3723.1
2026-12-28 11:00:00,3869.6
2026-12-28 12:00:00,4149.1
2026-12-28 13:00:00,4290.3
2026-12-28 14:00:00,4191.5
2026-12-28 15:00:00,4433.2
2026-12-28 16:00:00,4425.2
2026-12-28 17:00:00,4533.9
2026-12-28 18:00:00,4477.1
2026-12-28 19:00:00,4673.3
2026-12-28 20:00:00,4556.6
2026-12-28 21:00:00,4331.0
2026-12-28 22:00:00,4398.3
2026-12-28 23:00:00,4227.4
2026-12-29 00:00:00,4092.7
2026-12-29 01:00:00,3799.1
2026-12-29 02:00:00,3714.2
2026-12-29 03:00:00,3713.3
2026-12-29 04:00:00,3555.5
2026-12-29 05:00:00,3560.3
2026-12-29 06:00:00,3661.5
2026-12-29 07:00:00,3699.2
2026-12-29 08:00:00,3647.7
2026-12-29 09:00:00,3699.8
2026-12-29 10:00:00,3631.1
2026-12-29 11:00:00,3957.3
2026-12-29 12:00:00,4040.2
2026-12-29 13:00:00,4178.2
2026-12-29 14:00:00,4418.0
2026-12-29 15:00:00,4294.0
2026-12-29 16:00:00,4610.8
2026-12-29 17:00:00,4457.9
2026-12-29 18:00:00,4424.5
2026-12-29 19:00:00,4470.6
2026-12-29 20:00:00,4398.2
2026-12-29 21:00:00,4436.7
2026-12-29 22:00:00,4560.2
2026-12-29 23:00:00,4423.2
2026-12-30 00:00:00,4059.4
2026-12-30 01:00:00,3943.2
2026-12-30 02:00:00,3999.0
2026-12-30 03:00:00,3859.6
2026-12-30 04:00:00,3564.4
2026-12-30 05:00:00,3677.2
2026-12-30 06:00:00,3634.2
2026-12-30 07:00:00,3747.0
2026-12-30 08:00:00,3971.8
2026-12-30 09:00:00,3728.6
2026-12-30 10:00:00,3935.3
2026-12-30 11:00:00,3977.7
2026-12-30 12:00:00,4122.0
2026-12-30 13:00:00,4130.7
2026-12-30 14:00:00,4311.6
2026-12-30 15:00:00,4512.7
2026-12-30 16:00:00,4432.0
2026-12-30 17:00:00,4627.2
2026-12-30 18:00:00,4633.3
2026-12-30 19:00:00,4558.6
2026-12-30 20:00:00,4775.8
2026-12-30 21:00:00,4569.0
2026-12-30 22:00:00,4443.5
2026-12-30 23:00:00,4358.3
2026-12-31 00:00:00,4115.1
2026-12-31 01:00:00,3926.0
2026-12-31 02:00:00,3919.8
2026-12-31 03:00:00,3785.1
2026-12-31 04:00:00,3758.3
2026-12-31 05:00:00,3640.1
2026-12-31 06:00:00,3574.8
2026-12-31 07:00:00,3563.0
2026-12-31 08:00:00,3528.5
2026-12-31 09:00:00,3608.0
2026-12-31 10:00:00,3997.2
2026-12-31 11:00:00,3976.2
2026-12-31 12:00:00,4132.3
2026-12-31 13:00:00,4145.5
2026-12-31 14:00:00,4279.1
2026-12-31 15:00:00,4510.9
2026-12-31 16:00:00,4553.6
2026-12-31 17:00:00,4756.1
2026-12-31 18:00:00,4331.0
2026-12-31 19:00:00,4597.6
2026-12-31 20:00:00,4570.5
2026-12-31 21:00:00,4390.2
2026-12-31 22:00:00,4422.6
2026-12-31 23:00:00,4182.8
