datetime,wind_mw,solar_mw
2026-01-01 00:00:00,454.6,0.0
2026-01-01 01:00:00,675.9,0.0
2026-01-01 02:00:00,703.3,0.0
2026-01-01 03:00:00,386.5,0.0
2026-01-01 04:00:00,228.0,0.0
2026-01-01 05:00:00,394.2,0.0
2026-01-01 06:00:00,479.3,0.0
2026-01-01 07:00:00,621.2,108.7
2026-01-01 08:00:00,570.8,210.0
2026-01-01 09:00:00,423.5,297.0
2026-01-01 10:00:00,197.6,363.7
2026-01-01 11:00:00,458.8,405.7
2026-01-01 12:00:00,317.2,420.0
2026-01-01 13:00:00,207.3,405.7
2026-01-01 14:00:00,189.3,363.7
2026-01-01 15:00:00,183.0,297.0
2026-01-01 16:00:00,554.7,210.0
2026-01-01 17:00:00,540.3,108.7
2026-01-01 18:00:00,98.1,0.0
2026-01-01 19:00:00,373.8,0.0
2026-01-01 20:00:00,797.0,0.0
2026-01-01 21:00:00,369.2,0.0
2026-01-01 22:00:00,441.6,0.0
2026-01-01 23:00:00,218.2,0.0
2026-01-02 00:00:00,360.7,0.0
2026-01-02 01:00:00,665.0,0.0
2026-01-02 02:00:00,490.9,0.0
2026-01-02 03:00:00,444.8,0.0
2026-01-02 04:00:00,287.0,0.0
2026-01-02 05:00:00,777.4,0.0
2026-01-02 06:00:00,266.9,0.0
2026-01-02 07:00:00,445.9,108.7
2026-01-02 08:00:00,641.6,210.0
2026-01-02 09:00:00,177.6,297.0
2026-01-02 10:00:00,410.0,363.7
2026-01-02 11:00:00,517.7,405.7
2026-01-02 12:00:00,760.4,420.0
2026-01-02 13:00:00,219.9,405.7
2026-01-02 14:00:00,269.1,363.7
2026-01-02 15:00:00,561.7,297.0
2026-01-02 16:00:00,398.7,210.0
2026-01-02 17:00:00,249.4,108.7
2026-01-02 18:00:00,217.6,0.0
2026-01-02 19:00:00,333.8,0.0
2026-01-02 20:00:00,246.1,0.0
2026-01-02 21:00:00,249.1,0.0
2026-01-02 22:00:00,238.3,0.0
2026-01-02 23:00:00,398.7,0.0
2026-01-03 00:00:00,413.2,0.0
2026-01-03 01:00:00,422.0,0.0
2026-01-03 02:00:00,247.7,0.0
2026-01-03 03:00:00,313.0,0.0
2026-01-03 04:00:00,408.4,0.0
2026-01-03 05:00:00,118.8,0.0
2026-01-03 06:00:00,400.2,0.0
2026-01-03 07:00:00,539.6,108.7
2026-01-03 08:00:00,37.1,210.0
2026-01-03 09:00:00,331.1,297.0
2026-01-03 10:00:00,335.9,363.7
2026-01-03 11:00:00,394.3,405.7
2026-01-03 12:00:00,240.0,420.0
2026-01-03 13:00:00,234.2,405.7
2026-01-03 14:00:00,404.2,363.7
2026-01-03 15:00:00,593.6,297.0
2026-01-03 16:00:00,187.8,210.0
2026-01-03 17:00:00,545.5,108.7
2026-01-03 18:00:00,547.9,0.0
2026-01-03 19:00:00,200.4,0.0
2026-01-03 20:00:00,509.8,0.0
2026-01-03 21:00:00,642.2,0.0
2026-01-03 22:00:00,475.3,0.0
2026-01-03 23:00:00,315.6,0.0
2026-01-04 00:00:00,294.7,0.0
2026-01-04 01:00:00,330.8,0.0
2026-01-04 02:00:00,327.3,0.0
2026-01-04 03:00:00,173.8,0.0
2026-01-04 04:00:00,389.7,0.0
2026-01-04 05:00:00,927.7,0.0
2026-01-04 06:00:00,333.7,0.0
2026-01-04 07:00:00,81.3,108.7
2026-01-04 08:00:00,563.7,210.0
2026-01-04 09:00:00,202.5,297.0
2026-01-04 10:00:00,169.2,363.7
2026-01-04 11:00:00,319.4,405.7
2026-01-04 12:00:00,236.6,420.0
2026-01-04 13:00:00,950.7,405.7
2026-01-04 14:00:00,181.5,363.7
2026-01-04 15:00:00,359.4,297.0
2026-01-04 16:00:00,583.0,210.0
2026-01-04 17:00:00,349.5,108.7
2026-01-04 18:00:00,173.5,0.0
2026-01-04 19:00:00,319.8,0.0
2026-01-04 20:00:00,821.9,0.0
2026-01-04 21:00:00,331.4,0.0
2026-01-04 22:00:00,235.6,0.0
2026-01-04 23:00:00,94.9,0.0
2026-01-05 00:00:00,421.8,0.0
2026-01-05 01:00:00,287.2,0.0
2026-01-05 02:00:00,495.5,0.0
2026-01-05 03:00:00,595.4,0.0
2026-01-05 04:00:00,596.3,0.0
2026-01-05 05:00:00,187.2,0.0
2026-01-05 06:00:00,291.1,0.0
2026-01-05 07:00:00,650.2,108.7
2026-01-05 08:00:00,427.9,210.0
2026-01-05 09:00:00,887.8,297.0
2026-01-05 10:00:00,252.5,363.7
2026-01-05 11:00:00,389.3,405.7
2026-01-05 12:00:00,434.5,420.0
2026-01-05 13:00:00,687.7,405.7
2026-01-05 14:00:00,690.9,363.7
2026-01-05 15:00:00,612.6,297.0
2026-01-05 16:00:00,243.6,210.0
2026-01-05 17:00:00,592.0,108.7
2026-01-05 18:00:00,229.3,0.0
2026-01-05 19:00:00,79.7,0.0
2026-01-05 20:00:00,430.2,0.0
2026-01-05 21:00:00,385.9,0.0
2026-01-05 22:00:00,188.4,0.0
2026-01-05 23:00:00,925.7,0.0
2026-01-06 00:00:00,363.7,0.0
2026-01-06 01:00:00,368.7,0.0
2026-01-06 02:00:00,617.0,0.0
2026-01-06 03:00:00,343.8,0.0
2026-01-06 04:00:00,582.5,0.0
2026-01-06 05:00:00,164.3,0.0
2026-01-06 06:00:00,581.3,0.0
2026-01-06 07:00:00,470.8,108.7
2026-01-06 08:00:00,655.7,210.0
2026-01-06 09:00:00,1055.4,297.0
2026-01-06 10:00:00,483.1,363.7
2026-01-06 11:00:00,627.4,405.7
2026-01-06 12:00:00,779.6,420.0
2026-01-06 13:00:00,402.3,405.7
2026-01-06 14:00:00,225.9,363.7
2026-01-06 15:00:00,279.6,297.0
2026-01-06 16:00:00,389.2,210.0
2026-01-06 17:00:00,504.3,108.7
2026-01-06 18:00:00,79.3,0.0
2026-01-06 19:00:00,410.5,0.0
2026-01-06 20:00:00,203.1,0.0
2026-01-06 21:00:00,490.3,0.0
2026-01-06 22:00:00,313.8,0.0
2026-01-06 23:00:00,399.0,0.0
2026-01-07 00:00:00,565.5,0.0
2026-01-07 01:00:00,432.0,0.0
2026-01-07 02:00:00,316.9,0.0
2026-01-07 03:00:00,241.7,0.0
2026-01-07 04:00:00,610.3,0.0
2026-01-07 05:00:00,368.8,0.0
2026-01-07 06:00:00,142.7,0.0
2026-01-07 07:00:00,430.8,108.7
2026-01-07 08:00:00,192.4,210.0
2026-01-07 09:00:00,263.4,297.0
2026-01-07 10:00:00,358.6,363.7
2026-01-07 11:00:00,655.8,405.7
2026-01-07 12:00:00,302.1,420.0
2026-01-07 13:00:00,574.3,405.7
2026-01-07 14:00:00,408.4,363.7
2026-01-07 15:00:00,560.1,297.0
2026-01-07 16:00:00,454.8,210.0
2026-01-07 17:00:00,401.4,108.7
2026-01-07 18:00:00,302.7,0.0
2026-01-07 19:00:00,477.3,0.0
2026-01-07 20:00:00,385.1,0.0
2026-01-07 21:00:00,311.0,0.0
2026-01-07 22:00:00,864.3,0.0
2026-01-07 23:00:00,798.7,0.0
2026-01-08 00:00:00,421.2,0.0
2026-01-08 01:00:00,338.6,0.0
2026-01-08 02:00:00,454.2,0.0
2026-01-08 03:00:00,167.9,0.0
2026-01-08 04:00:00,293.5,0.0
2026-01-08 05:00:00,331.1,0.0
2026-01-08 06:00:00,594.1,0.0
2026-01-08 07:00:00,838.5,108.7
2026-01-08 08:00:00,756.8,210.0
2026-01-08 09:00:00,270.1,297.0
2026-01-08 10:00:00,1027.5,363.7
2026-01-08 11:00:00,194.4,405.7
2026-01-08 12:00:00,165.1,420.0
2026-01-08 13:00:00,155.2,405.7
2026-01-08 14:00:00,243.6,363.7
2026-01-08 15:00:00,704.3,297.0
2026-01-08 16:00:00,202.8,210.0
2026-01-08 17:00:00,547.2,108.7
2026-01-08 18:00:00,331.8,0.0
2026-01-08 19:00:00,338.9,0.0
2026-01-08 20:00:00,877.5,0.0
2026-01-08 21:00:00,861.3,0.0
2026-01-08 22:00:00,182.1,0.0
2026-01-08 23:00:00,243.7,0.0
2026-01-09 00:00:00,797.8,0.0
2026-01-09 01:00:00,514.9,0.0
2026-01-09 02:00:00,305.0,0.0
2026-01-09 03:00:00,829.5,0.0
2026-01-09 04:00:00,859.8,0.0
2026-01-09 05:00:00,166.4,0.0
2026-01-09 06:00:00,637.8,0.0
2026-01-09 07:00:00,368.5,108.7
2026-01-09 08:00:00,439.7,210.0
2026-01-09 09:00:00,556.9,297.0
2026-01-09 10:00:00,640.8,363.7
2026-01-09 11:00:00,471.5,405.7
2026-01-09 12:00:00,501.0,420.0
2026-01-09 13:00:00,228.4,405.7
2026-01-09 14:00:00,312.5,363.7
2026-01-09 15:00:00,100.2,297.0
2026-01-09 16:00:00,143.7,210.0
2026-01-09 17:00:00,223.8,108.7
2026-01-09 18:00:00,371.5,0.0
2026-01-09 19:00:00,488.3,0.0
2026-01-09 20:00:00,175.5,0.0
2026-01-09 21:00:00,515.1,0.0
2026-01-09 22:00:00,391.7,0.0
2026-01-09 23:00:00,154.7,0.0
2026-01-10 00:00:00,534.0,0.0
2026-01-10 01:00:00,250.1,0.0
2026-01-10 02:00:00,300.3,0.0
2026-01-10 03:00:00,220.1,0.0
2026-01-10 04:00:00,749.3,0.0
2026-01-10 05:00:00,366.5,0.0
2026-01-10 06:00:00,547.7,0.0
2026-01-10 07:00:00,344.2,108.7
2026-01-10 08:00:00,311.5,210.0
2026-01-10 09:00:00,623.7,297.0
2026-01-10 10:00:00,358.4,363.7
2026-01-10 11:00:00,931.7,405.7
2026-01-10 12:00:00,301.0,420.0
2026-01-10 13:00:00,86.3,405.7
2026-01-10 14:00:00,379.0,363.7
2026-01-10 15:00:00,180.5,297.0
2026-01-10 16:00:00,704.4,210.0
2026-01-10 17:00:00,683.9,108.7
2026-01-10 18:00:00,665.2,0.0
2026-01-10 19:00:00,332.3,0.0
2026-01-10 20:00:00,121.6,0.0
2026-01-10 21:00:00,572.6,0.0
2026-01-10 22:00:00,193.7,0.0
2026-01-10 23:00:00,782.3,0.0
2026-01-11 00:00:00,910.1,0.0
2026-01-11 01:00:00,698.6,0.0
2026-01-11 02:00:00,622.8,0.0
2026-01-11 03:00:00,510.6,0.0
2026-01-11 04:00:00,582.1,0.0
2026-01-11 05:00:00,148.2,0.0
2026-01-11 06:00:00,221.5,0.0
2026-01-11 07:00:00,148.4,108.7
2026-01-11 08:00:00,541.9,210.0
2026-01-11 09:00:00,764.1,297.0
2026-01-11 10:00:00,511.0,363.7
2026-01-11 11:00:00,302.9,405.7
2026-01-11 12:00:00,368.8,420.0
2026-01-11 13:00:00,411.5,405.7
2026-01-11 14:00:00,367.8,363.7
2026-01-11 15:00:00,463.1,297.0
2026-01-11 16:00:00,625.5,210.0
2026-01-11 17:00:00,268.6,108.7
2026-01-11 18:00:00,624.4,0.0
2026-01-11 19:00:00,718.9,0.0
2026-01-11 20:00:00,173.8,0.0
2026-01-11 21:00:00,524.6,0.0
2026-01-11 22:00:00,618.9,0.0
2026-01-11 23:00:00,464.1,0.0
2026-01-12 00:00:00,703.5,0.0
2026-01-12 01:00:00,481.1,0.0
2026-01-12 02:00:00,194.2,0.0
2026-01-12 03:00:00,217.4,0.0
2026-01-12 04:00:00,263.9,0.0
2026-01-12 05:00:00,328.1,0.0
2026-01-12 06:00:00,515.0,0.0
2026-01-12 07:00:00,631.8,108.7
2026-01-12 08:00:00,223.9,210.0
2026-01-12 09:00:00,129.8,297.0
2026-01-12 10:00:00,308.2,363.7
2026-01-12 11:00:00,633.5,405.7
2026-01-12 12:00:00,101.3,420.0
2026-01-12 13:00:00,410.0,405.7
2026-01-12 14:00:00,197.1,363.7
2026-01-12 15:00:00,898.7,297.0
2026-01-12 16:00:00,557.3,210.0
2026-01-12 17:00:00,154.0,108.7
2026-01-12 18:00:00,733.8,0.0
2026-01-12 19:00:00,418.0,0.0
2026-01-12 20:00:00,418.7,0.0
2026-01-12 21:00:00,460.2,0.0
2026-01-12 22:00:00,321.3,0.0
2026-01-12 23:00:00,857.0,0.0
2026-01-13 00:00:00,781.7,0.0
2026-01-13 01:00:00,397.8,0.0
2026-01-13 02:00:00,178.0,0.0
2026-01-13 03:00:00,731.2,0.0
2026-01-13 04:00:00,898.9,0.0
2026-01-13 05:00:00,242.7,0.0
2026-01-13 06:00:00,212.0,0.0
2026-01-13 07:00:00,280.4,108.7
2026-01-13 08:00:00,382.9,210.0
2026-01-13 09:00:00,64.5,297.0
2026-01-13 10:00:00,220.4,363.7
2026-01-13 11:00:00,438.8,405.7
2026-01-13 12:00:00,541.9,420.0
2026-01-13 13:00:00,240.1,405.7
2026-01-13 14:00:00,381.7,363.7
2026-01-13 15:00:00,517.4,297.0
2026-01-13 16:00:00,208.3,210.0
2026-01-13 17:00:00,476.9,108.7
2026-01-13 18:00:00,809.0,0.0
2026-01-13 19:00:00,345.5,0.0
2026-01-13 20:00:00,363.5,0.0
2026-01-13 21:00:00,272.9,0.0
2026-01-13 22:00:00,277.6,0.0
2026-01-13 23:00:00,208.9,0.0
2026-01-14 00:00:00,446.9,0.0
2026-01-14 01:00:00,448.8,0.0
2026-01-14 02:00:00,166.1,0.0
2026-01-14 03:00:00,451.1,0.0
2026-01-14 04:00:00,112.7,0.0
2026-01-14 05:00:00,427.1,0.0
2026-01-14 06:00:00,185.5,0.0
2026-01-14 07:00:00,748.2,108.7
2026-01-14 08:00:00,340.5,210.0
2026-01-14 09:00:00,631.6,297.0
2026-01-14 10:00:00,127.1,363.7
2026-01-14 11:00:00,343.9,405.7
2026-01-14 12:00:00,435.6,420.0
2026-01-14 13:00:00,525.9,405.7
2026-01-14 14:00:00,318.2,363.7
2026-01-14 15:00:00,160.1,297.0
2026-01-14 16:00:00,964.8,210.0
2026-01-14 17:00:00,128.6,108.7
2026-01-14 18:00:00,685.5,0.0
2026-01-14 19:00:00,352.5,0.0
2026-01-14 20:00:00,742.3,0.0
2026-01-14 21:00:00,394.5,0.0
2026-01-14 22:00:00,448.6,0.0
2026-01-14 23:00:00,518.8,0.0
2026-01-15 00:00:00,506.8,0.0
2026-01-15 01:00:00,525.7,0.0
2026-01-15 02:00:00,1023.0,0.0
2026-01-15 03:00:00,416.8,0.0
2026-01-15 04:00:00,176.4,0.0
2026-01-15 05:00:00,59.5,0.0
2026-01-15 06:00:00,36.8,0.0
2026-01-15 07:00:00,498.8,108.7
2026-01-15 08:00:00,499.3,210.0
2026-01-15 09:00:00,952.0,297.0
2026-01-15 10:00:00,348.4,363.7
2026-01-15 11:00:00,399.5,405.7
2026-01-15 12:00:00,474.9,420.0
2026-01-15 13:00:00,346.9,405.7
2026-01-15 14:00:00,345.5,363.7
2026-01-15 15:00:00,816.1,297.0
2026-01-15 16:00:00,372.5,210.0
2026-01-15 17:00:00,138.2,108.7
2026-01-15 18:00:00,47.9,0.0
2026-01-15 19:00:00,196.1,0.0
2026-01-15 20:00:00,233.7,0.0
2026-01-15 21:00:00,774.2,0.0
2026-01-15 22:00:00,111.1,0.0
2026-01-15 23:00:00,188.8,0.0
2026-01-16 00:00:00,314.2,0.0
2026-01-16 01:00:00,248.5,0.0
2026-01-16 02:00:00,402.3,0.0
2026-01-16 03:00:00,697.3,0.0
2026-01-16 04:00:00,787.9,0.0
2026-01-16 05:00:00,313.9,0.0
2026-01-16 06:00:00,335.5,0.0
2026-01-16 07:00:00,475.1,108.7
2026-01-16 08:00:00,126.4,210.0
2026-01-16 09:00:00,677.7,297.0
2026-01-16 10:00:00,268.3,363.7
2026-01-16 11:00:00,618.9,405.7
2026-01-16 12:00:00,653.6,420.0
2026-01-16 13:00:00,196.7,405.7
2026-01-16 14:00:00,594.3,363.7
2026-01-16 15:00:00,133.6,297.0
2026-01-16 16:00:00,279.6,210.0
2026-01-16 17:00:00,630.6,108.7
2026-01-16 18:00:00,253.5,0.0
2026-01-16 19:00:00,532.7,0.0
2026-01-16 20:00:00,452.6,0.0
2026-01-16 21:00:00,396.3,0.0
2026-01-16 22:00:00,139.9,0.0
2026-01-16 23:00:00,662.0,0.0
2026-01-17 00:00:00,730.1,0.0
2026-01-17 01:00:00,478.3,0.0
2026-01-17 02:00:00,109.7,0.0
2026-01-17 03:00:00,492.4,0.0
2026-01-17 04:00:00,486.9,0.0
2026-01-17 05:00:00,170.2,0.0
2026-01-17 06:00:00,219.5,0.0
2026-01-17 07:00:00,361.7,108.7
2026-01-17 08:00:00,384.5,210.0
2026-01-17 09:00:00,311.6,297.0
2026-01-17 10:00:00,339.1,363.7
2026-01-17 11:00:00,513.6,405.7
2026-01-17 12:00:00,269.6,420.0
2026-01-17 13:00:00,344.6,405.7
2026-01-17 14:00:00,489.8,363.7
2026-01-17 15:00:00,178.3,297.0
2026-01-17 16:00:00,594.8,210.0
2026-01-17 17:00:00,463.1,108.7
2026-01-17 18:00:00,543.6,0.0
2026-01-17 19:00:00,719.7,0.0
2026-01-17 20:00:00,322.6,0.0
2026-01-17 21:00:00,267.7,0.0
2026-01-17 22:00:00,261.8,0.0
2026-01-17 23:00:00,189.7,0.0
2026-01-18 00:00:00,81.1,0.0
2026-01-18 01:00:00,662.1,0.0
2026-01-18 02:00:00,568.9,0.0
2026-01-18 03:00:00,441.3,0.0
2026-01-18 04:00:00,552.0,0.0
2026-01-18 05:00:00,189.7,0.0
2026-01-18 06:00:00,622.8,0.0
2026-01-18 07:00:00,921.9,108.7
2026-01-18 08:00:00,473.9,210.0
2026-01-18 09:00:00,919.6,297.0
2026-01-18 10:00:00,554.3,363.7
2026-01-18 11:00:00,272.3,405.7
2026-01-18 12:00:00,381.8,420.0
2026-01-18 13:00:00,240.9,405.7
2026-01-18 14:00:00,500.5,363.7
2026-01-18 15:00:00,512.2,297.0
2026-01-18 16:00:00,178.9,210.0
2026-01-18 17:00:00,839.4,108.7
2026-01-18 18:00:00,206.0,0.0
2026-01-18 19:00:00,900.1,0.0
2026-01-18 20:00:00,530.8,0.0
2026-01-18 21:00:00,471.1,0.0
2026-01-18 22:00:00,285.1,0.0
2026-01-18 23:00:00,510.5,0.0
2026-01-19 00:00:00,264.2,0.0
2026-01-19 01:00:00,615.9,0.0
2026-01-19 02:00:00,250.6,0.0
2026-01-19 03:00:00,280.8,0.0
2026-01-19 04:00:00,262.4,0.0
2026-01-19 05:00:00,101.6,0.0
2026-01-19 06:00:00,673.0,0.0
2026-01-19 07:00:00,457.5,108.7
2026-01-19 08:00:00,238.5,210.0
2026-01-19 09:00:00,162.9,297.0
2026-01-19 10:00:00,436.3,363.7
2026-01-19 11:00:00,823.7,405.7
2026-01-19 12:00:00,566.2,420.0
2026-01-19 13:00:00,258.1,405.7
2026-01-19 14:00:00,209.4,363.7
2026-01-19 15:00:00,513.1,297.0
2026-01-19 16:00:00,242.4,210.0
2026-01-19 17:00:00,272.7,108.7
2026-01-19 18:00:00,522.0,0.0
2026-01-19 19:00:00,265.3,0.0
2026-01-19 20:00:00,724.6,0.0
2026-01-19 21:00:00,572.1,0.0
2026-01-19 22:00:00,137.1,0.0
2026-01-19 23:00:00,422.3,0.0
2026-01-20 00:00:00,671.9,0.0
2026-01-20 01:00:00,518.3,0.0
2026-01-20 02:00:00,328.2,0.0
2026-01-20 03:00:00,119.1,0.0
2026-01-20 04:00:00,586.3,0.0
2026-01-20 05:00:00,245.5,0.0
2026-01-20 06:00:00,442.4,0.0
2026-01-20 07:00:00,100.9,108.7
2026-01-20 08:00:00,388.9,210.0
2026-01-20 09:00:00,789.5,297.0
2026-01-20 10:00:00,875.5,363.7
2026-01-20 11:00:00,220.7,405.7
2026-01-20 12:00:00,329.4,420.0
2026-01-20 13:00:00,526.5,405.7
2026-01-20 14:00:00,544.3,363.7
2026-01-20 15:00:00,383.9,297.0
2026-01-20 16:00:00,584.7,210.0
2026-01-20 17:00:00,667.2,108.7
2026-01-20 18:00:00,212.4,0.0
2026-01-20 19:00:00,736.9,0.0
2026-01-20 20:00:00,309.6,0.0
2026-01-20 21:00:00,85.3,0.0
2026-01-20 22:00:00,484.3,0.0
2026-01-20 23:00:00,738.9,0.0
2026-01-21 00:00:00,496.9,0.0
2026-01-21 01:00:00,592.6,0.0
2026-01-21 02:00:00,839.6,0.0
2026-01-21 03:00:00,410.5,0.0
2026-01-21 04:00:00,475.1,0.0
2026-01-21 05:00:00,54.1,0.0
2026-01-21 06:00:00,517.2,0.0
2026-01-21 07:00:00,433.1,108.7
2026-01-21 08:00:00,462.4,210.0
2026-01-21 09:00:00,597.5,297.0
2026-01-21 10:00:00,315.5,363.7
2026-01-21 11:00:00,355.4,405.7
2026-01-21 12:00:00,394.8,420.0
2026-01-21 13:00:00,426.2,405.7
2026-01-21 14:00:00,232.2,363.7
2026-01-21 15:00:00,398.2,297.0
2026-01-21 16:00:00,227.0,210.0
2026-01-21 17:00:00,557.3,108.7
2026-01-21 18:00:00,428.8,0.0
2026-01-21 19:00:00,108.5,0.0
2026-01-21 20:00:00,220.9,0.0
2026-01-21 21:00:00,311.9,0.0
2026-01-21 22:00:00,591.3,0.0
2026-01-21 23:00:00,424.4,0.0
2026-01-22 00:00:00,493.5,0.0
2026-01-22 01:00:00,124.6,0.0
2026-01-22 02:00:00,224.9,0.0
2026-01-22 03:00:00,405.5,0.0
2026-01-22 04:00:00,202.8,0.0
2026-01-22 05:00:00,166.8,0.0
2026-01-22 06:00:00,339.0,0.0
2026-01-22 07:00:00,279.4,108.7
2026-01-22 08:00:00,160.2,210.0
2026-01-22 09:00:00,259.9,297.0
2026-01-22 10:00:00,570.5,363.7
2026-01-22 11:00:00,617.1,405.7
2026-01-22 12:00:00,283.6,420.0
2026-01-22 13:00:00,293.9,405.7
2026-01-22 14:00:00,337.9,363.7
2026-01-22 15:00:00,573.3,297.0
2026-01-22 16:00:00,409.9,210.0
2026-01-22 17:00:00,427.4,108.7
2026-01-22 18:00:00,284.9,0.0
2026-01-22 19:00:00,358.2,0.0
2026-01-22 20:00:00,371.4,0.0
2026-01-22 21:00:00,162.3,0.0
2026-01-22 22:00:00,363.0,0.0
2026-01-22 23:00:00,683.5,0.0
2026-01-23 00:00:00,226.2,0.0
2026-01-23 01:00:00,611.8,0.0
2026-01-23 02:00:00,323.4,0.0
2026-01-23 03:00:00,248.6,0.0
2026-01-23 04:00:00,580.8,0.0
2026-01-23 05:00:00,528.5,0.0
2026-01-23 06:00:00,868.8,0.0
2026-01-23 07:00:00,513.0,108.7
2026-01-23 08:00:00,310.4,210.0
2026-01-23 09:00:00,423.3,297.0
2026-01-23 10:00:00,523.4,363.7
2026-01-23 11:00:00,820.7,405.7
2026-01-23 12:00:00,203.5,420.0
2026-01-23 13:00:00,269.8,405.7
2026-01-23 14:00:00,141.1,363.7
2026-01-23 15:00:00,284.5,297.0
2026-01-23 16:00:00,726.6,210.0
2026-01-23 17:00:00,327.6,108.7
2026-01-23 18:00:00,393.7,0.0
2026-01-23 19:00:00,522.2,0.0
2026-01-23 20:00:00,740.2,0.0
2026-01-23 21:00:00,334.8,0.0
2026-01-23 22:00:00,379.2,0.0
2026-01-23 23:00:00,736.9,0.0
2026-01-24 00:00:00,299.9,0.0
2026-01-24 01:00:00,638.4,0.0
2026-01-24 02:00:00,255.7,0.0
2026-01-24 03:00:00,577.4,0.0
2026-01-24 04:00:00,300.9,0.0
2026-01-24 05:00:00,424.0,0.0
2026-01-24 06:00:00,33.6,0.0
2026-01-24 07:00:00,182.7,108.7
2026-01-24 08:00:00,491.6,210.0
2026-01-24 09:00:00,176.1,297.0
2026-01-24 10:00:00,749.2,363.7
2026-01-24 11:00:00,92.9,405.7
2026-01-24 12:00:00,389.4,420.0
2026-01-24 13:00:00,980.4,405.7
2026-01-24 14:00:00,477.3,363.7
2026-01-24 15:00:00,526.1,297.0
2026-01-24 16:00:00,915.6,210.0
2026-01-24 17:00:00,352.8,108.7
2026-01-24 18:00:00,544.5,0.0
2026-01-24 19:00:00,261.9,0.0
2026-01-24 20:00:00,248.8,0.0
2026-01-24 21:00:00,91.3,0.0
2026-01-24 22:00:00,906.5,0.0
2026-01-24 23:00:00,168.7,0.0
2026-01-25 00:00:00,242.0,0.0
2026-01-25 01:00:00,620.5,0.0
2026-01-25 02:00:00,270.8,0.0
2026-01-25 03:00:00,399.2,0.0
2026-01-25 04:00:00,393.8,0.0
2026-01-25 05:00:00,187.5,0.0
2026-01-25 06:00:00,454.9,0.0
2026-01-25 07:00:00,530.3,108.7
2026-01-25 08:00:00,294.0,210.0
2026-01-25 09:00:00,316.3,297.0
2026-01-25 10:00:00,151.8,363.7
2026-01-25 11:00:00,560.5,405.7
2026-01-25 12:00:00,773.5,420.0
2026-01-25 13:00:00,66.1,405.7
2026-01-25 14:00:00,401.6,363.7
2026-01-25 15:00:00,364.1,297.0
2026-01-25 16:00:00,525.0,210.0
2026-01-25 17:00:00,186.3,108.7
2026-01-25 18:00:00,461.4,0.0
2026-01-25 19:00:00,91.6,0.0
2026-01-25 20:00:00,851.9,0.0
2026-01-25 21:00:00,305.9,0.0
2026-01-25 22:00:00,234.5,0.0
2026-01-25 23:00:00,681.0,0.0
2026-01-26 00:00:00,366.3,0.0
2026-01-26 01:00:00,239.9,0.0
2026-01-26 02:00:00,439.6,0.0
2026-01-26 03:00:00,152.2,0.0
2026-01-26 04:00:00,274.1,0.0
2026-01-26 05:00:00,343.5,0.0
2026-01-26 06:00:00,813.1,0.0
2026-01-26 07:00:00,555.0,108.7
2026-01-26 08:00:00,273.2,210.0
2026-01-26 09:00:00,248.4,297.0
2026-01-26 10:00:00,919.7,363.7
2026-01-26 11:00:00,233.3,405.7
2026-01-26 12:00:00,226.7,420.0
2026-01-26 13:00:00,355.8,405.7
2026-01-26 14:00:00,448.6,363.7
2026-01-26 15:00:00,222.8,297.0
2026-01-26 16:00:00,747.6,210.0
2026-01-26 17:00:00,361.1,108.7
2026-01-26 18:00:00,184.1,0.0
2026-01-26 19:00:00,268.7,0.0
2026-01-26 20:00:00,656.8,0.0
2026-01-26 21:00:00,721.2,0.0
2026-01-26 22:00:00,313.3,0.0
2026-01-26 23:00:00,760.5,0.0
2026-01-27 00:00:00,356.7,0.0
2026-01-27 01:00:00,718.8,0.0
2026-01-27 02:00:00,487.6,0.0
2026-01-27 03:00:00,305.8,0.0
2026-01-27 04:00:00,257.2,0.0
2026-01-27 05:00:00,735.1,0.0
2026-01-27 06:00:00,316.1,0.0
2026-01-27 07:00:00,882.4,108.7
2026-01-27 08:00:00,230.7,210.0
2026-01-27 09:00:00,372.8,297.0
2026-01-27 10:00:00,683.2,363.7
2026-01-27 11:00:00,210.2,405.7
2026-01-27 12:00:00,30.1,420.0
2026-01-27 13:00:00,664.2,405.7
2026-01-27 14:00:00,292.0,363.7
2026-01-27 15:00:00,209.4,297.0
2026-01-27 16:00:00,344.4,210.0
2026-01-27 17:00:00,17.7,108.7
2026-01-27 18:00:00,764.4,0.0
2026-01-27 19:00:00,664.5,0.0
2026-01-27 20:00:00,512.3,0.0
2026-01-27 21:00:00,400.5,0.0
2026-01-27 22:00:00,461.3,0.0
2026-01-27 23:00:00,449.0,0.0
2026-01-28 00:00:00,460.6,0.0
2026-01-28 01:00:00,398.7,0.0
2026-01-28 02:00:00,279.2,0.0
2026-01-28 03:00:00,409.5,0.0
2026-01-28 04:00:00,756.6,0.0
2026-01-28 05:00:00,191.3,0.0
2026-01-28 06:00:00,27.0,0.0
2026-01-28 07:00:00,498.0,108.7
2026-01-28 08:00:00,309.9,210.0
2026-01-28 09:00:00,268.3,297.0
2026-01-28 10:00:00,303.3,363.7
2026-01-28 11:00:00,166.7,405.7
2026-01-28 12:00:00,697.3,420.0
2026-01-28 13:00:00,245.4,405.7
2026-01-28 14:00:00,123.3,363.7
2026-01-28 15:00:00,410.8,297.0
2026-01-28 16:00:00,266.3,210.0
2026-01-28 17:00:00,969.6,108.7
2026-01-28 18:00:00,608.2,0.0
2026-01-28 19:00:00,451.0,0.0
2026-01-28 20:00:00,516.8,0.0
2026-01-28 21:00:00,597.2,0.0
2026-01-28 22:00:00,371.8,0.0
2026-01-28 23:00:00,386.8,0.0
2026-01-29 00:00:00,32.6,0.0
2026-01-29 01:00:00,331.5,0.0
2026-01-29 02:00:00,436.3,0.0
2026-01-29 03:00:00,500.4,0.0
2026-01-29 04:00:00,343.5,0.0
2026-01-29 05:00:00,214.8,0.0
2026-01-29 06:00:00,528.6,0.0
2026-01-29 07:00:00,670.1,108.7
2026-01-29 08:00:00,477.6,210.0
2026-01-29 09:00:00,268.7,297.0
2026-01-29 10:00:00,232.4,363.7
2026-01-29 11:00:00,353.6,405.7
2026-01-29 12:00:00,258.1,420.0
2026-01-29 13:00:00,274.1,405.7
2026-01-29 14:00:00,760.2,363.7
2026-01-29 15:00:00,702.0,297.0
2026-01-29 16:00:00,906.2,210.0
2026-01-29 17:00:00,270.3,108.7
2026-01-29 18:00:00,353.7,0.0
2026-01-29 19:00:00,275.4,0.0
2026-01-29 20:00:00,590.9,0.0
2026-01-29 21:00:00,665.6,0.0
2026-01-29 22:00:00,257.1,0.0
2026-01-29 23:00:00,458.8,0.0
2026-01-30 00:00:00,129.9,0.0
2026-01-30 01:00:00,240.2,0.0
2026-01-30 02:00:00,445.9,0.0
2026-01-30 03:00:00,344.7,0.0
2026-01-30 04:00:00,180.9,0.0
2026-01-30 05:00:00,592.1,0.0
2026-01-30 06:00:00,323.2,0.0
2026-01-30 07:00:00,447.7,108.7
2026-01-30 08:00:00,468.4,210.0
2026-01-30 09:00:00,184.7,297.0
2026-01-30 10:00:00,345.3,363.7
2026-01-30 11:00:00,327.1,405.7
2026-01-30 12:00:00,305.5,420.0
2026-01-30 13:00:00,476.0,405.7
2026-01-30 14:00:00,234.4,363.7
2026-01-30 15:00:00,130.7,297.0
2026-01-30 16:00:00,483.7,210.0
2026-01-30 17:00:00,225.4,108.7
2026-01-30 18:00:00,685.8,0.0
2026-01-30 19:00:00,138.7,0.0
2026-01-30 20:00:00,70.7,0.0
2026-01-30 21:00:00,581.6,0.0
2026-01-30 22:00:00,369.7,0.0
2026-01-30 23:00:00,350.6,0.0
2026-01-31 00:00:00,279.5,0.0
2026-01-31 01:00:00,270.0,0.0
2026-01-31 02:00:00,454.3,0.0
2026-01-31 03:00:00,357.9,0.0
2026-01-31 04:00:00,310.0,0.0
2026-01-31 05:00:00,489.5,0.0
2026-01-31 06:00:00,205.4,0.0
2026-01-31 07:00:00,148.2,108.7
2026-01-31 08:00:00,462.5,210.0
2026-01-31 09:00:00,1007.6,297.0
2026-01-31 10:00:00,472.2,363.7
2026-01-31 11:00:00,488.8,405.7
2026-01-31 12:00:00,350.5,420.0
2026-01-31 13:00:00,242.5,405.7
2026-01-31 14:00:00,241.1,363.7
2026-01-31 15:00:00,507.0,297.0
2026-01-31 16:00:00,332.6,210.0
2026-01-31 17:00:00,963.8,108.7
2026-01-31 18:00:00,274.3,0.0
2026-01-31 19:00:00,293.2,0.0
2026-01-31 20:00:00,140.6,0.0
2026-01-31 21:00:00,302.4,0.0
2026-01-31 22:00:00,324.6,0.0
2026-01-31 23:00:00,169.2,0.0
2026-02-01 00:00:00,705.5,0.0
2026-02-01 01:00:00,514.3,0.0
2026-02-01 02:00:00,278.6,0.0
2026-02-01 03:00:00,733.5,0.0
2026-02-01 04:00:00,103.1,0.0
2026-02-01 05:00:00,240.3,0.0
2026-02-01 06:00:00,408.0,0.0
2026-02-01 07:00:00,188.2,108.7
2026-02-01 08:00:00,426.6,210.0
2026-02-01 09:00:00,404.6,297.0
2026-02-01 10:00:00,362.9,363.7
2026-02-01 11:00:00,444.6,405.7
2026-02-01 12:00:00,205.6,420.0
2026-02-01 13:00:00,777.3,405.7
2026-02-01 14:00:00,271.3,363.7
2026-02-01 15:00:00,755.2,297.0
2026-02-01 16:00:00,146.7,210.0
2026-02-01 17:00:00,328.4,108.7
2026-02-01 18:00:00,251.0,0.0
2026-02-01 19:00:00,473.6,0.0
2026-02-01 20:00:00,425.4,0.0
2026-02-01 21:00:00,482.6,0.0
2026-02-01 22:00:00,454.1,0.0
2026-02-01 23:00:00,132.5,0.0
2026-02-02 00:00:00,476.1,0.0
2026-02-02 01:00:00,659.7,0.0
2026-02-02 02:00:00,549.8,0.0
2026-02-02 03:00:00,290.6,0.0
2026-02-02 04:00:00,227.9,0.0
2026-02-02 05:00:00,409.8,0.0
2026-02-02 06:00:00,375.7,0.0
2026-02-02 07:00:00,222.7,108.7
2026-02-02 08:00:00,325.4,210.0
2026-02-02 09:00:00,127.2,297.0
2026-02-02 10:00:00,259.7,363.7
2026-02-02 11:00:00,203.0,405.7
2026-02-02 12:00:00,236.2,420.0
2026-02-02 13:00:00,721.7,405.7
2026-02-02 14:00:00,142.1,363.7
2026-02-02 15:00:00,814.5,297.0
2026-02-02 16:00:00,390.1,210.0
2026-02-02 17:00:00,72.6,108.7
2026-02-02 18:00:00,682.9,0.0
2026-02-02 19:00:00,447.7,0.0
2026-02-02 20:00:00,160.4,0.0
2026-02-02 21:00:00,482.0,0.0
2026-02-02 22:00:00,250.3,0.0
2026-02-02 23:00:00,486.7,0.0
2026-02-03 00:00:00,422.2,0.0
2026-02-03 01:00:00,763.8,0.0
2026-02-03 02:00:00,235.5,0.0
2026-02-03 03:00:00,521.2,0.0
2026-02-03 04:00:00,1070.5,0.0
2026-02-03 05:00:00,473.0,0.0
2026-02-03 06:00:00,411.3,0.0
2026-02-03 07:00:00,226.6,108.7
2026-02-03 08:00:00,708.8,210.0
2026-02-03 09:00:00,155.1,297.0
2026-02-03 10:00:00,188.2,363.7
2026-02-03 11:00:00,238.4,405.7
2026-02-03 12:00:00,163.1,420.0
2026-02-03 13:00:00,191.7,405.7
2026-02-03 14:00:00,443.0,363.7
2026-02-03 15:00:00,252.4,297.0
2026-02-03 16:00:00,439.2,210.0
2026-02-03 17:00:00,492.6,108.7
2026-02-03 18:00:00,356.6,0.0
2026-02-03 19:00:00,786.4,0.0
2026-02-03 20:00:00,200.2,0.0
2026-02-03 21:00:00,599.0,0.0
2026-02-03 22:00:00,572.4,0.0
2026-02-03 23:00:00,52.9,0.0
2026-02-04 00:00:00,487.6,0.0
2026-02-04 01:00:00,190.9,0.0
2026-02-04 02:00:00,444.9,0.0
2026-02-04 03:00:00,321.8,0.0
2026-02-04 04:00:00,437.3,0.0
2026-02-04 05:00:00,569.9,0.0
2026-02-04 06:00:00,510.4,0.0
2026-02-04 07:00:00,141.8,108.7
2026-02-04 08:00:00,308.4,210.0
2026-02-04 09:00:00,182.6,297.0
2026-02-04 10:00:00,142.9,363.7
2026-02-04 11:00:00,130.2,405.7
2026-02-04 12:00:00,539.4,420.0
2026-02-04 13:00:00,302.0,405.7
2026-02-04 14:00:00,763.9,363.7
2026-02-04 15:00:00,87.1,297.0
2026-02-04 16:00:00,409.5,210.0
2026-02-04 17:00:00,377.8,108.7
2026-02-04 18:00:00,492.8,0.0
2026-02-04 19:00:00,562.6,0.0
2026-02-04 20:00:00,37.9,0.0
2026-02-04 21:00:00,363.7,0.0
2026-02-04 22:00:00,115.7,0.0
2026-02-04 23:00:00,115.6,0.0
2026-02-05 00:00:00,499.4,0.0
2026-02-05 01:00:00,476.3,0.0
2026-02-05 02:00:00,233.4,0.0
2026-02-05 03:00:00,565.3,0.0
2026-02-05 04:00:00,924.9,0.0
2026-02-05 05:00:00,493.6,0.0
2026-02-05 06:00:00,407.0,0.0
2026-02-05 07:00:00,355.1,108.7
2026-02-05 08:00:00,670.7,210.0
2026-02-05 09:00:00,500.4,297.0
2026-02-05 10:00:00,395.9,363.7
2026-02-05 11:00:00,500.6,405.7
2026-02-05 12:00:00,279.0,420.0
2026-02-05 13:00:00,320.0,405.7
2026-02-05 14:00:00,408.8,363.7
2026-02-05 15:00:00,412.6,297.0
2026-02-05 16:00:00,180.8,210.0
2026-02-05 17:00:00,786.3,108.7
2026-02-05 18:00:00,157.2,0.0
2026-02-05 19:00:00,481.6,0.0
2026-02-05 20:00:00,651.6,0.0
2026-02-05 21:00:00,305.1,0.0
2026-02-05 22:00:00,807.5,0.0
2026-02-05 23:00:00,575.2,0.0
2026-02-06 00:00:00,588.5,0.0
2026-02-06 01:00:00,426.9,0.0
2026-02-06 02:00:00,714.5,0.0
2026-02-06 03:00:00,530.1,0.0
2026-02-06 04:00:00,434.1,0.0
2026-02-06 05:00:00,449.6,0.0
2026-02-06 06:00:00,736.5,0.0
2026-02-06 07:00:00,946.0,108.7
2026-02-06 08:00:00,505.2,210.0
2026-02-06 09:00:00,445.1,297.0
2026-02-06 10:00:00,407.1,363.7
2026-02-06 11:00:00,448.6,405.7
2026-02-06 12:00:00,49.4,420.0
2026-02-06 13:00:00,479.0,405.7
2026-02-06 14:00:00,499.3,363.7
2026-02-06 15:00:00,463.5,297.0
2026-02-06 16:00:00,373.1,210.0
2026-02-06 17:00:00,388.0,108.7
2026-02-06 18:00:00,454.5,0.0
2026-02-06 19:00:00,246.6,0.0
2026-02-06 20:00:00,573.4,0.0
2026-02-06 21:00:00,776.6,0.0
2026-02-06 22:00:00,223.9,0.0
2026-02-06 23:00:00,417.1,0.0
2026-02-07 00:00:00,290.3,0.0
2026-02-07 01:00:00,656.7,0.0
2026-02-07 02:00:00,188.1,0.0
2026-02-07 03:00:00,176.1,0.0
2026-02-07 04:00:00,656.2,0.0
2026-02-07 05:00:00,169.1,0.0
2026-02-07 06:00:00,476.7,0.0
2026-02-07 07:00:00,277.3,108.7
2026-02-07 08:00:00,415.5,210.0
2026-02-07 09:00:00,303.8,297.0
2026-02-07 10:00:00,571.0,363.7
2026-02-07 11:00:00,269.8,405.7
2026-02-07 12:00:00,140.9,420.0
2026-02-07 13:00:00,196.6,405.7
2026-02-07 14:00:00,161.2,363.7
2026-02-07 15:00:00,309.7,297.0
2026-02-07 16:00:00,357.4,210.0
2026-02-07 17:00:00,382.8,108.7
2026-02-07 18:00:00,373.9,0.0
2026-02-07 19:00:00,302.6,0.0
2026-02-07 20:00:00,269.6,0.0
2026-02-07 21:00:00,430.0,0.0
2026-02-07 22:00:00,102.4,0.0
2026-02-07 23:00:00,553.8,0.0
2026-02-08 00:00:00,464.0,0.0
2026-02-08 01:00:00,478.5,0.0
2026-02-08 02:00:00,310.4,0.0
2026-02-08 03:00:00,653.6,0.0
2026-02-08 04:00:00,212.2,0.0
2026-02-08 05:00:00,142.8,0.0
2026-02-08 06:00:00,544.8,0.0
2026-02-08 07:00:00,301.8,108.7
2026-02-08 08:00:00,425.7,210.0
2026-02-08 09:00:00,338.5,297.0
2026-02-08 10:00:00,360.3,363.7
2026-02-08 11:00:00,473.4,405.7
2026-02-08 12:00:00,460.5,420.0
2026-02-08 13:00:00,524.4,405.7
2026-02-08 14:00:00,462.7,363.7
2026-02-08 15:00:00,256.7,297.0
2026-02-08 16:00:00,633.7,210.0
2026-02-08 17:00:00,598.1,108.7
2026-02-08 18:00:00,136.9,0.0
2026-02-08 19:00:00,930.6,0.0
2026-02-08 20:00:00,152.9,0.0
2026-02-08 21:00:00,228.3,0.0
2026-02-08 22:00:00,417.1,0.0
2026-02-08 23:00:00,482.4,0.0
2026-02-09 00:00:00,95.4,0.0
2026-02-09 01:00:00,250.1,0.0
2026-02-09 02:00:00,142.9,0.0
2026-02-09 03:00:00,166.8,0.0
2026-02-09 04:00:00,278.7,0.0
2026-02-09 05:00:00,343.3,0.0
2026-02-09 06:00:00,262.5,0.0
2026-02-09 07:00:00,203.2,108.7
2026-02-09 08:00:00,110.6,210.0
2026-02-09 09:00:00,425.6,297.0
2026-02-09 10:00:00,259.7,363.7
2026-02-09 11:00:00,587.2,405.7
2026-02-09 12:00:00,440.5,420.0
2026-02-09 13:00:00,153.7,405.7
2026-02-09 14:00:00,583.9,363.7
2026-02-09 15:00:00,434.0,297.0
2026-02-09 16:00:00,527.3,210.0
2026-02-09 17:00:00,80.5,108.7
2026-02-09 18:00:00,661.6,0.0
2026-02-09 19:00:00,269.3,0.0
2026-02-09 20:00:00,450.0,0.0
2026-02-09 21:00:00,442.1,0.0
2026-02-09 22:00:00,615.9,0.0
2026-02-09 23:00:00,721.3,0.0
2026-02-10 00:00:00,420.4,0.0
2026-02-10 01:00:00,181.9,0.0
2026-02-10 02:00:00,232.3,0.0
2026-02-10 03:00:00,425.0,0.0
2026-02-10 04:00:00,229.9,0.0
2026-02-10 05:00:00,324.5,0.0
2026-02-10 06:00:00,314.3,0.0
2026-02-10 07:00:00,634.2,108.7
2026-02-10 08:00:00,560.2,210.0
2026-02-10 09:00:00,440.5,297.0
2026-02-10 10:00:00,1008.4,363.7
2026-02-10 11:00:00,607.7,405.7
2026-02-10 12:00:00,441.7,420.0
2026-02-10 13:00:00,457.2,405.7
2026-02-10 14:00:00,449.7,363.7
2026-02-10 15:00:00,144.4,297.0
2026-02-10 16:00:00,278.7,210.0
2026-02-10 17:00:00,287.3,108.7
2026-02-10 18:00:00,688.5,0.0
2026-02-10 19:00:00,513.7,0.0
2026-02-10 20:00:00,808.5,0.0
2026-02-10 21:00:00,289.6,0.0
2026-02-10 22:00:00,241.8,0.0
2026-02-10 23:00:00,206.7,0.0
2026-02-11 00:00:00,652.8,0.0
2026-02-11 01:00:00,720.9,0.0
2026-02-11 02:00:00,459.6,0.0
2026-02-11 03:00:00,252.1,0.0
2026-02-11 04:00:00,594.7,0.0
2026-02-11 05:00:00,469.1,0.0
2026-02-11 06:00:00,492.3,0.0
2026-02-11 07:00:00,423.3,108.7
2026-02-11 08:00:00,168.2,210.0
2026-02-11 09:00:00,500.4,297.0
2026-02-11 10:00:00,861.6,363.7
2026-02-11 11:00:00,293.1,405.7
2026-02-11 12:00:00,200.4,420.0
2026-02-11 13:00:00,516.6,405.7
2026-02-11 14:00:00,509.6,363.7
2026-02-11 15:00:00,523.6,297.0
2026-02-11 16:00:00,342.1,210.0
2026-02-11 17:00:00,545.0,108.7
2026-02-11 18:00:00,702.2,0.0
2026-02-11 19:00:00,633.6,0.0
2026-02-11 20:00:00,673.3,0.0
2026-02-11 21:00:00,408.8,0.0
2026-02-11 22:00:00,278.8,0.0
2026-02-11 23:00:00,27.1,0.0
2026-02-12 00:00:00,323.3,0.0
2026-02-12 01:00:00,254.6,0.0
2026-02-12 02:00:00,714.0,0.0
2026-02-12 03:00:00,82.4,0.0
2026-02-12 04:00:00,335.4,0.0
2026-02-12 05:00:00,223.9,0.0
2026-02-12 06:00:00,341.2,0.0
2026-02-12 07:00:00,128.5,108.7
2026-02-12 08:00:00,233.0,210.0
2026-02-12 09:00:00,473.6,297.0
2026-02-12 10:00:00,1108.2,363.7
2026-02-12 11:00:00,51.5,405.7
2026-02-12 12:00:00,504.7,420.0
2026-02-12 13:00:00,354.0,405.7
2026-02-12 14:00:00,501.8,363.7
2026-02-12 15:00:00,455.0,297.0
2026-02-12 16:00:00,109.6,210.0
2026-02-12 17:00:00,262.1,108.7
2026-02-12 18:00:00,671.5,0.0
2026-02-12 19:00:00,599.1,0.0
2026-02-12 20:00:00,348.6,0.0
2026-02-12 21:00:00,139.6,0.0
2026-02-12 22:00:00,390.9,0.0
2026-02-12 23:00:00,266.9,0.0
2026-02-13 00:00:00,746.9,0.0
2026-02-13 01:00:00,699.0,0.0
2026-02-13 02:00:00,199.9,0.0
2026-02-13 03:00:00,281.0,0.0
2026-02-13 04:00:00,714.9,0.0
2026-02-13 05:00:00,923.3,0.0
2026-02-13 06:00:00,670.4,0.0
2026-02-13 07:00:00,598.7,108.7
2026-02-13 08:00:00,154.6,210.0
2026-02-13 09:00:00,272.3,297.0
2026-02-13 10:00:00,183.7,363.7
2026-02-13 11:00:00,425.4,405.7
2026-02-13 12:00:00,586.4,420.0
2026-02-13 13:00:00,960.2,405.7
2026-02-13 14:00:00,515.4,363.7
2026-02-13 15:00:00,244.3,297.0
2026-02-13 16:00:00,79.9,210.0
2026-02-13 17:00:00,651.0,108.7
2026-02-13 18:00:00,208.2,0.0
2026-02-13 19:00:00,450.2,0.0
2026-02-13 20:00:00,339.2,0.0
2026-02-13 21:00:00,189.7,0.0
2026-02-13 22:00:00,235.7,0.0
2026-02-13 23:00:00,295.1,0.0
2026-02-14 00:00:00,675.1,0.0
2026-02-14 01:00:00,540.6,0.0
2026-02-14 02:00:00,372.3,0.0
2026-02-14 03:00:00,269.9,0.0
2026-02-14 04:00:00,205.9,0.0
2026-02-14 05:00:00,748.5,0.0
2026-02-14 06:00:00,356.5,0.0
2026-02-14 07:00:00,341.0,108.7
2026-02-14 08:00:00,301.9,210.0
2026-02-14 09:00:00,373.1,297.0
2026-02-14 10:00:00,338.7,363.7
2026-02-14 11:00:00,417.5,405.7
2026-02-14 12:00:00,448.0,420.0
2026-02-14 13:00:00,408.4,405.7
2026-02-14 14:00:00,200.5,363.7
2026-02-14 15:00:00,397.8,297.0
2026-02-14 16:00:00,395.0,210.0
2026-02-14 17:00:00,296.7,108.7
2026-02-14 18:00:00,516.7,0.0
2026-02-14 19:00:00,261.7,0.0
2026-02-14 20:00:00,700.0,0.0
2026-02-14 21:00:00,328.4,0.0
2026-02-14 22:00:00,282.5,0.0
2026-02-14 23:00:00,545.2,0.0
2026-02-15 00:00:00,148.1,0.0
2026-02-15 01:00:00,313.9,0.0
2026-02-15 02:00:00,478.3,0.0
2026-02-15 03:00:00,535.5,0.0
2026-02-15 04:00:00,122.4,0.0
2026-02-15 05:00:00,438.1,0.0
2026-02-15 06:00:00,735.6,0.0
2026-02-15 07:00:00,2.9,108.7
2026-02-15 08:00:00,402.8,210.0
2026-02-15 09:00:00,577.1,297.0
2026-02-15 10:00:00,653.6,363.7
2026-02-15 11:00:00,481.8,405.7
2026-02-15 12:00:00,406.6,420.0
2026-02-15 13:00:00,804.5,405.7
2026-02-15 14:00:00,301.7,363.7
2026-02-15 15:00:00,594.6,297.0
2026-02-15 16:00:00,474.0,210.0
2026-02-15 17:00:00,681.6,108.7
2026-02-15 18:00:00,447.3,0.0
2026-02-15 19:00:00,612.8,0.0
2026-02-15 20:00:00,608.0,0.0
2026-02-15 21:00:00,615.3,0.0
2026-02-15 22:00:00,365.5,0.0
2026-02-15 23:00:00,469.9,0.0
2026-02-16 00:00:00,279.1,0.0
2026-02-16 01:00:00,146.2,0.0
2026-02-16 02:00:00,624.3,0.0
2026-02-16 03:00:00,200.2,0.0
2026-02-16 04:00:00,223.1,0.0
2026-02-16 05:00:00,627.5,0.0
2026-02-16 06:00:00,122.8,0.0
2026-02-16 07:00:00,110.9,108.7
2026-02-16 08:00:00,718.4,210.0
2026-02-16 09:00:00,127.1,297.0
2026-02-16 10:00:00,457.3,363.7
2026-02-16 11:00:00,199.8,405.7
2026-02-16 12:00:00,121.0,420.0
2026-02-16 13:00:00,332.5,405.7
2026-02-16 14:00:00,621.1,363.7
2026-02-16 15:00:00,299.7,297.0
2026-02-16 16:00:00,296.7,210.0
2026-02-16 17:00:00,329.1,108.7
2026-02-16 18:00:00,113.8,0.0
2026-02-16 19:00:00,587.2,0.0
2026-02-16 20:00:00,536.9,0.0
2026-02-16 21:00:00,420.8,0.0
2026-02-16 22:00:00,137.4,0.0
2026-02-16 23:00:00,92.4,0.0
2026-02-17 00:00:00,275.2,0.0
2026-02-17 01:00:00,468.8,0.0
2026-02-17 02:00:00,105.0,0.0
2026-02-17 03:00:00,229.7,0.0
2026-02-17 04:00:00,116.3,0.0
2026-02-17 05:00:00,429.2,0.0
2026-02-17 06:00:00,427.7,0.0
2026-02-17 07:00:00,240.7,108.7
2026-02-17 08:00:00,444.1,210.0
2026-02-17 09:00:00,336.7,297.0
2026-02-17 10:00:00,516.6,363.7
2026-02-17 11:00:00,400.5,405.7
2026-02-17 12:00:00,139.9,420.0
2026-02-17 13:00:00,211.3,405.7
2026-02-17 14:00:00,352.8,363.7
2026-02-17 15:00:00,136.6,297.0
2026-02-17 16:00:00,529.6,210.0
2026-02-17 17:00:00,128.5,108.7
2026-02-17 18:00:00,164.3,0.0
2026-02-17 19:00:00,375.2,0.0
2026-02-17 20:00:00,424.1,0.0
2026-02-17 21:00:00,369.1,0.0
2026-02-17 22:00:00,21.7,0.0
2026-02-17 23:00:00,375.5,0.0
2026-02-18 00:00:00,438.4,0.0
2026-02-18 01:00:00,92.5,0.0
2026-02-18 02:00:00,310.6,0.0
2026-02-18 03:00:00,223.3,0.0
2026-02-18 04:00:00,329.2,0.0
2026-02-18 05:00:00,107.0,0.0
2026-02-18 06:00:00,528.5,0.0
2026-02-18 07:00:00,650.7,108.7
2026-02-18 08:00:00,185.8,210.0
2026-02-18 09:00:00,47.0,297.0
2026-02-18 10:00:00,799.8,363.7
2026-02-18 11:00:00,278.2,405.7
2026-02-18 12:00:00,188.1,420.0
2026-02-18 13:00:00,237.2,405.7
2026-02-18 14:00:00,277.0,363.7
2026-02-18 15:00:00,598.0,297.0
2026-02-18 16:00:00,222.6,210.0
2026-02-18 17:00:00,184.2,108.7
2026-02-18 18:00:00,658.5,0.0
2026-02-18 19:00:00,488.1,0.0
2026-02-18 20:00:00,663.2,0.0
2026-02-18 21:00:00,204.9,0.0
2026-02-18 22:00:00,332.6,0.0
2026-02-18 23:00:00,222.7,0.0
2026-02-19 00:00:00,332.4,0.0
2026-02-19 01:00:00,623.7,0.0
2026-02-19 02:00:00,353.8,0.0
2026-02-19 03:00:00,393.7,0.0
2026-02-19 04:00:00,85.1,0.0
2026-02-19 05:00:00,129.3,0.0
2026-02-19 06:00:00,123.1,0.0
2026-02-19 07:00:00,230.9,108.7
2026-02-19 08:00:00,263.1,210.0
2026-02-19 09:00:00,287.4,297.0
2026-02-19 10:00:00,181.7,363.7
2026-02-19 11:00:00,770.0,405.7
2026-02-19 12:00:00,371.5,420.0
2026-02-19 13:00:00,222.7,405.7
2026-02-19 14:00:00,381.3,363.7
2026-02-19 15:00:00,704.3,297.0
2026-02-19 16:00:00,463.0,210.0
2026-02-19 17:00:00,323.5,108.7
2026-02-19 18:00:00,165.9,0.0
2026-02-19 19:00:00,609.1,0.0
2026-02-19 20:00:00,454.7,0.0
2026-02-19 21:00:00,342.0,0.0
2026-02-19 22:00:00,614.0,0.0
2026-02-19 23:00:00,176.9,0.0
2026-02-20 00:00:00,220.7,0.0
2026-02-20 01:00:00,175.7,0.0
2026-02-20 02:00:00,561.7,0.0
2026-02-20 03:00:00,13.7,0.0
2026-02-20 04:00:00,385.0,0.0
2026-02-20 05:00:00,475.8,0.0
2026-02-20 06:00:00,190.0,0.0
2026-02-20 07:00:00,253.7,108.7
2026-02-20 08:00:00,306.2,210.0
2026-02-20 09:00:00,503.4,297.0
2026-02-20 10:00:00,505.1,363.7
2026-02-20 11:00:00,279.8,405.7
2026-02-20 12:00:00,458.2,420.0
2026-02-20 13:00:00,485.4,405.7
2026-02-20 14:00:00,586.7,363.7
2026-02-20 15:00:00,395.6,297.0
2026-02-20 16:00:00,415.5,210.0
2026-02-20 17:00:00,596.4,108.7
2026-02-20 18:00:00,270.3,0.0
2026-02-20 19:00:00,398.9,0.0
2026-02-20 20:00:00,100.6,0.0
2026-02-20 21:00:00,213.9,0.0
2026-02-20 22:00:00,580.8,0.0
2026-02-20 23:00:00,237.6,0.0
2026-02-21 00:00:00,279.1,0.0
2026-02-21 01:00:00,167.7,0.0
2026-02-21 02:00:00,154.7,0.0
2026-02-21 03:00:00,232.3,0.0
2026-02-21 04:00:00,464.6,0.0
2026-02-21 05:00:00,334.6,0.0
2026-02-21 06:00:00,479.1,0.0
2026-02-21 07:00:00,559.7,108.7
2026-02-21 08:00:00,69.1,210.0
2026-02-21 09:00:00,470.4,297.0
2026-02-21 10:00:00,551.9,363.7
2026-02-21 11:00:00,526.6,405.7
2026-02-21 12:00:00,567.8,420.0
2026-02-21 13:00:00,333.0,405.7
2026-02-21 14:00:00,360.8,363.7
2026-02-21 15:00:00,302.2,297.0
2026-02-21 16:00:00,444.7,210.0
2026-02-21 17:00:00,208.9,108.7
2026-02-21 18:00:00,263.9,0.0
2026-02-21 19:00:00,182.7,0.0
2026-02-21 20:00:00,271.2,0.0
2026-02-21 21:00:00,134.8,0.0
2026-02-21 22:00:00,382.6,0.0
2026-02-21 23:00:00,113.0,0.0
2026-02-22 00:00:00,309.4,0.0
2026-02-22 01:00:00,304.8,0.0
2026-02-22 02:00:00,402.4,0.0
2026-02-22 03:00:00,309.1,0.0
2026-02-22 04:00:00,709.0,0.0
2026-02-22 05:00:00,556.9,0.0
2026-02-22 06:00:00,325.3,0.0
2026-02-22 07:00:00,615.6,108.7
2026-02-22 08:00:00,448.3,210.0
2026-02-22 09:00:00,823.8,297.0
2026-02-22 10:00:00,695.7,363.7
2026-02-22 11:00:00,279.0,405.7
2026-02-22 12:00:00,237.9,420.0
2026-02-22 13:00:00,754.8,405.7
2026-02-22 14:00:00,162.3,363.7
2026-02-22 15:00:00,484.0,297.0
2026-02-22 16:00:00,330.7,210.0
2026-02-22 17:00:00,302.8,108.7
2026-02-22 18:00:00,393.1,0.0
2026-02-22 19:00:00,417.9,0.0
2026-02-22 20:00:00,442.3,0.0
2026-02-22 21:00:00,256.9,0.0
2026-02-22 22:00:00,542.5,0.0
2026-02-22 23:00:00,383.6,0.0
2026-02-23 00:00:00,165.6,0.0
2026-02-23 01:00:00,540.3,0.0
2026-02-23 02:00:00,441.9,0.0
2026-02-23 03:00:00,409.4,0.0
2026-02-23 04:00:00,133.7,0.0
2026-02-23 05:00:00,496.1,0.0
2026-02-23 06:00:00,436.4,0.0
2026-02-23 07:00:00,265.6,108.7
2026-02-23 08:00:00,102.4,210.0
2026-02-23 09:00:00,296.1,297.0
2026-02-23 10:00:00,332.3,363.7
2026-02-23 11:00:00,149.5,405.7
2026-02-23 12:00:00,599.6,420.0
2026-02-23 13:00:00,284.9,405.7
2026-02-23 14:00:00,490.5,363.7
2026-02-23 15:00:00,273.7,297.0
2026-02-23 16:00:00,236.5,210.0
2026-02-23 17:00:00,662.3,108.7
2026-02-23 18:00:00,285.5,0.0
2026-02-23 19:00:00,522.2,0.0
2026-02-23 20:00:00,359.8,0.0
2026-02-23 21:00:00,98.2,0.0
2026-02-23 22:00:00,172.3,0.0
2026-02-23 23:00:00,179.7,0.0
2026-02-24 00:00:00,172.6,0.0
2026-02-24 01:00:00,246.8,0.0
2026-02-24 02:00:00,379.3,0.0
2026-02-24 03:00:00,512.1,0.0
2026-02-24 04:00:00,174.5,0.0
2026-02-24 05:00:00,575.1,0.0
2026-02-24 06:00:00,284.2,0.0
2026-02-24 07:00:00,330.9,108.7
2026-02-24 08:00:00,805.1,210.0
2026-02-24 09:00:00,325.1,297.0
2026-02-24 10:00:00,307.8,363.7
2026-02-24 11:00:00,613.1,405.7
2026-02-24 12:00:00,579.4,420.0
2026-02-24 13:00:00,373.4,405.7
2026-02-24 14:00:00,587.7,363.7
2026-02-24 15:00:00,645.9,297.0
2026-02-24 16:00:00,500.3,210.0
2026-02-24 17:00:00,232.7,108.7
2026-02-24 18:00:00,977.0,0.0
2026-02-24 19:00:00,278.5,0.0
2026-02-24 20:00:00,95.6,0.0
2026-02-24 21:00:00,206.4,0.0
2026-02-24 22:00:00,498.1,0.0
2026-02-24 23:00:00,881.8,0.0
2026-02-25 00:00:00,253.2,0.0
2026-02-25 01:00:00,539.9,0.0
2026-02-25 02:00:00,343.6,0.0
2026-02-25 03:00:00,486.5,0.0
2026-02-25 04:00:00,53.2,0.0
2026-02-25 05:00:00,446.1,0.0
2026-02-25 06:00:00,508.7,0.0
2026-02-25 07:00:00,270.7,108.7
2026-02-25 08:00:00,256.5,210.0
2026-02-25 09:00:00,286.8,297.0
2026-02-25 10:00:00,361.2,363.7
2026-02-25 11:00:00,672.8,405.7
2026-02-25 12:00:00,389.7,420.0
2026-02-25 13:00:00,366.0,405.7
2026-02-25 14:00:00,483.9,363.7
2026-02-25 15:00:00,523.3,297.0
2026-02-25 16:00:00,128.3,210.0
2026-02-25 17:00:00,343.4,108.7
2026-02-25 18:00:00,566.7,0.0
2026-02-25 19:00:00,414.2,0.0
2026-02-25 20:00:00,342.6,0.0
2026-02-25 21:00:00,476.6,0.0
2026-02-25 22:00:00,304.8,0.0
2026-02-25 23:00:00,88.2,0.0
2026-02-26 00:00:00,413.8,0.0
2026-02-26 01:00:00,464.6,0.0
2026-02-26 02:00:00,355.7,0.0
2026-02-26 03:00:00,232.3,0.0
2026-02-26 04:00:00,381.6,0.0
2026-02-26 05:00:00,50.4,0.0
2026-02-26 06:00:00,675.8,0.0
2026-02-26 07:00:00,70.6,108.7
2026-02-26 08:00:00,673.2,210.0
2026-02-26 09:00:00,427.3,297.0
2026-02-26 10:00:00,495.2,363.7
2026-02-26 11:00:00,301.3,405.7
2026-02-26 12:00:00,209.0,420.0
2026-02-26 13:00:00,501.3,405.7
2026-02-26 14:00:00,117.5,363.7
2026-02-26 15:00:00,249.2,297.0
2026-02-26 16:00:00,263.5,210.0
2026-02-26 17:00:00,158.5,108.7
2026-02-26 18:00:00,436.7,0.0
2026-02-26 19:00:00,503.3,0.0
2026-02-26 20:00:00,166.6,0.0
2026-02-26 21:00:00,509.1,0.0
2026-02-26 22:00:00,360.0,0.0
2026-02-26 23:00:00,302.0,0.0
2026-02-27 00:00:00,161.6,0.0
2026-02-27 01:00:00,219.1,0.0
2026-02-27 02:00:00,827.1,0.0
2026-02-27 03:00:00,278.5,0.0
2026-02-27 04:00:00,397.5,0.0
2026-02-27 05:00:00,485.2,0.0
2026-02-27 06:00:00,293.1,0.0
2026-02-27 07:00:00,443.5,108.7
2026-02-27 08:00:00,664.6,210.0
2026-02-27 09:00:00,413.0,297.0
2026-02-27 10:00:00,568.2,363.7
2026-02-27 11:00:00,196.6,405.7
2026-02-27 12:00:00,373.8,420.0
2026-02-27 13:00:00,272.7,405.7
2026-02-27 14:00:00,155.1,363.7
2026-02-27 15:00:00,888.9,297.0
2026-02-27 16:00:00,454.1,210.0
2026-02-27 17:00:00,297.6,108.7
2026-02-27 18:00:00,597.6,0.0
2026-02-27 19:00:00,501.0,0.0
2026-02-27 20:00:00,621.1,0.0
2026-02-27 21:00:00,484.1,0.0
2026-02-27 22:00:00,439.4,0.0
2026-02-27 23:00:00,128.9,0.0
2026-02-28 00:00:00,773.7,0.0
2026-02-28 01:00:00,154.6,0.0
2026-02-28 02:00:00,302.5,0.0
2026-02-28 03:00:00,277.7,0.0
2026-02-28 04:00:00,77.8,0.0
2026-02-28 05:00:00,887.5,0.0
2026-02-28 06:00:00,531.1,0.0
2026-02-28 07:00:00,697.0,108.7
2026-02-28 08:00:00,592.6,210.0
2026-02-28 09:00:00,427.6,297.0
2026-02-28 10:00:00,332.0,363.7
2026-02-28 11:00:00,489.1,405.7
2026-02-28 12:00:00,186.4,420.0
2026-02-28 13:00:00,184.6,405.7
2026-02-28 14:00:00,345.0,363.7
2026-02-28 15:00:00,122.5,297.0
2026-02-28 16:00:00,314.8,210.0
2026-02-28 17:00:00,346.4,108.7
2026-02-28 18:00:00,391.1,0.0
2026-02-28 19:00:00,108.5,0.0
2026-02-28 20:00:00,476.3,0.0
2026-02-28 21:00:00,642.1,0.0
2026-02-28 22:00:00,524.7,0.0
2026-02-28 23:00:00,27.1,0.0
2026-03-01 00:00:00,591.8,0.0
2026-03-01 01:00:00,356.6,0.0
2026-03-01 02:00:00,592.6,0.0
2026-03-01 03:00:00,797.7,0.0
2026-03-01 04:00:00,406.7,0.0
2026-03-01 05:00:00,180.6,0.0
2026-03-01 06:00:00,542.0,0.0
2026-03-01 07:00:00,101.8,108.7
2026-03-01 08:00:00,1026.4,210.0
2026-03-01 09:00:00,594.5,297.0
2026-03-01 10:00:00,596.9,363.7
2026-03-01 11:00:00,280.5,405.7
2026-03-01 12:00:00,489.5,420.0
2026-03-01 13:00:00,718.5,405.7
2026-03-01 14:00:00,285.8,363.7
2026-03-01 15:00:00,109.1,297.0
2026-03-01 16:00:00,385.1,210.0
2026-03-01 17:00:00,307.5,108.7
2026-03-01 18:00:00,246.5,0.0
2026-03-01 19:00:00,128.5,0.0
2026-03-01 20:00:00,430.3,0.0
2026-03-01 21:00:00,227.0,0.0
2026-03-01 22:00:00,421.7,0.0
2026-03-01 23:00:00,478.0,0.0
2026-03-02 00:00:00,764.1,0.0
2026-03-02 01:00:00,651.1,0.0
2026-03-02 02:00:00,177.9,0.0
2026-03-02 03:00:00,619.9,0.0
2026-03-02 04:00:00,344.5,0.0
2026-03-02 05:00:00,956.4,0.0
2026-03-02 06:00:00,144.0,0.0
2026-03-02 07:00:00,499.6,108.7
2026-03-02 08:00:00,528.3,210.0
2026-03-02 09:00:00,636.3,297.0
2026-03-02 10:00:00,168.4,363.7
2026-03-02 11:00:00,234.5,405.7
2026-03-02 12:00:00,135.1,420.0
2026-03-02 13:00:00,680.5,405.7
2026-03-02 14:00:00,321.5,363.7
2026-03-02 15:00:00,681.9,297.0
2026-03-02 16:00:00,633.4,210.0
2026-03-02 17:00:00,295.6,108.7
2026-03-02 18:00:00,841.6,0.0
2026-03-02 19:00:00,523.3,0.0
2026-03-02 20:00:00,169.0,0.0
2026-03-02 21:00:00,215.5,0.0
2026-03-02 22:00:00,200.5,0.0
2026-03-02 23:00:00,33.4,0.0
2026-03-03 00:00:00,442.2,0.0
2026-03-03 01:00:00,346.3,0.0
2026-03-03 02:00:00,437.0,0.0
2026-03-03 03:00:00,717.7,0.0
2026-03-03 04:00:00,89.0,0.0
2026-03-03 05:00:00,351.5,0.0
2026-03-03 06:00:00,531.7,0.0
2026-03-03 07:00:00,381.4,108.7
2026-03-03 08:00:00,494.5,210.0
2026-03-03 09:00:00,198.3,297.0
2026-03-03 10:00:00,588.7,363.7
2026-03-03 11:00:00,381.0,405.7
2026-03-03 12:00:00,780.5,420.0
2026-03-03 13:00:00,338.2,405.7
2026-03-03 14:00:00,242.9,363.7
2026-03-03 15:00:00,751.8,297.0
2026-03-03 16:00:00,74.7,210.0
2026-03-03 17:00:00,369.9,108.7
2026-03-03 18:00:00,455.2,0.0
2026-03-03 19:00:00,28.9,0.0
2026-03-03 20:00:00,651.0,0.0
2026-03-03 21:00:00,452.1,0.0
2026-03-03 22:00:00,378.1,0.0
2026-03-03 23:00:00,181.8,0.0
2026-03-04 00:00:00,355.9,0.0
2026-03-04 01:00:00,474.8,0.0
2026-03-04 02:00:00,493.0,0.0
2026-03-04 03:00:00,170.2,0.0
2026-03-04 04:00:00,218.1,0.0
2026-03-04 05:00:00,378.9,0.0
2026-03-04 06:00:00,208.5,0.0
2026-03-04 07:00:00,230.6,108.7
2026-03-04 08:00:00,378.9,210.0
2026-03-04 09:00:00,678.0,297.0
2026-03-04 10:00:00,659.9,363.7
2026-03-04 11:00:00,287.7,405.7
2026-03-04 12:00:00,459.5,420.0
2026-03-04 13:00:00,408.4,405.7
2026-03-04 14:00:00,445.6,363.7
2026-03-04 15:00:00,442.3,297.0
2026-03-04 16:00:00,274.0,210.0
2026-03-04 17:00:00,247.9,108.7
2026-03-04 18:00:00,674.3,0.0
2026-03-04 19:00:00,594.7,0.0
2026-03-04 20:00:00,336.9,0.0
2026-03-04 21:00:00,413.3,0.0
2026-03-04 22:00:00,119.6,0.0
2026-03-04 23:00:00,600.8,0.0
2026-03-05 00:00:00,253.2,0.0
2026-03-05 01:00:00,970.0,0.0
2026-03-05 02:00:00,315.2,0.0
2026-03-05 03:00:00,346.1,0.0
2026-03-05 04:00:00,407.5,0.0
2026-03-05 05:00:00,730.8,0.0
2026-03-05 06:00:00,301.7,0.0
2026-03-05 07:00:00,172.8,108.7
2026-03-05 08:00:00,518.5,210.0
2026-03-05 09:00:00,380.4,297.0
2026-03-05 10:00:00,441.8,363.7
2026-03-05 11:00:00,26.7,405.7
2026-03-05 12:00:00,315.7,420.0
2026-03-05 13:00:00,546.1,405.7
2026-03-05 14:00:00,332.8,363.7
2026-03-05 15:00:00,334.4,297.0
2026-03-05 16:00:00,421.7,210.0
2026-03-05 17:00:00,327.7,108.7
2026-03-05 18:00:00,238.4,0.0
2026-03-05 19:00:00,62.5,0.0
2026-03-05 20:00:00,412.2,0.0
2026-03-05 21:00:00,158.0,0.0
2026-03-05 22:00:00,682.5,0.0
2026-03-05 23:00:00,284.5,0.0
2026-03-06 00:00:00,296.3,0.0
2026-03-06 01:00:00,270.2,0.0
2026-03-06 02:00:00,586.5,0.0
2026-03-06 03:00:00,673.1,0.0
2026-03-06 04:00:00,290.7,0.0
2026-03-06 05:00:00,198.2,0.0
2026-03-06 06:00:00,489.8,0.0
2026-03-06 07:00:00,370.8,108.7
2026-03-06 08:00:00,702.6,210.0
2026-03-06 09:00:00,211.1,297.0
2026-03-06 10:00:00,165.6,363.7
2026-03-06 11:00:00,511.4,405.7
2026-03-06 12:00:00,108.2,420.0
2026-03-06 13:00:00,478.1,405.7
2026-03-06 14:00:00,290.1,363.7
2026-03-06 15:00:00,591.5,297.0
2026-03-06 16:00:00,332.7,210.0
2026-03-06 17:00:00,302.4,108.7
2026-03-06 18:00:00,224.6,0.0
2026-03-06 19:00:00,222.1,0.0
2026-03-06 20:00:00,244.8,0.0
2026-03-06 21:00:00,580.7,0.0
2026-03-06 22:00:00,463.2,0.0
2026-03-06 23:00:00,322.7,0.0
2026-03-07 00:00:00,626.4,0.0
2026-03-07 01:00:00,74.5,0.0
2026-03-07 02:00:00,192.4,0.0
2026-03-07 03:00:00,641.8,0.0
2026-03-07 04:00:00,365.8,0.0
2026-03-07 05:00:00,542.2,0.0
2026-03-07 06:00:00,654.0,0.0
2026-03-07 07:00:00,201.9,108.7
2026-03-07 08:00:00,302.2,210.0
2026-03-07 09:00:00,487.3,297.0
2026-03-07 10:00:00,502.1,363.7
2026-03-07 11:00:00,385.9,405.7
2026-03-07 12:00:00,972.1,420.0
2026-03-07 13:00:00,432.7,405.7
2026-03-07 14:00:00,679.5,363.7
2026-03-07 15:00:00,208.0,297.0
2026-03-07 16:00:00,479.3,210.0
2026-03-07 17:00:00,565.7,108.7
2026-03-07 18:00:00,197.0,0.0
2026-03-07 19:00:00,803.3,0.0
2026-03-07 20:00:00,248.6,0.0
2026-03-07 21:00:00,615.9,0.0
2026-03-07 22:00:00,375.6,0.0
2026-03-07 23:00:00,634.8,0.0
2026-03-08 00:00:00,654.8,0.0
2026-03-08 01:00:00,255.2,0.0
2026-03-08 02:00:00,262.0,0.0
2026-03-08 03:00:00,286.0,0.0
2026-03-08 04:00:00,382.1,0.0
2026-03-08 05:00:00,237.1,0.0
2026-03-08 06:00:00,375.5,0.0
2026-03-08 07:00:00,307.8,108.7
2026-03-08 08:00:00,1020.3,210.0
2026-03-08 09:00:00,438.4,297.0
2026-03-08 10:00:00,583.9,363.7
2026-03-08 11:00:00,391.3,405.7
2026-03-08 12:00:00,332.6,420.0
2026-03-08 13:00:00,360.1,405.7
2026-03-08 14:00:00,679.8,363.7
2026-03-08 15:00:00,285.1,297.0
2026-03-08 16:00:00,384.9,210.0
2026-03-08 17:00:00,366.0,108.7
2026-03-08 18:00:00,118.5,0.0
2026-03-08 19:00:00,506.6,0.0
2026-03-08 20:00:00,370.7,0.0
2026-03-08 21:00:00,413.4,0.0
2026-03-08 22:00:00,30.7,0.0
2026-03-08 23:00:00,377.6,0.0
2026-03-09 00:00:00,480.9,0.0
2026-03-09 01:00:00,232.9,0.0
2026-03-09 02:00:00,108.8,0.0
2026-03-09 03:00:00,821.7,0.0
2026-03-09 04:00:00,359.5,0.0
2026-03-09 05:00:00,423.4,0.0
2026-03-09 06:00:00,373.8,0.0
2026-03-09 07:00:00,184.5,108.7
2026-03-09 08:00:00,525.1,210.0
2026-03-09 09:00:00,429.7,297.0
2026-03-09 10:00:00,265.4,363.7
2026-03-09 11:00:00,290.9,405.7
2026-03-09 12:00:00,410.5,420.0
2026-03-09 13:00:00,583.8,405.7
2026-03-09 14:00:00,541.0,363.7
2026-03-09 15:00:00,69.1,297.0
2026-03-09 16:00:00,608.9,210.0
2026-03-09 17:00:00,121.2,108.7
2026-03-09 18:00:00,492.3,0.0
2026-03-09 19:00:00,287.5,0.0
2026-03-09 20:00:00,347.5,0.0
2026-03-09 21:00:00,169.9,0.0
2026-03-09 22:00:00,90.4,0.0
2026-03-09 23:00:00,497.1,0.0
2026-03-10 00:00:00,58.8,0.0
2026-03-10 01:00:00,470.7,0.0
2026-03-10 02:00:00,755.6,0.0
2026-03-10 03:00:00,333.5,0.0
2026-03-10 04:00:00,667.6,0.0
2026-03-10 05:00:00,305.0,0.0
2026-03-10 06:00:00,345.7,0.0
2026-03-10 07:00:00,492.4,108.7
2026-03-10 08:00:00,331.6,210.0
2026-03-10 09:00:00,69.0,297.0
2026-03-10 10:00:00,240.3,363.7
2026-03-10 11:00:00,274.2,405.7
2026-03-10 12:00:00,552.6,420.0
2026-03-10 13:00:00,257.4,405.7
2026-03-10 14:00:00,419.1,363.7
2026-03-10 15:00:00,301.4,297.0
2026-03-10 16:00:00,453.7,210.0
2026-03-10 17:00:00,230.3,108.7
2026-03-10 18:00:00,563.5,0.0
2026-03-10 19:00:00,101.5,0.0
2026-03-10 20:00:00,505.4,0.0
2026-03-10 21:00:00,479.5,0.0
2026-03-10 22:00:00,294.1,0.0
2026-03-10 23:00:00,419.4,0.0
2026-03-11 00:00:00,757.0,0.0
2026-03-11 01:00:00,259.8,0.0
2026-03-11 02:00:00,56.5,0.0
2026-03-11 03:00:00,345.4,0.0
2026-03-11 04:00:00,114.9,0.0
2026-03-11 05:00:00,627.4,0.0
2026-03-11 06:00:00,497.7,0.0
2026-03-11 07:00:00,276.6,108.7
2026-03-11 08:00:00,274.1,210.0
2026-03-11 09:00:00,304.5,297.0
2026-03-11 10:00:00,255.1,363.7
2026-03-11 11:00:00,626.0,405.7
2026-03-11 12:00:00,584.4,420.0
2026-03-11 13:00:00,107.4,405.7
2026-03-11 14:00:00,173.4,363.7
2026-03-11 15:00:00,333.9,297.0
2026-03-11 16:00:00,388.4,210.0
2026-03-11 17:00:00,468.6,108.7
2026-03-11 18:00:00,469.2,0.0
2026-03-11 19:00:00,417.5,0.0
2026-03-11 20:00:00,405.2,0.0
2026-03-11 21:00:00,587.3,0.0
2026-03-11 22:00:00,174.3,0.0
2026-03-11 23:00:00,585.4,0.0
2026-03-12 00:00:00,1172.8,0.0
2026-03-12 01:00:00,447.0,0.0
2026-03-12 02:00:00,425.6,0.0
2026-03-12 03:00:00,115.0,0.0
2026-03-12 04:00:00,549.1,0.0
2026-03-12 05:00:00,382.7,0.0
2026-03-12 06:00:00,378.5,0.0
2026-03-12 07:00:00,545.4,108.7
2026-03-12 08:00:00,382.8,210.0
2026-03-12 09:00:00,104.3,297.0
2026-03-12 10:00:00,75.9,363.7
2026-03-12 11:00:00,573.9,405.7
2026-03-12 12:00:00,756.8,420.0
2026-03-12 13:00:00,417.4,405.7
2026-03-12 14:00:00,163.0,363.7
2026-03-12 15:00:00,354.5,297.0
2026-03-12 16:00:00,440.9,210.0
2026-03-12 17:00:00,542.7,108.7
2026-03-12 18:00:00,377.1,0.0
2026-03-12 19:00:00,429.1,0.0
2026-03-12 20:00:00,573.3,0.0
2026-03-12 21:00:00,481.3,0.0
2026-03-12 22:00:00,309.2,0.0
2026-03-12 23:00:00,351.6,0.0
2026-03-13 00:00:00,268.4,0.0
2026-03-13 01:00:00,301.5,0.0
2026-03-13 02:00:00,422.8,0.0
2026-03-13 03:00:00,190.4,0.0
2026-03-13 04:00:00,243.1,0.0
2026-03-13 05:00:00,556.0,0.0
2026-03-13 06:00:00,553.4,0.0
2026-03-13 07:00:00,390.4,108.7
2026-03-13 08:00:00,238.1,210.0
2026-03-13 09:00:00,589.9,297.0
2026-03-13 10:00:00,72.4,363.7
2026-03-13 11:00:00,512.0,405.7
2026-03-13 12:00:00,635.4,420.0
2026-03-13 13:00:00,523.8,405.7
2026-03-13 14:00:00,426.3,363.7
2026-03-13 15:00:00,362.8,297.0
2026-03-13 16:00:00,524.4,210.0
2026-03-13 17:00:00,211.1,108.7
2026-03-13 18:00:00,347.6,0.0
2026-03-13 19:00:00,458.2,0.0
2026-03-13 20:00:00,240.4,0.0
2026-03-13 21:00:00,375.2,0.0
2026-03-13 22:00:00,295.0,0.0
2026-03-13 23:00:00,177.0,0.0
2026-03-14 00:00:00,178.5,0.0
2026-03-14 01:00:00,532.1,0.0
2026-03-14 02:00:00,352.2,0.0
2026-03-14 03:00:00,539.5,0.0
2026-03-14 04:00:00,369.8,0.0
2026-03-14 05:00:00,308.9,0.0
2026-03-14 06:00:00,621.0,0.0
2026-03-14 07:00:00,753.5,108.7
2026-03-14 08:00:00,779.2,210.0
2026-03-14 09:00:00,680.3,297.0
2026-03-14 10:00:00,331.0,363.7
2026-03-14 11:00:00,185.6,405.7
2026-03-14 12:00:00,331.0,420.0
2026-03-14 13:00:00,388.5,405.7
2026-03-14 14:00:00,422.3,363.7
2026-03-14 15:00:00,393.2,297.0
2026-03-14 16:00:00,240.8,210.0
2026-03-14 17:00:00,778.2,108.7
2026-03-14 18:00:00,240.0,0.0
2026-03-14 19:00:00,618.8,0.0
2026-03-14 20:00:00,25.2,0.0
2026-03-14 21:00:00,99.6,0.0
2026-03-14 22:00:00,602.6,0.0
2026-03-14 23:00:00,356.1,0.0
2026-03-15 00:00:00,867.2,0.0
2026-03-15 01:00:00,301.6,0.0
2026-03-15 02:00:00,491.7,0.0
2026-03-15 03:00:00,375.1,0.0
2026-03-15 04:00:00,238.5,0.0
2026-03-15 05:00:00,87.1,0.0
2026-03-15 06:00:00,386.0,0.0
2026-03-15 07:00:00,119.8,108.7
2026-03-15 08:00:00,53.9,210.0
2026-03-15 09:00:00,605.5,297.0
2026-03-15 10:00:00,213.7,363.7
2026-03-15 11:00:00,417.4,405.7
2026-03-15 12:00:00,669.1,420.0
2026-03-15 13:00:00,634.9,405.7
2026-03-15 14:00:00,365.6,363.7
2026-03-15 15:00:00,289.7,297.0
2026-03-15 16:00:00,589.2,210.0
2026-03-15 17:00:00,450.0,108.7
2026-03-15 18:00:00,255.3,0.0
2026-03-15 19:00:00,548.1,0.0
2026-03-15 20:00:00,347.9,0.0
2026-03-15 21:00:00,522.5,0.0
2026-03-15 22:00:00,522.2,0.0
2026-03-15 23:00:00,605.4,0.0
2026-03-16 00:00:00,379.7,0.0
2026-03-16 01:00:00,383.8,0.0
2026-03-16 02:00:00,274.7,0.0
2026-03-16 03:00:00,657.1,0.0
2026-03-16 04:00:00,117.6,0.0
2026-03-16 05:00:00,312.6,0.0
2026-03-16 06:00:00,430.0,0.0
2026-03-16 07:00:00,166.4,108.7
2026-03-16 08:00:00,709.1,210.0
2026-03-16 09:00:00,691.9,297.0
2026-03-16 10:00:00,723.5,363.7
2026-03-16 11:00:00,570.9,405.7
2026-03-16 12:00:00,185.4,420.0
2026-03-16 13:00:00,449.8,405.7
2026-03-16 14:00:00,115.3,363.7
2026-03-16 15:00:00,296.7,297.0
2026-03-16 16:00:00,107.2,210.0
2026-03-16 17:00:00,451.6,108.7
2026-03-16 18:00:00,115.0,0.0
2026-03-16 19:00:00,184.4,0.0
2026-03-16 20:00:00,128.2,0.0
2026-03-16 21:00:00,246.2,0.0
2026-03-16 22:00:00,217.6,0.0
2026-03-16 23:00:00,598.7,0.0
2026-03-17 00:00:00,357.6,0.0
2026-03-17 01:00:00,280.3,0.0
2026-03-17 02:00:00,217.1,0.0
2026-03-17 03:00:00,412.5,0.0
2026-03-17 04:00:00,250.4,0.0
2026-03-17 05:00:00,349.9,0.0
2026-03-17 06:00:00,368.5,0.0
2026-03-17 07:00:00,212.5,108.7
2026-03-17 08:00:00,837.8,210.0
2026-03-17 09:00:00,708.8,297.0
2026-03-17 10:00:00,202.4,363.7
2026-03-17 11:00:00,805.6,405.7
2026-03-17 12:00:00,479.0,420.0
2026-03-17 13:00:00,490.8,405.7
2026-03-17 14:00:00,436.9,363.7
2026-03-17 15:00:00,211.3,297.0
2026-03-17 16:00:00,329.0,210.0
2026-03-17 17:00:00,274.5,108.7
2026-03-17 18:00:00,138.7,0.0
2026-03-17 19:00:00,205.3,0.0
2026-03-17 20:00:00,456.9,0.0
2026-03-17 21:00:00,763.6,0.0
2026-03-17 22:00:00,87.5,0.0
2026-03-17 23:00:00,216.8,0.0
2026-03-18 00:00:00,708.7,0.0
2026-03-18 01:00:00,279.2,0.0
2026-03-18 02:00:00,427.5,0.0
2026-03-18 03:00:00,638.3,0.0
2026-03-18 04:00:00,299.3,0.0
2026-03-18 05:00:00,414.2,0.0
2026-03-18 06:00:00,447.6,0.0
2026-03-18 07:00:00,814.9,108.7
2026-03-18 08:00:00,572.4,210.0
2026-03-18 09:00:00,73.9,297.0
2026-03-18 10:00:00,583.3,363.7
2026-03-18 11:00:00,768.5,405.7
2026-03-18 12:00:00,594.1,420.0
2026-03-18 13:00:00,498.1,405.7
2026-03-18 14:00:00,413.5,363.7
2026-03-18 15:00:00,306.7,297.0
2026-03-18 16:00:00,181.2,210.0
2026-03-18 17:00:00,452.7,108.7
2026-03-18 18:00:00,282.8,0.0
2026-03-18 19:00:00,509.5,0.0
2026-03-18 20:00:00,664.9,0.0
2026-03-18 21:00:00,559.6,0.0
2026-03-18 22:00:00,329.9,0.0
2026-03-18 23:00:00,232.1,0.0
2026-03-19 00:00:00,182.7,0.0
2026-03-19 01:00:00,442.6,0.0
2026-03-19 02:00:00,258.0,0.0
2026-03-19 03:00:00,388.8,0.0
2026-03-19 04:00:00,521.6,0.0
2026-03-19 05:00:00,666.3,0.0
2026-03-19 06:00:00,751.2,0.0
2026-03-19 07:00:00,337.4,108.7
2026-03-19 08:00:00,388.5,210.0
2026-03-19 09:00:00,293.9,297.0
2026-03-19 10:00:00,568.6,363.7
2026-03-19 11:00:00,348.0,405.7
2026-03-19 12:00:00,823.8,420.0
2026-03-19 13:00:00,58.8,405.7
2026-03-19 14:00:00,523.5,363.7
2026-03-19 15:00:00,213.6,297.0
2026-03-19 16:00:00,328.9,210.0
2026-03-19 17:00:00,218.4,108.7
2026-03-19 18:00:00,499.2,0.0
2026-03-19 19:00:00,408.2,0.0
2026-03-19 20:00:00,435.1,0.0
2026-03-19 21:00:00,494.0,0.0
2026-03-19 22:00:00,344.2,0.0
2026-03-19 23:00:00,107.5,0.0
2026-03-20 00:00:00,697.0,0.0
2026-03-20 01:00:00,351.1,0.0
2026-03-20 02:00:00,111.7,0.0
2026-03-20 03:00:00,612.9,0.0
2026-03-20 04:00:00,89.7,0.0
2026-03-20 05:00:00,156.4,0.0
2026-03-20 06:00:00,244.2,0.0
2026-03-20 07:00:00,157.8,108.7
2026-03-20 08:00:00,465.9,210.0
2026-03-20 09:00:00,317.2,297.0
2026-03-20 10:00:00,522.2,363.7
2026-03-20 11:00:00,515.3,405.7
2026-03-20 12:00:00,767.1,420.0
2026-03-20 13:00:00,562.5,405.7
2026-03-20 14:00:00,657.2,363.7
2026-03-20 15:00:00,462.5,297.0
2026-03-20 16:00:00,357.4,210.0
2026-03-20 17:00:00,353.1,108.7
2026-03-20 18:00:00,207.7,0.0
2026-03-20 19:00:00,437.7,0.0
2026-03-20 20:00:00,365.8,0.0
2026-03-20 21:00:00,144.1,0.0
2026-03-20 22:00:00,97.8,0.0
2026-03-20 23:00:00,220.1,0.0
2026-03-21 00:00:00,214.2,0.0
2026-03-21 01:00:00,77.5,0.0
2026-03-21 02:00:00,327.5,0.0
2026-03-21 03:00:00,511.9,0.0
2026-03-21 04:00:00,1174.6,0.0
2026-03-21 05:00:00,387.0,0.0
2026-03-21 06:00:00,298.8,0.0
2026-03-21 07:00:00,286.0,108.7
2026-03-21 08:00:00,686.4,210.0
2026-03-21 09:00:00,312.2,297.0
2026-03-21 10:00:00,437.3,363.7
2026-03-21 11:00:00,390.4,405.7
2026-03-21 12:00:00,486.2,420.0
2026-03-21 13:00:00,160.3,405.7
2026-03-21 14:00:00,365.7,363.7
2026-03-21 15:00:00,299.9,297.0
2026-03-21 16:00:00,451.2,210.0
2026-03-21 17:00:00,373.1,108.7
2026-03-21 18:00:00,463.7,0.0
2026-03-21 19:00:00,86.4,0.0
2026-03-21 20:00:00,765.6,0.0
2026-03-21 21:00:00,244.7,0.0
2026-03-21 22:00:00,277.4,0.0
2026-03-21 23:00:00,47.7,0.0
2026-03-22 00:00:00,325.5,0.0
2026-03-22 01:00:00,385.4,0.0
2026-03-22 02:00:00,301.6,0.0
2026-03-22 03:00:00,413.2,0.0
2026-03-22 04:00:00,146.4,0.0
2026-03-22 05:00:00,531.1,0.0
2026-03-22 06:00:00,105.9,0.0
2026-03-22 07:00:00,197.6,108.7
2026-03-22 08:00:00,762.6,210.0
2026-03-22 09:00:00,666.5,297.0
2026-03-22 10:00:00,613.5,363.7
2026-03-22 11:00:00,511.4,405.7
2026-03-22 12:00:00,535.3,420.0
2026-03-22 13:00:00,472.0,405.7
2026-03-22 14:00:00,350.4,363.7
2026-03-22 15:00:00,623.2,297.0
2026-03-22 16:00:00,776.5,210.0
2026-03-22 17:00:00,416.0,108.7
2026-03-22 18:00:00,417.3,0.0
2026-03-22 19:00:00,799.7,0.0
2026-03-22 20:00:00,289.8,0.0
2026-03-22 21:00:00,700.1,0.0
2026-03-22 22:00:00,199.0,0.0
2026-03-22 23:00:00,587.2,0.0
2026-03-23 00:00:00,627.4,0.0
2026-03-23 01:00:00,178.0,0.0
2026-03-23 02:00:00,521.3,0.0
2026-03-23 03:00:00,455.1,0.0
2026-03-23 04:00:00,116.6,0.0
2026-03-23 05:00:00,389.9,0.0
2026-03-23 06:00:00,241.9,0.0
2026-03-23 07:00:00,256.6,108.7
2026-03-23 08:00:00,322.8,210.0
2026-03-23 09:00:00,249.1,297.0
2026-03-23 10:00:00,345.6,363.7
2026-03-23 11:00:00,231.0,405.7
2026-03-23 12:00:00,412.5,420.0
2026-03-23 13:00:00,301.4,405.7
2026-03-23 14:00:00,283.0,363.7
2026-03-23 15:00:00,565.6,297.0
2026-03-23 16:00:00,712.6,210.0
2026-03-23 17:00:00,60.7,108.7
2026-03-23 18:00:00,294.0,0.0
2026-03-23 19:00:00,506.4,0.0
2026-03-23 20:00:00,246.9,0.0
2026-03-23 21:00:00,180.7,0.0
2026-03-23 22:00:00,227.4,0.0
2026-03-23 23:00:00,345.1,0.0
2026-03-24 00:00:00,533.6,0.0
2026-03-24 01:00:00,566.1,0.0
2026-03-24 02:00:00,791.8,0.0
2026-03-24 03:00:00,117.3,0.0
2026-03-24 04:00:00,165.9,0.0
2026-03-24 05:00:00,145.2,0.0
2026-03-24 06:00:00,743.4,0.0
2026-03-24 07:00:00,202.1,108.7
2026-03-24 08:00:00,235.0,210.0
2026-03-24 09:00:00,286.5,297.0
2026-03-24 10:00:00,735.3,363.7
2026-03-24 11:00:00,375.1,405.7
2026-03-24 12:00:00,668.3,420.0
2026-03-24 13:00:00,218.9,405.7
2026-03-24 14:00:00,306.8,363.7
2026-03-24 15:00:00,137.9,297.0
2026-03-24 16:00:00,371.0,210.0
2026-03-24 17:00:00,341.7,108.7
2026-03-24 18:00:00,1009.3,0.0
2026-03-24 19:00:00,257.8,0.0
2026-03-24 20:00:00,255.8,0.0
2026-03-24 21:00:00,184.7,0.0
2026-03-24 22:00:00,860.3,0.0
2026-03-24 23:00:00,193.0,0.0
2026-03-25 00:00:00,363.9,0.0
2026-03-25 01:00:00,270.5,0.0
2026-03-25 02:00:00,301.3,0.0
2026-03-25 03:00:00,368.4,0.0
2026-03-25 04:00:00,646.4,0.0
2026-03-25 05:00:00,7.8,0.0
2026-03-25 06:00:00,334.4,0.0
2026-03-25 07:00:00,458.5,108.7
2026-03-25 08:00:00,605.3,210.0
2026-03-25 09:00:00,183.5,297.0
2026-03-25 10:00:00,535.3,363.7
2026-03-25 11:00:00,352.0,405.7
2026-03-25 12:00:00,159.0,420.0
2026-03-25 13:00:00,450.3,405.7
2026-03-25 14:00:00,208.1,363.7
2026-03-25 15:00:00,239.1,297.0
2026-03-25 16:00:00,303.7,210.0
2026-03-25 17:00:00,113.4,108.7
2026-03-25 18:00:00,608.5,0.0
2026-03-25 19:00:00,473.5,0.0
2026-03-25 20:00:00,747.2,0.0
2026-03-25 21:00:00,413.6,0.0
2026-03-25 22:00:00,183.1,0.0
2026-03-25 23:00:00,149.8,0.0
2026-03-26 00:00:00,177.9,0.0
2026-03-26 01:00:00,307.9,0.0
2026-03-26 02:00:00,37.5,0.0
2026-03-26 03:00:00,312.7,0.0
2026-03-26 04:00:00,968.5,0.0
2026-03-26 05:00:00,758.8,0.0
2026-03-26 06:00:00,702.4,0.0
2026-03-26 07:00:00,52.2,108.7
2026-03-26 08:00:00,835.9,210.0
2026-03-26 09:00:00,303.2,297.0
2026-03-26 10:00:00,136.8,363.7
2026-03-26 11:00:00,650.2,405.7
2026-03-26 12:00:00,621.6,420.0
2026-03-26 13:00:00,288.3,405.7
2026-03-26 14:00:00,419.7,363.7
2026-03-26 15:00:00,194.4,297.0
2026-03-26 16:00:00,165.7,210.0
2026-03-26 17:00:00,418.8,108.7
2026-03-26 18:00:00,874.3,0.0
2026-03-26 19:00:00,908.5,0.0
2026-03-26 20:00:00,634.6,0.0
2026-03-26 21:00:00,297.4,0.0
2026-03-26 22:00:00,419.1,0.0
2026-03-26 23:00:00,244.8,0.0
2026-03-27 00:00:00,530.2,0.0
2026-03-27 01:00:00,124.1,0.0
2026-03-27 02:00:00,449.2,0.0
2026-03-27 03:00:00,228.7,0.0
2026-03-27 04:00:00,490.1,0.0
2026-03-27 05:00:00,117.9,0.0
2026-03-27 06:00:00,700.0,0.0
2026-03-27 07:00:00,465.5,108.7
2026-03-27 08:00:00,379.7,210.0
2026-03-27 09:00:00,167.0,297.0
2026-03-27 10:00:00,277.9,363.7
2026-03-27 11:00:00,636.5,405.7
2026-03-27 12:00:00,208.4,420.0
2026-03-27 13:00:00,685.6,405.7
2026-03-27 14:00:00,334.6,363.7
2026-03-27 15:00:00,237.1,297.0
2026-03-27 16:00:00,284.2,210.0
2026-03-27 17:00:00,670.6,108.7
2026-03-27 18:00:00,534.1,0.0
2026-03-27 19:00:00,750.2,0.0
2026-03-27 20:00:00,629.1,0.0
2026-03-27 21:00:00,453.2,0.0
2026-03-27 22:00:00,108.0,0.0
2026-03-27 23:00:00,388.6,0.0
2026-03-28 00:00:00,131.0,0.0
2026-03-28 01:00:00,189.9,0.0
2026-03-28 02:00:00,72.8,0.0
2026-03-28 03:00:00,358.7,0.0
2026-03-28 04:00:00,155.4,0.0
2026-03-28 05:00:00,337.7,0.0
2026-03-28 06:00:00,385.0,0.0
2026-03-28 07:00:00,780.9,108.7
2026-03-28 08:00:00,39.3,210.0
2026-03-28 09:00:00,309.9,297.0
2026-03-28 10:00:00,398.2,363.7
2026-03-28 11:00:00,244.8,405.7
2026-03-28 12:00:00,178.9,420.0
2026-03-28 13:00:00,195.2,405.7
2026-03-28 14:00:00,416.4,363.7
2026-03-28 15:00:00,538.5,297.0
2026-03-28 16:00:00,309.7,210.0
2026-03-28 17:00:00,612.6,108.7
2026-03-28 18:00:00,365.0,0.0
2026-03-28 19:00:00,187.2,0.0
2026-03-28 20:00:00,335.2,0.0
2026-03-28 21:00:00,215.6,0.0
2026-03-28 22:00:00,313.8,0.0
2026-03-28 23:00:00,576.7,0.0
2026-03-29 00:00:00,266.5,0.0
2026-03-29 01:00:00,168.9,0.0
2026-03-29 02:00:00,326.0,0.0
2026-03-29 03:00:00,413.2,0.0
2026-03-29 04:00:00,50.0,0.0
2026-03-29 05:00:00,615.0,0.0
2026-03-29 06:00:00,400.4,0.0
2026-03-29 07:00:00,635.5,108.7
2026-03-29 08:00:00,892.5,210.0
2026-03-29 09:00:00,478.9,297.0
2026-03-29 10:00:00,468.4,363.7
2026-03-29 11:00:00,285.8,405.7
2026-03-29 12:00:00,384.3,420.0
2026-03-29 13:00:00,198.5,405.7
2026-03-29 14:00:00,119.3,363.7
2026-03-29 15:00:00,650.4,297.0
2026-03-29 16:00:00,364.3,210.0
2026-03-29 17:00:00,455.8,108.7
2026-03-29 18:00:00,407.0,0.0
2026-03-29 19:00:00,323.2,0.0
2026-03-29 20:00:00,484.8,0.0
2026-03-29 21:00:00,347.3,0.0
2026-03-29 22:00:00,447.9,0.0
2026-03-29 23:00:00,408.1,0.0
2026-03-30 00:00:00,401.2,0.0
2026-03-30 01:00:00,304.8,0.0
2026-03-30 02:00:00,525.8,0.0
2026-03-30 03:00:00,460.3,0.0
2026-03-30 04:00:00,347.9,0.0
2026-03-30 05:00:00,697.8,0.0
2026-03-30 06:00:00,328.4,0.0
2026-03-30 07:00:00,457.2,108.7
2026-03-30 08:00:00,54.0,210.0
2026-03-30 09:00:00,404.2,297.0
2026-03-30 10:00:00,148.7,363.7
2026-03-30 11:00:00,267.8,405.7
2026-03-30 12:00:00,500.4,420.0
2026-03-30 13:00:00,714.2,405.7
2026-03-30 14:00:00,645.8,363.7
2026-03-30 15:00:00,285.4,297.0
2026-03-30 16:00:00,450.9,210.0
2026-03-30 17:00:00,417.3,108.7
2026-03-30 18:00:00,229.3,0.0
2026-03-30 19:00:00,641.3,0.0
2026-03-30 20:00:00,491.7,0.0
2026-03-30 21:00:00,316.7,0.0
2026-03-30 22:00:00,580.9,0.0
2026-03-30 23:00:00,136.1,0.0
2026-03-31 00:00:00,169.1,0.0
2026-03-31 01:00:00,174.5,0.0
2026-03-31 02:00:00,414.5,0.0
2026-03-31 03:00:00,404.4,0.0
2026-03-31 04:00:00,345.0,0.0
2026-03-31 05:00:00,492.2,0.0
2026-03-31 06:00:00,421.0,0.0
2026-03-31 07:00:00,352.5,108.7
2026-03-31 08:00:00,223.1,210.0
2026-03-31 09:00:00,818.3,297.0
2026-03-31 10:00:00,359.9,363.7
2026-03-31 11:00:00,367.4,405.7
2026-03-31 12:00:00,130.4,420.0
2026-03-31 13:00:00,278.0,405.7
2026-03-31 14:00:00,171.8,363.7
2026-03-31 15:00:00,817.1,297.0
2026-03-31 16:00:00,189.7,210.0
2026-03-31 17:00:00,248.8,108.7
2026-03-31 18:00:00,460.7,0.0
2026-03-31 19:00:00,230.3,0.0
2026-03-31 20:00:00,363.9,0.0
2026-03-31 21:00:00,683.2,0.0
2026-03-31 22:00:00,241.7,0.0
2026-03-31 23:00:00,495.4,0.0
2026-04-01 00:00:00,663.7,0.0
2026-04-01 01:00:00,382.1,0.0
2026-04-01 02:00:00,412.0,0.0
2026-04-01 03:00:00,232.3,0.0
2026-04-01 04:00:00,136.2,0.0
2026-04-01 05:00:00,328.5,0.0
2026-04-01 06:00:00,759.8,0.0
2026-04-01 07:00:00,478.5,108.7
2026-04-01 08:00:00,681.2,210.0
2026-04-01 09:00:00,94.9,297.0
2026-04-01 10:00:00,877.6,363.7
2026-04-01 11:00:00,319.2,405.7
2026-04-01 12:00:00,646.4,420.0
2026-04-01 13:00:00,473.0,405.7
2026-04-01 14:00:00,342.3,363.7
2026-04-01 15:00:00,134.9,297.0
2026-04-01 16:00:00,450.6,210.0
2026-04-01 17:00:00,150.4,108.7
2026-04-01 18:00:00,569.3,0.0
2026-04-01 19:00:00,237.6,0.0
2026-04-01 20:00:00,174.5,0.0
2026-04-01 21:00:00,193.6,0.0
2026-04-01 22:00:00,294.0,0.0
2026-04-01 23:00:00,75.3,0.0
2026-04-02 00:00:00,348.0,0.0
2026-04-02 01:00:00,309.7,0.0
2026-04-02 02:00:00,271.9,0.0
2026-04-02 03:00:00,254.3,0.0
2026-04-02 04:00:00,558.8,0.0
2026-04-02 05:00:00,249.0,0.0
2026-04-02 06:00:00,508.1,0.0
2026-04-02 07:00:00,163.0,181.2
2026-04-02 08:00:00,203.6,350.0
2026-04-02 09:00:00,595.7,495.0
2026-04-02 10:00:00,515.6,606.2
2026-04-02 11:00:00,320.2,676.1
2026-04-02 12:00:00,358.7,700.0
2026-04-02 13:00:00,578.0,676.1
2026-04-02 14:00:00,368.7,606.2
2026-04-02 15:00:00,290.6,495.0
2026-04-02 16:00:00,601.7,350.0
2026-04-02 17:00:00,300.4,181.2
2026-04-02 18:00:00,175.1,0.0
2026-04-02 19:00:00,280.2,0.0
2026-04-02 20:00:00,319.3,0.0
2026-04-02 21:00:00,710.2,0.0
2026-04-02 22:00:00,338.6,0.0
2026-04-02 23:00:00,440.2,0.0
2026-04-03 00:00:00,548.7,0.0
2026-04-03 01:00:00,780.5,0.0
2026-04-03 02:00:00,366.2,0.0
2026-04-03 03:00:00,330.7,0.0
2026-04-03 04:00:00,552.1,0.0
2026-04-03 05:00:00,272.9,0.0
2026-04-03 06:00:00,248.9,0.0
2026-04-03 07:00:00,159.2,181.2
2026-04-03 08:00:00,398.0,350.0
2026-04-03 09:00:00,342.6,495.0
2026-04-03 10:00:00,109.5,606.2
2026-04-03 11:00:00,342.1,676.1
2026-04-03 12:00:00,37.6,700.0
2026-04-03 13:00:00,516.0,676.1
2026-04-03 14:00:00,487.7,606.2
2026-04-03 15:00:00,263.9,495.0
2026-04-03 16:00:00,899.4,350.0
2026-04-03 17:00:00,860.5,181.2
2026-04-03 18:00:00,304.5,0.0
2026-04-03 19:00:00,474.5,0.0
2026-04-03 20:00:00,128.6,0.0
2026-04-03 21:00:00,566.0,0.0
2026-04-03 22:00:00,181.1,0.0
2026-04-03 23:00:00,221.8,0.0
2026-04-04 00:00:00,720.4,0.0
2026-04-04 01:00:00,423.1,0.0
2026-04-04 02:00:00,406.4,0.0
2026-04-04 03:00:00,190.5,0.0
2026-04-04 04:00:00,345.7,0.0
2026-04-04 05:00:00,450.0,0.0
2026-04-04 06:00:00,543.4,0.0
2026-04-04 07:00:00,476.9,181.2
2026-04-04 08:00:00,598.5,350.0
2026-04-04 09:00:00,207.3,495.0
2026-04-04 10:00:00,97.6,606.2
2026-04-04 11:00:00,544.4,676.1
2026-04-04 12:00:00,21.9,700.0
2026-04-04 13:00:00,863.3,676.1
2026-04-04 14:00:00,359.3,606.2
2026-04-04 15:00:00,146.3,495.0
2026-04-04 16:00:00,220.8,350.0
2026-04-04 17:00:00,753.3,181.2
2026-04-04 18:00:00,136.1,0.0
2026-04-04 19:00:00,236.5,0.0
2026-04-04 20:00:00,256.5,0.0
2026-04-04 21:00:00,202.3,0.0
2026-04-04 22:00:00,46.9,0.0
2026-04-04 23:00:00,185.0,0.0
2026-04-05 00:00:00,591.3,0.0
2026-04-05 01:00:00,503.8,0.0
2026-04-05 02:00:00,513.5,0.0
2026-04-05 03:00:00,852.4,0.0
2026-04-05 04:00:00,293.8,0.0
2026-04-05 05:00:00,342.1,0.0
2026-04-05 06:00:00,439.7,0.0
2026-04-05 07:00:00,627.7,181.2
2026-04-05 08:00:00,450.1,350.0
2026-04-05 09:00:00,169.3,495.0
2026-04-05 10:00:00,391.8,606.2
2026-04-05 11:00:00,484.1,676.1
2026-04-05 12:00:00,375.6,700.0
2026-04-05 13:00:00,399.0,676.1
2026-04-05 14:00:00,177.8,606.2
2026-04-05 15:00:00,247.2,495.0
2026-04-05 16:00:00,468.2,350.0
2026-04-05 17:00:00,757.1,181.2
2026-04-05 18:00:00,344.8,0.0
2026-04-05 19:00:00,976.2,0.0
2026-04-05 20:00:00,423.7,0.0
2026-04-05 21:00:00,586.7,0.0
2026-04-05 22:00:00,210.7,0.0
2026-04-05 23:00:00,233.6,0.0
2026-04-06 00:00:00,617.8,0.0
2026-04-06 01:00:00,287.5,0.0
2026-04-06 02:00:00,358.4,0.0
2026-04-06 03:00:00,366.2,0.0
2026-04-06 04:00:00,407.6,0.0
2026-04-06 05:00:00,344.0,0.0
2026-04-06 06:00:00,569.7,0.0
2026-04-06 07:00:00,460.7,181.2
2026-04-06 08:00:00,550.7,350.0
2026-04-06 09:00:00,371.2,495.0
2026-04-06 10:00:00,765.2,606.2
2026-04-06 11:00:00,492.3,676.1
2026-04-06 12:00:00,400.5,700.0
2026-04-06 13:00:00,468.4,676.1
2026-04-06 14:00:00,511.9,606.2
2026-04-06 15:00:00,204.9,495.0
2026-04-06 16:00:00,666.5,350.0
2026-04-06 17:00:00,967.5,181.2
2026-04-06 18:00:00,231.0,0.0
2026-04-06 19:00:00,359.7,0.0
2026-04-06 20:00:00,369.4,0.0
2026-04-06 21:00:00,353.4,0.0
2026-04-06 22:00:00,751.0,0.0
2026-04-06 23:00:00,1023.3,0.0
2026-04-07 00:00:00,191.5,0.0
2026-04-07 01:00:00,190.4,0.0
2026-04-07 02:00:00,316.4,0.0
2026-04-07 03:00:00,370.3,0.0
2026-04-07 04:00:00,193.0,0.0
2026-04-07 05:00:00,76.3,0.0
2026-04-07 06:00:00,134.3,0.0
2026-04-07 07:00:00,578.0,181.2
2026-04-07 08:00:00,201.1,350.0
2026-04-07 09:00:00,715.3,495.0
2026-04-07 10:00:00,371.9,606.2
2026-04-07 11:00:00,367.5,676.1
2026-04-07 12:00:00,202.9,700.0
2026-04-07 13:00:00,338.2,676.1
2026-04-07 14:00:00,303.7,606.2
2026-04-07 15:00:00,335.7,495.0
2026-04-07 16:00:00,608.5,350.0
2026-04-07 17:00:00,730.3,181.2
2026-04-07 18:00:00,450.1,0.0
2026-04-07 19:00:00,347.8,0.0
2026-04-07 20:00:00,522.6,0.0
2026-04-07 21:00:00,238.1,0.0
2026-04-07 22:00:00,628.8,0.0
2026-04-07 23:00:00,410.8,0.0
2026-04-08 00:00:00,503.1,0.0
2026-04-08 01:00:00,276.1,0.0
2026-04-08 02:00:00,333.0,0.0
2026-04-08 03:00:00,580.6,0.0
2026-04-08 04:00:00,458.8,0.0
2026-04-08 05:00:00,227.2,0.0
2026-04-08 06:00:00,526.0,0.0
2026-04-08 07:00:00,470.2,181.2
2026-04-08 08:00:00,309.1,350.0
2026-04-08 09:00:00,363.6,495.0
2026-04-08 10:00:00,224.1,606.2
2026-04-08 11:00:00,187.5,676.1
2026-04-08 12:00:00,557.6,700.0
2026-04-08 13:00:00,479.9,676.1
2026-04-08 14:00:00,235.6,606.2
2026-04-08 15:00:00,894.4,495.0
2026-04-08 16:00:00,139.9,350.0
2026-04-08 17:00:00,169.7,181.2
2026-04-08 18:00:00,148.1,0.0
2026-04-08 19:00:00,685.2,0.0
2026-04-08 20:00:00,396.8,0.0
2026-04-08 21:00:00,484.4,0.0
2026-04-08 22:00:00,129.9,0.0
2026-04-08 23:00:00,322.7,0.0
2026-04-09 00:00:00,595.7,0.0
2026-04-09 01:00:00,173.1,0.0
2026-04-09 02:00:00,242.6,0.0
2026-04-09 03:00:00,260.5,0.0
2026-04-09 04:00:00,368.0,0.0
2026-04-09 05:00:00,284.2,0.0
2026-04-09 06:00:00,942.6,0.0
2026-04-09 07:00:00,190.9,181.2
2026-04-09 08:00:00,324.4,350.0
2026-04-09 09:00:00,363.7,495.0
2026-04-09 10:00:00,141.1,606.2
2026-04-09 11:00:00,333.5,676.1
2026-04-09 12:00:00,173.7,700.0
2026-04-09 13:00:00,446.6,676.1
2026-04-09 14:00:00,222.9,606.2
2026-04-09 15:00:00,103.5,495.0
2026-04-09 16:00:00,510.5,350.0
2026-04-09 17:00:00,402.2,181.2
2026-04-09 18:00:00,279.0,0.0
2026-04-09 19:00:00,171.8,0.0
2026-04-09 20:00:00,308.0,0.0
2026-04-09 21:00:00,116.0,0.0
2026-04-09 22:00:00,329.8,0.0
2026-04-09 23:00:00,582.1,0.0
2026-04-10 00:00:00,777.4,0.0
2026-04-10 01:00:00,742.7,0.0
2026-04-10 02:00:00,298.4,0.0
2026-04-10 03:00:00,394.2,0.0
2026-04-10 04:00:00,392.0,0.0
2026-04-10 05:00:00,570.2,0.0
2026-04-10 06:00:00,974.4,0.0
2026-04-10 07:00:00,64.2,181.2
2026-04-10 08:00:00,158.8,350.0
2026-04-10 09:00:00,363.8,495.0
2026-04-10 10:00:00,225.2,606.2
2026-04-10 11:00:00,334.3,676.1
2026-04-10 12:00:00,586.2,700.0
2026-04-10 13:00:00,599.9,676.1
2026-04-10 14:00:00,402.5,606.2
2026-04-10 15:00:00,383.1,495.0
2026-04-10 16:00:00,491.2,350.0
2026-04-10 17:00:00,265.0,181.2
2026-04-10 18:00:00,187.7,0.0
2026-04-10 19:00:00,223.0,0.0
2026-04-10 20:00:00,713.0,0.0
2026-04-10 21:00:00,122.8,0.0
2026-04-10 22:00:00,82.3,0.0
2026-04-10 23:00:00,641.0,0.0
2026-04-11 00:00:00,480.2,0.0
2026-04-11 01:00:00,562.4,0.0
2026-04-11 02:00:00,289.5,0.0
2026-04-11 03:00:00,146.3,0.0
2026-04-11 04:00:00,318.0,0.0
2026-04-11 05:00:00,80.6,0.0
2026-04-11 06:00:00,278.1,0.0
2026-04-11 07:00:00,473.9,181.2
2026-04-11 08:00:00,404.5,350.0
2026-04-11 09:00:00,132.1,495.0
2026-04-11 10:00:00,496.2,606.2
2026-04-11 11:00:00,451.6,676.1
2026-04-11 12:00:00,230.6,700.0
2026-04-11 13:00:00,341.7,676.1
2026-04-11 14:00:00,287.6,606.2
2026-04-11 15:00:00,280.5,495.0
2026-04-11 16:00:00,542.7,350.0
2026-04-11 17:00:00,294.5,181.2
2026-04-11 18:00:00,295.0,0.0
2026-04-11 19:00:00,166.6,0.0
2026-04-11 20:00:00,448.2,0.0
2026-04-11 21:00:00,285.4,0.0
2026-04-11 22:00:00,298.8,0.0
2026-04-11 23:00:00,423.2,0.0
2026-04-12 00:00:00,670.3,0.0
2026-04-12 01:00:00,496.0,0.0
2026-04-12 02:00:00,90.1,0.0
2026-04-12 03:00:00,404.4,0.0
2026-04-12 04:00:00,186.7,0.0
2026-04-12 05:00:00,154.6,0.0
2026-04-12 06:00:00,312.8,0.0
2026-04-12 07:00:00,175.5,181.2
2026-04-12 08:00:00,252.6,350.0
2026-04-12 09:00:00,674.9,495.0
2026-04-12 10:00:00,641.9,606.2
2026-04-12 11:00:00,171.7,676.1
2026-04-12 12:00:00,498.5,700.0
2026-04-12 13:00:00,367.2,676.1
2026-04-12 14:00:00,107.9,606.2
2026-04-12 15:00:00,188.6,495.0
2026-04-12 16:00:00,387.9,350.0
2026-04-12 17:00:00,265.1,181.2
2026-04-12 18:00:00,587.1,0.0
2026-04-12 19:00:00,424.4,0.0
2026-04-12 20:00:00,416.4,0.0
2026-04-12 21:00:00,120.2,0.0
2026-04-12 22:00:00,738.4,0.0
2026-04-12 23:00:00,741.1,0.0
2026-04-13 00:00:00,56.2,0.0
2026-04-13 01:00:00,358.3,0.0
2026-04-13 02:00:00,326.8,0.0
2026-04-13 03:00:00,481.9,0.0
2026-04-13 04:00:00,345.1,0.0
2026-04-13 05:00:00,398.3,0.0
2026-04-13 06:00:00,598.7,0.0
2026-04-13 07:00:00,144.6,181.2
2026-04-13 08:00:00,733.2,350.0
2026-04-13 09:00:00,442.0,495.0
2026-04-13 10:00:00,302.4,606.2
2026-04-13 11:00:00,662.7,676.1
2026-04-13 12:00:00,458.3,700.0
2026-04-13 13:00:00,281.3,676.1
2026-04-13 14:00:00,288.0,606.2
2026-04-13 15:00:00,49.8,495.0
2026-04-13 16:00:00,500.8,350.0
2026-04-13 17:00:00,448.5,181.2
2026-04-13 18:00:00,242.9,0.0
2026-04-13 19:00:00,836.6,0.0
2026-04-13 20:00:00,135.2,0.0
2026-04-13 21:00:00,223.6,0.0
2026-04-13 22:00:00,304.0,0.0
2026-04-13 23:00:00,328.8,0.0
2026-04-14 00:00:00,349.4,0.0
2026-04-14 01:00:00,307.1,0.0
2026-04-14 02:00:00,462.4,0.0
2026-04-14 03:00:00,124.6,0.0
2026-04-14 04:00:00,248.7,0.0
2026-04-14 05:00:00,465.3,0.0
2026-04-14 06:00:00,486.6,0.0
2026-04-14 07:00:00,491.6,181.2
2026-04-14 08:00:00,86.9,350.0
2026-04-14 09:00:00,243.6,495.0
2026-04-14 10:00:00,566.2,606.2
2026-04-14 11:00:00,279.5,676.1
2026-04-14 12:00:00,463.0,700.0
2026-04-14 13:00:00,508.5,676.1
2026-04-14 14:00:00,879.8,606.2
2026-04-14 15:00:00,192.6,495.0
2026-04-14 16:00:00,288.2,350.0
2026-04-14 17:00:00,173.7,181.2
2026-04-14 18:00:00,1002.7,0.0
2026-04-14 19:00:00,473.8,0.0
2026-04-14 20:00:00,825.9,0.0
2026-04-14 21:00:00,498.5,0.0
2026-04-14 22:00:00,222.5,0.0
2026-04-14 23:00:00,189.5,0.0
2026-04-15 00:00:00,389.5,0.0
2026-04-15 01:00:00,378.3,0.0
2026-04-15 02:00:00,396.7,0.0
2026-04-15 03:00:00,480.2,0.0
2026-04-15 04:00:00,579.7,0.0
2026-04-15 05:00:00,110.7,0.0
2026-04-15 06:00:00,155.6,0.0
2026-04-15 07:00:00,466.5,181.2
2026-04-15 08:00:00,429.0,350.0
2026-04-15 09:00:00,557.6,495.0
2026-04-15 10:00:00,594.2,606.2
2026-04-15 11:00:00,230.2,676.1
2026-04-15 12:00:00,39.7,700.0
2026-04-15 13:00:00,599.8,676.1
2026-04-15 14:00:00,847.8,606.2
2026-04-15 15:00:00,434.7,495.0
2026-04-15 16:00:00,58.0,350.0
2026-04-15 17:00:00,613.6,181.2
2026-04-15 18:00:00,443.3,0.0
2026-04-15 19:00:00,256.3,0.0
2026-04-15 20:00:00,424.3,0.0
2026-04-15 21:00:00,392.8,0.0
2026-04-15 22:00:00,692.6,0.0
2026-04-15 23:00:00,152.6,0.0
2026-04-16 00:00:00,599.2,0.0
2026-04-16 01:00:00,206.4,0.0
2026-04-16 02:00:00,695.3,0.0
2026-04-16 03:00:00,558.6,0.0
2026-04-16 04:00:00,208.9,0.0
2026-04-16 05:00:00,649.6,0.0
2026-04-16 06:00:00,249.7,0.0
2026-04-16 07:00:00,612.3,181.2
2026-04-16 08:00:00,470.1,350.0
2026-04-16 09:00:00,602.0,495.0
2026-04-16 10:00:00,395.5,606.2
2026-04-16 11:00:00,312.8,676.1
2026-04-16 12:00:00,537.6,700.0
2026-04-16 13:00:00,243.0,676.1
2026-04-16 14:00:00,847.6,606.2
2026-04-16 15:00:00,623.5,495.0
2026-04-16 16:00:00,310.3,350.0
2026-04-16 17:00:00,542.0,181.2
2026-04-16 18:00:00,210.3,0.0
2026-04-16 19:00:00,58.6,0.0
2026-04-16 20:00:00,372.4,0.0
2026-04-16 21:00:00,772.9,0.0
2026-04-16 22:00:00,536.6,0.0
2026-04-16 23:00:00,463.4,0.0
2026-04-17 00:00:00,255.8,0.0
2026-04-17 01:00:00,262.4,0.0
2026-04-17 02:00:00,131.8,0.0
2026-04-17 03:00:00,866.9,0.0
2026-04-17 04:00:00,181.1,0.0
2026-04-17 05:00:00,279.4,0.0
2026-04-17 06:00:00,500.6,0.0
2026-04-17 07:00:00,448.0,181.2
2026-04-17 08:00:00,219.7,350.0
2026-04-17 09:00:00,308.4,495.0
2026-04-17 10:00:00,79.0,606.2
2026-04-17 11:00:00,313.2,676.1
2026-04-17 12:00:00,190.7,700.0
2026-04-17 13:00:00,394.5,676.1
2026-04-17 14:00:00,438.4,606.2
2026-04-17 15:00:00,693.7,495.0
2026-04-17 16:00:00,585.0,350.0
2026-04-17 17:00:00,166.0,181.2
2026-04-17 18:00:00,362.4,0.0
2026-04-17 19:00:00,464.0,0.0
2026-04-17 20:00:00,627.0,0.0
2026-04-17 21:00:00,423.1,0.0
2026-04-17 22:00:00,326.9,0.0
2026-04-17 23:00:00,523.1,0.0
2026-04-18 00:00:00,709.4,0.0
2026-04-18 01:00:00,291.4,0.0
2026-04-18 02:00:00,257.6,0.0
2026-04-18 03:00:00,678.7,0.0
2026-04-18 04:00:00,487.4,0.0
2026-04-18 05:00:00,355.7,0.0
2026-04-18 06:00:00,387.1,0.0
2026-04-18 07:00:00,280.3,181.2
2026-04-18 08:00:00,295.5,350.0
2026-04-18 09:00:00,410.9,495.0
2026-04-18 10:00:00,131.9,606.2
2026-04-18 11:00:00,681.0,676.1
2026-04-18 12:00:00,127.6,700.0
2026-04-18 13:00:00,810.1,676.1
2026-04-18 14:00:00,892.7,606.2
2026-04-18 15:00:00,625.4,495.0
2026-04-18 16:00:00,566.5,350.0
2026-04-18 17:00:00,279.9,181.2
2026-04-18 18:00:00,280.4,0.0
2026-04-18 19:00:00,449.6,0.0
2026-04-18 20:00:00,389.9,0.0
2026-04-18 21:00:00,720.4,0.0
2026-04-18 22:00:00,685.6,0.0
2026-04-18 23:00:00,337.7,0.0
2026-04-19 00:00:00,468.8,0.0
2026-04-19 01:00:00,180.7,0.0
2026-04-19 02:00:00,315.8,0.0
2026-04-19 03:00:00,379.1,0.0
2026-04-19 04:00:00,322.0,0.0
2026-04-19 05:00:00,505.1,0.0
2026-04-19 06:00:00,522.8,0.0
2026-04-19 07:00:00,404.6,181.2
2026-04-19 08:00:00,520.4,350.0
2026-04-19 09:00:00,513.5,495.0
2026-04-19 10:00:00,364.0,606.2
2026-04-19 11:00:00,852.7,676.1
2026-04-19 12:00:00,318.1,700.0
2026-04-19 13:00:00,331.9,676.1
2026-04-19 14:00:00,588.9,606.2
2026-04-19 15:00:00,836.7,495.0
2026-04-19 16:00:00,684.6,350.0
2026-04-19 17:00:00,504.7,181.2
2026-04-19 18:00:00,689.8,0.0
2026-04-19 19:00:00,530.6,0.0
2026-04-19 20:00:00,586.4,0.0
2026-04-19 21:00:00,88.5,0.0
2026-04-19 22:00:00,665.4,0.0
2026-04-19 23:00:00,626.6,0.0
2026-04-20 00:00:00,421.7,0.0
2026-04-20 01:00:00,763.1,0.0
2026-04-20 02:00:00,182.2,0.0
2026-04-20 03:00:00,247.1,0.0
2026-04-20 04:00:00,384.3,0.0
2026-04-20 05:00:00,759.3,0.0
2026-04-20 06:00:00,551.9,0.0
2026-04-20 07:00:00,313.9,181.2
2026-04-20 08:00:00,717.4,350.0
2026-04-20 09:00:00,236.9,495.0
2026-04-20 10:00:00,398.3,606.2
2026-04-20 11:00:00,251.3,676.1
2026-04-20 12:00:00,521.7,700.0
2026-04-20 13:00:00,422.5,676.1
2026-04-20 14:00:00,336.7,606.2
2026-04-20 15:00:00,472.0,495.0
2026-04-20 16:00:00,628.7,350.0
2026-04-20 17:00:00,141.1,181.2
2026-04-20 18:00:00,853.2,0.0
2026-04-20 19:00:00,172.2,0.0
2026-04-20 20:00:00,331.7,0.0
2026-04-20 21:00:00,106.9,0.0
2026-04-20 22:00:00,485.5,0.0
2026-04-20 23:00:00,59.4,0.0
2026-04-21 00:00:00,415.0,0.0
2026-04-21 01:00:00,717.4,0.0
2026-04-21 02:00:00,309.6,0.0
2026-04-21 03:00:00,770.8,0.0
2026-04-21 04:00:00,495.0,0.0
2026-04-21 05:00:00,491.4,0.0
2026-04-21 06:00:00,41.5,0.0
2026-04-21 07:00:00,77.5,181.2
2026-04-21 08:00:00,52.4,350.0
2026-04-21 09:00:00,536.4,495.0
2026-04-21 10:00:00,320.9,606.2
2026-04-21 11:00:00,221.7,676.1
2026-04-21 12:00:00,505.7,700.0
2026-04-21 13:00:00,309.7,676.1
2026-04-21 14:00:00,531.4,606.2
2026-04-21 15:00:00,372.3,495.0
2026-04-21 16:00:00,462.8,350.0
2026-04-21 17:00:00,507.6,181.2
2026-04-21 18:00:00,328.3,0.0
2026-04-21 19:00:00,341.3,0.0
2026-04-21 20:00:00,144.2,0.0
2026-04-21 21:00:00,452.8,0.0
2026-04-21 22:00:00,495.6,0.0
2026-04-21 23:00:00,571.2,0.0
2026-04-22 00:00:00,459.3,0.0
2026-04-22 01:00:00,224.5,0.0
2026-04-22 02:00:00,599.8,0.0
2026-04-22 03:00:00,568.5,0.0
2026-04-22 04:00:00,140.2,0.0
2026-04-22 05:00:00,575.8,0.0
2026-04-22 06:00:00,401.4,0.0
2026-04-22 07:00:00,213.1,181.2
2026-04-22 08:00:00,620.7,350.0
2026-04-22 09:00:00,638.2,495.0
2026-04-22 10:00:00,223.3,606.2
2026-04-22 11:00:00,152.1,676.1
2026-04-22 12:00:00,572.5,700.0
2026-04-22 13:00:00,180.8,676.1
2026-04-22 14:00:00,480.4,606.2
2026-04-22 15:00:00,816.3,495.0
2026-04-22 16:00:00,757.2,350.0
2026-04-22 17:00:00,304.1,181.2
2026-04-22 18:00:00,592.1,0.0
2026-04-22 19:00:00,507.0,0.0
2026-04-22 20:00:00,957.2,0.0
2026-04-22 21:00:00,329.9,0.0
2026-04-22 22:00:00,845.2,0.0
2026-04-22 23:00:00,700.8,0.0
2026-04-23 00:00:00,405.9,0.0
2026-04-23 01:00:00,535.2,0.0
2026-04-23 02:00:00,1036.3,0.0
2026-04-23 03:00:00,288.6,0.0
2026-04-23 04:00:00,70.8,0.0
2026-04-23 05:00:00,319.6,0.0
2026-04-23 06:00:00,541.1,0.0
2026-04-23 07:00:00,241.2,181.2
2026-04-23 08:00:00,411.5,350.0
2026-04-23 09:00:00,280.5,495.0
2026-04-23 10:00:00,347.2,606.2
2026-04-23 11:00:00,505.9,676.1
2026-04-23 12:00:00,144.9,700.0
2026-04-23 13:00:00,265.3,676.1
2026-04-23 14:00:00,81.7,606.2
2026-04-23 15:00:00,281.2,495.0
2026-04-23 16:00:00,340.8,350.0
2026-04-23 17:00:00,532.2,181.2
2026-04-23 18:00:00,226.7,0.0
2026-04-23 19:00:00,411.0,0.0
2026-04-23 20:00:00,724.3,0.0
2026-04-23 21:00:00,509.2,0.0
2026-04-23 22:00:00,26.3,0.0
2026-04-23 23:00:00,504.1,0.0
2026-04-24 00:00:00,85.4,0.0
2026-04-24 01:00:00,462.1,0.0
2026-04-24 02:00:00,252.2,0.0
2026-04-24 03:00:00,844.5,0.0
2026-04-24 04:00:00,321.8,0.0
2026-04-24 05:00:00,453.7,0.0
2026-04-24 06:00:00,581.1,0.0
2026-04-24 07:00:00,290.8,181.2
2026-04-24 08:00:00,677.4,350.0
2026-04-24 09:00:00,419.6,495.0
2026-04-24 10:00:00,610.4,606.2
2026-04-24 11:00:00,432.6,676.1
2026-04-24 12:00:00,415.7,700.0
2026-04-24 13:00:00,146.7,676.1
2026-04-24 14:00:00,1035.9,606.2
2026-04-24 15:00:00,369.5,495.0
2026-04-24 16:00:00,422.7,350.0
2026-04-24 17:00:00,541.6,181.2
2026-04-24 18:00:00,149.9,0.0
2026-04-24 19:00:00,314.0,0.0
2026-04-24 20:00:00,392.5,0.0
2026-04-24 21:00:00,33.3,0.0
2026-04-24 22:00:00,191.8,0.0
2026-04-24 23:00:00,760.2,0.0
2026-04-25 00:00:00,150.9,0.0
2026-04-25 01:00:00,244.8,0.0
2026-04-25 02:00:00,685.3,0.0
2026-04-25 03:00:00,695.8,0.0
2026-04-25 04:00:00,208.7,0.0
2026-04-25 05:00:00,168.3,0.0
2026-04-25 06:00:00,47.4,0.0
2026-04-25 07:00:00,192.9,181.2
2026-04-25 08:00:00,260.3,350.0
2026-04-25 09:00:00,350.8,495.0
2026-04-25 10:00:00,383.4,606.2
2026-04-25 11:00:00,297.2,676.1
2026-04-25 12:00:00,664.6,700.0
2026-04-25 13:00:00,435.5,676.1
2026-04-25 14:00:00,320.9,606.2
2026-04-25 15:00:00,746.9,495.0
2026-04-25 16:00:00,252.9,350.0
2026-04-25 17:00:00,960.9,181.2
2026-04-25 18:00:00,340.9,0.0
2026-04-25 19:00:00,357.8,0.0
2026-04-25 20:00:00,243.8,0.0
2026-04-25 21:00:00,794.8,0.0
2026-04-25 22:00:00,290.2,0.0
2026-04-25 23:00:00,329.6,0.0
2026-04-26 00:00:00,431.0,0.0
2026-04-26 01:00:00,234.2,0.0
2026-04-26 02:00:00,502.1,0.0
2026-04-26 03:00:00,367.7,0.0
2026-04-26 04:00:00,895.9,0.0
2026-04-26 05:00:00,274.0,0.0
2026-04-26 06:00:00,670.1,0.0
2026-04-26 07:00:00,251.5,181.2
2026-04-26 08:00:00,305.9,350.0
2026-04-26 09:00:00,843.2,495.0
2026-04-26 10:00:00,427.2,606.2
2026-04-26 11:00:00,333.0,676.1
2026-04-26 12:00:00,65.1,700.0
2026-04-26 13:00:00,304.9,676.1
2026-04-26 14:00:00,354.0,606.2
2026-04-26 15:00:00,336.7,495.0
2026-04-26 16:00:00,649.0,350.0
2026-04-26 17:00:00,186.9,181.2
2026-04-26 18:00:00,272.9,0.0
2026-04-26 19:00:00,296.5,0.0
2026-04-26 20:00:00,319.7,0.0
2026-04-26 21:00:00,441.7,0.0
2026-04-26 22:00:00,213.0,0.0
2026-04-26 23:00:00,226.5,0.0
2026-04-27 00:00:00,352.9,0.0
2026-04-27 01:00:00,349.5,0.0
2026-04-27 02:00:00,147.5,0.0
2026-04-27 03:00:00,287.8,0.0
2026-04-27 04:00:00,845.6,0.0
2026-04-27 05:00:00,494.5,0.0
2026-04-27 06:00:00,361.2,0.0
2026-04-27 07:00:00,172.1,181.2
2026-04-27 08:00:00,311.2,350.0
2026-04-27 09:00:00,176.1,495.0
2026-04-27 10:00:00,397.4,606.2
2026-04-27 11:00:00,268.6,676.1
2026-04-27 12:00:00,262.7,700.0
2026-04-27 13:00:00,301.5,676.1
2026-04-27 14:00:00,522.0,606.2
2026-04-27 15:00:00,409.9,495.0
2026-04-27 16:00:00,280.5,350.0
2026-04-27 17:00:00,502.5,181.2
2026-04-27 18:00:00,217.6,0.0
2026-04-27 19:00:00,794.3,0.0
2026-04-27 20:00:00,290.8,0.0
2026-04-27 21:00:00,291.6,0.0
2026-04-27 22:00:00,441.9,0.0
2026-04-27 23:00:00,920.3,0.0
2026-04-28 00:00:00,329.1,0.0
2026-04-28 01:00:00,244.5,0.0
2026-04-28 02:00:00,564.3,0.0
2026-04-28 03:00:00,131.5,0.0
2026-04-28 04:00:00,622.6,0.0
2026-04-28 05:00:00,302.8,0.0
2026-04-28 06:00:00,253.1,0.0
2026-04-28 07:00:00,531.2,181.2
2026-04-28 08:00:00,665.1,350.0
2026-04-28 09:00:00,271.2,495.0
2026-04-28 10:00:00,184.9,606.2
2026-04-28 11:00:00,243.1,676.1
2026-04-28 12:00:00,859.1,700.0
2026-04-28 13:00:00,117.9,676.1
2026-04-28 14:00:00,620.8,606.2
2026-04-28 15:00:00,315.8,495.0
2026-04-28 16:00:00,335.9,350.0
2026-04-28 17:00:00,333.5,181.2
2026-04-28 18:00:00,143.0,0.0
2026-04-28 19:00:00,467.6,0.0
2026-04-28 20:00:00,459.2,0.0
2026-04-28 21:00:00,156.9,0.0
2026-04-28 22:00:00,113.1,0.0
2026-04-28 23:00:00,547.0,0.0
2026-04-29 00:00:00,293.2,0.0
2026-04-29 01:00:00,775.6,0.0
2026-04-29 02:00:00,564.1,0.0
2026-04-29 03:00:00,106.8,0.0
2026-04-29 04:00:00,293.8,0.0
2026-04-29 05:00:00,233.1,0.0
2026-04-29 06:00:00,474.2,0.0
2026-04-29 07:00:00,307.9,181.2
2026-04-29 08:00:00,291.5,350.0
2026-04-29 09:00:00,630.8,495.0
2026-04-29 10:00:00,291.4,606.2
2026-04-29 11:00:00,232.1,676.1
2026-04-29 12:00:00,295.4,700.0
2026-04-29 13:00:00,319.1,676.1
2026-04-29 14:00:00,365.1,606.2
2026-04-29 15:00:00,573.9,495.0
2026-04-29 16:00:00,129.2,350.0
2026-04-29 17:00:00,578.5,181.2
2026-04-29 18:00:00,402.5,0.0
2026-04-29 19:00:00,311.1,0.0
2026-04-29 20:00:00,735.6,0.0
2026-04-29 21:00:00,447.8,0.0
2026-04-29 22:00:00,741.8,0.0
2026-04-29 23:00:00,132.6,0.0
2026-04-30 00:00:00,200.9,0.0
2026-04-30 01:00:00,798.3,0.0
2026-04-30 02:00:00,700.6,0.0
2026-04-30 03:00:00,317.6,0.0
2026-04-30 04:00:00,487.3,0.0
2026-04-30 05:00:00,511.5,0.0
2026-04-30 06:00:00,346.7,0.0
2026-04-30 07:00:00,279.9,181.2
2026-04-30 08:00:00,642.3,350.0
2026-04-30 09:00:00,431.4,495.0
2026-04-30 10:00:00,502.4,606.2
2026-04-30 11:00:00,353.1,676.1
2026-04-30 12:00:00,218.3,700.0
2026-04-30 13:00:00,536.0,676.1
2026-04-30 14:00:00,709.1,606.2
2026-04-30 15:00:00,376.5,495.0
2026-04-30 16:00:00,736.6,350.0
2026-04-30 17:00:00,297.3,181.2
2026-04-30 18:00:00,282.0,0.0
2026-04-30 19:00:00,368.6,0.0
2026-04-30 20:00:00,25.1,0.0
2026-04-30 21:00:00,475.1,0.0
2026-04-30 22:00:00,21.6,0.0
2026-04-30 23:00:00,509.7,0.0
2026-05-01 00:00:00,460.8,0.0
2026-05-01 01:00:00,287.7,0.0
2026-05-01 02:00:00,536.7,0.0
2026-05-01 03:00:00,326.8,0.0
2026-05-01 04:00:00,276.1,0.0
2026-05-01 05:00:00,577.8,0.0
2026-05-01 06:00:00,558.7,0.0
2026-05-01 07:00:00,189.0,181.2
2026-05-01 08:00:00,583.5,350.0
2026-05-01 09:00:00,345.0,495.0
2026-05-01 10:00:00,146.4,606.2
2026-05-01 11:00:00,551.9,676.1
2026-05-01 12:00:00,886.7,700.0
2026-05-01 13:00:00,859.1,676.1
2026-05-01 14:00:00,871.9,606.2
2026-05-01 15:00:00,602.2,495.0
2026-05-01 16:00:00,187.9,350.0
2026-05-01 17:00:00,354.1,181.2
2026-05-01 18:00:00,318.0,0.0
2026-05-01 19:00:00,276.4,0.0
2026-05-01 20:00:00,105.9,0.0
2026-05-01 21:00:00,350.9,0.0
2026-05-01 22:00:00,309.4,0.0
2026-05-01 23:00:00,225.7,0.0
2026-05-02 00:00:00,753.4,0.0
2026-05-02 01:00:00,364.7,0.0
2026-05-02 02:00:00,606.2,0.0
2026-05-02 03:00:00,223.2,0.0
2026-05-02 04:00:00,430.9,0.0
2026-05-02 05:00:00,532.9,0.0
2026-05-02 06:00:00,250.3,0.0
2026-05-02 07:00:00,626.8,181.2
2026-05-02 08:00:00,549.0,350.0
2026-05-02 09:00:00,404.2,495.0
2026-05-02 10:00:00,565.2,606.2
2026-05-02 11:00:00,432.5,676.1
2026-05-02 12:00:00,363.8,700.0
2026-05-02 13:00:00,106.7,676.1
2026-05-02 14:00:00,688.9,606.2
2026-05-02 15:00:00,406.3,495.0
2026-05-02 16:00:00,561.1,350.0
2026-05-02 17:00:00,658.7,181.2
2026-05-02 18:00:00,707.8,0.0
2026-05-02 19:00:00,604.7,0.0
2026-05-02 20:00:00,142.3,0.0
2026-05-02 21:00:00,370.7,0.0
2026-05-02 22:00:00,136.9,0.0
2026-05-02 23:00:00,500.9,0.0
2026-05-03 00:00:00,263.7,0.0
2026-05-03 01:00:00,401.4,0.0
2026-05-03 02:00:00,617.6,0.0
2026-05-03 03:00:00,293.9,0.0
2026-05-03 04:00:00,370.7,0.0
2026-05-03 05:00:00,248.3,0.0
2026-05-03 06:00:00,613.7,0.0
2026-05-03 07:00:00,611.3,181.2
2026-05-03 08:00:00,324.5,350.0
2026-05-03 09:00:00,475.1,495.0
2026-05-03 10:00:00,506.3,606.2
2026-05-03 11:00:00,670.9,676.1
2026-05-03 12:00:00,574.1,700.0
2026-05-03 13:00:00,274.7,676.1
2026-05-03 14:00:00,520.1,606.2
2026-05-03 15:00:00,450.1,495.0
2026-05-03 16:00:00,591.0,350.0
2026-05-03 17:00:00,563.0,181.2
2026-05-03 18:00:00,258.8,0.0
2026-05-03 19:00:00,121.0,0.0
2026-05-03 20:00:00,404.3,0.0
2026-05-03 21:00:00,141.7,0.0
2026-05-03 22:00:00,387.0,0.0
2026-05-03 23:00:00,875.2,0.0
2026-05-04 00:00:00,401.6,0.0
2026-05-04 01:00:00,305.3,0.0
2026-05-04 02:00:00,458.6,0.0
2026-05-04 03:00:00,370.4,0.0
2026-05-04 04:00:00,496.2,0.0
2026-05-04 05:00:00,449.5,0.0
2026-05-04 06:00:00,805.6,0.0
2026-05-04 07:00:00,104.5,181.2
2026-05-04 08:00:00,215.7,350.0
2026-05-04 09:00:00,729.3,495.0
2026-05-04 10:00:00,140.1,606.2
2026-05-04 11:00:00,277.0,676.1
2026-05-04 12:00:00,257.2,700.0
2026-05-04 13:00:00,725.7,676.1
2026-05-04 14:00:00,498.1,606.2
2026-05-04 15:00:00,435.2,495.0
2026-05-04 16:00:00,375.3,350.0
2026-05-04 17:00:00,146.7,181.2
2026-05-04 18:00:00,267.5,0.0
2026-05-04 19:00:00,192.0,0.0
2026-05-04 20:00:00,429.0,0.0
2026-05-04 21:00:00,849.8,0.0
2026-05-04 22:00:00,348.8,0.0
2026-05-04 23:00:00,315.9,0.0
2026-05-05 00:00:00,378.9,0.0
2026-05-05 01:00:00,443.4,0.0
2026-05-05 02:00:00,648.6,0.0
2026-05-05 03:00:00,306.7,0.0
2026-05-05 04:00:00,237.9,0.0
2026-05-05 05:00:00,747.2,0.0
2026-05-05 06:00:00,218.5,0.0
2026-05-05 07:00:00,266.9,181.2
2026-05-05 08:00:00,420.0,350.0
2026-05-05 09:00:00,90.2,495.0
2026-05-05 10:00:00,759.0,606.2
2026-05-05 11:00:00,375.0,676.1
2026-05-05 12:00:00,454.3,700.0
2026-05-05 13:00:00,160.1,676.1
2026-05-05 14:00:00,376.7,606.2
2026-05-05 15:00:00,232.5,495.0
2026-05-05 16:00:00,447.7,350.0
2026-05-05 17:00:00,321.1,181.2
2026-05-05 18:00:00,414.1,0.0
2026-05-05 19:00:00,92.3,0.0
2026-05-05 20:00:00,335.7,0.0
2026-05-05 21:00:00,431.1,0.0
2026-05-05 22:00:00,244.3,0.0
2026-05-05 23:00:00,665.5,0.0
2026-05-06 00:00:00,340.9,0.0
2026-05-06 01:00:00,345.6,0.0
2026-05-06 02:00:00,616.7,0.0
2026-05-06 03:00:00,575.0,0.0
2026-05-06 04:00:00,827.5,0.0
2026-05-06 05:00:00,563.0,0.0
2026-05-06 06:00:00,274.8,0.0
2026-05-06 07:00:00,792.3,181.2
2026-05-06 08:00:00,772.0,350.0
2026-05-06 09:00:00,644.3,495.0
2026-05-06 10:00:00,240.9,606.2
2026-05-06 11:00:00,300.1,676.1
2026-05-06 12:00:00,770.2,700.0
2026-05-06 13:00:00,142.6,676.1
2026-05-06 14:00:00,539.8,606.2
2026-05-06 15:00:00,96.5,495.0
2026-05-06 16:00:00,329.9,350.0
2026-05-06 17:00:00,517.2,181.2
2026-05-06 18:00:00,567.4,0.0
2026-05-06 19:00:00,96.7,0.0
2026-05-06 20:00:00,140.2,0.0
2026-05-06 21:00:00,167.6,0.0
2026-05-06 22:00:00,129.4,0.0
2026-05-06 23:00:00,33.4,0.0
2026-05-07 00:00:00,353.0,0.0
2026-05-07 01:00:00,576.9,0.0
2026-05-07 02:00:00,217.2,0.0
2026-05-07 03:00:00,575.0,0.0
2026-05-07 04:00:00,718.8,0.0
2026-05-07 05:00:00,257.6,0.0
2026-05-07 06:00:00,183.7,0.0
2026-05-07 07:00:00,567.0,181.2
2026-05-07 08:00:00,310.0,350.0
2026-05-07 09:00:00,538.4,495.0
2026-05-07 10:00:00,362.3,606.2
2026-05-07 11:00:00,429.4,676.1
2026-05-07 12:00:00,436.4,700.0
2026-05-07 13:00:00,304.7,676.1
2026-05-07 14:00:00,175.1,606.2
2026-05-07 15:00:00,525.4,495.0
2026-05-07 16:00:00,470.2,350.0
2026-05-07 17:00:00,405.5,181.2
2026-05-07 18:00:00,185.9,0.0
2026-05-07 19:00:00,513.3,0.0
2026-05-07 20:00:00,748.1,0.0
2026-05-07 21:00:00,735.5,0.0
2026-05-07 22:00:00,279.2,0.0
2026-05-07 23:00:00,230.1,0.0
2026-05-08 00:00:00,284.9,0.0
2026-05-08 01:00:00,161.3,0.0
2026-05-08 02:00:00,243.1,0.0
2026-05-08 03:00:00,331.7,0.0
2026-05-08 04:00:00,461.9,0.0
2026-05-08 05:00:00,406.7,0.0
2026-05-08 06:00:00,597.5,0.0
2026-05-08 07:00:00,170.3,181.2
2026-05-08 08:00:00,240.6,350.0
2026-05-08 09:00:00,295.0,495.0
2026-05-08 10:00:00,263.3,606.2
2026-05-08 11:00:00,515.3,676.1
2026-05-08 12:00:00,309.9,700.0
2026-05-08 13:00:00,268.4,676.1
2026-05-08 14:00:00,608.0,606.2
2026-05-08 15:00:00,93.0,495.0
2026-05-08 16:00:00,168.5,350.0
2026-05-08 17:00:00,217.9,181.2
2026-05-08 18:00:00,261.9,0.0
2026-05-08 19:00:00,147.4,0.0
2026-05-08 20:00:00,242.3,0.0
2026-05-08 21:00:00,340.6,0.0
2026-05-08 22:00:00,352.5,0.0
2026-05-08 23:00:00,222.9,0.0
2026-05-09 00:00:00,639.2,0.0
2026-05-09 01:00:00,452.8,0.0
2026-05-09 02:00:00,632.8,0.0
2026-05-09 03:00:00,471.3,0.0
2026-05-09 04:00:00,161.1,0.0
2026-05-09 05:00:00,755.6,0.0
2026-05-09 06:00:00,341.6,0.0
2026-05-09 07:00:00,579.5,181.2
2026-05-09 08:00:00,631.5,350.0
2026-05-09 09:00:00,131.5,495.0
2026-05-09 10:00:00,297.6,606.2
2026-05-09 11:00:00,483.3,676.1
2026-05-09 12:00:00,309.5,700.0
2026-05-09 13:00:00,496.8,676.1
2026-05-09 14:00:00,429.8,606.2
2026-05-09 15:00:00,686.4,495.0
2026-05-09 16:00:00,606.1,350.0
2026-05-09 17:00:00,483.1,181.2
2026-05-09 18:00:00,482.5,0.0
2026-05-09 19:00:00,323.6,0.0
2026-05-09 20:00:00,730.8,0.0
2026-05-09 21:00:00,79.0,0.0
2026-05-09 22:00:00,628.1,0.0
2026-05-09 23:00:00,470.6,0.0
2026-05-10 00:00:00,271.5,0.0
2026-05-10 01:00:00,296.6,0.0
2026-05-10 02:00:00,330.6,0.0
2026-05-10 03:00:00,257.8,0.0
2026-05-10 04:00:00,728.0,0.0
2026-05-10 05:00:00,284.3,0.0
2026-05-10 06:00:00,521.0,0.0
2026-05-10 07:00:00,539.6,181.2
2026-05-10 08:00:00,305.4,350.0
2026-05-10 09:00:00,379.3,495.0
2026-05-10 10:00:00,533.1,606.2
2026-05-10 11:00:00,439.0,676.1
2026-05-10 12:00:00,60.1,700.0
2026-05-10 13:00:00,300.5,676.1
2026-05-10 14:00:00,299.9,606.2
2026-05-10 15:00:00,170.7,495.0
2026-05-10 16:00:00,421.6,350.0
2026-05-10 17:00:00,610.0,181.2
2026-05-10 18:00:00,423.3,0.0
2026-05-10 19:00:00,278.7,0.0
2026-05-10 20:00:00,423.2,0.0
2026-05-10 21:00:00,525.4,0.0
2026-05-10 22:00:00,273.6,0.0
2026-05-10 23:00:00,452.4,0.0
2026-05-11 00:00:00,228.8,0.0
2026-05-11 01:00:00,526.9,0.0
2026-05-11 02:00:00,314.6,0.0
2026-05-11 03:00:00,224.6,0.0
2026-05-11 04:00:00,335.8,0.0
2026-05-11 05:00:00,907.3,0.0
2026-05-11 06:00:00,871.2,0.0
2026-05-11 07:00:00,368.4,181.2
2026-05-11 08:00:00,743.3,350.0
2026-05-11 09:00:00,430.8,495.0
2026-05-11 10:00:00,154.7,606.2
2026-05-11 11:00:00,602.6,676.1
2026-05-11 12:00:00,381.5,700.0
2026-05-11 13:00:00,787.7,676.1
2026-05-11 14:00:00,563.5,606.2
2026-05-11 15:00:00,228.6,495.0
2026-05-11 16:00:00,639.7,350.0
2026-05-11 17:00:00,152.5,181.2
2026-05-11 18:00:00,528.8,0.0
2026-05-11 19:00:00,473.8,0.0
2026-05-11 20:00:00,424.2,0.0
2026-05-11 21:00:00,215.3,0.0
2026-05-11 22:00:00,311.8,0.0
2026-05-11 23:00:00,333.9,0.0
2026-05-12 00:00:00,522.2,0.0
2026-05-12 01:00:00,97.6,0.0
2026-05-12 02:00:00,545.8,0.0
2026-05-12 03:00:00,501.8,0.0
2026-05-12 04:00:00,507.1,0.0
2026-05-12 05:00:00,365.7,0.0
2026-05-12 06:00:00,240.3,0.0
2026-05-12 07:00:00,700.5,181.2
2026-05-12 08:00:00,138.4,350.0
2026-05-12 09:00:00,406.0,495.0
2026-05-12 10:00:00,15.9,606.2
2026-05-12 11:00:00,32.2,676.1
2026-05-12 12:00:00,27.3,700.0
2026-05-12 13:00:00,876.0,676.1
2026-05-12 14:00:00,389.6,606.2
2026-05-12 15:00:00,578.5,495.0
2026-05-12 16:00:00,45.7,350.0
2026-05-12 17:00:00,243.3,181.2
2026-05-12 18:00:00,331.6,0.0
2026-05-12 19:00:00,485.1,0.0
2026-05-12 20:00:00,105.2,0.0
2026-05-12 21:00:00,393.2,0.0
2026-05-12 22:00:00,232.1,0.0
2026-05-12 23:00:00,167.0,0.0
2026-05-13 00:00:00,255.6,0.0
2026-05-13 01:00:00,276.9,0.0
2026-05-13 02:00:00,180.5,0.0
2026-05-13 03:00:00,85.2,0.0
2026-05-13 04:00:00,704.9,0.0
2026-05-13 05:00:00,152.2,0.0
2026-05-13 06:00:00,279.9,0.0
2026-05-13 07:00:00,98.1,181.2
2026-05-13 08:00:00,298.1,350.0
2026-05-13 09:00:00,410.4,495.0
2026-05-13 10:00:00,59.8,606.2
2026-05-13 11:00:00,257.8,676.1
2026-05-13 12:00:00,320.5,700.0
2026-05-13 13:00:00,644.4,676.1
2026-05-13 14:00:00,341.8,606.2
2026-05-13 15:00:00,777.3,495.0
2026-05-13 16:00:00,441.7,350.0
2026-05-13 17:00:00,495.6,181.2
2026-05-13 18:00:00,250.1,0.0
2026-05-13 19:00:00,208.3,0.0
2026-05-13 20:00:00,611.7,0.0
2026-05-13 21:00:00,554.5,0.0
2026-05-13 22:00:00,399.0,0.0
2026-05-13 23:00:00,251.4,0.0
2026-05-14 00:00:00,449.1,0.0
2026-05-14 01:00:00,381.0,0.0
2026-05-14 02:00:00,537.7,0.0
2026-05-14 03:00:00,287.4,0.0
2026-05-14 04:00:00,38.1,0.0
2026-05-14 05:00:00,195.9,0.0
2026-05-14 06:00:00,673.2,0.0
2026-05-14 07:00:00,13.6,181.2
2026-05-14 08:00:00,532.3,350.0
2026-05-14 09:00:00,1042.1,495.0
2026-05-14 10:00:00,196.9,606.2
2026-05-14 11:00:00,254.6,676.1
2026-05-14 12:00:00,445.2,700.0
2026-05-14 13:00:00,345.0,676.1
2026-05-14 14:00:00,570.2,606.2
2026-05-14 15:00:00,405.6,495.0
2026-05-14 16:00:00,475.0,350.0
2026-05-14 17:00:00,484.2,181.2
2026-05-14 18:00:00,88.2,0.0
2026-05-14 19:00:00,108.7,0.0
2026-05-14 20:00:00,823.8,0.0
2026-05-14 21:00:00,102.3,0.0
2026-05-14 22:00:00,436.7,0.0
2026-05-14 23:00:00,405.8,0.0
2026-05-15 00:00:00,183.4,0.0
2026-05-15 01:00:00,281.2,0.0
2026-05-15 02:00:00,585.9,0.0
2026-05-15 03:00:00,163.6,0.0
2026-05-15 04:00:00,606.7,0.0
2026-05-15 05:00:00,175.3,0.0
2026-05-15 06:00:00,185.7,0.0
2026-05-15 07:00:00,253.1,181.2
2026-05-15 08:00:00,230.1,350.0
2026-05-15 09:00:00,315.4,495.0
2026-05-15 10:00:00,586.4,606.2
2026-05-15 11:00:00,216.6,676.1
2026-05-15 12:00:00,492.1,700.0
2026-05-15 13:00:00,220.8,676.1
2026-05-15 14:00:00,457.0,606.2
2026-05-15 15:00:00,289.0,495.0
2026-05-15 16:00:00,428.4,350.0
2026-05-15 17:00:00,772.6,181.2
2026-05-15 18:00:00,419.2,0.0
2026-05-15 19:00:00,221.9,0.0
2026-05-15 20:00:00,201.3,0.0
2026-05-15 21:00:00,329.6,0.0
2026-05-15 22:00:00,61.2,0.0
2026-05-15 23:00:00,292.7,0.0
2026-05-16 00:00:00,401.1,0.0
2026-05-16 01:00:00,611.9,0.0
2026-05-16 02:00:00,243.2,0.0
2026-05-16 03:00:00,260.6,0.0
2026-05-16 04:00:00,285.8,0.0
2026-05-16 05:00:00,280.0,0.0
2026-05-16 06:00:00,649.0,0.0
2026-05-16 07:00:00,584.1,181.2
2026-05-16 08:00:00,445.7,350.0
2026-05-16 09:00:00,155.3,495.0
2026-05-16 10:00:00,584.9,606.2
2026-05-16 11:00:00,486.8,676.1
2026-05-16 12:00:00,186.4,700.0
2026-05-16 13:00:00,162.1,676.1
2026-05-16 14:00:00,152.9,606.2
2026-05-16 15:00:00,327.5,495.0
2026-05-16 16:00:00,371.1,350.0
2026-05-16 17:00:00,317.4,181.2
2026-05-16 18:00:00,516.6,0.0
2026-05-16 19:00:00,482.7,0.0
2026-05-16 20:00:00,400.7,0.0
2026-05-16 21:00:00,259.9,0.0
2026-05-16 22:00:00,143.6,0.0
2026-05-16 23:00:00,310.0,0.0
2026-05-17 00:00:00,673.0,0.0
2026-05-17 01:00:00,608.9,0.0
2026-05-17 02:00:00,87.1,0.0
2026-05-17 03:00:00,150.1,0.0
2026-05-17 04:00:00,538.9,0.0
2026-05-17 05:00:00,339.5,0.0
2026-05-17 06:00:00,98.5,0.0
2026-05-17 07:00:00,408.2,181.2
2026-05-17 08:00:00,318.6,350.0
2026-05-17 09:00:00,725.9,495.0
2026-05-17 10:00:00,808.5,606.2
2026-05-17 11:00:00,487.4,676.1
2026-05-17 12:00:00,74.4,700.0
2026-05-17 13:00:00,383.0,676.1
2026-05-17 14:00:00,601.7,606.2
2026-05-17 15:00:00,365.1,495.0
2026-05-17 16:00:00,520.6,350.0
2026-05-17 17:00:00,477.2,181.2
2026-05-17 18:00:00,396.6,0.0
2026-05-17 19:00:00,17.2,0.0
2026-05-17 20:00:00,212.1,0.0
2026-05-17 21:00:00,432.3,0.0
2026-05-17 22:00:00,411.9,0.0
2026-05-17 23:00:00,557.7,0.0
2026-05-18 00:00:00,217.3,0.0
2026-05-18 01:00:00,613.8,0.0
2026-05-18 02:00:00,487.3,0.0
2026-05-18 03:00:00,526.9,0.0
2026-05-18 04:00:00,488.7,0.0
2026-05-18 05:00:00,213.2,0.0
2026-05-18 06:00:00,234.6,0.0
2026-05-18 07:00:00,419.5,181.2
2026-05-18 08:00:00,620.3,350.0
2026-05-18 09:00:00,498.2,495.0
2026-05-18 10:00:00,950.7,606.2
2026-05-18 11:00:00,1057.5,676.1
2026-05-18 12:00:00,378.2,700.0
2026-05-18 13:00:00,344.1,676.1
2026-05-18 14:00:00,51.0,606.2
2026-05-18 15:00:00,620.4,495.0
2026-05-18 16:00:00,345.2,350.0
2026-05-18 17:00:00,435.2,181.2
2026-05-18 18:00:00,536.5,0.0
2026-05-18 19:00:00,311.4,0.0
2026-05-18 20:00:00,476.0,0.0
2026-05-18 21:00:00,676.4,0.0
2026-05-18 22:00:00,152.8,0.0
2026-05-18 23:00:00,425.4,0.0
2026-05-19 00:00:00,241.4,0.0
2026-05-19 01:00:00,454.5,0.0
2026-05-19 02:00:00,463.7,0.0
2026-05-19 03:00:00,552.0,0.0
2026-05-19 04:00:00,385.3,0.0
2026-05-19 05:00:00,274.0,0.0
2026-05-19 06:00:00,329.9,0.0
2026-05-19 07:00:00,587.7,181.2
2026-05-19 08:00:00,422.1,350.0
2026-05-19 09:00:00,338.2,495.0
2026-05-19 10:00:00,337.9,606.2
2026-05-19 11:00:00,842.0,676.1
2026-05-19 12:00:00,350.8,700.0
2026-05-19 13:00:00,185.3,676.1
2026-05-19 14:00:00,555.3,606.2
2026-05-19 15:00:00,630.1,495.0
2026-05-19 16:00:00,499.5,350.0
2026-05-19 17:00:00,568.6,181.2
2026-05-19 18:00:00,672.4,0.0
2026-05-19 19:00:00,598.5,0.0
2026-05-19 20:00:00,431.0,0.0
2026-05-19 21:00:00,254.5,0.0
2026-05-19 22:00:00,343.8,0.0
2026-05-19 23:00:00,495.8,0.0
2026-05-20 00:00:00,75.5,0.0
2026-05-20 01:00:00,325.9,0.0
2026-05-20 02:00:00,261.0,0.0
2026-05-20 03:00:00,275.6,0.0
2026-05-20 04:00:00,379.6,0.0
2026-05-20 05:00:00,394.1,0.0
2026-05-20 06:00:00,641.7,0.0
2026-05-20 07:00:00,453.6,181.2
2026-05-20 08:00:00,988.5,350.0
2026-05-20 09:00:00,608.9,495.0
2026-05-20 10:00:00,547.6,606.2
2026-05-20 11:00:00,561.0,676.1
2026-05-20 12:00:00,200.1,700.0
2026-05-20 13:00:00,256.3,676.1
2026-05-20 14:00:00,450.7,606.2
2026-05-20 15:00:00,262.9,495.0
2026-05-20 16:00:00,77.9,350.0
2026-05-20 17:00:00,496.4,181.2
2026-05-20 18:00:00,238.5,0.0
2026-05-20 19:00:00,170.2,0.0
2026-05-20 20:00:00,635.3,0.0
2026-05-20 21:00:00,382.1,0.0
2026-05-20 22:00:00,290.5,0.0
2026-05-20 23:00:00,486.5,0.0
2026-05-21 00:00:00,328.3,0.0
2026-05-21 01:00:00,225.7,0.0
2026-05-21 02:00:00,353.4,0.0
2026-05-21 03:00:00,1057.1,0.0
2026-05-21 04:00:00,315.6,0.0
2026-05-21 05:00:00,744.1,0.0
2026-05-21 06:00:00,674.0,0.0
2026-05-21 07:00:00,329.7,181.2
2026-05-21 08:00:00,193.4,350.0
2026-05-21 09:00:00,553.2,495.0
2026-05-21 10:00:00,125.3,606.2
2026-05-21 11:00:00,266.1,676.1
2026-05-21 12:00:00,548.1,700.0
2026-05-21 13:00:00,138.4,676.1
2026-05-21 14:00:00,237.6,606.2
2026-05-21 15:00:00,605.1,495.0
2026-05-21 16:00:00,300.0,350.0
2026-05-21 17:00:00,314.5,181.2
2026-05-21 18:00:00,170.8,0.0
2026-05-21 19:00:00,115.1,0.0
2026-05-21 20:00:00,228.4,0.0
2026-05-21 21:00:00,401.3,0.0
2026-05-21 22:00:00,318.3,0.0
2026-05-21 23:00:00,251.5,0.0
2026-05-22 00:00:00,253.6,0.0
2026-05-22 01:00:00,7.4,0.0
2026-05-22 02:00:00,357.7,0.0
2026-05-22 03:00:00,361.3,0.0
2026-05-22 04:00:00,435.5,0.0
2026-05-22 05:00:00,438.8,0.0
2026-05-22 06:00:00,304.7,0.0
2026-05-22 07:00:00,611.8,181.2
2026-05-22 08:00:00,457.1,350.0
2026-05-22 09:00:00,603.5,495.0
2026-05-22 10:00:00,141.1,606.2
2026-05-22 11:00:00,689.4,676.1
2026-05-22 12:00:00,313.4,700.0
2026-05-22 13:00:00,197.8,676.1
2026-05-22 14:00:00,654.0,606.2
2026-05-22 15:00:00,56.0,495.0
2026-05-22 16:00:00,295.7,350.0
2026-05-22 17:00:00,484.7,181.2
2026-05-22 18:00:00,355.5,0.0
2026-05-22 19:00:00,660.4,0.0
2026-05-22 20:00:00,309.8,0.0
2026-05-22 21:00:00,114.8,0.0
2026-05-22 22:00:00,650.8,0.0
2026-05-22 23:00:00,451.6,0.0
2026-05-23 00:00:00,626.6,0.0
2026-05-23 01:00:00,329.4,0.0
2026-05-23 02:00:00,589.7,0.0
2026-05-23 03:00:00,299.7,0.0
2026-05-23 04:00:00,357.4,0.0
2026-05-23 05:00:00,457.4,0.0
2026-05-23 06:00:00,255.0,0.0
2026-05-23 07:00:00,368.6,181.2
2026-05-23 08:00:00,636.5,350.0
2026-05-23 09:00:00,459.6,495.0
2026-05-23 10:00:00,499.5,606.2
2026-05-23 11:00:00,175.1,676.1
2026-05-23 12:00:00,507.1,700.0
2026-05-23 13:00:00,1031.5,676.1
2026-05-23 14:00:00,692.2,606.2
2026-05-23 15:00:00,391.8,495.0
2026-05-23 16:00:00,278.3,350.0
2026-05-23 17:00:00,126.2,181.2
2026-05-23 18:00:00,155.9,0.0
2026-05-23 19:00:00,779.3,0.0
2026-05-23 20:00:00,254.0,0.0
2026-05-23 21:00:00,496.5,0.0
2026-05-23 22:00:00,520.3,0.0
2026-05-23 23:00:00,40.0,0.0
2026-05-24 00:00:00,204.4,0.0
2026-05-24 01:00:00,43.2,0.0
2026-05-24 02:00:00,542.4,0.0
2026-05-24 03:00:00,254.8,0.0
2026-05-24 04:00:00,632.5,0.0
2026-05-24 05:00:00,198.3,0.0
2026-05-24 06:00:00,374.4,0.0
2026-05-24 07:00:00,131.7,181.2
2026-05-24 08:00:00,238.0,350.0
2026-05-24 09:00:00,466.3,495.0
2026-05-24 10:00:00,879.4,606.2
2026-05-24 11:00:00,139.4,676.1
2026-05-24 12:00:00,542.5,700.0
2026-05-24 13:00:00,369.2,676.1
2026-05-24 14:00:00,232.2,606.2
2026-05-24 15:00:00,578.3,495.0
2026-05-24 16:00:00,66.9,350.0
2026-05-24 17:00:00,501.7,181.2
2026-05-24 18:00:00,350.9,0.0
2026-05-24 19:00:00,143.4,0.0
2026-05-24 20:00:00,60.0,0.0
2026-05-24 21:00:00,339.7,0.0
2026-05-24 22:00:00,619.2,0.0
2026-05-24 23:00:00,210.9,0.0
2026-05-25 00:00:00,181.2,0.0
2026-05-25 01:00:00,513.3,0.0
2026-05-25 02:00:00,414.9,0.0
2026-05-25 03:00:00,350.2,0.0
2026-05-25 04:00:00,308.0,0.0
2026-05-25 05:00:00,550.4,0.0
2026-05-25 06:00:00,259.1,0.0
2026-05-25 07:00:00,614.3,181.2
2026-05-25 08:00:00,148.2,350.0
2026-05-25 09:00:00,134.8,495.0
2026-05-25 10:00:00,284.2,606.2
2026-05-25 11:00:00,167.7,676.1
2026-05-25 12:00:00,673.8,700.0
2026-05-25 13:00:00,317.2,676.1
2026-05-25 14:00:00,700.4,606.2
2026-05-25 15:00:00,319.2,495.0
2026-05-25 16:00:00,389.7,350.0
2026-05-25 17:00:00,547.9,181.2
2026-05-25 18:00:00,359.3,0.0
2026-05-25 19:00:00,579.3,0.0
2026-05-25 20:00:00,263.0,0.0
2026-05-25 21:00:00,354.2,0.0
2026-05-25 22:00:00,480.0,0.0
2026-05-25 23:00:00,672.4,0.0
2026-05-26 00:00:00,146.4,0.0
2026-05-26 01:00:00,318.1,0.0
2026-05-26 02:00:00,545.4,0.0
2026-05-26 03:00:00,462.3,0.0
2026-05-26 04:00:00,170.2,0.0
2026-05-26 05:00:00,517.1,0.0
2026-05-26 06:00:00,420.3,0.0
2026-05-26 07:00:00,216.2,181.2
2026-05-26 08:00:00,418.7,350.0
2026-05-26 09:00:00,278.2,495.0
2026-05-26 10:00:00,102.3,606.2
2026-05-26 11:00:00,421.7,676.1
2026-05-26 12:00:00,229.8,700.0
2026-05-26 13:00:00,276.3,676.1
2026-05-26 14:00:00,270.5,606.2
2026-05-26 15:00:00,347.0,495.0
2026-05-26 16:00:00,215.2,350.0
2026-05-26 17:00:00,305.5,181.2
2026-05-26 18:00:00,507.7,0.0
2026-05-26 19:00:00,456.7,0.0
2026-05-26 20:00:00,285.4,0.0
2026-05-26 21:00:00,493.6,0.0
2026-05-26 22:00:00,175.8,0.0
2026-05-26 23:00:00,222.6,0.0
2026-05-27 00:00:00,268.8,0.0
2026-05-27 01:00:00,317.7,0.0
2026-05-27 02:00:00,346.3,0.0
2026-05-27 03:00:00,192.5,0.0
2026-05-27 04:00:00,435.2,0.0
2026-05-27 05:00:00,460.5,0.0
2026-05-27 06:00:00,284.1,0.0
2026-05-27 07:00:00,171.3,181.2
2026-05-27 08:00:00,651.6,350.0
2026-05-27 09:00:00,497.0,495.0
2026-05-27 10:00:00,83.4,606.2
2026-05-27 11:00:00,166.6,676.1
2026-05-27 12:00:00,444.6,700.0
2026-05-27 13:00:00,847.0,676.1
2026-05-27 14:00:00,267.1,606.2
2026-05-27 15:00:00,322.0,495.0
2026-05-27 16:00:00,1122.5,350.0
2026-05-27 17:00:00,566.8,181.2
2026-05-27 18:00:00,335.9,0.0
2026-05-27 19:00:00,408.9,0.0
2026-05-27 20:00:00,72.8,0.0
2026-05-27 21:00:00,239.4,0.0
2026-05-27 22:00:00,67.5,0.0
2026-05-27 23:00:00,670.4,0.0
2026-05-28 00:00:00,546.5,0.0
2026-05-28 01:00:00,258.0,0.0
2026-05-28 02:00:00,352.9,0.0
2026-05-28 03:00:00,49.2,0.0
2026-05-28 04:00:00,399.4,0.0
2026-05-28 05:00:00,631.8,0.0
2026-05-28 06:00:00,84.8,0.0
2026-05-28 07:00:00,173.1,181.2
2026-05-28 08:00:00,279.7,350.0
2026-05-28 09:00:00,680.3,495.0
2026-05-28 10:00:00,371.9,606.2
2026-05-28 11:00:00,168.4,676.1
2026-05-28 12:00:00,613.3,700.0
2026-05-28 13:00:00,181.5,676.1
2026-05-28 14:00:00,311.7,606.2
2026-05-28 15:00:00,267.0,495.0
2026-05-28 16:00:00,506.1,350.0
2026-05-28 17:00:00,334.1,181.2
2026-05-28 18:00:00,512.7,0.0
2026-05-28 19:00:00,363.5,0.0
2026-05-28 20:00:00,276.6,0.0
2026-05-28 21:00:00,64.2,0.0
2026-05-28 22:00:00,479.9,0.0
2026-05-28 23:00:00,157.6,0.0
2026-05-29 00:00:00,463.6,0.0
2026-05-29 01:00:00,248.5,0.0
2026-05-29 02:00:00,175.0,0.0
2026-05-29 03:00:00,322.5,0.0
2026-05-29 04:00:00,175.5,0.0
2026-05-29 05:00:00,298.5,0.0
2026-05-29 06:00:00,318.8,0.0
2026-05-29 07:00:00,197.1,181.2
2026-05-29 08:00:00,239.7,350.0
2026-05-29 09:00:00,555.2,495.0
2026-05-29 10:00:00,145.6,606.2
2026-05-29 11:00:00,321.4,676.1
2026-05-29 12:00:00,164.0,700.0
2026-05-29 13:00:00,410.9,676.1
2026-05-29 14:00:00,207.1,606.2
2026-05-29 15:00:00,591.9,495.0
2026-05-29 16:00:00,220.2,350.0
2026-05-29 17:00:00,258.6,181.2
2026-05-29 18:00:00,421.2,0.0
2026-05-29 19:00:00,68.8,0.0
2026-05-29 20:00:00,361.7,0.0
2026-05-29 21:00:00,287.4,0.0
2026-05-29 22:00:00,721.3,0.0
2026-05-29 23:00:00,430.6,0.0
2026-05-30 00:00:00,225.4,0.0
2026-05-30 01:00:00,366.7,0.0
2026-05-30 02:00:00,997.8,0.0
2026-05-30 03:00:00,704.4,0.0
2026-05-30 04:00:00,453.4,0.0
2026-05-30 05:00:00,455.1,0.0
2026-05-30 06:00:00,463.7,0.0
2026-05-30 07:00:00,145.0,181.2
2026-05-30 08:00:00,642.8,350.0
2026-05-30 09:00:00,774.5,495.0
2026-05-30 10:00:00,256.0,606.2
2026-05-30 11:00:00,470.2,676.1
2026-05-30 12:00:00,549.7,700.0
2026-05-30 13:00:00,357.4,676.1
2026-05-30 14:00:00,350.6,606.2
2026-05-30 15:00:00,170.8,495.0
2026-05-30 16:00:00,285.9,350.0
2026-05-30 17:00:00,16.2,181.2
2026-05-30 18:00:00,72.0,0.0
2026-05-30 19:00:00,20.8,0.0
2026-05-30 20:00:00,200.6,0.0
2026-05-30 21:00:00,146.1,0.0
2026-05-30 22:00:00,244.6,0.0
2026-05-30 23:00:00,466.5,0.0
2026-05-31 00:00:00,587.3,0.0
2026-05-31 01:00:00,350.9,0.0
2026-05-31 02:00:00,40.7,0.0
2026-05-31 03:00:00,331.3,0.0
2026-05-31 04:00:00,129.2,0.0
2026-05-31 05:00:00,179.4,0.0
2026-05-31 06:00:00,192.4,0.0
2026-05-31 07:00:00,412.2,181.2
2026-05-31 08:00:00,201.8,350.0
2026-05-31 09:00:00,144.2,495.0
2026-05-31 10:00:00,182.2,606.2
2026-05-31 11:00:00,387.4,676.1
2026-05-31 12:00:00,304.6,700.0
2026-05-31 13:00:00,273.3,676.1
2026-05-31 14:00:00,389.8,606.2
2026-05-31 15:00:00,784.3,495.0
2026-05-31 16:00:00,189.5,350.0
2026-05-31 17:00:00,68.0,181.2
2026-05-31 18:00:00,638.3,0.0
2026-05-31 19:00:00,328.4,0.0
2026-05-31 20:00:00,655.4,0.0
2026-05-31 21:00:00,628.2,0.0
2026-05-31 22:00:00,816.7,0.0
2026-05-31 23:00:00,848.8,0.0
2026-06-01 00:00:00,72.0,0.0
2026-06-01 01:00:00,425.8,0.0
2026-06-01 02:00:00,181.8,0.0
2026-06-01 03:00:00,325.8,0.0
2026-06-01 04:00:00,428.1,0.0
2026-06-01 05:00:00,352.8,0.0
2026-06-01 06:00:00,184.8,0.0
2026-06-01 07:00:00,668.8,181.2
2026-06-01 08:00:00,606.4,350.0
2026-06-01 09:00:00,46.1,495.0
2026-06-01 10:00:00,473.2,606.2
2026-06-01 11:00:00,386.0,676.1
2026-06-01 12:00:00,122.1,700.0
2026-06-01 13:00:00,735.5,676.1
2026-06-01 14:00:00,276.1,606.2
2026-06-01 15:00:00,217.6,495.0
2026-06-01 16:00:00,456.7,350.0
2026-06-01 17:00:00,482.6,181.2
2026-06-01 18:00:00,176.1,0.0
2026-06-01 19:00:00,204.0,0.0
2026-06-01 20:00:00,432.3,0.0
2026-06-01 21:00:00,382.3,0.0
2026-06-01 22:00:00,182.4,0.0
2026-06-01 23:00:00,192.3,0.0
2026-06-02 00:00:00,318.5,0.0
2026-06-02 01:00:00,254.2,0.0
2026-06-02 02:00:00,308.2,0.0
2026-06-02 03:00:00,263.1,0.0
2026-06-02 04:00:00,674.1,0.0
2026-06-02 05:00:00,559.4,0.0
2026-06-02 06:00:00,517.2,0.0
2026-06-02 07:00:00,535.4,181.2
2026-06-02 08:00:00,352.7,350.0
2026-06-02 09:00:00,354.2,495.0
2026-06-02 10:00:00,594.7,606.2
2026-06-02 11:00:00,239.9,676.1
2026-06-02 12:00:00,184.3,700.0
2026-06-02 13:00:00,395.3,676.1
2026-06-02 14:00:00,634.1,606.2
2026-06-02 15:00:00,298.7,495.0
2026-06-02 16:00:00,239.0,350.0
2026-06-02 17:00:00,396.4,181.2
2026-06-02 18:00:00,740.6,0.0
2026-06-02 19:00:00,330.8,0.0
2026-06-02 20:00:00,691.7,0.0
2026-06-02 21:00:00,747.8,0.0
2026-06-02 22:00:00,841.8,0.0
2026-06-02 23:00:00,491.7,0.0
2026-06-03 00:00:00,52.0,0.0
2026-06-03 01:00:00,399.5,0.0
2026-06-03 02:00:00,625.8,0.0
2026-06-03 03:00:00,562.8,0.0
2026-06-03 04:00:00,403.9,0.0
2026-06-03 05:00:00,410.9,0.0
2026-06-03 06:00:00,282.7,0.0
2026-06-03 07:00:00,44.2,181.2
2026-06-03 08:00:00,159.4,350.0
2026-06-03 09:00:00,273.3,495.0
2026-06-03 10:00:00,373.4,606.2
2026-06-03 11:00:00,778.2,676.1
2026-06-03 12:00:00,555.2,700.0
2026-06-03 13:00:00,458.4,676.1
2026-06-03 14:00:00,693.1,606.2
2026-06-03 15:00:00,592.3,495.0
2026-06-03 16:00:00,346.2,350.0
2026-06-03 17:00:00,330.6,181.2
2026-06-03 18:00:00,314.4,0.0
2026-06-03 19:00:00,587.6,0.0
2026-06-03 20:00:00,272.5,0.0
2026-06-03 21:00:00,400.9,0.0
2026-06-03 22:00:00,291.7,0.0
2026-06-03 23:00:00,527.9,0.0
2026-06-04 00:00:00,368.8,0.0
2026-06-04 01:00:00,86.8,0.0
2026-06-04 02:00:00,372.6,0.0
2026-06-04 03:00:00,155.6,0.0
2026-06-04 04:00:00,251.3,0.0
2026-06-04 05:00:00,463.7,0.0
2026-06-04 06:00:00,398.9,0.0
2026-06-04 07:00:00,161.6,181.2
2026-06-04 08:00:00,314.0,350.0
2026-06-04 09:00:00,399.2,495.0
2026-06-04 10:00:00,377.3,606.2
2026-06-04 11:00:00,851.1,676.1
2026-06-04 12:00:00,219.0,700.0
2026-06-04 13:00:00,656.2,676.1
2026-06-04 14:00:00,302.1,606.2
2026-06-04 15:00:00,197.6,495.0
2026-06-04 16:00:00,319.9,350.0
2026-06-04 17:00:00,353.1,181.2
2026-06-04 18:00:00,220.6,0.0
2026-06-04 19:00:00,120.8,0.0
2026-06-04 20:00:00,819.4,0.0
2026-06-04 21:00:00,242.2,0.0
2026-06-04 22:00:00,452.4,0.0
2026-06-04 23:00:00,181.9,0.0
2026-06-05 00:00:00,186.5,0.0
2026-06-05 01:00:00,592.8,0.0
2026-06-05 02:00:00,330.8,0.0
2026-06-05 03:00:00,348.1,0.0
2026-06-05 04:00:00,811.3,0.0
2026-06-05 05:00:00,676.7,0.0
2026-06-05 06:00:00,581.9,0.0
2026-06-05 07:00:00,609.0,181.2
2026-06-05 08:00:00,359.6,350.0
2026-06-05 09:00:00,283.6,495.0
2026-06-05 10:00:00,123.5,606.2
2026-06-05 11:00:00,509.6,676.1
2026-06-05 12:00:00,680.9,700.0
2026-06-05 13:00:00,289.5,676.1
2026-06-05 14:00:00,380.8,606.2
2026-06-05 15:00:00,240.3,495.0
2026-06-05 16:00:00,741.9,350.0
2026-06-05 17:00:00,424.5,181.2
2026-06-05 18:00:00,386.8,0.0
2026-06-05 19:00:00,495.8,0.0
2026-06-05 20:00:00,328.3,0.0
2026-06-05 21:00:00,232.8,0.0
2026-06-05 22:00:00,194.8,0.0
2026-06-05 23:00:00,435.7,0.0
2026-06-06 00:00:00,283.5,0.0
2026-06-06 01:00:00,719.8,0.0
2026-06-06 02:00:00,394.1,0.0
2026-06-06 03:00:00,326.7,0.0
2026-06-06 04:00:00,84.2,0.0
2026-06-06 05:00:00,501.9,0.0
2026-06-06 06:00:00,562.0,0.0
2026-06-06 07:00:00,539.7,181.2
2026-06-06 08:00:00,405.4,350.0
2026-06-06 09:00:00,453.3,495.0
2026-06-06 10:00:00,319.8,606.2
2026-06-06 11:00:00,373.2,676.1
2026-06-06 12:00:00,256.2,700.0
2026-06-06 13:00:00,436.2,676.1
2026-06-06 14:00:00,514.0,606.2
2026-06-06 15:00:00,821.5,495.0
2026-06-06 16:00:00,187.1,350.0
2026-06-06 17:00:00,392.0,181.2
2026-06-06 18:00:00,617.6,0.0
2026-06-06 19:00:00,59.3,0.0
2026-06-06 20:00:00,620.5,0.0
2026-06-06 21:00:00,505.1,0.0
2026-06-06 22:00:00,498.8,0.0
2026-06-06 23:00:00,469.6,0.0
2026-06-07 00:00:00,398.3,0.0
2026-06-07 01:00:00,390.2,0.0
2026-06-07 02:00:00,116.9,0.0
2026-06-07 03:00:00,583.1,0.0
2026-06-07 04:00:00,906.7,0.0
2026-06-07 05:00:00,254.6,0.0
2026-06-07 06:00:00,629.7,0.0
2026-06-07 07:00:00,492.7,181.2
2026-06-07 08:00:00,586.6,350.0
2026-06-07 09:00:00,341.6,495.0
2026-06-07 10:00:00,608.1,606.2
2026-06-07 11:00:00,335.6,676.1
2026-06-07 12:00:00,159.3,700.0
2026-06-07 13:00:00,271.4,676.1
2026-06-07 14:00:00,227.0,606.2
2026-06-07 15:00:00,253.1,495.0
2026-06-07 16:00:00,313.5,350.0
2026-06-07 17:00:00,228.7,181.2
2026-06-07 18:00:00,577.3,0.0
2026-06-07 19:00:00,334.2,0.0
2026-06-07 20:00:00,207.3,0.0
2026-06-07 21:00:00,556.3,0.0
2026-06-07 22:00:00,395.4,0.0
2026-06-07 23:00:00,159.7,0.0
2026-06-08 00:00:00,624.9,0.0
2026-06-08 01:00:00,119.4,0.0
2026-06-08 02:00:00,242.0,0.0
2026-06-08 03:00:00,472.6,0.0
2026-06-08 04:00:00,666.2,0.0
2026-06-08 05:00:00,231.1,0.0
2026-06-08 06:00:00,211.6,0.0
2026-06-08 07:00:00,190.4,181.2
2026-06-08 08:00:00,274.4,350.0
2026-06-08 09:00:00,470.7,495.0
2026-06-08 10:00:00,248.0,606.2
2026-06-08 11:00:00,378.1,676.1
2026-06-08 12:00:00,123.3,700.0
2026-06-08 13:00:00,516.1,676.1
2026-06-08 14:00:00,356.1,606.2
2026-06-08 15:00:00,987.3,495.0
2026-06-08 16:00:00,585.7,350.0
2026-06-08 17:00:00,235.2,181.2
2026-06-08 18:00:00,187.1,0.0
2026-06-08 19:00:00,567.0,0.0
2026-06-08 20:00:00,637.2,0.0
2026-06-08 21:00:00,389.3,0.0
2026-06-08 22:00:00,573.6,0.0
2026-06-08 23:00:00,96.4,0.0
2026-06-09 00:00:00,485.6,0.0
2026-06-09 01:00:00,45.3,0.0
2026-06-09 02:00:00,465.4,0.0
2026-06-09 03:00:00,823.1,0.0
2026-06-09 04:00:00,367.7,0.0
2026-06-09 05:00:00,486.6,0.0
2026-06-09 06:00:00,220.6,0.0
2026-06-09 07:00:00,125.0,181.2
2026-06-09 08:00:00,378.4,350.0
2026-06-09 09:00:00,495.8,495.0
2026-06-09 10:00:00,376.9,606.2
2026-06-09 11:00:00,275.7,676.1
2026-06-09 12:00:00,623.7,700.0
2026-06-09 13:00:00,264.9,676.1
2026-06-09 14:00:00,104.8,606.2
2026-06-09 15:00:00,394.6,495.0
2026-06-09 16:00:00,184.5,350.0
2026-06-09 17:00:00,127.7,181.2
2026-06-09 18:00:00,941.7,0.0
2026-06-09 19:00:00,301.9,0.0
2026-06-09 20:00:00,377.5,0.0
2026-06-09 21:00:00,717.7,0.0
2026-06-09 22:00:00,468.8,0.0
2026-06-09 23:00:00,217.3,0.0
2026-06-10 00:00:00,553.3,0.0
2026-06-10 01:00:00,333.1,0.0
2026-06-10 02:00:00,572.3,0.0
2026-06-10 03:00:00,387.0,0.0
2026-06-10 04:00:00,78.1,0.0
2026-06-10 05:00:00,711.2,0.0
2026-06-10 06:00:00,540.8,0.0
2026-06-10 07:00:00,91.8,181.2
2026-06-10 08:00:00,349.5,350.0
2026-06-10 09:00:00,564.9,495.0
2026-06-10 10:00:00,346.3,606.2
2026-06-10 11:00:00,822.4,676.1
2026-06-10 12:00:00,576.0,700.0
2026-06-10 13:00:00,340.3,676.1
2026-06-10 14:00:00,471.9,606.2
2026-06-10 15:00:00,246.7,495.0
2026-06-10 16:00:00,874.6,350.0
2026-06-10 17:00:00,403.8,181.2
2026-06-10 18:00:00,461.9,0.0
2026-06-10 19:00:00,257.2,0.0
2026-06-10 20:00:00,464.7,0.0
2026-06-10 21:00:00,356.8,0.0
2026-06-10 22:00:00,89.9,0.0
2026-06-10 23:00:00,92.7,0.0
2026-06-11 00:00:00,231.3,0.0
2026-06-11 01:00:00,718.9,0.0
2026-06-11 02:00:00,205.3,0.0
2026-06-11 03:00:00,408.3,0.0
2026-06-11 04:00:00,371.2,0.0
2026-06-11 05:00:00,225.1,0.0
2026-06-11 06:00:00,180.8,0.0
2026-06-11 07:00:00,28.7,181.2
2026-06-11 08:00:00,338.4,350.0
2026-06-11 09:00:00,172.3,495.0
2026-06-11 10:00:00,488.6,606.2
2026-06-11 11:00:00,248.6,676.1
2026-06-11 12:00:00,239.5,700.0
2026-06-11 13:00:00,542.2,676.1
2026-06-11 14:00:00,221.2,606.2
2026-06-11 15:00:00,419.0,495.0
2026-06-11 16:00:00,184.3,350.0
2026-06-11 17:00:00,849.8,181.2
2026-06-11 18:00:00,457.6,0.0
2026-06-11 19:00:00,332.8,0.0
2026-06-11 20:00:00,344.1,0.0
2026-06-11 21:00:00,357.4,0.0
2026-06-11 22:00:00,445.9,0.0
2026-06-11 23:00:00,499.2,0.0
2026-06-12 00:00:00,395.0,0.0
2026-06-12 01:00:00,336.8,0.0
2026-06-12 02:00:00,294.9,0.0
2026-06-12 03:00:00,241.1,0.0
2026-06-12 04:00:00,116.0,0.0
2026-06-12 05:00:00,261.7,0.0
2026-06-12 06:00:00,186.9,0.0
2026-06-12 07:00:00,455.3,181.2
2026-06-12 08:00:00,342.7,350.0
2026-06-12 09:00:00,359.1,495.0
2026-06-12 10:00:00,605.6,606.2
2026-06-12 11:00:00,431.4,676.1
2026-06-12 12:00:00,626.3,700.0
2026-06-12 13:00:00,418.3,676.1
2026-06-12 14:00:00,635.4,606.2
2026-06-12 15:00:00,365.2,495.0
2026-06-12 16:00:00,174.1,350.0
2026-06-12 17:00:00,330.7,181.2
2026-06-12 18:00:00,819.0,0.0
2026-06-12 19:00:00,413.7,0.0
2026-06-12 20:00:00,582.8,0.0
2026-06-12 21:00:00,165.2,0.0
2026-06-12 22:00:00,354.2,0.0
2026-06-12 23:00:00,591.1,0.0
2026-06-13 00:00:00,326.4,0.0
2026-06-13 01:00:00,266.0,0.0
2026-06-13 02:00:00,209.4,0.0
2026-06-13 03:00:00,712.4,0.0
2026-06-13 04:00:00,539.1,0.0
2026-06-13 05:00:00,383.1,0.0
2026-06-13 06:00:00,367.9,0.0
2026-06-13 07:00:00,612.6,181.2
2026-06-13 08:00:00,424.1,350.0
2026-06-13 09:00:00,411.1,495.0
2026-06-13 10:00:00,583.3,606.2
2026-06-13 11:00:00,691.4,676.1
2026-06-13 12:00:00,497.6,700.0
2026-06-13 13:00:00,422.0,676.1
2026-06-13 14:00:00,334.4,606.2
2026-06-13 15:00:00,171.1,495.0
2026-06-13 16:00:00,458.4,350.0
2026-06-13 17:00:00,773.5,181.2
2026-06-13 18:00:00,395.8,0.0
2026-06-13 19:00:00,82.4,0.0
2026-06-13 20:00:00,229.7,0.0
2026-06-13 21:00:00,336.3,0.0
2026-06-13 22:00:00,567.6,0.0
2026-06-13 23:00:00,927.3,0.0
2026-06-14 00:00:00,101.4,0.0
2026-06-14 01:00:00,278.4,0.0
2026-06-14 02:00:00,249.6,0.0
2026-06-14 03:00:00,414.0,0.0
2026-06-14 04:00:00,219.6,0.0
2026-06-14 05:00:00,233.9,0.0
2026-06-14 06:00:00,150.9,0.0
2026-06-14 07:00:00,442.4,181.2
2026-06-14 08:00:00,968.0,350.0
2026-06-14 09:00:00,582.1,495.0
2026-06-14 10:00:00,368.0,606.2
2026-06-14 11:00:00,266.5,676.1
2026-06-14 12:00:00,219.2,700.0
2026-06-14 13:00:00,279.6,676.1
2026-06-14 14:00:00,344.1,606.2
2026-06-14 15:00:00,365.6,495.0
2026-06-14 16:00:00,274.2,350.0
2026-06-14 17:00:00,299.4,181.2
2026-06-14 18:00:00,151.3,0.0
2026-06-14 19:00:00,472.5,0.0
2026-06-14 20:00:00,543.4,0.0
2026-06-14 21:00:00,296.1,0.0
2026-06-14 22:00:00,642.4,0.0
2026-06-14 23:00:00,155.2,0.0
2026-06-15 00:00:00,299.1,0.0
2026-06-15 01:00:00,344.8,0.0
2026-06-15 02:00:00,964.5,0.0
2026-06-15 03:00:00,84.8,0.0
2026-06-15 04:00:00,387.2,0.0
2026-06-15 05:00:00,377.5,0.0
2026-06-15 06:00:00,484.7,0.0
2026-06-15 07:00:00,194.3,181.2
2026-06-15 08:00:00,298.0,350.0
2026-06-15 09:00:00,580.8,495.0
2026-06-15 10:00:00,305.6,606.2
2026-06-15 11:00:00,570.9,676.1
2026-06-15 12:00:00,426.7,700.0
2026-06-15 13:00:00,183.2,676.1
2026-06-15 14:00:00,406.1,606.2
2026-06-15 15:00:00,499.0,495.0
2026-06-15 16:00:00,499.2,350.0
2026-06-15 17:00:00,413.9,181.2
2026-06-15 18:00:00,467.3,0.0
2026-06-15 19:00:00,465.7,0.0
2026-06-15 20:00:00,444.0,0.0
2026-06-15 21:00:00,329.6,0.0
2026-06-15 22:00:00,477.7,0.0
2026-06-15 23:00:00,221.9,0.0
2026-06-16 00:00:00,45.5,0.0
2026-06-16 01:00:00,622.4,0.0
2026-06-16 02:00:00,589.6,0.0
2026-06-16 03:00:00,339.9,0.0
2026-06-16 04:00:00,667.2,0.0
2026-06-16 05:00:00,162.5,0.0
2026-06-16 06:00:00,790.4,0.0
2026-06-16 07:00:00,269.2,181.2
2026-06-16 08:00:00,294.5,350.0
2026-06-16 09:00:00,416.6,495.0
2026-06-16 10:00:00,584.9,606.2
2026-06-16 11:00:00,435.3,676.1
2026-06-16 12:00:00,103.9,700.0
2026-06-16 13:00:00,449.3,676.1
2026-06-16 14:00:00,631.7,606.2
2026-06-16 15:00:00,1051.7,495.0
2026-06-16 16:00:00,486.7,350.0
2026-06-16 17:00:00,630.4,181.2
2026-06-16 18:00:00,422.3,0.0
2026-06-16 19:00:00,354.2,0.0
2026-06-16 20:00:00,408.6,0.0
2026-06-16 21:00:00,813.6,0.0
2026-06-16 22:00:00,466.6,0.0
2026-06-16 23:00:00,487.4,0.0
2026-06-17 00:00:00,357.1,0.0
2026-06-17 01:00:00,820.4,0.0
2026-06-17 02:00:00,379.2,0.0
2026-06-17 03:00:00,285.7,0.0
2026-06-17 04:00:00,252.7,0.0
2026-06-17 05:00:00,431.9,0.0
2026-06-17 06:00:00,355.0,0.0
2026-06-17 07:00:00,261.9,181.2
2026-06-17 08:00:00,896.2,350.0
2026-06-17 09:00:00,428.9,495.0
2026-06-17 10:00:00,334.6,606.2
2026-06-17 11:00:00,403.4,676.1
2026-06-17 12:00:00,401.8,700.0
2026-06-17 13:00:00,331.6,676.1
2026-06-17 14:00:00,402.3,606.2
2026-06-17 15:00:00,581.3,495.0
2026-06-17 16:00:00,214.0,350.0
2026-06-17 17:00:00,314.9,181.2
2026-06-17 18:00:00,26.1,0.0
2026-06-17 19:00:00,504.9,0.0
2026-06-17 20:00:00,383.5,0.0
2026-06-17 21:00:00,229.6,0.0
2026-06-17 22:00:00,156.2,0.0
2026-06-17 23:00:00,297.4,0.0
2026-06-18 00:00:00,426.5,0.0
2026-06-18 01:00:00,445.4,0.0
2026-06-18 02:00:00,292.0,0.0
2026-06-18 03:00:00,230.0,0.0
2026-06-18 04:00:00,127.9,0.0
2026-06-18 05:00:00,350.5,0.0
2026-06-18 06:00:00,221.7,0.0
2026-06-18 07:00:00,144.2,181.2
2026-06-18 08:00:00,74.0,350.0
2026-06-18 09:00:00,446.7,495.0
2026-06-18 10:00:00,170.6,606.2
2026-06-18 11:00:00,602.2,676.1
2026-06-18 12:00:00,149.9,700.0
2026-06-18 13:00:00,597.1,676.1
2026-06-18 14:00:00,753.4,606.2
2026-06-18 15:00:00,392.3,495.0
2026-06-18 16:00:00,192.7,350.0
2026-06-18 17:00:00,721.8,181.2
2026-06-18 18:00:00,325.9,0.0
2026-06-18 19:00:00,469.8,0.0
2026-06-18 20:00:00,626.3,0.0
2026-06-18 21:00:00,309.2,0.0
2026-06-18 22:00:00,444.1,0.0
2026-06-18 23:00:00,1045.6,0.0
2026-06-19 00:00:00,160.4,0.0
2026-06-19 01:00:00,166.3,0.0
2026-06-19 02:00:00,36.0,0.0
2026-06-19 03:00:00,508.0,0.0
2026-06-19 04:00:00,181.7,0.0
2026-06-19 05:00:00,521.6,0.0
2026-06-19 06:00:00,399.6,0.0
2026-06-19 07:00:00,813.9,181.2
2026-06-19 08:00:00,537.8,350.0
2026-06-19 09:00:00,198.3,495.0
2026-06-19 10:00:00,544.3,606.2
2026-06-19 11:00:00,172.8,676.1
2026-06-19 12:00:00,790.9,700.0
2026-06-19 13:00:00,275.6,676.1
2026-06-19 14:00:00,284.1,606.2
2026-06-19 15:00:00,534.5,495.0
2026-06-19 16:00:00,447.8,350.0
2026-06-19 17:00:00,85.5,181.2
2026-06-19 18:00:00,174.6,0.0
2026-06-19 19:00:00,750.0,0.0
2026-06-19 20:00:00,276.0,0.0
2026-06-19 21:00:00,494.4,0.0
2026-06-19 22:00:00,494.1,0.0
2026-06-19 23:00:00,582.6,0.0
2026-06-20 00:00:00,156.1,0.0
2026-06-20 01:00:00,133.5,0.0
2026-06-20 02:00:00,610.9,0.0
2026-06-20 03:00:00,612.0,0.0
2026-06-20 04:00:00,561.0,0.0
2026-06-20 05:00:00,407.1,0.0
2026-06-20 06:00:00,68.1,0.0
2026-06-20 07:00:00,442.9,181.2
2026-06-20 08:00:00,777.8,350.0
2026-06-20 09:00:00,814.0,495.0
2026-06-20 10:00:00,405.1,606.2
2026-06-20 11:00:00,276.1,676.1
2026-06-20 12:00:00,142.8,700.0
2026-06-20 13:00:00,146.7,676.1
2026-06-20 14:00:00,720.5,606.2
2026-06-20 15:00:00,253.8,495.0
2026-06-20 16:00:00,302.0,350.0
2026-06-20 17:00:00,620.5,181.2
2026-06-20 18:00:00,101.7,0.0
2026-06-20 19:00:00,682.4,0.0
2026-06-20 20:00:00,109.5,0.0
2026-06-20 21:00:00,437.4,0.0
2026-06-20 22:00:00,542.2,0.0
2026-06-20 23:00:00,555.2,0.0
2026-06-21 00:00:00,920.3,0.0
2026-06-21 01:00:00,314.7,0.0
2026-06-21 02:00:00,523.4,0.0
2026-06-21 03:00:00,246.3,0.0
2026-06-21 04:00:00,566.4,0.0
2026-06-21 05:00:00,583.3,0.0
2026-06-21 06:00:00,477.5,0.0
2026-06-21 07:00:00,463.1,181.2
2026-06-21 08:00:00,109.9,350.0
2026-06-21 09:00:00,169.7,495.0
2026-06-21 10:00:00,181.9,606.2
2026-06-21 11:00:00,129.8,676.1
2026-06-21 12:00:00,522.4,700.0
2026-06-21 13:00:00,179.1,676.1
2026-06-21 14:00:00,727.5,606.2
2026-06-21 15:00:00,228.7,495.0
2026-06-21 16:00:00,912.0,350.0
2026-06-21 17:00:00,94.6,181.2
2026-06-21 18:00:00,421.1,0.0
2026-06-21 19:00:00,279.5,0.0
2026-06-21 20:00:00,308.5,0.0
2026-06-21 21:00:00,297.5,0.0
2026-06-21 22:00:00,395.0,0.0
2026-06-21 23:00:00,44.4,0.0
2026-06-22 00:00:00,479.4,0.0
2026-06-22 01:00:00,378.6,0.0
2026-06-22 02:00:00,623.8,0.0
2026-06-22 03:00:00,610.1,0.0
2026-06-22 04:00:00,631.9,0.0
2026-06-22 05:00:00,305.1,0.0
2026-06-22 06:00:00,60.2,0.0
2026-06-22 07:00:00,867.7,181.2
2026-06-22 08:00:00,223.7,350.0
2026-06-22 09:00:00,301.3,495.0
2026-06-22 10:00:00,476.4,606.2
2026-06-22 11:00:00,669.0,676.1
2026-06-22 12:00:00,297.2,700.0
2026-06-22 13:00:00,375.5,676.1
2026-06-22 14:00:00,252.7,606.2
2026-06-22 15:00:00,150.6,495.0
2026-06-22 16:00:00,431.8,350.0
2026-06-22 17:00:00,433.5,181.2
2026-06-22 18:00:00,175.0,0.0
2026-06-22 19:00:00,522.5,0.0
2026-06-22 20:00:00,341.8,0.0
2026-06-22 21:00:00,558.9,0.0
2026-06-22 22:00:00,211.6,0.0
2026-06-22 23:00:00,510.7,0.0
2026-06-23 00:00:00,244.6,0.0
2026-06-23 01:00:00,603.8,0.0
2026-06-23 02:00:00,256.5,0.0
2026-06-23 03:00:00,244.7,0.0
2026-06-23 04:00:00,676.6,0.0
2026-06-23 05:00:00,367.9,0.0
2026-06-23 06:00:00,376.3,0.0
2026-06-23 07:00:00,111.8,181.2
2026-06-23 08:00:00,387.4,350.0
2026-06-23 09:00:00,99.8,495.0
2026-06-23 10:00:00,144.7,606.2
2026-06-23 11:00:00,689.2,676.1
2026-06-23 12:00:00,572.4,700.0
2026-06-23 13:00:00,470.2,676.1
2026-06-23 14:00:00,383.4,606.2
2026-06-23 15:00:00,618.9,495.0
2026-06-23 16:00:00,151.8,350.0
2026-06-23 17:00:00,389.7,181.2
2026-06-23 18:00:00,493.6,0.0
2026-06-23 19:00:00,592.0,0.0
2026-06-23 20:00:00,509.9,0.0
2026-06-23 21:00:00,924.2,0.0
2026-06-23 22:00:00,140.8,0.0
2026-06-23 23:00:00,1200.0,0.0
2026-06-24 00:00:00,321.5,0.0
2026-06-24 01:00:00,548.7,0.0
2026-06-24 02:00:00,372.4,0.0
2026-06-24 03:00:00,325.5,0.0
2026-06-24 04:00:00,495.8,0.0
2026-06-24 05:00:00,663.9,0.0
2026-06-24 06:00:00,459.8,0.0
2026-06-24 07:00:00,658.4,181.2
2026-06-24 08:00:00,159.0,350.0
2026-06-24 09:00:00,537.3,495.0
2026-06-24 10:00:00,79.1,606.2
2026-06-24 11:00:00,596.0,676.1
2026-06-24 12:00:00,726.6,700.0
2026-06-24 13:00:00,522.6,676.1
2026-06-24 14:00:00,539.0,606.2
2026-06-24 15:00:00,356.7,495.0
2026-06-24 16:00:00,326.4,350.0
2026-06-24 17:00:00,584.1,181.2
2026-06-24 18:00:00,520.8,0.0
2026-06-24 19:00:00,397.2,0.0
2026-06-24 20:00:00,730.6,0.0
2026-06-24 21:00:00,218.2,0.0
2026-06-24 22:00:00,452.5,0.0
2026-06-24 23:00:00,376.4,0.0
2026-06-25 00:00:00,596.8,0.0
2026-06-25 01:00:00,263.4,0.0
2026-06-25 02:00:00,272.5,0.0
2026-06-25 03:00:00,541.9,0.0
2026-06-25 04:00:00,546.7,0.0
2026-06-25 05:00:00,774.4,0.0
2026-06-25 06:00:00,649.0,0.0
2026-06-25 07:00:00,391.2,181.2
2026-06-25 08:00:00,304.9,350.0
2026-06-25 09:00:00,419.7,495.0
2026-06-25 10:00:00,269.4,606.2
2026-06-25 11:00:00,399.0,676.1
2026-06-25 12:00:00,475.4,700.0
2026-06-25 13:00:00,266.0,676.1
2026-06-25 14:00:00,687.0,606.2
2026-06-25 15:00:00,439.7,495.0
2026-06-25 16:00:00,29.3,350.0
2026-06-25 17:00:00,229.9,181.2
2026-06-25 18:00:00,450.9,0.0
2026-06-25 19:00:00,205.1,0.0
2026-06-25 20:00:00,702.7,0.0
2026-06-25 21:00:00,405.2,0.0
2026-06-25 22:00:00,416.3,0.0
2026-06-25 23:00:00,480.1,0.0
2026-06-26 00:00:00,582.2,0.0
2026-06-26 01:00:00,383.5,0.0
2026-06-26 02:00:00,1200.0,0.0
2026-06-26 03:00:00,314.4,0.0
2026-06-26 04:00:00,483.2,0.0
2026-06-26 05:00:00,13.5,0.0
2026-06-26 06:00:00,573.8,0.0
2026-06-26 07:00:00,569.5,181.2
2026-06-26 08:00:00,76.7,350.0
2026-06-26 09:00:00,297.0,495.0
2026-06-26 10:00:00,637.3,606.2
2026-06-26 11:00:00,340.4,676.1
2026-06-26 12:00:00,500.6,700.0
2026-06-26 13:00:00,133.1,676.1
2026-06-26 14:00:00,183.6,606.2
2026-06-26 15:00:00,381.0,495.0
2026-06-26 16:00:00,212.9,350.0
2026-06-26 17:00:00,375.1,181.2
2026-06-26 18:00:00,288.4,0.0
2026-06-26 19:00:00,58.2,0.0
2026-06-26 20:00:00,195.8,0.0
2026-06-26 21:00:00,287.9,0.0
2026-06-26 22:00:00,540.1,0.0
2026-06-26 23:00:00,523.8,0.0
2026-06-27 00:00:00,117.1,0.0
2026-06-27 01:00:00,430.1,0.0
2026-06-27 02:00:00,535.1,0.0
2026-06-27 03:00:00,615.0,0.0
2026-06-27 04:00:00,333.8,0.0
2026-06-27 05:00:00,112.1,0.0
2026-06-27 06:00:00,333.5,0.0
2026-06-27 07:00:00,939.0,181.2
2026-06-27 08:00:00,287.9,350.0
2026-06-27 09:00:00,200.4,495.0
2026-06-27 10:00:00,999.8,606.2
2026-06-27 11:00:00,742.5,676.1
2026-06-27 12:00:00,637.5,700.0
2026-06-27 13:00:00,501.5,676.1
2026-06-27 14:00:00,413.8,606.2
2026-06-27 15:00:00,424.9,495.0
2026-06-27 16:00:00,471.7,350.0
2026-06-27 17:00:00,924.0,181.2
2026-06-27 18:00:00,46.6,0.0
2026-06-27 19:00:00,195.9,0.0
2026-06-27 20:00:00,246.9,0.0
2026-06-27 21:00:00,406.7,0.0
2026-06-27 22:00:00,256.3,0.0
2026-06-27 23:00:00,298.5,0.0
2026-06-28 00:00:00,239.1,0.0
2026-06-28 01:00:00,328.2,0.0
2026-06-28 02:00:00,105.5,0.0
2026-06-28 03:00:00,348.5,0.0
2026-06-28 04:00:00,605.3,0.0
2026-06-28 05:00:00,313.6,0.0
2026-06-28 06:00:00,689.3,0.0
2026-06-28 07:00:00,345.1,181.2
2026-06-28 08:00:00,493.1,350.0
2026-06-28 09:00:00,233.4,495.0
2026-06-28 10:00:00,221.0,606.2
2026-06-28 11:00:00,410.8,676.1
2026-06-28 12:00:00,608.5,700.0
2026-06-28 13:00:00,607.0,676.1
2026-06-28 14:00:00,182.2,606.2
2026-06-28 15:00:00,125.2,495.0
2026-06-28 16:00:00,325.5,350.0
2026-06-28 17:00:00,394.3,181.2
2026-06-28 18:00:00,740.8,0.0
2026-06-28 19:00:00,373.4,0.0
2026-06-28 20:00:00,466.9,0.0
2026-06-28 21:00:00,197.5,0.0
2026-06-28 22:00:00,385.7,0.0
2026-06-28 23:00:00,234.0,0.0
2026-06-29 00:00:00,199.0,0.0
2026-06-29 01:00:00,512.3,0.0
2026-06-29 02:00:00,405.8,0.0
2026-06-29 03:00:00,308.7,0.0
2026-06-29 04:00:00,256.7,0.0
2026-06-29 05:00:00,473.0,0.0
2026-06-29 06:00:00,408.0,0.0
2026-06-29 07:00:00,318.7,181.2
2026-06-29 08:00:00,134.0,350.0
2026-06-29 09:00:00,851.1,495.0
2026-06-29 10:00:00,559.0,606.2
2026-06-29 11:00:00,203.8,676.1
2026-06-29 12:00:00,237.3,700.0
2026-06-29 13:00:00,203.0,676.1
2026-06-29 14:00:00,376.6,606.2
2026-06-29 15:00:00,69.8,495.0
2026-06-29 16:00:00,206.6,350.0
2026-06-29 17:00:00,202.8,181.2
2026-06-29 18:00:00,283.7,0.0
2026-06-29 19:00:00,164.9,0.0
2026-06-29 20:00:00,163.8,0.0
2026-06-29 21:00:00,153.8,0.0
2026-06-29 22:00:00,539.0,0.0
2026-06-29 23:00:00,508.2,0.0
2026-06-30 00:00:00,425.7,0.0
2026-06-30 01:00:00,196.2,0.0
2026-06-30 02:00:00,344.3,0.0
2026-06-30 03:00:00,599.1,0.0
2026-06-30 04:00:00,626.3,0.0
2026-06-30 05:00:00,92.3,0.0
2026-06-30 06:00:00,243.2,0.0
2026-06-30 07:00:00,170.4,181.2
2026-06-30 08:00:00,411.6,350.0
2026-06-30 09:00:00,552.3,495.0
2026-06-30 10:00:00,389.2,606.2
2026-06-30 11:00:00,429.2,676.1
2026-06-30 12:00:00,318.5,700.0
2026-06-30 13:00:00,185.1,676.1
2026-06-30 14:00:00,827.2,606.2
2026-06-30 15:00:00,358.3,495.0
2026-06-30 16:00:00,152.0,350.0
2026-06-30 17:00:00,61.0,181.2
2026-06-30 18:00:00,578.3,0.0
2026-06-30 19:00:00,280.2,0.0
2026-06-30 20:00:00,684.5,0.0
2026-06-30 21:00:00,46.3,0.0
2026-06-30 22:00:00,714.6,0.0
2026-06-30 23:00:00,346.8,0.0
2026-07-01 00:00:00,531.9,0.0
2026-07-01 01:00:00,678.8,0.0
2026-07-01 02:00:00,477.2,0.0
2026-07-01 03:00:00,287.7,0.0
2026-07-01 04:00:00,220.5,0.0
2026-07-01 05:00:00,548.7,0.0
2026-07-01 06:00:00,126.2,0.0
2026-07-01 07:00:00,519.4,181.2
2026-07-01 08:00:00,429.3,350.0
2026-07-01 09:00:00,396.5,495.0
2026-07-01 10:00:00,641.9,606.2
2026-07-01 11:00:00,605.5,676.1
2026-07-01 12:00:00,597.6,700.0
2026-07-01 13:00:00,250.7,676.1
2026-07-01 14:00:00,208.9,606.2
2026-07-01 15:00:00,337.3,495.0
2026-07-01 16:00:00,318.8,350.0
2026-07-01 17:00:00,432.4,181.2
2026-07-01 18:00:00,1200.0,0.0
2026-07-01 19:00:00,56.4,0.0
2026-07-01 20:00:00,441.3,0.0
2026-07-01 21:00:00,622.0,0.0
2026-07-01 22:00:00,116.5,0.0
2026-07-01 23:00:00,209.0,0.0
2026-07-02 00:00:00,565.8,0.0
2026-07-02 01:00:00,567.3,0.0
2026-07-02 02:00:00,617.9,0.0
2026-07-02 03:00:00,295.0,0.0
2026-07-02 04:00:00,306.1,0.0
2026-07-02 05:00:00,142.3,0.0
2026-07-02 06:00:00,375.4,0.0
2026-07-02 07:00:00,125.0,181.2
2026-07-02 08:00:00,203.0,350.0
2026-07-02 09:00:00,599.5,495.0
2026-07-02 10:00:00,294.9,606.2
2026-07-02 11:00:00,236.1,676.1
2026-07-02 12:00:00,163.9,700.0
2026-07-02 13:00:00,334.0,676.1
2026-07-02 14:00:00,390.0,606.2
2026-07-02 15:00:00,370.3,495.0
2026-07-02 16:00:00,236.4,350.0
2026-07-02 17:00:00,375.2,181.2
2026-07-02 18:00:00,372.6,0.0
2026-07-02 19:00:00,660.8,0.0
2026-07-02 20:00:00,567.4,0.0
2026-07-02 21:00:00,300.1,0.0
2026-07-02 22:00:00,219.3,0.0
2026-07-02 23:00:00,264.0,0.0
2026-07-03 00:00:00,271.9,0.0
2026-07-03 01:00:00,595.3,0.0
2026-07-03 02:00:00,245.9,0.0
2026-07-03 03:00:00,231.6,0.0
2026-07-03 04:00:00,338.6,0.0
2026-07-03 05:00:00,74.1,0.0
2026-07-03 06:00:00,397.7,0.0
2026-07-03 07:00:00,286.2,181.2
2026-07-03 08:00:00,312.0,350.0
2026-07-03 09:00:00,498.3,495.0
2026-07-03 10:00:00,260.5,606.2
2026-07-03 11:00:00,617.9,676.1
2026-07-03 12:00:00,349.4,700.0
2026-07-03 13:00:00,509.2,676.1
2026-07-03 14:00:00,70.5,606.2
2026-07-03 15:00:00,306.2,495.0
2026-07-03 16:00:00,856.4,350.0
2026-07-03 17:00:00,229.1,181.2
2026-07-03 18:00:00,79.3,0.0
2026-07-03 19:00:00,328.6,0.0
2026-07-03 20:00:00,267.5,0.0
2026-07-03 21:00:00,700.1,0.0
2026-07-03 22:00:00,212.7,0.0
2026-07-03 23:00:00,283.3,0.0
2026-07-04 00:00:00,308.9,0.0
2026-07-04 01:00:00,704.9,0.0
2026-07-04 02:00:00,762.4,0.0
2026-07-04 03:00:00,479.8,0.0
2026-07-04 04:00:00,323.6,0.0
2026-07-04 05:00:00,902.8,0.0
2026-07-04 06:00:00,366.0,0.0
2026-07-04 07:00:00,388.5,181.2
2026-07-04 08:00:00,510.3,350.0
2026-07-04 09:00:00,493.8,495.0
2026-07-04 10:00:00,226.5,606.2
2026-07-04 11:00:00,125.4,676.1
2026-07-04 12:00:00,292.4,700.0
2026-07-04 13:00:00,240.1,676.1
2026-07-04 14:00:00,34.8,606.2
2026-07-04 15:00:00,308.8,495.0
2026-07-04 16:00:00,655.8,350.0
2026-07-04 17:00:00,69.1,181.2
2026-07-04 18:00:00,127.9,0.0
2026-07-04 19:00:00,225.6,0.0
2026-07-04 20:00:00,218.7,0.0
2026-07-04 21:00:00,669.5,0.0
2026-07-04 22:00:00,285.5,0.0
2026-07-04 23:00:00,418.4,0.0
2026-07-05 00:00:00,351.4,0.0
2026-07-05 01:00:00,546.6,0.0
2026-07-05 02:00:00,399.0,0.0
2026-07-05 03:00:00,45.7,0.0
2026-07-05 04:00:00,463.3,0.0
2026-07-05 05:00:00,389.6,0.0
2026-07-05 06:00:00,303.1,0.0
2026-07-05 07:00:00,635.9,181.2
2026-07-05 08:00:00,564.6,350.0
2026-07-05 09:00:00,669.3,495.0
2026-07-05 10:00:00,476.2,606.2
2026-07-05 11:00:00,151.2,676.1
2026-07-05 12:00:00,265.6,700.0
2026-07-05 13:00:00,278.0,676.1
2026-07-05 14:00:00,297.5,606.2
2026-07-05 15:00:00,394.4,495.0
2026-07-05 16:00:00,544.5,350.0
2026-07-05 17:00:00,84.7,181.2
2026-07-05 18:00:00,160.1,0.0
2026-07-05 19:00:00,199.3,0.0
2026-07-05 20:00:00,195.4,0.0
2026-07-05 21:00:00,110.8,0.0
2026-07-05 22:00:00,502.6,0.0
2026-07-05 23:00:00,611.2,0.0
2026-07-06 00:00:00,109.7,0.0
2026-07-06 01:00:00,621.6,0.0
2026-07-06 02:00:00,90.0,0.0
2026-07-06 03:00:00,600.9,0.0
2026-07-06 04:00:00,441.1,0.0
2026-07-06 05:00:00,631.3,0.0
2026-07-06 06:00:00,417.3,0.0
2026-07-06 07:00:00,271.9,181.2
2026-07-06 08:00:00,665.2,350.0
2026-07-06 09:00:00,148.0,495.0
2026-07-06 10:00:00,313.8,606.2
2026-07-06 11:00:00,595.2,676.1
2026-07-06 12:00:00,574.3,700.0
2026-07-06 13:00:00,118.1,676.1
2026-07-06 14:00:00,107.1,606.2
2026-07-06 15:00:00,210.1,495.0
2026-07-06 16:00:00,190.0,350.0
2026-07-06 17:00:00,252.0,181.2
2026-07-06 18:00:00,351.5,0.0
2026-07-06 19:00:00,311.5,0.0
2026-07-06 20:00:00,571.3,0.0
2026-07-06 21:00:00,237.6,0.0
2026-07-06 22:00:00,500.0,0.0
2026-07-06 23:00:00,262.2,0.0
2026-07-07 00:00:00,358.9,0.0
2026-07-07 01:00:00,496.4,0.0
2026-07-07 02:00:00,478.8,0.0
2026-07-07 03:00:00,493.7,0.0
2026-07-07 04:00:00,168.5,0.0
2026-07-07 05:00:00,305.9,0.0
2026-07-07 06:00:00,625.6,0.0
2026-07-07 07:00:00,465.6,181.2
2026-07-07 08:00:00,417.7,350.0
2026-07-07 09:00:00,343.3,495.0
2026-07-07 10:00:00,523.9,606.2
2026-07-07 11:00:00,531.5,676.1
2026-07-07 12:00:00,370.4,700.0
2026-07-07 13:00:00,215.7,676.1
2026-07-07 14:00:00,229.3,606.2
2026-07-07 15:00:00,282.0,495.0
2026-07-07 16:00:00,309.9,350.0
2026-07-07 17:00:00,508.9,181.2
2026-07-07 18:00:00,158.5,0.0
2026-07-07 19:00:00,340.6,0.0
2026-07-07 20:00:00,285.2,0.0
2026-07-07 21:00:00,514.2,0.0
2026-07-07 22:00:00,331.5,0.0
2026-07-07 23:00:00,610.7,0.0
2026-07-08 00:00:00,292.9,0.0
2026-07-08 01:00:00,214.2,0.0
2026-07-08 02:00:00,439.1,0.0
2026-07-08 03:00:00,582.1,0.0
2026-07-08 04:00:00,199.1,0.0
2026-07-08 05:00:00,173.4,0.0
2026-07-08 06:00:00,337.9,0.0
2026-07-08 07:00:00,224.5,181.2
2026-07-08 08:00:00,633.9,350.0
2026-07-08 09:00:00,387.2,495.0
2026-07-08 10:00:00,378.1,606.2
2026-07-08 11:00:00,399.1,676.1
2026-07-08 12:00:00,418.7,700.0
2026-07-08 13:00:00,564.5,676.1
2026-07-08 14:00:00,234.6,606.2
2026-07-08 15:00:00,232.0,495.0
2026-07-08 16:00:00,591.8,350.0
2026-07-08 17:00:00,376.3,181.2
2026-07-08 18:00:00,558.8,0.0
2026-07-08 19:00:00,443.3,0.0
2026-07-08 20:00:00,306.6,0.0
2026-07-08 21:00:00,445.5,0.0
2026-07-08 22:00:00,267.1,0.0
2026-07-08 23:00:00,377.8,0.0
2026-07-09 00:00:00,436.6,0.0
2026-07-09 01:00:00,282.9,0.0
2026-07-09 02:00:00,387.9,0.0
2026-07-09 03:00:00,461.2,0.0
2026-07-09 04:00:00,502.3,0.0
2026-07-09 05:00:00,460.6,0.0
2026-07-09 06:00:00,236.5,0.0
2026-07-09 07:00:00,243.8,181.2
2026-07-09 08:00:00,653.7,350.0
2026-07-09 09:00:00,780.6,495.0
2026-07-09 10:00:00,538.0,606.2
2026-07-09 11:00:00,610.7,676.1
2026-07-09 12:00:00,366.3,700.0
2026-07-09 13:00:00,290.3,676.1
2026-07-09 14:00:00,633.0,606.2
2026-07-09 15:00:00,513.9,495.0
2026-07-09 16:00:00,589.1,350.0
2026-07-09 17:00:00,299.1,181.2
2026-07-09 18:00:00,339.6,0.0
2026-07-09 19:00:00,620.4,0.0
2026-07-09 20:00:00,412.8,0.0
2026-07-09 21:00:00,295.3,0.0
2026-07-09 22:00:00,703.8,0.0
2026-07-09 23:00:00,315.9,0.0
2026-07-10 00:00:00,177.6,0.0
2026-07-10 01:00:00,299.8,0.0
2026-07-10 02:00:00,422.5,0.0
2026-07-10 03:00:00,308.1,0.0
2026-07-10 04:00:00,606.1,0.0
2026-07-10 05:00:00,515.9,0.0
2026-07-10 06:00:00,629.1,0.0
2026-07-10 07:00:00,502.4,181.2
2026-07-10 08:00:00,410.8,350.0
2026-07-10 09:00:00,393.7,495.0
2026-07-10 10:00:00,311.7,606.2
2026-07-10 11:00:00,355.4,676.1
2026-07-10 12:00:00,671.6,700.0
2026-07-10 13:00:00,194.8,676.1
2026-07-10 14:00:00,374.7,606.2
2026-07-10 15:00:00,423.2,495.0
2026-07-10 16:00:00,422.3,350.0
2026-07-10 17:00:00,361.3,181.2
2026-07-10 18:00:00,218.7,0.0
2026-07-10 19:00:00,575.6,0.0
2026-07-10 20:00:00,346.4,0.0
2026-07-10 21:00:00,160.3,0.0
2026-07-10 22:00:00,213.0,0.0
2026-07-10 23:00:00,272.8,0.0
2026-07-11 00:00:00,226.3,0.0
2026-07-11 01:00:00,381.0,0.0
2026-07-11 02:00:00,609.5,0.0
2026-07-11 03:00:00,596.2,0.0
2026-07-11 04:00:00,369.3,0.0
2026-07-11 05:00:00,163.1,0.0
2026-07-11 06:00:00,463.0,0.0
2026-07-11 07:00:00,137.5,181.2
2026-07-11 08:00:00,722.6,350.0
2026-07-11 09:00:00,15.5,495.0
2026-07-11 10:00:00,203.0,606.2
2026-07-11 11:00:00,541.5,676.1
2026-07-11 12:00:00,216.0,700.0
2026-07-11 13:00:00,90.9,676.1
2026-07-11 14:00:00,588.0,606.2
2026-07-11 15:00:00,529.2,495.0
2026-07-11 16:00:00,453.9,350.0
2026-07-11 17:00:00,311.4,181.2
2026-07-11 18:00:00,824.6,0.0
2026-07-11 19:00:00,313.0,0.0
2026-07-11 20:00:00,566.0,0.0
2026-07-11 21:00:00,633.8,0.0
2026-07-11 22:00:00,604.7,0.0
2026-07-11 23:00:00,263.9,0.0
2026-07-12 00:00:00,458.6,0.0
2026-07-12 01:00:00,107.4,0.0
2026-07-12 02:00:00,293.4,0.0
2026-07-12 03:00:00,713.0,0.0
2026-07-12 04:00:00,437.2,0.0
2026-07-12 05:00:00,181.5,0.0
2026-07-12 06:00:00,515.8,0.0
2026-07-12 07:00:00,235.9,181.2
2026-07-12 08:00:00,254.7,350.0
2026-07-12 09:00:00,609.3,495.0
2026-07-12 10:00:00,227.9,606.2
2026-07-12 11:00:00,647.0,676.1
2026-07-12 12:00:00,278.4,700.0
2026-07-12 13:00:00,178.1,676.1
2026-07-12 14:00:00,682.4,606.2
2026-07-12 15:00:00,593.0,495.0
2026-07-12 16:00:00,121.6,350.0
2026-07-12 17:00:00,624.4,181.2
2026-07-12 18:00:00,1024.3,0.0
2026-07-12 19:00:00,301.8,0.0
2026-07-12 20:00:00,528.3,0.0
2026-07-12 21:00:00,409.7,0.0
2026-07-12 22:00:00,39.4,0.0
2026-07-12 23:00:00,128.0,0.0
2026-07-13 00:00:00,538.5,0.0
2026-07-13 01:00:00,95.4,0.0
2026-07-13 02:00:00,229.8,0.0
2026-07-13 03:00:00,463.3,0.0
2026-07-13 04:00:00,18.1,0.0
2026-07-13 05:00:00,338.8,0.0
2026-07-13 06:00:00,270.8,0.0
2026-07-13 07:00:00,258.2,181.2
2026-07-13 08:00:00,455.8,350.0
2026-07-13 09:00:00,693.5,495.0
2026-07-13 10:00:00,460.9,606.2
2026-07-13 11:00:00,953.6,676.1
2026-07-13 12:00:00,411.3,700.0
2026-07-13 13:00:00,229.0,676.1
2026-07-13 14:00:00,402.3,606.2
2026-07-13 15:00:00,293.1,495.0
2026-07-13 16:00:00,626.0,350.0
2026-07-13 17:00:00,508.0,181.2
2026-07-13 18:00:00,593.9,0.0
2026-07-13 19:00:00,190.6,0.0
2026-07-13 20:00:00,229.9,0.0
2026-07-13 21:00:00,103.7,0.0
2026-07-13 22:00:00,445.1,0.0
2026-07-13 23:00:00,226.2,0.0
2026-07-14 00:00:00,490.4,0.0
2026-07-14 01:00:00,267.5,0.0
2026-07-14 02:00:00,787.1,0.0
2026-07-14 03:00:00,428.9,0.0
2026-07-14 04:00:00,285.2,0.0
2026-07-14 05:00:00,275.1,0.0
2026-07-14 06:00:00,699.1,0.0
2026-07-14 07:00:00,82.3,181.2
2026-07-14 08:00:00,792.1,350.0
2026-07-14 09:00:00,380.9,495.0
2026-07-14 10:00:00,667.3,606.2
2026-07-14 11:00:00,295.7,676.1
2026-07-14 12:00:00,497.9,700.0
2026-07-14 13:00:00,463.3,676.1
2026-07-14 14:00:00,401.0,606.2
2026-07-14 15:00:00,342.7,495.0
2026-07-14 16:00:00,157.6,350.0
2026-07-14 17:00:00,824.8,181.2
2026-07-14 18:00:00,734.7,0.0
2026-07-14 19:00:00,555.1,0.0
2026-07-14 20:00:00,841.6,0.0
2026-07-14 21:00:00,368.7,0.0
2026-07-14 22:00:00,281.5,0.0
2026-07-14 23:00:00,429.9,0.0
2026-07-15 00:00:00,471.7,0.0
2026-07-15 01:00:00,335.8,0.0
2026-07-15 02:00:00,108.6,0.0
2026-07-15 03:00:00,71.2,0.0
2026-07-15 04:00:00,163.8,0.0
2026-07-15 05:00:00,514.8,0.0
2026-07-15 06:00:00,533.3,0.0
2026-07-15 07:00:00,609.4,181.2
2026-07-15 08:00:00,199.2,350.0
2026-07-15 09:00:00,179.0,495.0
2026-07-15 10:00:00,551.8,606.2
2026-07-15 11:00:00,524.3,676.1
2026-07-15 12:00:00,641.0,700.0
2026-07-15 13:00:00,830.3,676.1
2026-07-15 14:00:00,590.5,606.2
2026-07-15 15:00:00,264.4,495.0
2026-07-15 16:00:00,240.2,350.0
2026-07-15 17:00:00,590.4,181.2
2026-07-15 18:00:00,172.3,0.0
2026-07-15 19:00:00,774.2,0.0
2026-07-15 20:00:00,369.8,0.0
2026-07-15 21:00:00,569.0,0.0
2026-07-15 22:00:00,399.9,0.0
2026-07-15 23:00:00,566.7,0.0
2026-07-16 00:00:00,337.6,0.0
2026-07-16 01:00:00,732.4,0.0
2026-07-16 02:00:00,232.6,0.0
2026-07-16 03:00:00,486.6,0.0
2026-07-16 04:00:00,242.6,0.0
2026-07-16 05:00:00,250.7,0.0
2026-07-16 06:00:00,256.9,0.0
2026-07-16 07:00:00,688.4,181.2
2026-07-16 08:00:00,157.7,350.0
2026-07-16 09:00:00,603.3,495.0
2026-07-16 10:00:00,261.3,606.2
2026-07-16 11:00:00,327.9,676.1
2026-07-16 12:00:00,62.0,700.0
2026-07-16 13:00:00,254.4,676.1
2026-07-16 14:00:00,250.2,606.2
2026-07-16 15:00:00,557.4,495.0
2026-07-16 16:00:00,168.8,350.0
2026-07-16 17:00:00,704.8,181.2
2026-07-16 18:00:00,312.9,0.0
2026-07-16 19:00:00,450.0,0.0
2026-07-16 20:00:00,614.9,0.0
2026-07-16 21:00:00,245.2,0.0
2026-07-16 22:00:00,272.4,0.0
2026-07-16 23:00:00,720.4,0.0
2026-07-17 00:00:00,524.0,0.0
2026-07-17 01:00:00,267.4,0.0
2026-07-17 02:00:00,348.5,0.0
2026-07-17 03:00:00,106.2,0.0
2026-07-17 04:00:00,567.0,0.0
2026-07-17 05:00:00,168.4,0.0
2026-07-17 06:00:00,388.0,0.0
2026-07-17 07:00:00,479.3,181.2
2026-07-17 08:00:00,565.8,350.0
2026-07-17 09:00:00,334.9,495.0
2026-07-17 10:00:00,232.0,606.2
2026-07-17 11:00:00,238.7,676.1
2026-07-17 12:00:00,324.2,700.0
2026-07-17 13:00:00,246.4,676.1
2026-07-17 14:00:00,420.6,606.2
2026-07-17 15:00:00,343.6,495.0
2026-07-17 16:00:00,624.3,350.0
2026-07-17 17:00:00,141.0,181.2
2026-07-17 18:00:00,640.1,0.0
2026-07-17 19:00:00,275.5,0.0
2026-07-17 20:00:00,315.5,0.0
2026-07-17 21:00:00,531.8,0.0
2026-07-17 22:00:00,312.9,0.0
2026-07-17 23:00:00,151.9,0.0
2026-07-18 00:00:00,676.1,0.0
2026-07-18 01:00:00,33.6,0.0
2026-07-18 02:00:00,182.7,0.0
2026-07-18 03:00:00,470.1,0.0
2026-07-18 04:00:00,343.6,0.0
2026-07-18 05:00:00,726.2,0.0
2026-07-18 06:00:00,598.6,0.0
2026-07-18 07:00:00,244.2,181.2
2026-07-18 08:00:00,530.9,350.0
2026-07-18 09:00:00,536.6,495.0
2026-07-18 10:00:00,431.9,606.2
2026-07-18 11:00:00,507.0,676.1
2026-07-18 12:00:00,381.3,700.0
2026-07-18 13:00:00,729.8,676.1
2026-07-18 14:00:00,445.7,606.2
2026-07-18 15:00:00,355.2,495.0
2026-07-18 16:00:00,282.5,350.0
2026-07-18 17:00:00,637.4,181.2
2026-07-18 18:00:00,308.2,0.0
2026-07-18 19:00:00,226.4,0.0
2026-07-18 20:00:00,644.4,0.0
2026-07-18 21:00:00,519.5,0.0
2026-07-18 22:00:00,250.5,0.0
2026-07-18 23:00:00,511.8,0.0
2026-07-19 00:00:00,298.1,0.0
2026-07-19 01:00:00,408.5,0.0
2026-07-19 02:00:00,207.8,0.0
2026-07-19 03:00:00,381.4,0.0
2026-07-19 04:00:00,682.7,0.0
2026-07-19 05:00:00,629.2,0.0
2026-07-19 06:00:00,714.9,0.0
2026-07-19 07:00:00,714.5,181.2
2026-07-19 08:00:00,361.2,350.0
2026-07-19 09:00:00,427.7,495.0
2026-07-19 10:00:00,190.2,606.2
2026-07-19 11:00:00,331.1,676.1
2026-07-19 12:00:00,584.7,700.0
2026-07-19 13:00:00,200.2,676.1
2026-07-19 14:00:00,523.4,606.2
2026-07-19 15:00:00,309.7,495.0
2026-07-19 16:00:00,687.3,350.0
2026-07-19 17:00:00,168.3,181.2
2026-07-19 18:00:00,352.8,0.0
2026-07-19 19:00:00,444.1,0.0
2026-07-19 20:00:00,186.3,0.0
2026-07-19 21:00:00,638.8,0.0
2026-07-19 22:00:00,560.8,0.0
2026-07-19 23:00:00,505.8,0.0
2026-07-20 00:00:00,937.7,0.0
2026-07-20 01:00:00,180.0,0.0
2026-07-20 02:00:00,515.6,0.0
2026-07-20 03:00:00,619.8,0.0
2026-07-20 04:00:00,421.7,0.0
2026-07-20 05:00:00,653.7,0.0
2026-07-20 06:00:00,229.0,0.0
2026-07-20 07:00:00,362.7,181.2
2026-07-20 08:00:00,301.4,350.0
2026-07-20 09:00:00,654.7,495.0
2026-07-20 10:00:00,286.2,606.2
2026-07-20 11:00:00,132.2,676.1
2026-07-20 12:00:00,316.3,700.0
2026-07-20 13:00:00,360.0,676.1
2026-07-20 14:00:00,294.8,606.2
2026-07-20 15:00:00,327.2,495.0
2026-07-20 16:00:00,738.6,350.0
2026-07-20 17:00:00,491.3,181.2
2026-07-20 18:00:00,345.1,0.0
2026-07-20 19:00:00,276.3,0.0
2026-07-20 20:00:00,189.6,0.0
2026-07-20 21:00:00,344.7,0.0
2026-07-20 22:00:00,859.4,0.0
2026-07-20 23:00:00,282.3,0.0
2026-07-21 00:00:00,461.2,0.0
2026-07-21 01:00:00,759.6,0.0
2026-07-21 02:00:00,387.1,0.0
2026-07-21 03:00:00,318.3,0.0
2026-07-21 04:00:00,373.2,0.0
2026-07-21 05:00:00,518.1,0.0
2026-07-21 06:00:00,330.3,0.0
2026-07-21 07:00:00,788.2,181.2
2026-07-21 08:00:00,396.7,350.0
2026-07-21 09:00:00,654.4,495.0
2026-07-21 10:00:00,101.3,606.2
2026-07-21 11:00:00,243.2,676.1
2026-07-21 12:00:00,603.6,700.0
2026-07-21 13:00:00,279.1,676.1
2026-07-21 14:00:00,212.4,606.2
2026-07-21 15:00:00,139.2,495.0
2026-07-21 16:00:00,456.3,350.0
2026-07-21 17:00:00,574.3,181.2
2026-07-21 18:00:00,694.9,0.0
2026-07-21 19:00:00,383.1,0.0
2026-07-21 20:00:00,406.7,0.0
2026-07-21 21:00:00,290.7,0.0
2026-07-21 22:00:00,673.1,0.0
2026-07-21 23:00:00,374.1,0.0
2026-07-22 00:00:00,215.5,0.0
2026-07-22 01:00:00,252.1,0.0
2026-07-22 02:00:00,199.4,0.0
2026-07-22 03:00:00,554.2,0.0
2026-07-22 04:00:00,184.6,0.0
2026-07-22 05:00:00,324.5,0.0
2026-07-22 06:00:00,487.0,0.0
2026-07-22 07:00:00,263.2,181.2
2026-07-22 08:00:00,255.6,350.0
2026-07-22 09:00:00,578.3,495.0
2026-07-22 10:00:00,421.4,606.2
2026-07-22 11:00:00,382.4,676.1
2026-07-22 12:00:00,734.9,700.0
2026-07-22 13:00:00,361.8,676.1
2026-07-22 14:00:00,973.8,606.2
2026-07-22 15:00:00,675.5,495.0
2026-07-22 16:00:00,402.3,350.0
2026-07-22 17:00:00,476.3,181.2
2026-07-22 18:00:00,538.7,0.0
2026-07-22 19:00:00,496.2,0.0
2026-07-22 20:00:00,272.0,0.0
2026-07-22 21:00:00,198.6,0.0
2026-07-22 22:00:00,362.9,0.0
2026-07-22 23:00:00,344.4,0.0
2026-07-23 00:00:00,405.0,0.0
2026-07-23 01:00:00,207.3,0.0
2026-07-23 02:00:00,420.0,0.0
2026-07-23 03:00:00,448.4,0.0
2026-07-23 04:00:00,608.6,0.0
2026-07-23 05:00:00,51.4,0.0
2026-07-23 06:00:00,422.0,0.0
2026-07-23 07:00:00,427.6,181.2
2026-07-23 08:00:00,286.8,350.0
2026-07-23 09:00:00,351.7,495.0
2026-07-23 10:00:00,723.8,606.2
2026-07-23 11:00:00,306.3,676.1
2026-07-23 12:00:00,217.6,700.0
2026-07-23 13:00:00,131.5,676.1
2026-07-23 14:00:00,737.3,606.2
2026-07-23 15:00:00,260.3,495.0
2026-07-23 16:00:00,238.2,350.0
2026-07-23 17:00:00,439.4,181.2
2026-07-23 18:00:00,290.6,0.0
2026-07-23 19:00:00,324.3,0.0
2026-07-23 20:00:00,281.8,0.0
2026-07-23 21:00:00,294.7,0.0
2026-07-23 22:00:00,119.9,0.0
2026-07-23 23:00:00,684.3,0.0
2026-07-24 00:00:00,450.8,0.0
2026-07-24 01:00:00,347.4,0.0
2026-07-24 02:00:00,318.3,0.0
2026-07-24 03:00:00,365.3,0.0
2026-07-24 04:00:00,474.5,0.0
2026-07-24 05:00:00,72.2,0.0
2026-07-24 06:00:00,407.1,0.0
2026-07-24 07:00:00,436.5,181.2
2026-07-24 08:00:00,407.0,350.0
2026-07-24 09:00:00,25.6,495.0
2026-07-24 10:00:00,542.6,606.2
2026-07-24 11:00:00,634.4,676.1
2026-07-24 12:00:00,394.2,700.0
2026-07-24 13:00:00,430.9,676.1
2026-07-24 14:00:00,427.7,606.2
2026-07-24 15:00:00,512.4,495.0
2026-07-24 16:00:00,451.2,350.0
2026-07-24 17:00:00,249.5,181.2
2026-07-24 18:00:00,314.4,0.0
2026-07-24 19:00:00,544.0,0.0
2026-07-24 20:00:00,391.9,0.0
2026-07-24 21:00:00,785.9,0.0
2026-07-24 22:00:00,235.4,0.0
2026-07-24 23:00:00,768.2,0.0
2026-07-25 00:00:00,469.1,0.0
2026-07-25 01:00:00,548.3,0.0
2026-07-25 02:00:00,838.6,0.0
2026-07-25 03:00:00,159.7,0.0
2026-07-25 04:00:00,284.1,0.0
2026-07-25 05:00:00,667.3,0.0
2026-07-25 06:00:00,234.0,0.0
2026-07-25 07:00:00,527.0,181.2
2026-07-25 08:00:00,602.4,350.0
2026-07-25 09:00:00,598.9,495.0
2026-07-25 10:00:00,21.4,606.2
2026-07-25 11:00:00,272.7,676.1
2026-07-25 12:00:00,629.6,700.0
2026-07-25 13:00:00,423.4,676.1
2026-07-25 14:00:00,273.3,606.2
2026-07-25 15:00:00,191.7,495.0
2026-07-25 16:00:00,491.1,350.0
2026-07-25 17:00:00,256.4,181.2
2026-07-25 18:00:00,137.8,0.0
2026-07-25 19:00:00,450.2,0.0
2026-07-25 20:00:00,879.0,0.0
2026-07-25 21:00:00,592.1,0.0
2026-07-25 22:00:00,528.6,0.0
2026-07-25 23:00:00,411.0,0.0
2026-07-26 00:00:00,203.0,0.0
2026-07-26 01:00:00,355.5,0.0
2026-07-26 02:00:00,248.7,0.0
2026-07-26 03:00:00,361.6,0.0
2026-07-26 04:00:00,410.3,0.0
2026-07-26 05:00:00,870.7,0.0
2026-07-26 06:00:00,666.0,0.0
2026-07-26 07:00:00,1031.7,181.2
2026-07-26 08:00:00,178.6,350.0
2026-07-26 09:00:00,135.4,495.0
2026-07-26 10:00:00,684.3,606.2
2026-07-26 11:00:00,630.4,676.1
2026-07-26 12:00:00,796.3,700.0
2026-07-26 13:00:00,541.3,676.1
2026-07-26 14:00:00,339.7,606.2
2026-07-26 15:00:00,165.6,495.0
2026-07-26 16:00:00,254.2,350.0
2026-07-26 17:00:00,81.4,181.2
2026-07-26 18:00:00,375.1,0.0
2026-07-26 19:00:00,421.8,0.0
2026-07-26 20:00:00,271.0,0.0
2026-07-26 21:00:00,630.3,0.0
2026-07-26 22:00:00,299.5,0.0
2026-07-26 23:00:00,281.6,0.0
2026-07-27 00:00:00,579.0,0.0
2026-07-27 01:00:00,429.9,0.0
2026-07-27 02:00:00,38.8,0.0
2026-07-27 03:00:00,741.4,0.0
2026-07-27 04:00:00,435.2,0.0
2026-07-27 05:00:00,139.0,0.0
2026-07-27 06:00:00,337.7,0.0
2026-07-27 07:00:00,145.8,181.2
2026-07-27 08:00:00,485.8,350.0
2026-07-27 09:00:00,498.8,495.0
2026-07-27 10:00:00,122.2,606.2
2026-07-27 11:00:00,113.3,676.1
2026-07-27 12:00:00,394.0,700.0
2026-07-27 13:00:00,271.1,676.1
2026-07-27 14:00:00,553.6,606.2
2026-07-27 15:00:00,479.2,495.0
2026-07-27 16:00:00,707.0,350.0
2026-07-27 17:00:00,332.9,181.2
2026-07-27 18:00:00,770.0,0.0
2026-07-27 19:00:00,319.4,0.0
2026-07-27 20:00:00,396.3,0.0
2026-07-27 21:00:00,272.1,0.0
2026-07-27 22:00:00,294.4,0.0
2026-07-27 23:00:00,633.0,0.0
2026-07-28 00:00:00,652.2,0.0
2026-07-28 01:00:00,673.6,0.0
2026-07-28 02:00:00,475.5,0.0
2026-07-28 03:00:00,470.6,0.0
2026-07-28 04:00:00,241.8,0.0
2026-07-28 05:00:00,702.6,0.0
2026-07-28 06:00:00,217.4,0.0
2026-07-28 07:00:00,329.0,181.2
2026-07-28 08:00:00,468.4,350.0
2026-07-28 09:00:00,193.4,495.0
2026-07-28 10:00:00,132.8,606.2
2026-07-28 11:00:00,154.9,676.1
2026-07-28 12:00:00,184.5,700.0
2026-07-28 13:00:00,432.0,676.1
2026-07-28 14:00:00,445.8,606.2
2026-07-28 15:00:00,518.8,495.0
2026-07-28 16:00:00,657.2,350.0
2026-07-28 17:00:00,306.4,181.2
2026-07-28 18:00:00,233.3,0.0
2026-07-28 19:00:00,410.8,0.0
2026-07-28 20:00:00,320.8,0.0
2026-07-28 21:00:00,512.0,0.0
2026-07-28 22:00:00,82.5,0.0
2026-07-28 23:00:00,205.3,0.0
2026-07-29 00:00:00,409.3,0.0
2026-07-29 01:00:00,405.9,0.0
2026-07-29 02:00:00,786.1,0.0
2026-07-29 03:00:00,798.1,0.0
2026-07-29 04:00:00,287.4,0.0
2026-07-29 05:00:00,76.7,0.0
2026-07-29 06:00:00,594.6,0.0
2026-07-29 07:00:00,716.9,181.2
2026-07-29 08:00:00,165.4,350.0
2026-07-29 09:00:00,593.9,495.0
2026-07-29 10:00:00,492.1,606.2
2026-07-29 11:00:00,451.1,676.1
2026-07-29 12:00:00,275.3,700.0
2026-07-29 13:00:00,322.0,676.1
2026-07-29 14:00:00,152.2,606.2
2026-07-29 15:00:00,193.7,495.0
2026-07-29 16:00:00,295.6,350.0
2026-07-29 17:00:00,122.9,181.2
2026-07-29 18:00:00,857.8,0.0
2026-07-29 19:00:00,503.1,0.0
2026-07-29 20:00:00,315.3,0.0
2026-07-29 21:00:00,495.6,0.0
2026-07-29 22:00:00,659.1,0.0
2026-07-29 23:00:00,156.4,0.0
2026-07-30 00:00:00,650.7,0.0
2026-07-30 01:00:00,238.3,0.0
2026-07-30 02:00:00,43.9,0.0
2026-07-30 03:00:00,449.5,0.0
2026-07-30 04:00:00,204.1,0.0
2026-07-30 05:00:00,66.2,0.0
2026-07-30 06:00:00,378.8,0.0
2026-07-30 07:00:00,390.9,181.2
2026-07-30 08:00:00,156.8,350.0
2026-07-30 09:00:00,295.1,495.0
2026-07-30 10:00:00,1138.4,606.2
2026-07-30 11:00:00,412.7,676.1
2026-07-30 12:00:00,756.0,700.0
2026-07-30 13:00:00,454.0,676.1
2026-07-30 14:00:00,135.9,606.2
2026-07-30 15:00:00,240.2,495.0
2026-07-30 16:00:00,733.7,350.0
2026-07-30 17:00:00,420.7,181.2
2026-07-30 18:00:00,141.8,0.0
2026-07-30 19:00:00,285.8,0.0
2026-07-30 20:00:00,484.9,0.0
2026-07-30 21:00:00,363.9,0.0
2026-07-30 22:00:00,870.5,0.0
2026-07-30 23:00:00,217.5,0.0
2026-07-31 00:00:00,252.1,0.0
2026-07-31 01:00:00,843.9,0.0
2026-07-31 02:00:00,335.9,0.0
2026-07-31 03:00:00,637.1,0.0
2026-07-31 04:00:00,110.9,0.0
2026-07-31 05:00:00,525.8,0.0
2026-07-31 06:00:00,594.3,0.0
2026-07-31 07:00:00,124.5,181.2
2026-07-31 08:00:00,594.3,350.0
2026-07-31 09:00:00,137.2,495.0
2026-07-31 10:00:00,193.9,606.2
2026-07-31 11:00:00,362.4,676.1
2026-07-31 12:00:00,272.3,700.0
2026-07-31 13:00:00,119.1,676.1
2026-07-31 14:00:00,347.2,606.2
2026-07-31 15:00:00,510.4,495.0
2026-07-31 16:00:00,163.7,350.0
2026-07-31 17:00:00,460.2,181.2
2026-07-31 18:00:00,440.3,0.0
2026-07-31 19:00:00,402.0,0.0
2026-07-31 20:00:00,521.0,0.0
2026-07-31 21:00:00,337.5,0.0
2026-07-31 22:00:00,291.6,0.0
2026-07-31 23:00:00,730.7,0.0
2026-08-01 00:00:00,178.7,0.0
2026-08-01 01:00:00,327.9,0.0
2026-08-01 02:00:00,253.8,0.0
2026-08-01 03:00:00,731.2,0.0
2026-08-01 04:00:00,200.3,0.0
2026-08-01 05:00:00,239.7,0.0
2026-08-01 06:00:00,417.9,0.0
2026-08-01 07:00:00,401.3,181.2
2026-08-01 08:00:00,245.2,350.0
2026-08-01 09:00:00,206.2,495.0
2026-08-01 10:00:00,503.8,606.2
2026-08-01 11:00:00,437.9,676.1
2026-08-01 12:00:00,228.9,700.0
2026-08-01 13:00:00,84.1,676.1
2026-08-01 14:00:00,163.6,606.2
2026-08-01 15:00:00,42.3,495.0
2026-08-01 16:00:00,151.6,350.0
2026-08-01 17:00:00,404.3,181.2
2026-08-01 18:00:00,307.0,0.0
2026-08-01 19:00:00,475.4,0.0
2026-08-01 20:00:00,73.6,0.0
2026-08-01 21:00:00,483.5,0.0
2026-08-01 22:00:00,297.9,0.0
2026-08-01 23:00:00,768.9,0.0
2026-08-02 00:00:00,487.4,0.0
2026-08-02 01:00:00,690.5,0.0
2026-08-02 02:00:00,397.7,0.0
2026-08-02 03:00:00,281.9,0.0
2026-08-02 04:00:00,346.5,0.0
2026-08-02 05:00:00,264.3,0.0
2026-08-02 06:00:00,92.6,0.0
2026-08-02 07:00:00,384.0,181.2
2026-08-02 08:00:00,585.3,350.0
2026-08-02 09:00:00,321.1,495.0
2026-08-02 10:00:00,453.2,606.2
2026-08-02 11:00:00,395.9,676.1
2026-08-02 12:00:00,746.3,700.0
2026-08-02 13:00:00,731.4,676.1
2026-08-02 14:00:00,369.2,606.2
2026-08-02 15:00:00,537.9,495.0
2026-08-02 16:00:00,522.2,350.0
2026-08-02 17:00:00,368.2,181.2
2026-08-02 18:00:00,611.0,0.0
2026-08-02 19:00:00,402.6,0.0
2026-08-02 20:00:00,802.3,0.0
2026-08-02 21:00:00,133.6,0.0
2026-08-02 22:00:00,637.5,0.0
2026-08-02 23:00:00,161.9,0.0
2026-08-03 00:00:00,25.6,0.0
2026-08-03 01:00:00,298.5,0.0
2026-08-03 02:00:00,176.5,0.0
2026-08-03 03:00:00,86.7,0.0
2026-08-03 04:00:00,156.8,0.0
2026-08-03 05:00:00,603.3,0.0
2026-08-03 06:00:00,189.9,0.0
2026-08-03 07:00:00,470.2,181.2
2026-08-03 08:00:00,264.3,350.0
2026-08-03 09:00:00,552.1,495.0
2026-08-03 10:00:00,593.8,606.2
2026-08-03 11:00:00,529.8,676.1
2026-08-03 12:00:00,327.7,700.0
2026-08-03 13:00:00,483.2,676.1
2026-08-03 14:00:00,799.0,606.2
2026-08-03 15:00:00,466.4,495.0
2026-08-03 16:00:00,302.7,350.0
2026-08-03 17:00:00,349.1,181.2
2026-08-03 18:00:00,543.9,0.0
2026-08-03 19:00:00,203.5,0.0
2026-08-03 20:00:00,281.5,0.0
2026-08-03 21:00:00,399.2,0.0
2026-08-03 22:00:00,50.2,0.0
2026-08-03 23:00:00,306.1,0.0
2026-08-04 00:00:00,674.8,0.0
2026-08-04 01:00:00,56.5,0.0
2026-08-04 02:00:00,515.9,0.0
2026-08-04 03:00:00,609.2,0.0
2026-08-04 04:00:00,523.4,0.0
2026-08-04 05:00:00,624.0,0.0
2026-08-04 06:00:00,478.5,0.0
2026-08-04 07:00:00,727.0,181.2
2026-08-04 08:00:00,321.3,350.0
2026-08-04 09:00:00,138.3,495.0
2026-08-04 10:00:00,240.3,606.2
2026-08-04 11:00:00,639.9,676.1
2026-08-04 12:00:00,222.1,700.0
2026-08-04 13:00:00,305.2,676.1
2026-08-04 14:00:00,753.8,606.2
2026-08-04 15:00:00,101.2,495.0
2026-08-04 16:00:00,536.5,350.0
2026-08-04 17:00:00,204.2,181.2
2026-08-04 18:00:00,696.2,0.0
2026-08-04 19:00:00,162.9,0.0
2026-08-04 20:00:00,63.3,0.0
2026-08-04 21:00:00,227.7,0.0
2026-08-04 22:00:00,66.8,0.0
2026-08-04 23:00:00,309.8,0.0
2026-08-05 00:00:00,93.3,0.0
2026-08-05 01:00:00,208.6,0.0
2026-08-05 02:00:00,591.7,0.0
2026-08-05 03:00:00,176.0,0.0
2026-08-05 04:00:00,446.2,0.0
2026-08-05 05:00:00,479.1,0.0
2026-08-05 06:00:00,520.7,0.0
2026-08-05 07:00:00,305.4,181.2
2026-08-05 08:00:00,398.9,350.0
2026-08-05 09:00:00,581.5,495.0
2026-08-05 10:00:00,774.7,606.2
2026-08-05 11:00:00,118.5,676.1
2026-08-05 12:00:00,153.8,700.0
2026-08-05 13:00:00,557.7,676.1
2026-08-05 14:00:00,654.7,606.2
2026-08-05 15:00:00,591.0,495.0
2026-08-05 16:00:00,320.6,350.0
2026-08-05 17:00:00,650.1,181.2
2026-08-05 18:00:00,221.5,0.0
2026-08-05 19:00:00,294.7,0.0
2026-08-05 20:00:00,420.4,0.0
2026-08-05 21:00:00,704.9,0.0
2026-08-05 22:00:00,355.0,0.0
2026-08-05 23:00:00,289.7,0.0
2026-08-06 00:00:00,479.3,0.0
2026-08-06 01:00:00,273.2,0.0
2026-08-06 02:00:00,236.1,0.0
2026-08-06 03:00:00,364.9,0.0
2026-08-06 04:00:00,516.4,0.0
2026-08-06 05:00:00,52.8,0.0
2026-08-06 06:00:00,268.1,0.0
2026-08-06 07:00:00,151.3,181.2
2026-08-06 08:00:00,284.9,350.0
2026-08-06 09:00:00,356.8,495.0
2026-08-06 10:00:00,470.4,606.2
2026-08-06 11:00:00,72.4,676.1
2026-08-06 12:00:00,443.6,700.0
2026-08-06 13:00:00,425.9,676.1
2026-08-06 14:00:00,777.2,606.2
2026-08-06 15:00:00,530.4,495.0
2026-08-06 16:00:00,453.6,350.0
2026-08-06 17:00:00,538.3,181.2
2026-08-06 18:00:00,257.1,0.0
2026-08-06 19:00:00,308.7,0.0
2026-08-06 20:00:00,100.6,0.0
2026-08-06 21:00:00,242.1,0.0
2026-08-06 22:00:00,549.0,0.0
2026-08-06 23:00:00,336.0,0.0
2026-08-07 00:00:00,332.4,0.0
2026-08-07 01:00:00,298.3,0.0
2026-08-07 02:00:00,301.4,0.0
2026-08-07 03:00:00,429.4,0.0
2026-08-07 04:00:00,103.0,0.0
2026-08-07 05:00:00,311.8,0.0
2026-08-07 06:00:00,62.8,0.0
2026-08-07 07:00:00,395.1,181.2
2026-08-07 08:00:00,482.4,350.0
2026-08-07 09:00:00,283.8,495.0
2026-08-07 10:00:00,290.8,606.2
2026-08-07 11:00:00,233.4,676.1
2026-08-07 12:00:00,349.6,700.0
2026-08-07 13:00:00,492.9,676.1
2026-08-07 14:00:00,208.6,606.2
2026-08-07 15:00:00,181.0,495.0
2026-08-07 16:00:00,425.2,350.0
2026-08-07 17:00:00,582.9,181.2
2026-08-07 18:00:00,358.3,0.0
2026-08-07 19:00:00,604.2,0.0
2026-08-07 20:00:00,405.6,0.0
2026-08-07 21:00:00,358.8,0.0
2026-08-07 22:00:00,599.3,0.0
2026-08-07 23:00:00,451.0,0.0
2026-08-08 00:00:00,491.0,0.0
2026-08-08 01:00:00,470.4,0.0
2026-08-08 02:00:00,372.5,0.0
2026-08-08 03:00:00,511.0,0.0
2026-08-08 04:00:00,310.1,0.0
2026-08-08 05:00:00,566.6,0.0
2026-08-08 06:00:00,677.9,0.0
2026-08-08 07:00:00,667.3,181.2
2026-08-08 08:00:00,168.4,350.0
2026-08-08 09:00:00,490.7,495.0
2026-08-08 10:00:00,293.0,606.2
2026-08-08 11:00:00,555.4,676.1
2026-08-08 12:00:00,473.1,700.0
2026-08-08 13:00:00,247.0,676.1
2026-08-08 14:00:00,303.3,606.2
2026-08-08 15:00:00,499.2,495.0
2026-08-08 16:00:00,365.0,350.0
2026-08-08 17:00:00,244.6,181.2
2026-08-08 18:00:00,372.4,0.0
2026-08-08 19:00:00,777.8,0.0
2026-08-08 20:00:00,165.1,0.0
2026-08-08 21:00:00,164.4,0.0
2026-08-08 22:00:00,647.5,0.0
2026-08-08 23:00:00,850.4,0.0
2026-08-09 00:00:00,719.0,0.0
2026-08-09 01:00:00,345.0,0.0
2026-08-09 02:00:00,186.1,0.0
2026-08-09 03:00:00,430.4,0.0
2026-08-09 04:00:00,586.8,0.0
2026-08-09 05:00:00,219.2,0.0
2026-08-09 06:00:00,257.9,0.0
2026-08-09 07:00:00,186.1,181.2
2026-08-09 08:00:00,506.3,350.0
2026-08-09 09:00:00,615.1,495.0
2026-08-09 10:00:00,391.2,606.2
2026-08-09 11:00:00,781.9,676.1
2026-08-09 12:00:00,609.4,700.0
2026-08-09 13:00:00,250.4,676.1
2026-08-09 14:00:00,451.5,606.2
2026-08-09 15:00:00,318.1,495.0
2026-08-09 16:00:00,543.3,350.0
2026-08-09 17:00:00,389.1,181.2
2026-08-09 18:00:00,201.3,0.0
2026-08-09 19:00:00,555.6,0.0
2026-08-09 20:00:00,590.9,0.0
2026-08-09 21:00:00,110.2,0.0
2026-08-09 22:00:00,498.1,0.0
2026-08-09 23:00:00,423.3,0.0
2026-08-10 00:00:00,107.5,0.0
2026-08-10 01:00:00,100.7,0.0
2026-08-10 02:00:00,277.0,0.0
2026-08-10 03:00:00,695.9,0.0
2026-08-10 04:00:00,128.4,0.0
2026-08-10 05:00:00,564.2,0.0
2026-08-10 06:00:00,231.0,0.0
2026-08-10 07:00:00,372.2,181.2
2026-08-10 08:00:00,431.8,350.0
2026-08-10 09:00:00,313.2,495.0
2026-08-10 10:00:00,17.8,606.2
2026-08-10 11:00:00,554.0,676.1
2026-08-10 12:00:00,664.7,700.0
2026-08-10 13:00:00,458.2,676.1
2026-08-10 14:00:00,778.6,606.2
2026-08-10 15:00:00,521.6,495.0
2026-08-10 16:00:00,413.2,350.0
2026-08-10 17:00:00,608.3,181.2
2026-08-10 18:00:00,374.5,0.0
2026-08-10 19:00:00,429.0,0.0
2026-08-10 20:00:00,200.7,0.0
2026-08-10 21:00:00,456.8,0.0
2026-08-10 22:00:00,401.4,0.0
2026-08-10 23:00:00,344.6,0.0
2026-08-11 00:00:00,126.5,0.0
2026-08-11 01:00:00,100.9,0.0
2026-08-11 02:00:00,110.2,0.0
2026-08-11 03:00:00,221.3,0.0
2026-08-11 04:00:00,423.7,0.0
2026-08-11 05:00:00,219.3,0.0
2026-08-11 06:00:00,253.3,0.0
2026-08-11 07:00:00,140.7,181.2
2026-08-11 08:00:00,238.8,350.0
2026-08-11 09:00:00,771.0,495.0
2026-08-11 10:00:00,732.7,606.2
2026-08-11 11:00:00,421.7,676.1
2026-08-11 12:00:00,289.5,700.0
2026-08-11 13:00:00,551.9,676.1
2026-08-11 14:00:00,449.4,606.2
2026-08-11 15:00:00,467.7,495.0
2026-08-11 16:00:00,54.3,350.0
2026-08-11 17:00:00,61.6,181.2
2026-08-11 18:00:00,505.5,0.0
2026-08-11 19:00:00,654.6,0.0
2026-08-11 20:00:00,148.9,0.0
2026-08-11 21:00:00,676.2,0.0
2026-08-11 22:00:00,305.9,0.0
2026-08-11 23:00:00,294.8,0.0
2026-08-12 00:00:00,325.6,0.0
2026-08-12 01:00:00,832.5,0.0
2026-08-12 02:00:00,465.8,0.0
2026-08-12 03:00:00,176.1,0.0
2026-08-12 04:00:00,371.1,0.0
2026-08-12 05:00:00,718.0,0.0
2026-08-12 06:00:00,480.3,0.0
2026-08-12 07:00:00,595.1,181.2
2026-08-12 08:00:00,695.5,350.0
2026-08-12 09:00:00,468.3,495.0
2026-08-12 10:00:00,380.1,606.2
2026-08-12 11:00:00,812.3,676.1
2026-08-12 12:00:00,577.6,700.0
2026-08-12 13:00:00,158.2,676.1
2026-08-12 14:00:00,427.8,606.2
2026-08-12 15:00:00,400.5,495.0
2026-08-12 16:00:00,586.8,350.0
2026-08-12 17:00:00,474.2,181.2
2026-08-12 18:00:00,361.9,0.0
2026-08-12 19:00:00,372.0,0.0
2026-08-12 20:00:00,302.5,0.0
2026-08-12 21:00:00,845.0,0.0
2026-08-12 22:00:00,256.5,0.0
2026-08-12 23:00:00,108.4,0.0
2026-08-13 00:00:00,127.9,0.0
2026-08-13 01:00:00,157.6,0.0
2026-08-13 02:00:00,96.2,0.0
2026-08-13 03:00:00,155.1,0.0
2026-08-13 04:00:00,784.7,0.0
2026-08-13 05:00:00,572.1,0.0
2026-08-13 06:00:00,609.0,0.0
2026-08-13 07:00:00,576.7,181.2
2026-08-13 08:00:00,57.5,350.0
2026-08-13 09:00:00,678.6,495.0
2026-08-13 10:00:00,104.9,606.2
2026-08-13 11:00:00,68.8,676.1
2026-08-13 12:00:00,468.4,700.0
2026-08-13 13:00:00,230.7,676.1
2026-08-13 14:00:00,187.9,606.2
2026-08-13 15:00:00,839.5,495.0
2026-08-13 16:00:00,591.1,350.0
2026-08-13 17:00:00,292.9,181.2
2026-08-13 18:00:00,492.9,0.0
2026-08-13 19:00:00,488.2,0.0
2026-08-13 20:00:00,285.2,0.0
2026-08-13 21:00:00,309.1,0.0
2026-08-13 22:00:00,219.4,0.0
2026-08-13 23:00:00,332.2,0.0
2026-08-14 00:00:00,242.3,0.0
2026-08-14 01:00:00,938.0,0.0
2026-08-14 02:00:00,135.6,0.0
2026-08-14 03:00:00,192.1,0.0
2026-08-14 04:00:00,343.1,0.0
2026-08-14 05:00:00,552.4,0.0
2026-08-14 06:00:00,448.1,0.0
2026-08-14 07:00:00,324.4,181.2
2026-08-14 08:00:00,197.1,350.0
2026-08-14 09:00:00,396.0,495.0
2026-08-14 10:00:00,193.8,606.2
2026-08-14 11:00:00,257.9,676.1
2026-08-14 12:00:00,256.0,700.0
2026-08-14 13:00:00,296.8,676.1
2026-08-14 14:00:00,852.3,606.2
2026-08-14 15:00:00,439.0,495.0
2026-08-14 16:00:00,126.4,350.0
2026-08-14 17:00:00,361.6,181.2
2026-08-14 18:00:00,52.6,0.0
2026-08-14 19:00:00,433.6,0.0
2026-08-14 20:00:00,190.1,0.0
2026-08-14 21:00:00,465.7,0.0
2026-08-14 22:00:00,425.0,0.0
2026-08-14 23:00:00,455.4,0.0
2026-08-15 00:00:00,231.7,0.0
2026-08-15 01:00:00,280.3,0.0
2026-08-15 02:00:00,282.8,0.0
2026-08-15 03:00:00,236.4,0.0
2026-08-15 04:00:00,159.8,0.0
2026-08-15 05:00:00,503.9,0.0
2026-08-15 06:00:00,339.2,0.0
2026-08-15 07:00:00,531.8,181.2
2026-08-15 08:00:00,323.8,350.0
2026-08-15 09:00:00,229.2,495.0
2026-08-15 10:00:00,548.8,606.2
2026-08-15 11:00:00,483.7,676.1
2026-08-15 12:00:00,411.9,700.0
2026-08-15 13:00:00,177.8,676.1
2026-08-15 14:00:00,259.9,606.2
2026-08-15 15:00:00,525.5,495.0
2026-08-15 16:00:00,654.7,350.0
2026-08-15 17:00:00,1078.6,181.2
2026-08-15 18:00:00,750.5,0.0
2026-08-15 19:00:00,718.0,0.0
2026-08-15 20:00:00,222.6,0.0
2026-08-15 21:00:00,621.0,0.0
2026-08-15 22:00:00,654.2,0.0
2026-08-15 23:00:00,469.6,0.0
2026-08-16 00:00:00,381.6,0.0
2026-08-16 01:00:00,404.6,0.0
2026-08-16 02:00:00,169.8,0.0
2026-08-16 03:00:00,702.8,0.0
2026-08-16 04:00:00,162.7,0.0
2026-08-16 05:00:00,322.9,0.0
2026-08-16 06:00:00,43.5,0.0
2026-08-16 07:00:00,122.4,181.2
2026-08-16 08:00:00,381.4,350.0
2026-08-16 09:00:00,400.1,495.0
2026-08-16 10:00:00,571.6,606.2
2026-08-16 11:00:00,187.9,676.1
2026-08-16 12:00:00,799.5,700.0
2026-08-16 13:00:00,582.1,676.1
2026-08-16 14:00:00,346.9,606.2
2026-08-16 15:00:00,430.8,495.0
2026-08-16 16:00:00,461.8,350.0
2026-08-16 17:00:00,103.3,181.2
2026-08-16 18:00:00,182.8,0.0
2026-08-16 19:00:00,795.3,0.0
2026-08-16 20:00:00,244.1,0.0
2026-08-16 21:00:00,187.7,0.0
2026-08-16 22:00:00,194.6,0.0
2026-08-16 23:00:00,214.3,0.0
2026-08-17 00:00:00,645.5,0.0
2026-08-17 01:00:00,608.0,0.0
2026-08-17 02:00:00,226.4,0.0
2026-08-17 03:00:00,205.5,0.0
2026-08-17 04:00:00,543.4,0.0
2026-08-17 05:00:00,147.1,0.0
2026-08-17 06:00:00,240.4,0.0
2026-08-17 07:00:00,411.0,181.2
2026-08-17 08:00:00,211.1,350.0
2026-08-17 09:00:00,222.0,495.0
2026-08-17 10:00:00,148.7,606.2
2026-08-17 11:00:00,111.5,676.1
2026-08-17 12:00:00,384.3,700.0
2026-08-17 13:00:00,248.1,676.1
2026-08-17 14:00:00,550.8,606.2
2026-08-17 15:00:00,621.6,495.0
2026-08-17 16:00:00,157.0,350.0
2026-08-17 17:00:00,401.6,181.2
2026-08-17 18:00:00,483.9,0.0
2026-08-17 19:00:00,820.9,0.0
2026-08-17 20:00:00,182.4,0.0
2026-08-17 21:00:00,514.9,0.0
2026-08-17 22:00:00,181.6,0.0
2026-08-17 23:00:00,637.5,0.0
2026-08-18 00:00:00,131.2,0.0
2026-08-18 01:00:00,509.5,0.0
2026-08-18 02:00:00,420.1,0.0
2026-08-18 03:00:00,55.4,0.0
2026-08-18 04:00:00,428.5,0.0
2026-08-18 05:00:00,159.5,0.0
2026-08-18 06:00:00,997.4,0.0
2026-08-18 07:00:00,650.4,181.2
2026-08-18 08:00:00,538.6,350.0
2026-08-18 09:00:00,333.8,495.0
2026-08-18 10:00:00,234.0,606.2
2026-08-18 11:00:00,487.4,676.1
2026-08-18 12:00:00,239.9,700.0
2026-08-18 13:00:00,830.6,676.1
2026-08-18 14:00:00,333.3,606.2
2026-08-18 15:00:00,625.7,495.0
2026-08-18 16:00:00,23.2,350.0
2026-08-18 17:00:00,503.2,181.2
2026-08-18 18:00:00,193.7,0.0
2026-08-18 19:00:00,330.6,0.0
2026-08-18 20:00:00,197.6,0.0
2026-08-18 21:00:00,155.0,0.0
2026-08-18 22:00:00,361.1,0.0
2026-08-18 23:00:00,200.4,0.0
2026-08-19 00:00:00,268.0,0.0
2026-08-19 01:00:00,348.1,0.0
2026-08-19 02:00:00,190.1,0.0
2026-08-19 03:00:00,496.4,0.0
2026-08-19 04:00:00,835.3,0.0
2026-08-19 05:00:00,415.9,0.0
2026-08-19 06:00:00,629.2,0.0
2026-08-19 07:00:00,350.5,181.2
2026-08-19 08:00:00,263.2,350.0
2026-08-19 09:00:00,127.6,495.0
2026-08-19 10:00:00,577.3,606.2
2026-08-19 11:00:00,234.7,676.1
2026-08-19 12:00:00,75.8,700.0
2026-08-19 13:00:00,178.1,676.1
2026-08-19 14:00:00,373.3,606.2
2026-08-19 15:00:00,615.2,495.0
2026-08-19 16:00:00,480.1,350.0
2026-08-19 17:00:00,223.4,181.2
2026-08-19 18:00:00,664.6,0.0
2026-08-19 19:00:00,457.0,0.0
2026-08-19 20:00:00,344.0,0.0
2026-08-19 21:00:00,171.4,0.0
2026-08-19 22:00:00,832.8,0.0
2026-08-19 23:00:00,783.8,0.0
2026-08-20 00:00:00,313.2,0.0
2026-08-20 01:00:00,392.3,0.0
2026-08-20 02:00:00,576.1,0.0
2026-08-20 03:00:00,801.4,0.0
2026-08-20 04:00:00,788.3,0.0
2026-08-20 05:00:00,455.9,0.0
2026-08-20 06:00:00,443.1,0.0
2026-08-20 07:00:00,391.0,181.2
2026-08-20 08:00:00,165.9,350.0
2026-08-20 09:00:00,151.7,495.0
2026-08-20 10:00:00,519.5,606.2
2026-08-20 11:00:00,749.6,676.1
2026-08-20 12:00:00,255.3,700.0
2026-08-20 13:00:00,930.9,676.1
2026-08-20 14:00:00,248.8,606.2
2026-08-20 15:00:00,328.0,495.0
2026-08-20 16:00:00,203.0,350.0
2026-08-20 17:00:00,363.0,181.2
2026-08-20 18:00:00,363.4,0.0
2026-08-20 19:00:00,624.9,0.0
2026-08-20 20:00:00,303.9,0.0
2026-08-20 21:00:00,135.4,0.0
2026-08-20 22:00:00,602.6,0.0
2026-08-20 23:00:00,206.5,0.0
2026-08-21 00:00:00,368.0,0.0
2026-08-21 01:00:00,143.5,0.0
2026-08-21 02:00:00,183.0,0.0
2026-08-21 03:00:00,160.9,0.0
2026-08-21 04:00:00,473.9,0.0
2026-08-21 05:00:00,512.3,0.0
2026-08-21 06:00:00,169.6,0.0
2026-08-21 07:00:00,264.4,181.2
2026-08-21 08:00:00,215.0,350.0
2026-08-21 09:00:00,260.5,495.0
2026-08-21 10:00:00,301.3,606.2
2026-08-21 11:00:00,373.3,676.1
2026-08-21 12:00:00,544.6,700.0
2026-08-21 13:00:00,414.7,676.1
2026-08-21 14:00:00,637.6,606.2
2026-08-21 15:00:00,588.8,495.0
2026-08-21 16:00:00,238.9,350.0
2026-08-21 17:00:00,693.7,181.2
2026-08-21 18:00:00,771.9,0.0
2026-08-21 19:00:00,212.0,0.0
2026-08-21 20:00:00,157.8,0.0
2026-08-21 21:00:00,419.9,0.0
2026-08-21 22:00:00,358.8,0.0
2026-08-21 23:00:00,93.5,0.0
2026-08-22 00:00:00,357.1,0.0
2026-08-22 01:00:00,257.3,0.0
2026-08-22 02:00:00,794.8,0.0
2026-08-22 03:00:00,974.9,0.0
2026-08-22 04:00:00,310.1,0.0
2026-08-22 05:00:00,264.5,0.0
2026-08-22 06:00:00,512.7,0.0
2026-08-22 07:00:00,213.5,181.2
2026-08-22 08:00:00,469.3,350.0
2026-08-22 09:00:00,385.6,495.0
2026-08-22 10:00:00,86.1,606.2
2026-08-22 11:00:00,201.1,676.1
2026-08-22 12:00:00,567.3,700.0
2026-08-22 13:00:00,751.1,676.1
2026-08-22 14:00:00,361.1,606.2
2026-08-22 15:00:00,474.8,495.0
2026-08-22 16:00:00,620.9,350.0
2026-08-22 17:00:00,786.5,181.2
2026-08-22 18:00:00,520.2,0.0
2026-08-22 19:00:00,711.6,0.0
2026-08-22 20:00:00,293.8,0.0
2026-08-22 21:00:00,542.2,0.0
2026-08-22 22:00:00,530.2,0.0
2026-08-22 23:00:00,155.2,0.0
2026-08-23 00:00:00,282.3,0.0
2026-08-23 01:00:00,507.3,0.0
2026-08-23 02:00:00,633.6,0.0
2026-08-23 03:00:00,456.2,0.0
2026-08-23 04:00:00,480.2,0.0
2026-08-23 05:00:00,231.4,0.0
2026-08-23 06:00:00,342.7,0.0
2026-08-23 07:00:00,728.3,181.2
2026-08-23 08:00:00,419.4,350.0
2026-08-23 09:00:00,470.4,495.0
2026-08-23 10:00:00,708.4,606.2
2026-08-23 11:00:00,157.2,676.1
2026-08-23 12:00:00,118.4,700.0
2026-08-23 13:00:00,483.6,676.1
2026-08-23 14:00:00,690.7,606.2
2026-08-23 15:00:00,86.0,495.0
2026-08-23 16:00:00,431.1,350.0
2026-08-23 17:00:00,774.0,181.2
2026-08-23 18:00:00,156.9,0.0
2026-08-23 19:00:00,206.2,0.0
2026-08-23 20:00:00,84.4,0.0
2026-08-23 21:00:00,650.9,0.0
2026-08-23 22:00:00,631.1,0.0
2026-08-23 23:00:00,271.8,0.0
2026-08-24 00:00:00,378.8,0.0
2026-08-24 01:00:00,281.1,0.0
2026-08-24 02:00:00,196.9,0.0
2026-08-24 03:00:00,131.8,0.0
2026-08-24 04:00:00,236.4,0.0
2026-08-24 05:00:00,91.5,0.0
2026-08-24 06:00:00,53.5,0.0
2026-08-24 07:00:00,196.8,181.2
2026-08-24 08:00:00,647.3,350.0
2026-08-24 09:00:00,431.4,495.0
2026-08-24 10:00:00,614.5,606.2
2026-08-24 11:00:00,315.8,676.1
2026-08-24 12:00:00,626.7,700.0
2026-08-24 13:00:00,841.1,676.1
2026-08-24 14:00:00,229.4,606.2
2026-08-24 15:00:00,437.7,495.0
2026-08-24 16:00:00,460.3,350.0
2026-08-24 17:00:00,376.8,181.2
2026-08-24 18:00:00,307.0,0.0
2026-08-24 19:00:00,244.3,0.0
2026-08-24 20:00:00,313.7,0.0
2026-08-24 21:00:00,525.1,0.0
2026-08-24 22:00:00,431.1,0.0
2026-08-24 23:00:00,183.6,0.0
2026-08-25 00:00:00,405.5,0.0
2026-08-25 01:00:00,212.5,0.0
2026-08-25 02:00:00,531.6,0.0
2026-08-25 03:00:00,407.0,0.0
2026-08-25 04:00:00,908.5,0.0
2026-08-25 05:00:00,169.1,0.0
2026-08-25 06:00:00,379.7,0.0
2026-08-25 07:00:00,144.8,181.2
2026-08-25 08:00:00,138.7,350.0
2026-08-25 09:00:00,458.1,495.0
2026-08-25 10:00:00,795.6,606.2
2026-08-25 11:00:00,181.6,676.1
2026-08-25 12:00:00,150.9,700.0
2026-08-25 13:00:00,404.9,676.1
2026-08-25 14:00:00,134.5,606.2
2026-08-25 15:00:00,457.6,495.0
2026-08-25 16:00:00,367.5,350.0
2026-08-25 17:00:00,335.9,181.2
2026-08-25 18:00:00,340.4,0.0
2026-08-25 19:00:00,958.4,0.0
2026-08-25 20:00:00,799.1,0.0
2026-08-25 21:00:00,859.0,0.0
2026-08-25 22:00:00,219.6,0.0
2026-08-25 23:00:00,309.0,0.0
2026-08-26 00:00:00,462.3,0.0
2026-08-26 01:00:00,520.3,0.0
2026-08-26 02:00:00,766.3,0.0
2026-08-26 03:00:00,156.9,0.0
2026-08-26 04:00:00,379.7,0.0
2026-08-26 05:00:00,357.2,0.0
2026-08-26 06:00:00,213.5,0.0
2026-08-26 07:00:00,89.9,181.2
2026-08-26 08:00:00,706.3,350.0
2026-08-26 09:00:00,101.3,495.0
2026-08-26 10:00:00,855.0,606.2
2026-08-26 11:00:00,152.0,676.1
2026-08-26 12:00:00,630.5,700.0
2026-08-26 13:00:00,275.2,676.1
2026-08-26 14:00:00,349.5,606.2
2026-08-26 15:00:00,668.8,495.0
2026-08-26 16:00:00,383.5,350.0
2026-08-26 17:00:00,469.3,181.2
2026-08-26 18:00:00,404.7,0.0
2026-08-26 19:00:00,481.7,0.0
2026-08-26 20:00:00,443.9,0.0
2026-08-26 21:00:00,615.1,0.0
2026-08-26 22:00:00,544.2,0.0
2026-08-26 23:00:00,794.8,0.0
2026-08-27 00:00:00,186.7,0.0
2026-08-27 01:00:00,153.8,0.0
2026-08-27 02:00:00,211.8,0.0
2026-08-27 03:00:00,155.0,0.0
2026-08-27 04:00:00,88.5,0.0
2026-08-27 05:00:00,229.0,0.0
2026-08-27 06:00:00,287.2,0.0
2026-08-27 07:00:00,518.4,181.2
2026-08-27 08:00:00,392.6,350.0
2026-08-27 09:00:00,273.8,495.0
2026-08-27 10:00:00,288.1,606.2
2026-08-27 11:00:00,779.2,676.1
2026-08-27 12:00:00,213.4,700.0
2026-08-27 13:00:00,308.2,676.1
2026-08-27 14:00:00,803.1,606.2
2026-08-27 15:00:00,431.7,495.0
2026-08-27 16:00:00,650.9,350.0
2026-08-27 17:00:00,402.0,181.2
2026-08-27 18:00:00,258.9,0.0
2026-08-27 19:00:00,476.5,0.0
2026-08-27 20:00:00,415.2,0.0
2026-08-27 21:00:00,545.0,0.0
2026-08-27 22:00:00,146.1,0.0
2026-08-27 23:00:00,528.1,0.0
2026-08-28 00:00:00,82.9,0.0
2026-08-28 01:00:00,273.4,0.0
2026-08-28 02:00:00,299.2,0.0
2026-08-28 03:00:00,291.8,0.0
2026-08-28 04:00:00,1077.3,0.0
2026-08-28 05:00:00,469.4,0.0
2026-08-28 06:00:00,334.5,0.0
2026-08-28 07:00:00,534.1,181.2
2026-08-28 08:00:00,187.8,350.0
2026-08-28 09:00:00,359.6,495.0
2026-08-28 10:00:00,953.4,606.2
2026-08-28 11:00:00,595.7,676.1
2026-08-28 12:00:00,359.7,700.0
2026-08-28 13:00:00,455.6,676.1
2026-08-28 14:00:00,342.1,606.2
2026-08-28 15:00:00,506.8,495.0
2026-08-28 16:00:00,556.2,350.0
2026-08-28 17:00:00,122.4,181.2
2026-08-28 18:00:00,478.1,0.0
2026-08-28 19:00:00,479.9,0.0
2026-08-28 20:00:00,146.5,0.0
2026-08-28 21:00:00,292.9,0.0
2026-08-28 22:00:00,517.8,0.0
2026-08-28 23:00:00,366.1,0.0
2026-08-29 00:00:00,403.2,0.0
2026-08-29 01:00:00,190.2,0.0
2026-08-29 02:00:00,652.1,0.0
2026-08-29 03:00:00,536.6,0.0
2026-08-29 04:00:00,341.6,0.0
2026-08-29 05:00:00,316.0,0.0
2026-08-29 06:00:00,522.2,0.0
2026-08-29 07:00:00,425.5,181.2
2026-08-29 08:00:00,464.0,350.0
2026-08-29 09:00:00,768.3,495.0
2026-08-29 10:00:00,59.6,606.2
2026-08-29 11:00:00,312.1,676.1
2026-08-29 12:00:00,269.5,700.0
2026-08-29 13:00:00,335.0,676.1
2026-08-29 14:00:00,330.5,606.2
2026-08-29 15:00:00,247.0,495.0
2026-08-29 16:00:00,155.4,350.0
2026-08-29 17:00:00,464.1,181.2
2026-08-29 18:00:00,51.2,0.0
2026-08-29 19:00:00,689.0,0.0
2026-08-29 20:00:00,432.6,0.0
2026-08-29 21:00:00,36.7,0.0
2026-08-29 22:00:00,205.9,0.0
2026-08-29 23:00:00,247.9,0.0
2026-08-30 00:00:00,186.0,0.0
2026-08-30 01:00:00,453.1,0.0
2026-08-30 02:00:00,515.9,0.0
2026-08-30 03:00:00,467.1,0.0
2026-08-30 04:00:00,378.2,0.0
2026-08-30 05:00:00,374.6,0.0
2026-08-30 06:00:00,1006.3,0.0
2026-08-30 07:00:00,207.8,181.2
2026-08-30 08:00:00,858.4,350.0
2026-08-30 09:00:00,333.4,495.0
2026-08-30 10:00:00,725.8,606.2
2026-08-30 11:00:00,93.1,676.1
2026-08-30 12:00:00,471.6,700.0
2026-08-30 13:00:00,409.7,676.1
2026-08-30 14:00:00,205.8,606.2
2026-08-30 15:00:00,422.8,495.0
2026-08-30 16:00:00,302.9,350.0
2026-08-30 17:00:00,513.0,181.2
2026-08-30 18:00:00,483.7,0.0
2026-08-30 19:00:00,425.4,0.0
2026-08-30 20:00:00,267.5,0.0
2026-08-30 21:00:00,491.5,0.0
2026-08-30 22:00:00,223.1,0.0
2026-08-30 23:00:00,360.6,0.0
2026-08-31 00:00:00,489.0,0.0
2026-08-31 01:00:00,189.6,0.0
2026-08-31 02:00:00,483.5,0.0
2026-08-31 03:00:00,620.0,0.0
2026-08-31 04:00:00,374.5,0.0
2026-08-31 05:00:00,184.1,0.0
2026-08-31 06:00:00,359.2,0.0
2026-08-31 07:00:00,352.8,181.2
2026-08-31 08:00:00,212.2,350.0
2026-08-31 09:00:00,337.7,495.0
2026-08-31 10:00:00,430.6,606.2
2026-08-31 11:00:00,345.4,676.1
2026-08-31 12:00:00,502.0,700.0
2026-08-31 13:00:00,590.3,676.1
2026-08-31 14:00:00,153.6,606.2
2026-08-31 15:00:00,214.2,495.0
2026-08-31 16:00:00,748.8,350.0
2026-08-31 17:00:00,214.1,181.2
2026-08-31 18:00:00,537.6,0.0
2026-08-31 19:00:00,295.9,0.0
2026-08-31 20:00:00,421.7,0.0
2026-08-31 21:00:00,433.4,0.0
2026-08-31 22:00:00,374.8,0.0
2026-08-31 23:00:00,633.6,0.0
2026-09-01 00:00:00,214.0,0.0
2026-09-01 01:00:00,269.7,0.0
2026-09-01 02:00:00,286.4,0.0
2026-09-01 03:00:00,281.4,0.0
2026-09-01 04:00:00,594.6,0.0
2026-09-01 05:00:00,581.5,0.0
2026-09-01 06:00:00,552.0,0.0
2026-09-01 07:00:00,169.7,181.2
2026-09-01 08:00:00,82.9,350.0
2026-09-01 09:00:00,263.4,495.0
2026-09-01 10:00:00,553.4,606.2
2026-09-01 11:00:00,623.3,676.1
2026-09-01 12:00:00,264.5,700.0
2026-09-01 13:00:00,386.4,676.1
2026-09-01 14:00:00,790.9,606.2
2026-09-01 15:00:00,113.4,495.0
2026-09-01 16:00:00,382.9,350.0
2026-09-01 17:00:00,503.0,181.2
2026-09-01 18:00:00,204.6,0.0
2026-09-01 19:00:00,406.0,0.0
2026-09-01 20:00:00,145.1,0.0
2026-09-01 21:00:00,394.7,0.0
2026-09-01 22:00:00,700.4,0.0
2026-09-01 23:00:00,382.0,0.0
2026-09-02 00:00:00,322.2,0.0
2026-09-02 01:00:00,470.1,0.0
2026-09-02 02:00:00,420.7,0.0
2026-09-02 03:00:00,113.2,0.0
2026-09-02 04:00:00,318.8,0.0
2026-09-02 05:00:00,537.4,0.0
2026-09-02 06:00:00,433.0,0.0
2026-09-02 07:00:00,552.5,181.2
2026-09-02 08:00:00,703.0,350.0
2026-09-02 09:00:00,218.3,495.0
2026-09-02 10:00:00,440.4,606.2
2026-09-02 11:00:00,268.9,676.1
2026-09-02 12:00:00,328.4,700.0
2026-09-02 13:00:00,547.9,676.1
2026-09-02 14:00:00,151.0,606.2
2026-09-02 15:00:00,396.0,495.0
2026-09-02 16:00:00,176.5,350.0
2026-09-02 17:00:00,391.6,181.2
2026-09-02 18:00:00,519.7,0.0
2026-09-02 19:00:00,163.8,0.0
2026-09-02 20:00:00,336.7,0.0
2026-09-02 21:00:00,352.6,0.0
2026-09-02 22:00:00,507.4,0.0
2026-09-02 23:00:00,564.3,0.0
2026-09-03 00:00:00,370.5,0.0
2026-09-03 01:00:00,703.5,0.0
2026-09-03 02:00:00,626.2,0.0
2026-09-03 03:00:00,188.2,0.0
2026-09-03 04:00:00,774.5,0.0
2026-09-03 05:00:00,341.5,0.0
2026-09-03 06:00:00,208.0,0.0
2026-09-03 07:00:00,118.9,181.2
2026-09-03 08:00:00,407.5,350.0
2026-09-03 09:00:00,358.2,495.0
2026-09-03 10:00:00,610.3,606.2
2026-09-03 11:00:00,141.2,676.1
2026-09-03 12:00:00,534.6,700.0
2026-09-03 13:00:00,231.2,676.1
2026-09-03 14:00:00,798.1,606.2
2026-09-03 15:00:00,403.6,495.0
2026-09-03 16:00:00,545.2,350.0
2026-09-03 17:00:00,291.0,181.2
2026-09-03 18:00:00,315.4,0.0
2026-09-03 19:00:00,359.7,0.0
2026-09-03 20:00:00,656.9,0.0
2026-09-03 21:00:00,514.3,0.0
2026-09-03 22:00:00,373.0,0.0
2026-09-03 23:00:00,328.8,0.0
2026-09-04 00:00:00,368.1,0.0
2026-09-04 01:00:00,506.7,0.0
2026-09-04 02:00:00,348.6,0.0
2026-09-04 03:00:00,768.6,0.0
2026-09-04 04:00:00,90.2,0.0
2026-09-04 05:00:00,570.4,0.0
2026-09-04 06:00:00,139.7,0.0
2026-09-04 07:00:00,488.1,181.2
2026-09-04 08:00:00,607.4,350.0
2026-09-04 09:00:00,44.9,495.0
2026-09-04 10:00:00,1200.0,606.2
2026-09-04 11:00:00,313.4,676.1
2026-09-04 12:00:00,395.1,700.0
2026-09-04 13:00:00,309.0,676.1
2026-09-04 14:00:00,292.5,606.2
2026-09-04 15:00:00,233.8,495.0
2026-09-04 16:00:00,449.1,350.0
2026-09-04 17:00:00,301.7,181.2
2026-09-04 18:00:00,275.8,0.0
2026-09-04 19:00:00,327.0,0.0
2026-09-04 20:00:00,477.7,0.0
2026-09-04 21:00:00,494.7,0.0
2026-09-04 22:00:00,24.7,0.0
2026-09-04 23:00:00,555.4,0.0
2026-09-05 00:00:00,337.7,0.0
2026-09-05 01:00:00,291.1,0.0
2026-09-05 02:00:00,364.5,0.0
2026-09-05 03:00:00,505.4,0.0
2026-09-05 04:00:00,445.9,0.0
2026-09-05 05:00:00,295.5,0.0
2026-09-05 06:00:00,958.1,0.0
2026-09-05 07:00:00,814.8,181.2
2026-09-05 08:00:00,235.0,350.0
2026-09-05 09:00:00,535.0,495.0
2026-09-05 10:00:00,256.1,606.2
2026-09-05 11:00:00,36.6,676.1
2026-09-05 12:00:00,193.2,700.0
2026-09-05 13:00:00,635.2,676.1
2026-09-05 14:00:00,312.3,606.2
2026-09-05 15:00:00,872.1,495.0
2026-09-05 16:00:00,665.3,350.0
2026-09-05 17:00:00,774.2,181.2
2026-09-05 18:00:00,573.3,0.0
2026-09-05 19:00:00,559.5,0.0
2026-09-05 20:00:00,84.9,0.0
2026-09-05 21:00:00,215.9,0.0
2026-09-05 22:00:00,539.2,0.0
2026-09-05 23:00:00,239.7,0.0
2026-09-06 00:00:00,116.5,0.0
2026-09-06 01:00:00,126.6,0.0
2026-09-06 02:00:00,591.7,0.0
2026-09-06 03:00:00,552.0,0.0
2026-09-06 04:00:00,650.4,0.0
2026-09-06 05:00:00,431.3,0.0
2026-09-06 06:00:00,183.0,0.0
2026-09-06 07:00:00,401.1,181.2
2026-09-06 08:00:00,201.3,350.0
2026-09-06 09:00:00,372.7,495.0
2026-09-06 10:00:00,314.0,606.2
2026-09-06 11:00:00,505.2,676.1
2026-09-06 12:00:00,453.7,700.0
2026-09-06 13:00:00,280.6,676.1
2026-09-06 14:00:00,455.2,606.2
2026-09-06 15:00:00,393.0,495.0
2026-09-06 16:00:00,638.1,350.0
2026-09-06 17:00:00,238.7,181.2
2026-09-06 18:00:00,562.3,0.0
2026-09-06 19:00:00,624.7,0.0
2026-09-06 20:00:00,257.4,0.0
2026-09-06 21:00:00,333.5,0.0
2026-09-06 22:00:00,363.6,0.0
2026-09-06 23:00:00,779.5,0.0
2026-09-07 00:00:00,201.7,0.0
2026-09-07 01:00:00,969.9,0.0
2026-09-07 02:00:00,299.9,0.0
2026-09-07 03:00:00,464.6,0.0
2026-09-07 04:00:00,306.1,0.0
2026-09-07 05:00:00,560.4,0.0
2026-09-07 06:00:00,99.6,0.0
2026-09-07 07:00:00,513.5,181.2
2026-09-07 08:00:00,225.9,350.0
2026-09-07 09:00:00,432.1,495.0
2026-09-07 10:00:00,694.6,606.2
2026-09-07 11:00:00,148.2,676.1
2026-09-07 12:00:00,218.0,700.0
2026-09-07 13:00:00,191.4,676.1
2026-09-07 14:00:00,336.3,606.2
2026-09-07 15:00:00,240.2,495.0
2026-09-07 16:00:00,452.4,350.0
2026-09-07 17:00:00,612.9,181.2
2026-09-07 18:00:00,215.1,0.0
2026-09-07 19:00:00,231.7,0.0
2026-09-07 20:00:00,425.4,0.0
2026-09-07 21:00:00,502.4,0.0
2026-09-07 22:00:00,463.5,0.0
2026-09-07 23:00:00,221.1,0.0
2026-09-08 00:00:00,263.8,0.0
2026-09-08 01:00:00,142.7,0.0
2026-09-08 02:00:00,743.2,0.0
2026-09-08 03:00:00,249.2,0.0
2026-09-08 04:00:00,579.0,0.0
2026-09-08 05:00:00,374.6,0.0
2026-09-08 06:00:00,17.9,0.0
2026-09-08 07:00:00,210.9,181.2
2026-09-08 08:00:00,450.2,350.0
2026-09-08 09:00:00,413.4,495.0
2026-09-08 10:00:00,45.7,606.2
2026-09-08 11:00:00,259.8,676.1
2026-09-08 12:00:00,331.5,700.0
2026-09-08 13:00:00,463.3,676.1
2026-09-08 14:00:00,294.4,606.2
2026-09-08 15:00:00,545.6,495.0
2026-09-08 16:00:00,654.9,350.0
2026-09-08 17:00:00,430.8,181.2
2026-09-08 18:00:00,623.2,0.0
2026-09-08 19:00:00,694.0,0.0
2026-09-08 20:00:00,466.0,0.0
2026-09-08 21:00:00,286.1,0.0
2026-09-08 22:00:00,402.3,0.0
2026-09-08 23:00:00,160.4,0.0
2026-09-09 00:00:00,102.9,0.0
2026-09-09 01:00:00,590.3,0.0
2026-09-09 02:00:00,520.8,0.0
2026-09-09 03:00:00,290.3,0.0
2026-09-09 04:00:00,527.6,0.0
2026-09-09 05:00:00,570.7,0.0
2026-09-09 06:00:00,329.3,0.0
2026-09-09 07:00:00,503.6,181.2
2026-09-09 08:00:00,602.3,350.0
2026-09-09 09:00:00,575.6,495.0
2026-09-09 10:00:00,373.0,606.2
2026-09-09 11:00:00,414.4,676.1
2026-09-09 12:00:00,372.9,700.0
2026-09-09 13:00:00,230.3,676.1
2026-09-09 14:00:00,415.2,606.2
2026-09-09 15:00:00,166.7,495.0
2026-09-09 16:00:00,103.8,350.0
2026-09-09 17:00:00,605.0,181.2
2026-09-09 18:00:00,30.6,0.0
2026-09-09 19:00:00,789.6,0.0
2026-09-09 20:00:00,261.4,0.0
2026-09-09 21:00:00,497.7,0.0
2026-09-09 22:00:00,233.4,0.0
2026-09-09 23:00:00,545.1,0.0
2026-09-10 00:00:00,362.0,0.0
2026-09-10 01:00:00,277.1,0.0
2026-09-10 02:00:00,872.6,0.0
2026-09-10 03:00:00,186.5,0.0
2026-09-10 04:00:00,836.4,0.0
2026-09-10 05:00:00,436.7,0.0
2026-09-10 06:00:00,560.9,0.0
2026-09-10 07:00:00,724.2,181.2
2026-09-10 08:00:00,170.9,350.0
2026-09-10 09:00:00,255.9,495.0
2026-09-10 10:00:00,368.5,606.2
2026-09-10 11:00:00,648.5,676.1
2026-09-10 12:00:00,526.6,700.0
2026-09-10 13:00:00,354.1,676.1
2026-09-10 14:00:00,401.0,606.2
2026-09-10 15:00:00,577.6,495.0
2026-09-10 16:00:00,400.3,350.0
2026-09-10 17:00:00,800.7,181.2
2026-09-10 18:00:00,264.2,0.0
2026-09-10 19:00:00,467.0,0.0
2026-09-10 20:00:00,186.3,0.0
2026-09-10 21:00:00,250.8,0.0
2026-09-10 22:00:00,449.0,0.0
2026-09-10 23:00:00,442.1,0.0
2026-09-11 00:00:00,603.7,0.0
2026-09-11 01:00:00,699.6,0.0
2026-09-11 02:00:00,428.5,0.0
2026-09-11 03:00:00,249.5,0.0
2026-09-11 04:00:00,293.3,0.0
2026-09-11 05:00:00,587.0,0.0
2026-09-11 06:00:00,197.5,0.0
2026-09-11 07:00:00,496.2,181.2
2026-09-11 08:00:00,86.7,350.0
2026-09-11 09:00:00,342.3,495.0
2026-09-11 10:00:00,80.8,606.2
2026-09-11 11:00:00,238.0,676.1
2026-09-11 12:00:00,533.1,700.0
2026-09-11 13:00:00,397.7,676.1
2026-09-11 14:00:00,145.2,606.2
2026-09-11 15:00:00,250.1,495.0
2026-09-11 16:00:00,449.8,350.0
2026-09-11 17:00:00,744.5,181.2
2026-09-11 18:00:00,211.6,0.0
2026-09-11 19:00:00,741.8,0.0
2026-09-11 20:00:00,921.5,0.0
2026-09-11 21:00:00,554.9,0.0
2026-09-11 22:00:00,234.1,0.0
2026-09-11 23:00:00,524.7,0.0
2026-09-12 00:00:00,635.6,0.0
2026-09-12 01:00:00,461.4,0.0
2026-09-12 02:00:00,165.1,0.0
2026-09-12 03:00:00,113.2,0.0
2026-09-12 04:00:00,227.2,0.0
2026-09-12 05:00:00,83.6,0.0
2026-09-12 06:00:00,344.1,0.0
2026-09-12 07:00:00,477.5,181.2
2026-09-12 08:00:00,543.9,350.0
2026-09-12 09:00:00,141.8,495.0
2026-09-12 10:00:00,319.0,606.2
2026-09-12 11:00:00,189.3,676.1
2026-09-12 12:00:00,265.6,700.0
2026-09-12 13:00:00,165.0,676.1
2026-09-12 14:00:00,205.1,606.2
2026-09-12 15:00:00,232.8,495.0
2026-09-12 16:00:00,325.9,350.0
2026-09-12 17:00:00,160.9,181.2
2026-09-12 18:00:00,443.5,0.0
2026-09-12 19:00:00,729.0,0.0
2026-09-12 20:00:00,444.5,0.0
2026-09-12 21:00:00,535.8,0.0
2026-09-12 22:00:00,196.3,0.0
2026-09-12 23:00:00,171.8,0.0
2026-09-13 00:00:00,422.3,0.0
2026-09-13 01:00:00,537.5,0.0
2026-09-13 02:00:00,337.4,0.0
2026-09-13 03:00:00,862.0,0.0
2026-09-13 04:00:00,228.2,0.0
2026-09-13 05:00:00,148.7,0.0
2026-09-13 06:00:00,442.6,0.0
2026-09-13 07:00:00,1058.9,181.2
2026-09-13 08:00:00,296.5,350.0
2026-09-13 09:00:00,274.0,495.0
2026-09-13 10:00:00,966.8,606.2
2026-09-13 11:00:00,622.4,676.1
2026-09-13 12:00:00,477.0,700.0
2026-09-13 13:00:00,186.1,676.1
2026-09-13 14:00:00,438.8,606.2
2026-09-13 15:00:00,287.6,495.0
2026-09-13 16:00:00,330.3,350.0
2026-09-13 17:00:00,100.7,181.2
2026-09-13 18:00:00,379.2,0.0
2026-09-13 19:00:00,269.2,0.0
2026-09-13 20:00:00,790.1,0.0
2026-09-13 21:00:00,390.2,0.0
2026-09-13 22:00:00,563.3,0.0
2026-09-13 23:00:00,394.5,0.0
2026-09-14 00:00:00,125.4,0.0
2026-09-14 01:00:00,285.8,0.0
2026-09-14 02:00:00,152.1,0.0
2026-09-14 03:00:00,106.0,0.0
2026-09-14 04:00:00,100.5,0.0
2026-09-14 05:00:00,173.7,0.0
2026-09-14 06:00:00,74.9,0.0
2026-09-14 07:00:00,685.9,181.2
2026-09-14 08:00:00,234.2,350.0
2026-09-14 09:00:00,380.4,495.0
2026-09-14 10:00:00,607.8,606.2
2026-09-14 11:00:00,287.6,676.1
2026-09-14 12:00:00,291.4,700.0
2026-09-14 13:00:00,624.8,676.1
2026-09-14 14:00:00,309.4,606.2
2026-09-14 15:00:00,100.1,495.0
2026-09-14 16:00:00,112.0,350.0
2026-09-14 17:00:00,672.5,181.2
2026-09-14 18:00:00,269.6,0.0
2026-09-14 19:00:00,179.8,0.0
2026-09-14 20:00:00,99.5,0.0
2026-09-14 21:00:00,420.6,0.0
2026-09-14 22:00:00,211.1,0.0
2026-09-14 23:00:00,251.1,0.0
2026-09-15 00:00:00,362.2,0.0
2026-09-15 01:00:00,392.3,0.0
2026-09-15 02:00:00,373.6,0.0
2026-09-15 03:00:00,782.4,0.0
2026-09-15 04:00:00,146.5,0.0
2026-09-15 05:00:00,181.2,0.0
2026-09-15 06:00:00,216.4,0.0
2026-09-15 07:00:00,588.4,181.2
2026-09-15 08:00:00,193.9,350.0
2026-09-15 09:00:00,251.9,495.0
2026-09-15 10:00:00,346.7,606.2
2026-09-15 11:00:00,402.7,676.1
2026-09-15 12:00:00,806.6,700.0
2026-09-15 13:00:00,75.4,676.1
2026-09-15 14:00:00,499.0,606.2
2026-09-15 15:00:00,311.4,495.0
2026-09-15 16:00:00,273.4,350.0
2026-09-15 17:00:00,550.0,181.2
2026-09-15 18:00:00,373.1,0.0
2026-09-15 19:00:00,544.5,0.0
2026-09-15 20:00:00,162.2,0.0
2026-09-15 21:00:00,446.8,0.0
2026-09-15 22:00:00,479.1,0.0
2026-09-15 23:00:00,592.5,0.0
2026-09-16 00:00:00,335.4,0.0
2026-09-16 01:00:00,355.9,0.0
2026-09-16 02:00:00,234.8,0.0
2026-09-16 03:00:00,292.9,0.0
2026-09-16 04:00:00,331.0,0.0
2026-09-16 05:00:00,23.0,0.0
2026-09-16 06:00:00,356.2,0.0
2026-09-16 07:00:00,250.6,181.2
2026-09-16 08:00:00,469.9,350.0
2026-09-16 09:00:00,48.9,495.0
2026-09-16 10:00:00,200.3,606.2
2026-09-16 11:00:00,224.5,676.1
2026-09-16 12:00:00,101.3,700.0
2026-09-16 13:00:00,804.9,676.1
2026-09-16 14:00:00,617.9,606.2
2026-09-16 15:00:00,236.4,495.0
2026-09-16 16:00:00,266.2,350.0
2026-09-16 17:00:00,177.2,181.2
2026-09-16 18:00:00,274.1,0.0
2026-09-16 19:00:00,513.6,0.0
2026-09-16 20:00:00,365.8,0.0
2026-09-16 21:00:00,418.9,0.0
2026-09-16 22:00:00,102.6,0.0
2026-09-16 23:00:00,268.6,0.0
2026-09-17 00:00:00,368.5,0.0
2026-09-17 01:00:00,409.5,0.0
2026-09-17 02:00:00,365.0,0.0
2026-09-17 03:00:00,440.2,0.0
2026-09-17 04:00:00,126.6,0.0
2026-09-17 05:00:00,292.2,0.0
2026-09-17 06:00:00,361.4,0.0
2026-09-17 07:00:00,419.5,181.2
2026-09-17 08:00:00,274.6,350.0
2026-09-17 09:00:00,500.9,495.0
2026-09-17 10:00:00,369.8,606.2
2026-09-17 11:00:00,593.9,676.1
2026-09-17 12:00:00,505.8,700.0
2026-09-17 13:00:00,436.6,676.1
2026-09-17 14:00:00,308.4,606.2
2026-09-17 15:00:00,460.4,495.0
2026-09-17 16:00:00,298.2,350.0
2026-09-17 17:00:00,644.1,181.2
2026-09-17 18:00:00,234.8,0.0
2026-09-17 19:00:00,509.3,0.0
2026-09-17 20:00:00,738.7,0.0
2026-09-17 21:00:00,347.7,0.0
2026-09-17 22:00:00,587.9,0.0
2026-09-17 23:00:00,333.9,0.0
2026-09-18 00:00:00,233.9,0.0
2026-09-18 01:00:00,443.0,0.0
2026-09-18 02:00:00,462.2,0.0
2026-09-18 03:00:00,79.4,0.0
2026-09-18 04:00:00,392.4,0.0
2026-09-18 05:00:00,111.3,0.0
2026-09-18 06:00:00,522.3,0.0
2026-09-18 07:00:00,260.4,181.2
2026-09-18 08:00:00,572.6,350.0
2026-09-18 09:00:00,461.1,495.0
2026-09-18 10:00:00,409.0,606.2
2026-09-18 11:00:00,665.0,676.1
2026-09-18 12:00:00,263.6,700.0
2026-09-18 13:00:00,449.2,676.1
2026-09-18 14:00:00,112.5,606.2
2026-09-18 15:00:00,466.0,495.0
2026-09-18 16:00:00,157.4,350.0
2026-09-18 17:00:00,247.9,181.2
2026-09-18 18:00:00,520.2,0.0
2026-09-18 19:00:00,460.9,0.0
2026-09-18 20:00:00,232.5,0.0
2026-09-18 21:00:00,785.0,0.0
2026-09-18 22:00:00,547.0,0.0
2026-09-18 23:00:00,327.1,0.0
2026-09-19 00:00:00,423.3,0.0
2026-09-19 01:00:00,239.4,0.0
2026-09-19 02:00:00,653.7,0.0
2026-09-19 03:00:00,314.2,0.0
2026-09-19 04:00:00,695.5,0.0
2026-09-19 05:00:00,299.1,0.0
2026-09-19 06:00:00,168.8,0.0
2026-09-19 07:00:00,339.7,181.2
2026-09-19 08:00:00,383.6,350.0
2026-09-19 09:00:00,307.8,495.0
2026-09-19 10:00:00,151.0,606.2
2026-09-19 11:00:00,811.3,676.1
2026-09-19 12:00:00,465.2,700.0
2026-09-19 13:00:00,629.5,676.1
2026-09-19 14:00:00,196.9,606.2
2026-09-19 15:00:00,607.5,495.0
2026-09-19 16:00:00,492.1,350.0
2026-09-19 17:00:00,171.6,181.2
2026-09-19 18:00:00,818.9,0.0
2026-09-19 19:00:00,489.2,0.0
2026-09-19 20:00:00,246.5,0.0
2026-09-19 21:00:00,515.6,0.0
2026-09-19 22:00:00,167.3,0.0
2026-09-19 23:00:00,253.4,0.0
2026-09-20 00:00:00,486.4,0.0
2026-09-20 01:00:00,20.7,0.0
2026-09-20 02:00:00,279.3,0.0
2026-09-20 03:00:00,253.3,0.0
2026-09-20 04:00:00,623.1,0.0
2026-09-20 05:00:00,379.5,0.0
2026-09-20 06:00:00,400.0,0.0
2026-09-20 07:00:00,705.8,181.2
2026-09-20 08:00:00,292.7,350.0
2026-09-20 09:00:00,731.1,495.0
2026-09-20 10:00:00,268.3,606.2
2026-09-20 11:00:00,507.6,676.1
2026-09-20 12:00:00,141.0,700.0
2026-09-20 13:00:00,827.4,676.1
2026-09-20 14:00:00,598.8,606.2
2026-09-20 15:00:00,439.4,495.0
2026-09-20 16:00:00,255.1,350.0
2026-09-20 17:00:00,269.5,181.2
2026-09-20 18:00:00,406.5,0.0
2026-09-20 19:00:00,469.4,0.0
2026-09-20 20:00:00,395.1,0.0
2026-09-20 21:00:00,405.3,0.0
2026-09-20 22:00:00,305.6,0.0
2026-09-20 23:00:00,676.8,0.0
2026-09-21 00:00:00,174.4,0.0
2026-09-21 01:00:00,162.1,0.0
2026-09-21 02:00:00,708.1,0.0
2026-09-21 03:00:00,313.8,0.0
2026-09-21 04:00:00,475.5,0.0
2026-09-21 05:00:00,423.2,0.0
2026-09-21 06:00:00,696.1,0.0
2026-09-21 07:00:00,448.2,181.2
2026-09-21 08:00:00,257.4,350.0
2026-09-21 09:00:00,204.0,495.0
2026-09-21 10:00:00,304.3,606.2
2026-09-21 11:00:00,524.7,676.1
2026-09-21 12:00:00,75.3,700.0
2026-09-21 13:00:00,432.5,676.1
2026-09-21 14:00:00,937.3,606.2
2026-09-21 15:00:00,716.8,495.0
2026-09-21 16:00:00,152.8,350.0
2026-09-21 17:00:00,259.9,181.2
2026-09-21 18:00:00,198.4,0.0
2026-09-21 19:00:00,154.3,0.0
2026-09-21 20:00:00,460.6,0.0
2026-09-21 21:00:00,311.7,0.0
2026-09-21 22:00:00,326.2,0.0
2026-09-21 23:00:00,674.1,0.0
2026-09-22 00:00:00,187.2,0.0
2026-09-22 01:00:00,710.5,0.0
2026-09-22 02:00:00,743.7,0.0
2026-09-22 03:00:00,201.8,0.0
2026-09-22 04:00:00,440.9,0.0
2026-09-22 05:00:00,555.9,0.0
2026-09-22 06:00:00,297.4,0.0
2026-09-22 07:00:00,178.6,181.2
2026-09-22 08:00:00,912.7,350.0
2026-09-22 09:00:00,535.7,495.0
2026-09-22 10:00:00,391.1,606.2
2026-09-22 11:00:00,556.3,676.1
2026-09-22 12:00:00,689.3,700.0
2026-09-22 13:00:00,511.0,676.1
2026-09-22 14:00:00,194.9,606.2
2026-09-22 15:00:00,344.8,495.0
2026-09-22 16:00:00,215.0,350.0
2026-09-22 17:00:00,385.3,181.2
2026-09-22 18:00:00,548.0,0.0
2026-09-22 19:00:00,669.5,0.0
2026-09-22 20:00:00,132.6,0.0
2026-09-22 21:00:00,271.0,0.0
2026-09-22 22:00:00,774.9,0.0
2026-09-22 23:00:00,415.5,0.0
2026-09-23 00:00:00,80.6,0.0
2026-09-23 01:00:00,701.0,0.0
2026-09-23 02:00:00,193.0,0.0
2026-09-23 03:00:00,453.1,0.0
2026-09-23 04:00:00,806.8,0.0
2026-09-23 05:00:00,417.7,0.0
2026-09-23 06:00:00,858.1,0.0
2026-09-23 07:00:00,660.2,181.2
2026-09-23 08:00:00,921.4,350.0
2026-09-23 09:00:00,48.5,495.0
2026-09-23 10:00:00,232.2,606.2
2026-09-23 11:00:00,337.1,676.1
2026-09-23 12:00:00,1037.2,700.0
2026-09-23 13:00:00,254.5,676.1
2026-09-23 14:00:00,458.7,606.2
2026-09-23 15:00:00,668.4,495.0
2026-09-23 16:00:00,184.3,350.0
2026-09-23 17:00:00,320.2,181.2
2026-09-23 18:00:00,424.8,0.0
2026-09-23 19:00:00,380.2,0.0
2026-09-23 20:00:00,326.8,0.0
2026-09-23 21:00:00,6.4,0.0
2026-09-23 22:00:00,1183.6,0.0
2026-09-23 23:00:00,55.4,0.0
2026-09-24 00:00:00,224.7,0.0
2026-09-24 01:00:00,284.7,0.0
2026-09-24 02:00:00,568.2,0.0
2026-09-24 03:00:00,125.4,0.0
2026-09-24 04:00:00,198.1,0.0
2026-09-24 05:00:00,123.5,0.0
2026-09-24 06:00:00,315.4,0.0
2026-09-24 07:00:00,185.2,181.2
2026-09-24 08:00:00,490.9,350.0
2026-09-24 09:00:00,381.5,495.0
2026-09-24 10:00:00,165.3,606.2
2026-09-24 11:00:00,718.7,676.1
2026-09-24 12:00:00,1199.7,700.0
2026-09-24 13:00:00,162.2,676.1
2026-09-24 14:00:00,235.0,606.2
2026-09-24 15:00:00,464.0,495.0
2026-09-24 16:00:00,284.6,350.0
2026-09-24 17:00:00,316.7,181.2
2026-09-24 18:00:00,368.9,0.0
2026-09-24 19:00:00,143.5,0.0
2026-09-24 20:00:00,939.3,0.0
2026-09-24 21:00:00,518.5,0.0
2026-09-24 22:00:00,590.1,0.0
2026-09-24 23:00:00,376.9,0.0
2026-09-25 00:00:00,271.2,0.0
2026-09-25 01:00:00,253.4,0.0
2026-09-25 02:00:00,554.0,0.0
2026-09-25 03:00:00,243.1,0.0
2026-09-25 04:00:00,285.5,0.0
2026-09-25 05:00:00,116.7,0.0
2026-09-25 06:00:00,367.6,0.0
2026-09-25 07:00:00,616.0,181.2
2026-09-25 08:00:00,280.8,350.0
2026-09-25 09:00:00,232.5,495.0
2026-09-25 10:00:00,246.9,606.2
2026-09-25 11:00:00,329.8,676.1
2026-09-25 12:00:00,410.5,700.0
2026-09-25 13:00:00,322.3,676.1
2026-09-25 14:00:00,396.0,606.2
2026-09-25 15:00:00,391.5,495.0
2026-09-25 16:00:00,411.4,350.0
2026-09-25 17:00:00,552.1,181.2
2026-09-25 18:00:00,333.5,0.0
2026-09-25 19:00:00,712.9,0.0
2026-09-25 20:00:00,417.9,0.0
2026-09-25 21:00:00,705.2,0.0
2026-09-25 22:00:00,110.3,0.0
2026-09-25 23:00:00,181.6,0.0
2026-09-26 00:00:00,124.1,0.0
2026-09-26 01:00:00,196.7,0.0
2026-09-26 02:00:00,360.3,0.0
2026-09-26 03:00:00,517.8,0.0
2026-09-26 04:00:00,178.4,0.0
2026-09-26 05:00:00,493.3,0.0
2026-09-26 06:00:00,380.1,0.0
2026-09-26 07:00:00,344.0,181.2
2026-09-26 08:00:00,197.6,350.0
2026-09-26 09:00:00,568.8,495.0
2026-09-26 10:00:00,181.4,606.2
2026-09-26 11:00:00,130.4,676.1
2026-09-26 12:00:00,305.9,700.0
2026-09-26 13:00:00,189.7,676.1
2026-09-26 14:00:00,177.5,606.2
2026-09-26 15:00:00,374.0,495.0
2026-09-26 16:00:00,531.0,350.0
2026-09-26 17:00:00,315.4,181.2
2026-09-26 18:00:00,404.4,0.0
2026-09-26 19:00:00,679.1,0.0
2026-09-26 20:00:00,213.2,0.0
2026-09-26 21:00:00,94.9,0.0
2026-09-26 22:00:00,102.1,0.0
2026-09-26 23:00:00,301.3,0.0
2026-09-27 00:00:00,209.8,0.0
2026-09-27 01:00:00,617.7,0.0
2026-09-27 02:00:00,448.8,0.0
2026-09-27 03:00:00,259.1,0.0
2026-09-27 04:00:00,426.4,0.0
2026-09-27 05:00:00,142.9,0.0
2026-09-27 06:00:00,164.3,0.0
2026-09-27 07:00:00,182.6,181.2
2026-09-27 08:00:00,351.1,350.0
2026-09-27 09:00:00,144.0,495.0
2026-09-27 10:00:00,518.3,606.2
2026-09-27 11:00:00,865.6,676.1
2026-09-27 12:00:00,559.6,700.0
2026-09-27 13:00:00,150.9,676.1
2026-09-27 14:00:00,472.9,606.2
2026-09-27 15:00:00,82.8,495.0
2026-09-27 16:00:00,312.8,350.0
2026-09-27 17:00:00,260.9,181.2
2026-09-27 18:00:00,313.2,0.0
2026-09-27 19:00:00,350.8,0.0
2026-09-27 20:00:00,261.3,0.0
2026-09-27 21:00:00,437.8,0.0
2026-09-27 22:00:00,163.2,0.0
2026-09-27 23:00:00,304.8,0.0
2026-09-28 00:00:00,241.3,0.0
2026-09-28 01:00:00,531.3,0.0
2026-09-28 02:00:00,209.5,0.0
2026-09-28 03:00:00,499.2,0.0
2026-09-28 04:00:00,351.7,0.0
2026-09-28 05:00:00,92.6,0.0
2026-09-28 06:00:00,317.9,0.0
2026-09-28 07:00:00,645.7,181.2
2026-09-28 08:00:00,740.2,350.0
2026-09-28 09:00:00,425.6,495.0
2026-09-28 10:00:00,858.6,606.2
2026-09-28 11:00:00,390.9,676.1
2026-09-28 12:00:00,292.6,700.0
2026-09-28 13:00:00,250.8,676.1
2026-09-28 14:00:00,154.8,606.2
2026-09-28 15:00:00,543.5,495.0
2026-09-28 16:00:00,72.7,350.0
2026-09-28 17:00:00,354.8,181.2
2026-09-28 18:00:00,140.3,0.0
2026-09-28 19:00:00,548.4,0.0
2026-09-28 20:00:00,621.7,0.0
2026-09-28 21:00:00,346.4,0.0
2026-09-28 22:00:00,329.5,0.0
2026-09-28 23:00:00,769.0,0.0
2026-09-29 00:00:00,632.4,0.0
2026-09-29 01:00:00,361.6,0.0
2026-09-29 02:00:00,541.7,0.0
2026-09-29 03:00:00,224.4,0.0
2026-09-29 04:00:00,350.8,0.0
2026-09-29 05:00:00,350.6,0.0
2026-09-29 06:00:00,167.3,0.0
2026-09-29 07:00:00,390.8,181.2
2026-09-29 08:00:00,223.1,350.0
2026-09-29 09:00:00,367.4,495.0
2026-09-29 10:00:00,1094.3,606.2
2026-09-29 11:00:00,234.3,676.1
2026-09-29 12:00:00,247.9,700.0
2026-09-29 13:00:00,594.4,676.1
2026-09-29 14:00:00,237.8,606.2
2026-09-29 15:00:00,128.8,495.0
2026-09-29 16:00:00,217.1,350.0
2026-09-29 17:00:00,104.5,181.2
2026-09-29 18:00:00,464.9,0.0
2026-09-29 19:00:00,628.2,0.0
2026-09-29 20:00:00,52.7,0.0
2026-09-29 21:00:00,528.4,0.0
2026-09-29 22:00:00,504.6,0.0
2026-09-29 23:00:00,488.3,0.0
2026-09-30 00:00:00,286.7,0.0
2026-09-30 01:00:00,393.2,0.0
2026-09-30 02:00:00,360.7,0.0
2026-09-30 03:00:00,522.3,0.0
2026-09-30 04:00:00,798.3,0.0
2026-09-30 05:00:00,306.6,0.0
2026-09-30 06:00:00,152.5,0.0
2026-09-30 07:00:00,118.9,181.2
2026-09-30 08:00:00,706.5,350.0
2026-09-30 09:00:00,307.9,495.0
2026-09-30 10:00:00,566.1,606.2
2026-09-30 11:00:00,293.6,676.1
2026-09-30 12:00:00,780.4,700.0
2026-09-30 13:00:00,421.4,676.1
2026-09-30 14:00:00,596.9,606.2
2026-09-30 15:00:00,475.4,495.0
2026-09-30 16:00:00,199.9,350.0
2026-09-30 17:00:00,399.5,181.2
2026-09-30 18:00:00,238.6,0.0
2026-09-30 19:00:00,59.5,0.0
2026-09-30 20:00:00,754.1,0.0
2026-09-30 21:00:00,523.7,0.0
2026-09-30 22:00:00,166.5,0.0
2026-09-30 23:00:00,479.5,0.0
2026-10-01 00:00:00,172.4,0.0
2026-10-01 01:00:00,633.1,0.0
2026-10-01 02:00:00,789.4,0.0
2026-10-01 03:00:00,375.5,0.0
2026-10-01 04:00:00,389.3,0.0
2026-10-01 05:00:00,348.6,0.0
2026-10-01 06:00:00,784.7,0.0
2026-10-01 07:00:00,378.3,181.2
2026-10-01 08:00:00,688.2,350.0
2026-10-01 09:00:00,407.8,495.0
2026-10-01 10:00:00,337.6,606.2
2026-10-01 11:00:00,196.6,676.1
2026-10-01 12:00:00,874.3,700.0
2026-10-01 13:00:00,224.0,676.1
2026-10-01 14:00:00,447.6,606.2
2026-10-01 15:00:00,545.0,495.0
2026-10-01 16:00:00,251.2,350.0
2026-10-01 17:00:00,721.0,181.2
2026-10-01 18:00:00,459.3,0.0
2026-10-01 19:00:00,551.4,0.0
2026-10-01 20:00:00,506.0,0.0
2026-10-01 21:00:00,495.8,0.0
2026-10-01 22:00:00,793.0,0.0
2026-10-01 23:00:00,515.5,0.0
2026-10-02 00:00:00,710.7,0.0
2026-10-02 01:00:00,346.1,0.0
2026-10-02 02:00:00,224.0,0.0
2026-10-02 03:00:00,277.6,0.0
2026-10-02 04:00:00,245.6,0.0
2026-10-02 05:00:00,579.3,0.0
2026-10-02 06:00:00,183.0,0.0
2026-10-02 07:00:00,514.3,108.7
2026-10-02 08:00:00,265.0,210.0
2026-10-02 09:00:00,555.5,297.0
2026-10-02 10:00:00,216.1,363.7
2026-10-02 11:00:00,159.7,405.7
2026-10-02 12:00:00,420.2,420.0
2026-10-02 13:00:00,229.7,405.7
2026-10-02 14:00:00,232.0,363.7
2026-10-02 15:00:00,469.8,297.0
2026-10-02 16:00:00,407.1,210.0
2026-10-02 17:00:00,354.0,108.7
2026-10-02 18:00:00,282.9,0.0
2026-10-02 19:00:00,329.7,0.0
2026-10-02 20:00:00,585.0,0.0
2026-10-02 21:00:00,455.6,0.0
2026-10-02 22:00:00,234.6,0.0
2026-10-02 23:00:00,486.1,0.0
2026-10-03 00:00:00,108.0,0.0
2026-10-03 01:00:00,58.6,0.0
2026-10-03 02:00:00,322.5,0.0
2026-10-03 03:00:00,182.1,0.0
2026-10-03 04:00:00,110.4,0.0
2026-10-03 05:00:00,226.2,0.0
2026-10-03 06:00:00,579.3,0.0
2026-10-03 07:00:00,198.3,108.7
2026-10-03 08:00:00,275.5,210.0
2026-10-03 09:00:00,535.3,297.0
2026-10-03 10:00:00,391.8,363.7
2026-10-03 11:00:00,318.0,405.7
2026-10-03 12:00:00,634.1,420.0
2026-10-03 13:00:00,359.2,405.7
2026-10-03 14:00:00,730.0,363.7
2026-10-03 15:00:00,567.0,297.0
2026-10-03 16:00:00,633.3,210.0
2026-10-03 17:00:00,267.2,108.7
2026-10-03 18:00:00,862.6,0.0
2026-10-03 19:00:00,20.7,0.0
2026-10-03 20:00:00,249.9,0.0
2026-10-03 21:00:00,274.4,0.0
2026-10-03 22:00:00,607.2,0.0
2026-10-03 23:00:00,436.0,0.0
2026-10-04 00:00:00,403.4,0.0
2026-10-04 01:00:00,397.0,0.0
2026-10-04 02:00:00,1200.0,0.0
2026-10-04 03:00:00,614.9,0.0
2026-10-04 04:00:00,466.9,0.0
2026-10-04 05:00:00,331.5,0.0
2026-10-04 06:00:00,403.3,0.0
2026-10-04 07:00:00,114.7,108.7
2026-10-04 08:00:00,625.2,210.0
2026-10-04 09:00:00,460.2,297.0
2026-10-04 10:00:00,495.8,363.7
2026-10-04 11:00:00,428.1,405.7
2026-10-04 12:00:00,207.9,420.0
2026-10-04 13:00:00,427.3,405.7
2026-10-04 14:00:00,260.0,363.7
2026-10-04 15:00:00,791.9,297.0
2026-10-04 16:00:00,104.6,210.0
2026-10-04 17:00:00,119.2,108.7
2026-10-04 18:00:00,247.4,0.0
2026-10-04 19:00:00,400.5,0.0
2026-10-04 20:00:00,306.4,0.0
2026-10-04 21:00:00,258.4,0.0
2026-10-04 22:00:00,528.5,0.0
2026-10-04 23:00:00,401.9,0.0
2026-10-05 00:00:00,426.7,0.0
2026-10-05 01:00:00,582.5,0.0
2026-10-05 02:00:00,742.8,0.0
2026-10-05 03:00:00,436.8,0.0
2026-10-05 04:00:00,433.0,0.0
2026-10-05 05:00:00,165.9,0.0
2026-10-05 06:00:00,208.1,0.0
2026-10-05 07:00:00,361.4,108.7
2026-10-05 08:00:00,104.1,210.0
2026-10-05 09:00:00,201.5,297.0
2026-10-05 10:00:00,90.5,363.7
2026-10-05 11:00:00,397.9,405.7
2026-10-05 12:00:00,548.4,420.0
2026-10-05 13:00:00,1006.0,405.7
2026-10-05 14:00:00,459.8,363.7
2026-10-05 15:00:00,446.1,297.0
2026-10-05 16:00:00,761.4,210.0
2026-10-05 17:00:00,200.5,108.7
2026-10-05 18:00:00,587.3,0.0
2026-10-05 19:00:00,1200.0,0.0
2026-10-05 20:00:00,518.5,0.0
2026-10-05 21:00:00,375.3,0.0
2026-10-05 22:00:00,183.2,0.0
2026-10-05 23:00:00,380.7,0.0
2026-10-06 00:00:00,291.8,0.0
2026-10-06 01:00:00,173.3,0.0
2026-10-06 02:00:00,310.6,0.0
2026-10-06 03:00:00,403.8,0.0
2026-10-06 04:00:00,170.5,0.0
2026-10-06 05:00:00,383.9,0.0
2026-10-06 06:00:00,302.6,0.0
2026-10-06 07:00:00,377.8,108.7
2026-10-06 08:00:00,748.7,210.0
2026-10-06 09:00:00,454.6,297.0
2026-10-06 10:00:00,542.0,363.7
2026-10-06 11:00:00,403.7,405.7
2026-10-06 12:00:00,539.4,420.0
2026-10-06 13:00:00,472.3,405.7
2026-10-06 14:00:00,360.0,363.7
2026-10-06 15:00:00,318.2,297.0
2026-10-06 16:00:00,469.8,210.0
2026-10-06 17:00:00,447.5,108.7
2026-10-06 18:00:00,53.3,0.0
2026-10-06 19:00:00,197.6,0.0
2026-10-06 20:00:00,288.7,0.0
2026-10-06 21:00:00,522.7,0.0
2026-10-06 22:00:00,433.9,0.0
2026-10-06 23:00:00,244.6,0.0
2026-10-07 00:00:00,294.9,0.0
2026-10-07 01:00:00,171.7,0.0
2026-10-07 02:00:00,278.0,0.0
2026-10-07 03:00:00,243.6,0.0
2026-10-07 04:00:00,696.6,0.0
2026-10-07 05:00:00,410.3,0.0
2026-10-07 06:00:00,798.1,0.0
2026-10-07 07:00:00,512.2,108.7
2026-10-07 08:00:00,478.0,210.0
2026-10-07 09:00:00,417.0,297.0
2026-10-07 10:00:00,199.7,363.7
2026-10-07 11:00:00,213.9,405.7
2026-10-07 12:00:00,390.6,420.0
2026-10-07 13:00:00,304.3,405.7
2026-10-07 14:00:00,285.2,363.7
2026-10-07 15:00:00,181.2,297.0
2026-10-07 16:00:00,246.5,210.0
2026-10-07 17:00:00,490.9,108.7
2026-10-07 18:00:00,244.0,0.0
2026-10-07 19:00:00,417.7,0.0
2026-10-07 20:00:00,717.1,0.0
2026-10-07 21:00:00,357.2,0.0
2026-10-07 22:00:00,619.1,0.0
2026-10-07 23:00:00,706.7,0.0
2026-10-08 00:00:00,203.6,0.0
2026-10-08 01:00:00,453.2,0.0
2026-10-08 02:00:00,598.2,0.0
2026-10-08 03:00:00,267.5,0.0
2026-10-08 04:00:00,333.5,0.0
2026-10-08 05:00:00,575.5,0.0
2026-10-08 06:00:00,584.6,0.0
2026-10-08 07:00:00,977.3,108.7
2026-10-08 08:00:00,835.9,210.0
2026-10-08 09:00:00,664.7,297.0
2026-10-08 10:00:00,214.8,363.7
2026-10-08 11:00:00,637.8,405.7
2026-10-08 12:00:00,588.0,420.0
2026-10-08 13:00:00,380.4,405.7
2026-10-08 14:00:00,342.1,363.7
2026-10-08 15:00:00,847.1,297.0
2026-10-08 16:00:00,380.3,210.0
2026-10-08 17:00:00,1004.3,108.7
2026-10-08 18:00:00,411.6,0.0
2026-10-08 19:00:00,341.8,0.0
2026-10-08 20:00:00,236.2,0.0
2026-10-08 21:00:00,240.3,0.0
2026-10-08 22:00:00,130.2,0.0
2026-10-08 23:00:00,179.4,0.0
2026-10-09 00:00:00,366.3,0.0
2026-10-09 01:00:00,200.5,0.0
2026-10-09 02:00:00,254.5,0.0
2026-10-09 03:00:00,810.4,0.0
2026-10-09 04:00:00,422.6,0.0
2026-10-09 05:00:00,640.6,0.0
2026-10-09 06:00:00,377.0,0.0
2026-10-09 07:00:00,665.9,108.7
2026-10-09 08:00:00,263.3,210.0
2026-10-09 09:00:00,307.7,297.0
2026-10-09 10:00:00,207.0,363.7
2026-10-09 11:00:00,464.6,405.7
2026-10-09 12:00:00,404.1,420.0
2026-10-09 13:00:00,363.4,405.7
2026-10-09 14:00:00,328.3,363.7
2026-10-09 15:00:00,302.2,297.0
2026-10-09 16:00:00,476.3,210.0
2026-10-09 17:00:00,140.6,108.7
2026-10-09 18:00:00,404.7,0.0
2026-10-09 19:00:00,392.8,0.0
2026-10-09 20:00:00,89.5,0.0
2026-10-09 21:00:00,321.8,0.0
2026-10-09 22:00:00,95.8,0.0
2026-10-09 23:00:00,363.3,0.0
2026-10-10 00:00:00,268.5,0.0
2026-10-10 01:00:00,572.4,0.0
2026-10-10 02:00:00,83.9,0.0
2026-10-10 03:00:00,247.1,0.0
2026-10-10 04:00:00,218.1,0.0
2026-10-10 05:00:00,652.6,0.0
2026-10-10 06:00:00,360.3,0.0
2026-10-10 07:00:00,420.8,108.7
2026-10-10 08:00:00,170.6,210.0
2026-10-10 09:00:00,374.9,297.0
2026-10-10 10:00:00,593.2,363.7
2026-10-10 11:00:00,447.9,405.7
2026-10-10 12:00:00,247.4,420.0
2026-10-10 13:00:00,112.2,405.7
2026-10-10 14:00:00,884.7,363.7
2026-10-10 15:00:00,734.1,297.0
2026-10-10 16:00:00,343.9,210.0
2026-10-10 17:00:00,843.1,108.7
2026-10-10 18:00:00,544.2,0.0
2026-10-10 19:00:00,397.7,0.0
2026-10-10 20:00:00,531.9,0.0
2026-10-10 21:00:00,759.3,0.0
2026-10-10 22:00:00,323.2,0.0
2026-10-10 23:00:00,236.5,0.0
2026-10-11 00:00:00,523.2,0.0
2026-10-11 01:00:00,161.7,0.0
2026-10-11 02:00:00,333.7,0.0
2026-10-11 03:00:00,210.6,0.0
2026-10-11 04:00:00,246.5,0.0
2026-10-11 05:00:00,700.5,0.0
2026-10-11 06:00:00,196.5,0.0
2026-10-11 07:00:00,65.3,108.7
2026-10-11 08:00:00,37.0,210.0
2026-10-11 09:00:00,640.8,297.0
2026-10-11 10:00:00,616.9,363.7
2026-10-11 11:00:00,497.1,405.7
2026-10-11 12:00:00,171.4,420.0
2026-10-11 13:00:00,367.8,405.7
2026-10-11 14:00:00,280.5,363.7
2026-10-11 15:00:00,681.2,297.0
2026-10-11 16:00:00,416.6,210.0
2026-10-11 17:00:00,371.6,108.7
2026-10-11 18:00:00,506.1,0.0
2026-10-11 19:00:00,310.0,0.0
2026-10-11 20:00:00,367.8,0.0
2026-10-11 21:00:00,119.6,0.0
2026-10-11 22:00:00,286.2,0.0
2026-10-11 23:00:00,762.5,0.0
2026-10-12 00:00:00,331.4,0.0
2026-10-12 01:00:00,662.7,0.0
2026-10-12 02:00:00,142.4,0.0
2026-10-12 03:00:00,477.4,0.0
2026-10-12 04:00:00,267.6,0.0
2026-10-12 05:00:00,267.7,0.0
2026-10-12 06:00:00,405.2,0.0
2026-10-12 07:00:00,590.5,108.7
2026-10-12 08:00:00,532.0,210.0
2026-10-12 09:00:00,553.8,297.0
2026-10-12 10:00:00,424.2,363.7
2026-10-12 11:00:00,254.4,405.7
2026-10-12 12:00:00,399.3,420.0
2026-10-12 13:00:00,539.7,405.7
2026-10-12 14:00:00,555.2,363.7
2026-10-12 15:00:00,447.6,297.0
2026-10-12 16:00:00,638.1,210.0
2026-10-12 17:00:00,389.0,108.7
2026-10-12 18:00:00,383.6,0.0
2026-10-12 19:00:00,529.1,0.0
2026-10-12 20:00:00,247.8,0.0
2026-10-12 21:00:00,318.0,0.0
2026-10-12 22:00:00,314.8,0.0
2026-10-12 23:00:00,66.3,0.0
2026-10-13 00:00:00,403.0,0.0
2026-10-13 01:00:00,591.5,0.0
2026-10-13 02:00:00,103.5,0.0
2026-10-13 03:00:00,538.9,0.0
2026-10-13 04:00:00,412.8,0.0
2026-10-13 05:00:00,389.7,0.0
2026-10-13 06:00:00,553.4,0.0
2026-10-13 07:00:00,759.5,108.7
2026-10-13 08:00:00,656.3,210.0
2026-10-13 09:00:00,284.8,297.0
2026-10-13 10:00:00,419.2,363.7
2026-10-13 11:00:00,216.0,405.7
2026-10-13 12:00:00,395.7,420.0
2026-10-13 13:00:00,81.0,405.7
2026-10-13 14:00:00,104.7,363.7
2026-10-13 15:00:00,151.6,297.0
2026-10-13 16:00:00,379.2,210.0
2026-10-13 17:00:00,198.1,108.7
2026-10-13 18:00:00,611.0,0.0
2026-10-13 19:00:00,406.4,0.0
2026-10-13 20:00:00,92.9,0.0
2026-10-13 21:00:00,432.3,0.0
2026-10-13 22:00:00,338.6,0.0
2026-10-13 23:00:00,439.2,0.0
2026-10-14 00:00:00,227.4,0.0
2026-10-14 01:00:00,427.5,0.0
2026-10-14 02:00:00,621.1,0.0
2026-10-14 03:00:00,349.3,0.0
2026-10-14 04:00:00,200.0,0.0
2026-10-14 05:00:00,199.9,0.0
2026-10-14 06:00:00,405.1,0.0
2026-10-14 07:00:00,369.0,108.7
2026-10-14 08:00:00,476.7,210.0
2026-10-14 09:00:00,289.8,297.0
2026-10-14 10:00:00,342.6,363.7
2026-10-14 11:00:00,475.9,405.7
2026-10-14 12:00:00,581.9,420.0
2026-10-14 13:00:00,44.3,405.7
2026-10-14 14:00:00,669.5,363.7
2026-10-14 15:00:00,521.7,297.0
2026-10-14 16:00:00,258.5,210.0
2026-10-14 17:00:00,397.6,108.7
2026-10-14 18:00:00,525.0,0.0
2026-10-14 19:00:00,306.7,0.0
2026-10-14 20:00:00,379.0,0.0
2026-10-14 21:00:00,371.5,0.0
2026-10-14 22:00:00,362.5,0.0
2026-10-14 23:00:00,673.3,0.0
2026-10-15 00:00:00,417.4,0.0
2026-10-15 01:00:00,370.3,0.0
2026-10-15 02:00:00,461.1,0.0
2026-10-15 03:00:00,609.2,0.0
2026-10-15 04:00:00,74.3,0.0
2026-10-15 05:00:00,675.7,0.0
2026-10-15 06:00:00,432.7,0.0
2026-10-15 07:00:00,337.3,108.7
2026-10-15 08:00:00,306.9,210.0
2026-10-15 09:00:00,269.2,297.0
2026-10-15 10:00:00,350.0,363.7
2026-10-15 11:00:00,425.2,405.7
2026-10-15 12:00:00,448.4,420.0
2026-10-15 13:00:00,245.3,405.7
2026-10-15 14:00:00,423.1,363.7
2026-10-15 15:00:00,180.6,297.0
2026-10-15 16:00:00,446.0,210.0
2026-10-15 17:00:00,473.8,108.7
2026-10-15 18:00:00,342.7,0.0
2026-10-15 19:00:00,641.8,0.0
2026-10-15 20:00:00,395.6,0.0
2026-10-15 21:00:00,751.0,0.0
2026-10-15 22:00:00,480.9,0.0
2026-10-15 23:00:00,190.3,0.0
2026-10-16 00:00:00,324.7,0.0
2026-10-16 01:00:00,192.8,0.0
2026-10-16 02:00:00,229.1,0.0
2026-10-16 03:00:00,334.7,0.0
2026-10-16 04:00:00,507.2,0.0
2026-10-16 05:00:00,450.2,0.0
2026-10-16 06:00:00,386.5,0.0
2026-10-16 07:00:00,731.3,108.7
2026-10-16 08:00:00,533.5,210.0
2026-10-16 09:00:00,537.6,297.0
2026-10-16 10:00:00,479.7,363.7
2026-10-16 11:00:00,436.9,405.7
2026-10-16 12:00:00,251.1,420.0
2026-10-16 13:00:00,332.4,405.7
2026-10-16 14:00:00,812.2,363.7
2026-10-16 15:00:00,375.1,297.0
2026-10-16 16:00:00,373.0,210.0
2026-10-16 17:00:00,1200.0,108.7
2026-10-16 18:00:00,605.5,0.0
2026-10-16 19:00:00,230.2,0.0
2026-10-16 20:00:00,330.9,0.0
2026-10-16 21:00:00,334.9,0.0
2026-10-16 22:00:00,147.2,0.0
2026-10-16 23:00:00,816.4,0.0
2026-10-17 00:00:00,480.6,0.0
2026-10-17 01:00:00,757.3,0.0
2026-10-17 02:00:00,409.7,0.0
2026-10-17 03:00:00,406.0,0.0
2026-10-17 04:00:00,291.3,0.0
2026-10-17 05:00:00,265.4,0.0
2026-10-17 06:00:00,230.8,0.0
2026-10-17 07:00:00,384.8,108.7
2026-10-17 08:00:00,1035.3,210.0
2026-10-17 09:00:00,483.0,297.0
2026-10-17 10:00:00,501.5,363.7
2026-10-17 11:00:00,437.7,405.7
2026-10-17 12:00:00,556.8,420.0
2026-10-17 13:00:00,105.4,405.7
2026-10-17 14:00:00,377.5,363.7
2026-10-17 15:00:00,439.9,297.0
2026-10-17 16:00:00,629.3,210.0
2026-10-17 17:00:00,621.9,108.7
2026-10-17 18:00:00,345.8,0.0
2026-10-17 19:00:00,443.5,0.0
2026-10-17 20:00:00,207.5,0.0
2026-10-17 21:00:00,349.3,0.0
2026-10-17 22:00:00,150.0,0.0
2026-10-17 23:00:00,359.2,0.0
2026-10-18 00:00:00,183.9,0.0
2026-10-18 01:00:00,294.4,0.0
2026-10-18 02:00:00,170.3,0.0
2026-10-18 03:00:00,419.8,0.0
2026-10-18 04:00:00,689.5,0.0
2026-10-18 05:00:00,278.4,0.0
2026-10-18 06:00:00,446.6,0.0
2026-10-18 07:00:00,71.8,108.7
2026-10-18 08:00:00,245.1,210.0
2026-10-18 09:00:00,145.1,297.0
2026-10-18 10:00:00,300.3,363.7
2026-10-18 11:00:00,292.0,405.7
2026-10-18 12:00:00,417.8,420.0
2026-10-18 13:00:00,786.1,405.7
2026-10-18 14:00:00,197.6,363.7
2026-10-18 15:00:00,552.4,297.0
2026-10-18 16:00:00,130.5,210.0
2026-10-18 17:00:00,95.9,108.7
2026-10-18 18:00:00,393.5,0.0
2026-10-18 19:00:00,352.4,0.0
2026-10-18 20:00:00,288.3,0.0
2026-10-18 21:00:00,289.6,0.0
2026-10-18 22:00:00,283.3,0.0
2026-10-18 23:00:00,128.0,0.0
2026-10-19 00:00:00,400.7,0.0
2026-10-19 01:00:00,450.9,0.0
2026-10-19 02:00:00,738.8,0.0
2026-10-19 03:00:00,371.7,0.0
2026-10-19 04:00:00,487.1,0.0
2026-10-19 05:00:00,443.4,0.0
2026-10-19 06:00:00,823.4,0.0
2026-10-19 07:00:00,207.0,108.7
2026-10-19 08:00:00,383.3,210.0
2026-10-19 09:00:00,201.8,297.0
2026-10-19 10:00:00,102.7,363.7
2026-10-19 11:00:00,423.6,405.7
2026-10-19 12:00:00,351.5,420.0
2026-10-19 13:00:00,210.1,405.7
2026-10-19 14:00:00,457.0,363.7
2026-10-19 15:00:00,136.1,297.0
2026-10-19 16:00:00,317.7,210.0
2026-10-19 17:00:00,269.3,108.7
2026-10-19 18:00:00,189.6,0.0
2026-10-19 19:00:00,513.5,0.0
2026-10-19 20:00:00,275.7,0.0
2026-10-19 21:00:00,815.4,0.0
2026-10-19 22:00:00,279.5,0.0
2026-10-19 23:00:00,660.6,0.0
2026-10-20 00:00:00,317.2,0.0
2026-10-20 01:00:00,202.8,0.0
2026-10-20 02:00:00,669.8,0.0
2026-10-20 03:00:00,585.5,0.0
2026-10-20 04:00:00,577.1,0.0
2026-10-20 05:00:00,373.5,0.0
2026-10-20 06:00:00,365.4,0.0
2026-10-20 07:00:00,269.0,108.7
2026-10-20 08:00:00,580.3,210.0
2026-10-20 09:00:00,397.6,297.0
2026-10-20 10:00:00,112.7,363.7
2026-10-20 11:00:00,90.1,405.7
2026-10-20 12:00:00,552.2,420.0
2026-10-20 13:00:00,387.2,405.7
2026-10-20 14:00:00,125.8,363.7
2026-10-20 15:00:00,261.2,297.0
2026-10-20 16:00:00,217.7,210.0
2026-10-20 17:00:00,100.5,108.7
2026-10-20 18:00:00,588.2,0.0
2026-10-20 19:00:00,270.3,0.0
2026-10-20 20:00:00,357.6,0.0
2026-10-20 21:00:00,364.5,0.0
2026-10-20 22:00:00,114.0,0.0
2026-10-20 23:00:00,517.7,0.0
2026-10-21 00:00:00,545.0,0.0
2026-10-21 01:00:00,494.1,0.0
2026-10-21 02:00:00,645.2,0.0
2026-10-21 03:00:00,452.5,0.0
2026-10-21 04:00:00,421.1,0.0
2026-10-21 05:00:00,607.5,0.0
2026-10-21 06:00:00,162.2,0.0
2026-10-21 07:00:00,453.9,108.7
2026-10-21 08:00:00,604.2,210.0
2026-10-21 09:00:00,394.5,297.0
2026-10-21 10:00:00,206.3,363.7
2026-10-21 11:00:00,38.8,405.7
2026-10-21 12:00:00,315.7,420.0
2026-10-21 13:00:00,267.6,405.7
2026-10-21 14:00:00,310.8,363.7
2026-10-21 15:00:00,129.2,297.0
2026-10-21 16:00:00,382.6,210.0
2026-10-21 17:00:00,147.5,108.7
2026-10-21 18:00:00,208.9,0.0
2026-10-21 19:00:00,365.8,0.0
2026-10-21 20:00:00,374.5,0.0
2026-10-21 21:00:00,367.1,0.0
2026-10-21 22:00:00,344.0,0.0
2026-10-21 23:00:00,260.5,0.0
2026-10-22 00:00:00,484.0,0.0
2026-10-22 01:00:00,177.8,0.0
2026-10-22 02:00:00,629.1,0.0
2026-10-22 03:00:00,556.5,0.0
2026-10-22 04:00:00,188.1,0.0
2026-10-22 05:00:00,727.3,0.0
2026-10-22 06:00:00,330.7,0.0
2026-10-22 07:00:00,247.5,108.7
2026-10-22 08:00:00,327.1,210.0
2026-10-22 09:00:00,393.8,297.0
2026-10-22 10:00:00,228.5,363.7
2026-10-22 11:00:00,390.0,405.7
2026-10-22 12:00:00,115.1,420.0
2026-10-22 13:00:00,328.8,405.7
2026-10-22 14:00:00,456.7,363.7
2026-10-22 15:00:00,223.9,297.0
2026-10-22 16:00:00,395.4,210.0
2026-10-22 17:00:00,448.5,108.7
2026-10-22 18:00:00,607.5,0.0
2026-10-22 19:00:00,186.0,0.0
2026-10-22 20:00:00,180.0,0.0
2026-10-22 21:00:00,140.2,0.0
2026-10-22 22:00:00,430.2,0.0
2026-10-22 23:00:00,720.1,0.0
2026-10-23 00:00:00,473.7,0.0
2026-10-23 01:00:00,265.8,0.0
2026-10-23 02:00:00,454.9,0.0
2026-10-23 03:00:00,190.3,0.0
2026-10-23 04:00:00,363.1,0.0
2026-10-23 05:00:00,673.6,0.0
2026-10-23 06:00:00,200.8,0.0
2026-10-23 07:00:00,75.4,108.7
2026-10-23 08:00:00,317.6,210.0
2026-10-23 09:00:00,561.4,297.0
2026-10-23 10:00:00,544.1,363.7
2026-10-23 11:00:00,388.9,405.7
2026-10-23 12:00:00,42.0,420.0
2026-10-23 13:00:00,464.2,405.7
2026-10-23 14:00:00,1017.0,363.7
2026-10-23 15:00:00,372.0,297.0
2026-10-23 16:00:00,992.5,210.0
2026-10-23 17:00:00,271.2,108.7
2026-10-23 18:00:00,427.2,0.0
2026-10-23 19:00:00,647.2,0.0
2026-10-23 20:00:00,291.6,0.0
2026-10-23 21:00:00,130.0,0.0
2026-10-23 22:00:00,150.7,0.0
2026-10-23 23:00:00,167.9,0.0
2026-10-24 00:00:00,103.4,0.0
2026-10-24 01:00:00,110.9,0.0
2026-10-24 02:00:00,244.0,0.0
2026-10-24 03:00:00,611.4,0.0
2026-10-24 04:00:00,590.5,0.0
2026-10-24 05:00:00,574.3,0.0
2026-10-24 06:00:00,55.4,0.0
2026-10-24 07:00:00,552.8,108.7
2026-10-24 08:00:00,256.7,210.0
2026-10-24 09:00:00,217.8,297.0
2026-10-24 10:00:00,373.8,363.7
2026-10-24 11:00:00,425.9,405.7
2026-10-24 12:00:00,500.7,420.0
2026-10-24 13:00:00,202.2,405.7
2026-10-24 14:00:00,467.7,363.7
2026-10-24 15:00:00,659.1,297.0
2026-10-24 16:00:00,616.4,210.0
2026-10-24 17:00:00,303.9,108.7
2026-10-24 18:00:00,226.5,0.0
2026-10-24 19:00:00,780.3,0.0
2026-10-24 20:00:00,84.3,0.0
2026-10-24 21:00:00,389.4,0.0
2026-10-24 22:00:00,349.5,0.0
2026-10-24 23:00:00,469.3,0.0
2026-10-25 00:00:00,180.5,0.0
2026-10-25 01:00:00,651.3,0.0
2026-10-25 02:00:00,213.1,0.0
2026-10-25 03:00:00,123.2,0.0
2026-10-25 04:00:00,375.7,0.0
2026-10-25 05:00:00,315.8,0.0
2026-10-25 06:00:00,131.9,0.0
2026-10-25 07:00:00,789.0,108.7
2026-10-25 08:00:00,299.7,210.0
2026-10-25 09:00:00,615.0,297.0
2026-10-25 10:00:00,146.7,363.7
2026-10-25 11:00:00,506.1,405.7
2026-10-25 12:00:00,551.2,420.0
2026-10-25 13:00:00,597.0,405.7
2026-10-25 14:00:00,165.1,363.7
2026-10-25 15:00:00,503.8,297.0
2026-10-25 16:00:00,548.6,210.0
2026-10-25 17:00:00,346.6,108.7
2026-10-25 18:00:00,488.0,0.0
2026-10-25 19:00:00,667.7,0.0
2026-10-25 20:00:00,316.8,0.0
2026-10-25 21:00:00,478.5,0.0
2026-10-25 22:00:00,419.2,0.0
2026-10-25 23:00:00,348.9,0.0
2026-10-26 00:00:00,107.8,0.0
2026-10-26 01:00:00,217.0,0.0
2026-10-26 02:00:00,218.2,0.0
2026-10-26 03:00:00,526.1,0.0
2026-10-26 04:00:00,63.7,0.0
2026-10-26 05:00:00,541.7,0.0
2026-10-26 06:00:00,110.1,0.0
2026-10-26 07:00:00,436.6,108.7
2026-10-26 08:00:00,451.8,210.0
2026-10-26 09:00:00,564.3,297.0
2026-10-26 10:00:00,103.3,363.7
2026-10-26 11:00:00,174.7,405.7
2026-10-26 12:00:00,445.9,420.0
2026-10-26 13:00:00,480.4,405.7
2026-10-26 14:00:00,109.6,363.7
2026-10-26 15:00:00,233.2,297.0
2026-10-26 16:00:00,215.0,210.0
2026-10-26 17:00:00,352.2,108.7
2026-10-26 18:00:00,247.5,0.0
2026-10-26 19:00:00,227.4,0.0
2026-10-26 20:00:00,763.2,0.0
2026-10-26 21:00:00,394.8,0.0
2026-10-26 22:00:00,278.6,0.0
2026-10-26 23:00:00,355.6,0.0
2026-10-27 00:00:00,374.2,0.0
2026-10-27 01:00:00,282.1,0.0
2026-10-27 02:00:00,436.0,0.0
2026-10-27 03:00:00,190.3,0.0
2026-10-27 04:00:00,267.2,0.0
2026-10-27 05:00:00,313.3,0.0
2026-10-27 06:00:00,321.8,0.0
2026-10-27 07:00:00,91.0,108.7
2026-10-27 08:00:00,589.6,210.0
2026-10-27 09:00:00,115.2,297.0
2026-10-27 10:00:00,176.8,363.7
2026-10-27 11:00:00,255.8,405.7
2026-10-27 12:00:00,322.8,420.0
2026-10-27 13:00:00,391.1,405.7
2026-10-27 14:00:00,148.0,363.7
2026-10-27 15:00:00,231.9,297.0
2026-10-27 16:00:00,359.2,210.0
2026-10-27 17:00:00,223.8,108.7
2026-10-27 18:00:00,85.0,0.0
2026-10-27 19:00:00,331.9,0.0
2026-10-27 20:00:00,316.4,0.0
2026-10-27 21:00:00,452.3,0.0
2026-10-27 22:00:00,174.8,0.0
2026-10-27 23:00:00,269.2,0.0
2026-10-28 00:00:00,852.7,0.0
2026-10-28 01:00:00,322.5,0.0
2026-10-28 02:00:00,562.2,0.0
2026-10-28 03:00:00,682.7,0.0
2026-10-28 04:00:00,73.7,0.0
2026-10-28 05:00:00,605.7,0.0
2026-10-28 06:00:00,441.6,0.0
2026-10-28 07:00:00,540.3,108.7
2026-10-28 08:00:00,562.8,210.0
2026-10-28 09:00:00,423.3,297.0
2026-10-28 10:00:00,643.5,363.7
2026-10-28 11:00:00,429.5,405.7
2026-10-28 12:00:00,288.3,420.0
2026-10-28 13:00:00,260.4,405.7
2026-10-28 14:00:00,288.4,363.7
2026-10-28 15:00:00,540.4,297.0
2026-10-28 16:00:00,547.5,210.0
2026-10-28 17:00:00,410.7,108.7
2026-10-28 18:00:00,401.7,0.0
2026-10-28 19:00:00,262.4,0.0
2026-10-28 20:00:00,322.4,0.0
2026-10-28 21:00:00,579.3,0.0
2026-10-28 22:00:00,130.7,0.0
2026-10-28 23:00:00,314.6,0.0
2026-10-29 00:00:00,614.4,0.0
2026-10-29 01:00:00,515.2,0.0
2026-10-29 02:00:00,109.5,0.0
2026-10-29 03:00:00,267.0,0.0
2026-10-29 04:00:00,142.4,0.0
2026-10-29 05:00:00,625.0,0.0
2026-10-29 06:00:00,298.9,0.0
2026-10-29 07:00:00,922.5,108.7
2026-10-29 08:00:00,249.5,210.0
2026-10-29 09:00:00,337.1,297.0
2026-10-29 10:00:00,638.5,363.7
2026-10-29 11:00:00,279.6,405.7
2026-10-29 12:00:00,330.2,420.0
2026-10-29 13:00:00,196.5,405.7
2026-10-29 14:00:00,356.7,363.7
2026-10-29 15:00:00,758.2,297.0
2026-10-29 16:00:00,173.3,210.0
2026-10-29 17:00:00,193.7,108.7
2026-10-29 18:00:00,534.1,0.0
2026-10-29 19:00:00,215.3,0.0
2026-10-29 20:00:00,509.4,0.0
2026-10-29 21:00:00,139.5,0.0
2026-10-29 22:00:00,239.7,0.0
2026-10-29 23:00:00,424.0,0.0
2026-10-30 00:00:00,718.3,0.0
2026-10-30 01:00:00,790.3,0.0
2026-10-30 02:00:00,626.0,0.0
2026-10-30 03:00:00,315.6,0.0
2026-10-30 04:00:00,346.0,0.0
2026-10-30 05:00:00,695.9,0.0
2026-10-30 06:00:00,331.4,0.0
2026-10-30 07:00:00,356.7,108.7
2026-10-30 08:00:00,605.7,210.0
2026-10-30 09:00:00,259.0,297.0
2026-10-30 10:00:00,237.2,363.7
2026-10-30 11:00:00,657.7,405.7
2026-10-30 12:00:00,231.1,420.0
2026-10-30 13:00:00,240.3,405.7
2026-10-30 14:00:00,271.0,363.7
2026-10-30 15:00:00,267.8,297.0
2026-10-30 16:00:00,780.0,210.0
2026-10-30 17:00:00,321.1,108.7
2026-10-30 18:00:00,763.3,0.0
2026-10-30 19:00:00,318.8,0.0
2026-10-30 20:00:00,71.7,0.0
2026-10-30 21:00:00,464.3,0.0
2026-10-30 22:00:00,407.1,0.0
2026-10-30 23:00:00,353.7,0.0
2026-10-31 00:00:00,126.7,0.0
2026-10-31 01:00:00,277.6,0.0
2026-10-31 02:00:00,249.2,0.0
2026-10-31 03:00:00,426.0,0.0
2026-10-31 04:00:00,342.9,0.0
2026-10-31 05:00:00,477.0,0.0
2026-10-31 06:00:00,128.9,0.0
2026-10-31 07:00:00,371.6,108.7
2026-10-31 08:00:00,185.8,210.0
2026-10-31 09:00:00,501.2,297.0
2026-10-31 10:00:00,520.6,363.7
2026-10-31 11:00:00,123.6,405.7
2026-10-31 12:00:00,150.7,420.0
2026-10-31 13:00:00,474.4,405.7
2026-10-31 14:00:00,245.3,363.7
2026-10-31 15:00:00,285.2,297.0
2026-10-31 16:00:00,344.3,210.0
2026-10-31 17:00:00,725.9,108.7
2026-10-31 18:00:00,434.2,0.0
2026-10-31 19:00:00,748.8,0.0
2026-10-31 20:00:00,527.4,0.0
2026-10-31 21:00:00,581.4,0.0
2026-10-31 22:00:00,504.9,0.0
2026-10-31 23:00:00,277.5,0.0
2026-11-01 00:00:00,461.7,0.0
2026-11-01 01:00:00,605.2,0.0
2026-11-01 02:00:00,78.9,0.0
2026-11-01 03:00:00,216.6,0.0
2026-11-01 04:00:00,448.5,0.0
2026-11-01 05:00:00,490.4,0.0
2026-11-01 06:00:00,326.2,0.0
2026-11-01 07:00:00,362.9,108.7
2026-11-01 08:00:00,598.0,210.0
2026-11-01 09:00:00,697.4,297.0
2026-11-01 10:00:00,425.1,363.7
2026-11-01 11:00:00,317.3,405.7
2026-11-01 12:00:00,124.3,420.0
2026-11-01 13:00:00,629.4,405.7
2026-11-01 14:00:00,546.8,363.7
2026-11-01 15:00:00,414.0,297.0
2026-11-01 16:00:00,213.3,210.0
2026-11-01 17:00:00,357.8,108.7
2026-11-01 18:00:00,154.7,0.0
2026-11-01 19:00:00,291.8,0.0
2026-11-01 20:00:00,289.4,0.0
2026-11-01 21:00:00,445.7,0.0
2026-11-01 22:00:00,837.6,0.0
2026-11-01 23:00:00,345.2,0.0
2026-11-02 00:00:00,237.6,0.0
2026-11-02 01:00:00,375.4,0.0
2026-11-02 02:00:00,375.2,0.0
2026-11-02 03:00:00,330.8,0.0
2026-11-02 04:00:00,351.2,0.0
2026-11-02 05:00:00,286.9,0.0
2026-11-02 06:00:00,195.9,0.0
2026-11-02 07:00:00,536.4,108.7
2026-11-02 08:00:00,316.4,210.0
2026-11-02 09:00:00,207.9,297.0
2026-11-02 10:00:00,202.7,363.7
2026-11-02 11:00:00,385.0,405.7
2026-11-02 12:00:00,279.0,420.0
2026-11-02 13:00:00,305.2,405.7
2026-11-02 14:00:00,651.1,363.7
2026-11-02 15:00:00,401.0,297.0
2026-11-02 16:00:00,276.6,210.0
2026-11-02 17:00:00,619.3,108.7
2026-11-02 18:00:00,431.2,0.0
2026-11-02 19:00:00,551.4,0.0
2026-11-02 20:00:00,280.8,0.0
2026-11-02 21:00:00,737.9,0.0
2026-11-02 22:00:00,434.9,0.0
2026-11-02 23:00:00,247.1,0.0
2026-11-03 00:00:00,186.6,0.0
2026-11-03 01:00:00,135.0,0.0
2026-11-03 02:00:00,293.7,0.0
2026-11-03 03:00:00,265.4,0.0
2026-11-03 04:00:00,408.2,0.0
2026-11-03 05:00:00,621.5,0.0
2026-11-03 06:00:00,564.9,0.0
2026-11-03 07:00:00,93.7,108.7
2026-11-03 08:00:00,82.1,210.0
2026-11-03 09:00:00,107.4,297.0
2026-11-03 10:00:00,405.8,363.7
2026-11-03 11:00:00,383.9,405.7
2026-11-03 12:00:00,400.3,420.0
2026-11-03 13:00:00,729.8,405.7
2026-11-03 14:00:00,662.9,363.7
2026-11-03 15:00:00,474.5,297.0
2026-11-03 16:00:00,466.5,210.0
2026-11-03 17:00:00,278.5,108.7
2026-11-03 18:00:00,475.1,0.0
2026-11-03 19:00:00,137.5,0.0
2026-11-03 20:00:00,440.6,0.0
2026-11-03 21:00:00,86.6,0.0
2026-11-03 22:00:00,236.6,0.0
2026-11-03 23:00:00,3.4,0.0
2026-11-04 00:00:00,435.5,0.0
2026-11-04 01:00:00,218.2,0.0
2026-11-04 02:00:00,567.2,0.0
2026-11-04 03:00:00,476.8,0.0
2026-11-04 04:00:00,355.6,0.0
2026-11-04 05:00:00,380.3,0.0
2026-11-04 06:00:00,430.3,0.0
2026-11-04 07:00:00,89.0,108.7
2026-11-04 08:00:00,787.6,210.0
2026-11-04 09:00:00,570.2,297.0
2026-11-04 10:00:00,524.3,363.7
2026-11-04 11:00:00,761.4,405.7
2026-11-04 12:00:00,560.4,420.0
2026-11-04 13:00:00,317.8,405.7
2026-11-04 14:00:00,334.2,363.7
2026-11-04 15:00:00,114.9,297.0
2026-11-04 16:00:00,455.8,210.0
2026-11-04 17:00:00,511.8,108.7
2026-11-04 18:00:00,420.4,0.0
2026-11-04 19:00:00,315.8,0.0
2026-11-04 20:00:00,233.7,0.0
2026-11-04 21:00:00,271.7,0.0
2026-11-04 22:00:00,52.0,0.0
2026-11-04 23:00:00,667.9,0.0
2026-11-05 00:00:00,213.8,0.0
2026-11-05 01:00:00,112.8,0.0
2026-11-05 02:00:00,315.1,0.0
2026-11-05 03:00:00,279.2,0.0
2026-11-05 04:00:00,592.1,0.0
2026-11-05 05:00:00,329.0,0.0
2026-11-05 06:00:00,198.6,0.0
2026-11-05 07:00:00,193.0,108.7
2026-11-05 08:00:00,256.0,210.0
2026-11-05 09:00:00,676.5,297.0
2026-11-05 10:00:00,524.4,363.7
2026-11-05 11:00:00,708.3,405.7
2026-11-05 12:00:00,197.0,420.0
2026-11-05 13:00:00,327.7,405.7
2026-11-05 14:00:00,480.8,363.7
2026-11-05 15:00:00,38.5,297.0
2026-11-05 16:00:00,317.5,210.0
2026-11-05 17:00:00,187.5,108.7
2026-11-05 18:00:00,186.4,0.0
2026-11-05 19:00:00,366.8,0.0
2026-11-05 20:00:00,865.8,0.0
2026-11-05 21:00:00,333.3,0.0
2026-11-05 22:00:00,204.6,0.0
2026-11-05 23:00:00,548.9,0.0
2026-11-06 00:00:00,161.1,0.0
2026-11-06 01:00:00,494.9,0.0
2026-11-06 02:00:00,701.7,0.0
2026-11-06 03:00:00,483.3,0.0
2026-11-06 04:00:00,373.8,0.0
2026-11-06 05:00:00,124.2,0.0
2026-11-06 06:00:00,217.3,0.0
2026-11-06 07:00:00,279.9,108.7
2026-11-06 08:00:00,558.2,210.0
2026-11-06 09:00:00,437.5,297.0
2026-11-06 10:00:00,79.5,363.7
2026-11-06 11:00:00,593.7,405.7
2026-11-06 12:00:00,231.5,420.0
2026-11-06 13:00:00,304.4,405.7
2026-11-06 14:00:00,350.2,363.7
2026-11-06 15:00:00,744.0,297.0
2026-11-06 16:00:00,416.2,210.0
2026-11-06 17:00:00,457.1,108.7
2026-11-06 18:00:00,928.2,0.0
2026-11-06 19:00:00,135.7,0.0
2026-11-06 20:00:00,445.0,0.0
2026-11-06 21:00:00,615.0,0.0
2026-11-06 22:00:00,79.8,0.0
2026-11-06 23:00:00,573.9,0.0
2026-11-07 00:00:00,509.1,0.0
2026-11-07 01:00:00,451.1,0.0
2026-11-07 02:00:00,384.1,0.0
2026-11-07 03:00:00,287.2,0.0
2026-11-07 04:00:00,432.9,0.0
2026-11-07 05:00:00,268.9,0.0
2026-11-07 06:00:00,562.6,0.0
2026-11-07 07:00:00,513.7,108.7
2026-11-07 08:00:00,333.9,210.0
2026-11-07 09:00:00,435.1,297.0
2026-11-07 10:00:00,258.6,363.7
2026-11-07 11:00:00,410.1,405.7
2026-11-07 12:00:00,495.4,420.0
2026-11-07 13:00:00,176.8,405.7
2026-11-07 14:00:00,306.3,363.7
2026-11-07 15:00:00,281.2,297.0
2026-11-07 16:00:00,100.0,210.0
2026-11-07 17:00:00,124.6,108.7
2026-11-07 18:00:00,140.5,0.0
2026-11-07 19:00:00,266.0,0.0
2026-11-07 20:00:00,526.2,0.0
2026-11-07 21:00:00,571.4,0.0
2026-11-07 22:00:00,144.5,0.0
2026-11-07 23:00:00,695.2,0.0
2026-11-08 00:00:00,375.0,0.0
2026-11-08 01:00:00,935.5,0.0
2026-11-08 02:00:00,395.7,0.0
2026-11-08 03:00:00,153.7,0.0
2026-11-08 04:00:00,159.8,0.0
2026-11-08 05:00:00,190.1,0.0
2026-11-08 06:00:00,358.2,0.0
2026-11-08 07:00:00,479.2,108.7
2026-11-08 08:00:00,541.1,210.0
2026-11-08 09:00:00,225.7,297.0
2026-11-08 10:00:00,306.2,363.7
2026-11-08 11:00:00,73.5,405.7
2026-11-08 12:00:00,241.9,420.0
2026-11-08 13:00:00,515.2,405.7
2026-11-08 14:00:00,586.2,363.7
2026-11-08 15:00:00,439.7,297.0
2026-11-08 16:00:00,519.8,210.0
2026-11-08 17:00:00,438.6,108.7
2026-11-08 18:00:00,539.0,0.0
2026-11-08 19:00:00,242.8,0.0
2026-11-08 20:00:00,812.3,0.0
2026-11-08 21:00:00,667.0,0.0
2026-11-08 22:00:00,686.3,0.0
2026-11-08 23:00:00,775.8,0.0
2026-11-09 00:00:00,263.3,0.0
2026-11-09 01:00:00,233.0,0.0
2026-11-09 02:00:00,623.0,0.0
2026-11-09 03:00:00,336.2,0.0
2026-11-09 04:00:00,212.9,0.0
2026-11-09 05:00:00,336.4,0.0
2026-11-09 06:00:00,544.2,0.0
2026-11-09 07:00:00,997.4,108.7
2026-11-09 08:00:00,209.4,210.0
2026-11-09 09:00:00,331.9,297.0
2026-11-09 10:00:00,393.6,363.7
2026-11-09 11:00:00,336.5,405.7
2026-11-09 12:00:00,282.5,420.0
2026-11-09 13:00:00,514.0,405.7
2026-11-09 14:00:00,104.5,363.7
2026-11-09 15:00:00,171.5,297.0
2026-11-09 16:00:00,409.9,210.0
2026-11-09 17:00:00,261.3,108.7
2026-11-09 18:00:00,736.9,0.0
2026-11-09 19:00:00,182.9,0.0
2026-11-09 20:00:00,1200.0,0.0
2026-11-09 21:00:00,613.6,0.0
2026-11-09 22:00:00,272.1,0.0
2026-11-09 23:00:00,360.1,0.0
2026-11-10 00:00:00,430.2,0.0
2026-11-10 01:00:00,296.9,0.0
2026-11-10 02:00:00,227.5,0.0
2026-11-10 03:00:00,275.3,0.0
2026-11-10 04:00:00,340.0,0.0
2026-11-10 05:00:00,484.9,0.0
2026-11-10 06:00:00,221.8,0.0
2026-11-10 07:00:00,302.7,108.7
2026-11-10 08:00:00,646.4,210.0
2026-11-10 09:00:00,141.0,297.0
2026-11-10 10:00:00,399.1,363.7
2026-11-10 11:00:00,159.9,405.7
2026-11-10 12:00:00,849.4,420.0
2026-11-10 13:00:00,762.7,405.7
2026-11-10 14:00:00,105.3,363.7
2026-11-10 15:00:00,425.3,297.0
2026-11-10 16:00:00,728.5,210.0
2026-11-10 17:00:00,488.9,108.7
2026-11-10 18:00:00,415.7,0.0
2026-11-10 19:00:00,894.8,0.0
2026-11-10 20:00:00,416.2,0.0
2026-11-10 21:00:00,300.4,0.0
2026-11-10 22:00:00,166.5,0.0
2026-11-10 23:00:00,166.4,0.0
2026-11-11 00:00:00,477.3,0.0
2026-11-11 01:00:00,164.6,0.0
2026-11-11 02:00:00,437.8,0.0
2026-11-11 03:00:00,610.4,0.0
2026-11-11 04:00:00,458.2,0.0
2026-11-11 05:00:00,571.0,0.0
2026-11-11 06:00:00,511.2,0.0
2026-11-11 07:00:00,62.3,108.7
2026-11-11 08:00:00,272.7,210.0
2026-11-11 09:00:00,358.1,297.0
2026-11-11 10:00:00,263.0,363.7
2026-11-11 11:00:00,193.0,405.7
2026-11-11 12:00:00,263.0,420.0
2026-11-11 13:00:00,482.5,405.7
2026-11-11 14:00:00,384.5,363.7
2026-11-11 15:00:00,124.0,297.0
2026-11-11 16:00:00,354.2,210.0
2026-11-11 17:00:00,467.8,108.7
2026-11-11 18:00:00,172.1,0.0
2026-11-11 19:00:00,437.2,0.0
2026-11-11 20:00:00,1015.7,0.0
2026-11-11 21:00:00,440.2,0.0
2026-11-11 22:00:00,195.8,0.0
2026-11-11 23:00:00,489.6,0.0
2026-11-12 00:00:00,194.6,0.0
2026-11-12 01:00:00,411.3,0.0
2026-11-12 02:00:00,310.0,0.0
2026-11-12 03:00:00,29.0,0.0
2026-11-12 04:00:00,71.0,0.0
2026-11-12 05:00:00,400.1,0.0
2026-11-12 06:00:00,316.5,0.0
2026-11-12 07:00:00,759.8,108.7
2026-11-12 08:00:00,420.1,210.0
2026-11-12 09:00:00,581.8,297.0
2026-11-12 10:00:00,351.8,363.7
2026-11-12 11:00:00,132.7,405.7
2026-11-12 12:00:00,283.9,420.0
2026-11-12 13:00:00,288.8,405.7
2026-11-12 14:00:00,717.5,363.7
2026-11-12 15:00:00,562.5,297.0
2026-11-12 16:00:00,227.0,210.0
2026-11-12 17:00:00,324.4,108.7
2026-11-12 18:00:00,478.1,0.0
2026-11-12 19:00:00,191.3,0.0
2026-11-12 20:00:00,409.5,0.0
2026-11-12 21:00:00,546.5,0.0
2026-11-12 22:00:00,580.6,0.0
2026-11-12 23:00:00,580.5,0.0
2026-11-13 00:00:00,484.0,0.0
2026-11-13 01:00:00,233.9,0.0
2026-11-13 02:00:00,339.4,0.0
2026-11-13 03:00:00,436.4,0.0
2026-11-13 04:00:00,362.5,0.0
2026-11-13 05:00:00,448.8,0.0
2026-11-13 06:00:00,140.4,0.0
2026-11-13 07:00:00,311.8,108.7
2026-11-13 08:00:00,122.6,210.0
2026-11-13 09:00:00,431.3,297.0
2026-11-13 10:00:00,931.3,363.7
2026-11-13 11:00:00,399.7,405.7
2026-11-13 12:00:00,549.8,420.0
2026-11-13 13:00:00,698.9,405.7
2026-11-13 14:00:00,301.6,363.7
2026-11-13 15:00:00,989.0,297.0
2026-11-13 16:00:00,98.2,210.0
2026-11-13 17:00:00,450.5,108.7
2026-11-13 18:00:00,500.8,0.0
2026-11-13 19:00:00,666.8,0.0
2026-11-13 20:00:00,508.2,0.0
2026-11-13 21:00:00,609.0,0.0
2026-11-13 22:00:00,405.2,0.0
2026-11-13 23:00:00,315.3,0.0
2026-11-14 00:00:00,463.6,0.0
2026-11-14 01:00:00,391.9,0.0
2026-11-14 02:00:00,510.4,0.0
2026-11-14 03:00:00,391.1,0.0
2026-11-14 04:00:00,406.1,0.0
2026-11-14 05:00:00,650.8,0.0
2026-11-14 06:00:00,554.7,0.0
2026-11-14 07:00:00,347.7,108.7
2026-11-14 08:00:00,1085.2,210.0
2026-11-14 09:00:00,260.5,297.0
2026-11-14 10:00:00,468.6,363.7
2026-11-14 11:00:00,255.1,405.7
2026-11-14 12:00:00,453.8,420.0
2026-11-14 13:00:00,37.0,405.7
2026-11-14 14:00:00,302.2,363.7
2026-11-14 15:00:00,403.7,297.0
2026-11-14 16:00:00,795.5,210.0
2026-11-14 17:00:00,502.6,108.7
2026-11-14 18:00:00,334.0,0.0
2026-11-14 19:00:00,287.9,0.0
2026-11-14 20:00:00,373.5,0.0
2026-11-14 21:00:00,429.6,0.0
2026-11-14 22:00:00,268.7,0.0
2026-11-14 23:00:00,217.3,0.0
2026-11-15 00:00:00,494.9,0.0
2026-11-15 01:00:00,577.6,0.0
2026-11-15 02:00:00,362.2,0.0
2026-11-15 03:00:00,562.9,0.0
2026-11-15 04:00:00,336.5,0.0
2026-11-15 05:00:00,470.0,0.0
2026-11-15 06:00:00,767.2,0.0
2026-11-15 07:00:00,631.0,108.7
2026-11-15 08:00:00,64.0,210.0
2026-11-15 09:00:00,238.4,297.0
2026-11-15 10:00:00,414.5,363.7
2026-11-15 11:00:00,561.1,405.7
2026-11-15 12:00:00,645.3,420.0
2026-11-15 13:00:00,329.9,405.7
2026-11-15 14:00:00,253.0,363.7
2026-11-15 15:00:00,315.6,297.0
2026-11-15 16:00:00,440.1,210.0
2026-11-15 17:00:00,613.2,108.7
2026-11-15 18:00:00,455.8,0.0
2026-11-15 19:00:00,284.4,0.0
2026-11-15 20:00:00,638.6,0.0
2026-11-15 21:00:00,448.6,0.0
2026-11-15 22:00:00,777.4,0.0
2026-11-15 23:00:00,446.4,0.0
2026-11-16 00:00:00,379.8,0.0
2026-11-16 01:00:00,392.1,0.0
2026-11-16 02:00:00,470.4,0.0
2026-11-16 03:00:00,441.7,0.0
2026-11-16 04:00:00,137.8,0.0
2026-11-16 05:00:00,469.3,0.0
2026-11-16 06:00:00,307.4,0.0
2026-11-16 07:00:00,370.1,108.7
2026-11-16 08:00:00,147.1,210.0
2026-11-16 09:00:00,349.5,297.0
2026-11-16 10:00:00,53.1,363.7
2026-11-16 11:00:00,242.8,405.7
2026-11-16 12:00:00,181.4,420.0
2026-11-16 13:00:00,207.5,405.7
2026-11-16 14:00:00,368.8,363.7
2026-11-16 15:00:00,275.3,297.0
2026-11-16 16:00:00,352.7,210.0
2026-11-16 17:00:00,290.9,108.7
2026-11-16 18:00:00,809.3,0.0
2026-11-16 19:00:00,331.5,0.0
2026-11-16 20:00:00,606.6,0.0
2026-11-16 21:00:00,211.2,0.0
2026-11-16 22:00:00,210.2,0.0
2026-11-16 23:00:00,367.1,0.0
2026-11-17 00:00:00,275.3,0.0
2026-11-17 01:00:00,234.8,0.0
2026-11-17 02:00:00,571.4,0.0
2026-11-17 03:00:00,490.5,0.0
2026-11-17 04:00:00,232.2,0.0
2026-11-17 05:00:00,145.1,0.0
2026-11-17 06:00:00,607.3,0.0
2026-11-17 07:00:00,148.5,108.7
2026-11-17 08:00:00,419.8,210.0
2026-11-17 09:00:00,484.6,297.0
2026-11-17 10:00:00,204.0,363.7
2026-11-17 11:00:00,420.4,405.7
2026-11-17 12:00:00,456.1,420.0
2026-11-17 13:00:00,435.2,405.7
2026-11-17 14:00:00,132.5,363.7
2026-11-17 15:00:00,281.5,297.0
2026-11-17 16:00:00,544.3,210.0
2026-11-17 17:00:00,193.9,108.7
2026-11-17 18:00:00,455.8,0.0
2026-11-17 19:00:00,270.9,0.0
2026-11-17 20:00:00,821.2,0.0
2026-11-17 21:00:00,297.4,0.0
2026-11-17 22:00:00,239.3,0.0
2026-11-17 23:00:00,436.1,0.0
2026-11-18 00:00:00,47.1,0.0
2026-11-18 01:00:00,381.6,0.0
2026-11-18 02:00:00,211.4,0.0
2026-11-18 03:00:00,323.1,0.0
2026-11-18 04:00:00,431.1,0.0
2026-11-18 05:00:00,410.3,0.0
2026-11-18 06:00:00,817.9,0.0
2026-11-18 07:00:00,346.1,108.7
2026-11-18 08:00:00,90.6,210.0
2026-11-18 09:00:00,269.4,297.0
2026-11-18 10:00:00,533.1,363.7
2026-11-18 11:00:00,86.6,405.7
2026-11-18 12:00:00,138.9,420.0
2026-11-18 13:00:00,532.4,405.7
2026-11-18 14:00:00,593.3,363.7
2026-11-18 15:00:00,518.6,297.0
2026-11-18 16:00:00,406.2,210.0
2026-11-18 17:00:00,142.4,108.7
2026-11-18 18:00:00,210.3,0.0
2026-11-18 19:00:00,347.0,0.0
2026-11-18 20:00:00,426.3,0.0
2026-11-18 21:00:00,167.1,0.0
2026-11-18 22:00:00,322.5,0.0
2026-11-18 23:00:00,278.4,0.0
2026-11-19 00:00:00,321.5,0.0
2026-11-19 01:00:00,630.5,0.0
2026-11-19 02:00:00,231.0,0.0
2026-11-19 03:00:00,217.2,0.0
2026-11-19 04:00:00,289.9,0.0
2026-11-19 05:00:00,771.2,0.0
2026-11-19 06:00:00,531.1,0.0
2026-11-19 07:00:00,435.3,108.7
2026-11-19 08:00:00,385.5,210.0
2026-11-19 09:00:00,267.1,297.0
2026-11-19 10:00:00,289.6,363.7
2026-11-19 11:00:00,1052.8,405.7
2026-11-19 12:00:00,851.0,420.0
2026-11-19 13:00:00,109.5,405.7
2026-11-19 14:00:00,269.7,363.7
2026-11-19 15:00:00,346.1,297.0
2026-11-19 16:00:00,191.4,210.0
2026-11-19 17:00:00,169.5,108.7
2026-11-19 18:00:00,860.6,0.0
2026-11-19 19:00:00,534.3,0.0
2026-11-19 20:00:00,256.2,0.0
2026-11-19 21:00:00,214.4,0.0
2026-11-19 22:00:00,406.3,0.0
2026-11-19 23:00:00,183.3,0.0
2026-11-20 00:00:00,362.9,0.0
2026-11-20 01:00:00,439.3,0.0
2026-11-20 02:00:00,164.6,0.0
2026-11-20 03:00:00,514.7,0.0
2026-11-20 04:00:00,540.4,0.0
2026-11-20 05:00:00,227.6,0.0
2026-11-20 06:00:00,302.8,0.0
2026-11-20 07:00:00,185.1,108.7
2026-11-20 08:00:00,332.8,210.0
2026-11-20 09:00:00,412.8,297.0
2026-11-20 10:00:00,314.5,363.7
2026-11-20 11:00:00,301.2,405.7
2026-11-20 12:00:00,638.1,420.0
2026-11-20 13:00:00,367.4,405.7
2026-11-20 14:00:00,182.2,363.7
2026-11-20 15:00:00,653.8,297.0
2026-11-20 16:00:00,248.6,210.0
2026-11-20 17:00:00,578.8,108.7
2026-11-20 18:00:00,231.7,0.0
2026-11-20 19:00:00,769.0,0.0
2026-11-20 20:00:00,205.3,0.0
2026-11-20 21:00:00,185.4,0.0
2026-11-20 22:00:00,710.1,0.0
2026-11-20 23:00:00,250.6,0.0
2026-11-21 00:00:00,702.9,0.0
2026-11-21 01:00:00,348.9,0.0
2026-11-21 02:00:00,329.9,0.0
2026-11-21 03:00:00,123.6,0.0
2026-11-21 04:00:00,233.8,0.0
2026-11-21 05:00:00,305.1,0.0
2026-11-21 06:00:00,521.4,0.0
2026-11-21 07:00:00,289.4,108.7
2026-11-21 08:00:00,759.6,210.0
2026-11-21 09:00:00,369.8,297.0
2026-11-21 10:00:00,380.7,363.7
2026-11-21 11:00:00,465.5,405.7
2026-11-21 12:00:00,561.3,420.0
2026-11-21 13:00:00,100.7,405.7
2026-11-21 14:00:00,229.0,363.7
2026-11-21 15:00:00,67.7,297.0
2026-11-21 16:00:00,906.7,210.0
2026-11-21 17:00:00,152.8,108.7
2026-11-21 18:00:00,159.2,0.0
2026-11-21 19:00:00,256.4,0.0
2026-11-21 20:00:00,502.4,0.0
2026-11-21 21:00:00,523.1,0.0
2026-11-21 22:00:00,257.1,0.0
2026-11-21 23:00:00,530.4,0.0
2026-11-22 00:00:00,666.2,0.0
2026-11-22 01:00:00,194.1,0.0
2026-11-22 02:00:00,132.9,0.0
2026-11-22 03:00:00,182.1,0.0
2026-11-22 04:00:00,364.5,0.0
2026-11-22 05:00:00,564.6,0.0
2026-11-22 06:00:00,382.2,0.0
2026-11-22 07:00:00,152.8,108.7
2026-11-22 08:00:00,272.1,210.0
2026-11-22 09:00:00,436.1,297.0
2026-11-22 10:00:00,395.8,363.7
2026-11-22 11:00:00,313.9,405.7
2026-11-22 12:00:00,368.0,420.0
2026-11-22 13:00:00,366.0,405.7
2026-11-22 14:00:00,137.8,363.7
2026-11-22 15:00:00,732.1,297.0
2026-11-22 16:00:00,259.4,210.0
2026-11-22 17:00:00,181.1,108.7
2026-11-22 18:00:00,57.5,0.0
2026-11-22 19:00:00,78.5,0.0
2026-11-22 20:00:00,643.4,0.0
2026-11-22 21:00:00,403.4,0.0
2026-11-22 22:00:00,216.2,0.0
2026-11-22 23:00:00,147.8,0.0
2026-11-23 00:00:00,380.5,0.0
2026-11-23 01:00:00,521.9,0.0
2026-11-23 02:00:00,44.9,0.0
2026-11-23 03:00:00,93.1,0.0
2026-11-23 04:00:00,540.7,0.0
2026-11-23 05:00:00,129.2,0.0
2026-11-23 06:00:00,602.4,0.0
2026-11-23 07:00:00,583.0,108.7
2026-11-23 08:00:00,513.8,210.0
2026-11-23 09:00:00,216.3,297.0
2026-11-23 10:00:00,339.4,363.7
2026-11-23 11:00:00,578.9,405.7
2026-11-23 12:00:00,224.3,420.0
2026-11-23 13:00:00,330.4,405.7
2026-11-23 14:00:00,232.3,363.7
2026-11-23 15:00:00,685.8,297.0
2026-11-23 16:00:00,427.3,210.0
2026-11-23 17:00:00,343.5,108.7
2026-11-23 18:00:00,296.1,0.0
2026-11-23 19:00:00,763.7,0.0
2026-11-23 20:00:00,672.0,0.0
2026-11-23 21:00:00,753.9,0.0
2026-11-23 22:00:00,246.7,0.0
2026-11-23 23:00:00,1077.7,0.0
2026-11-24 00:00:00,250.0,0.0
2026-11-24 01:00:00,62.4,0.0
2026-11-24 02:00:00,275.5,0.0
2026-11-24 03:00:00,574.0,0.0
2026-11-24 04:00:00,34.5,0.0
2026-11-24 05:00:00,460.0,0.0
2026-11-24 06:00:00,125.2,0.0
2026-11-24 07:00:00,342.0,108.7
2026-11-24 08:00:00,287.6,210.0
2026-11-24 09:00:00,451.8,297.0
2026-11-24 10:00:00,225.0,363.7
2026-11-24 11:00:00,213.6,405.7
2026-11-24 12:00:00,347.4,420.0
2026-11-24 13:00:00,662.7,405.7
2026-11-24 14:00:00,485.7,363.7
2026-11-24 15:00:00,272.5,297.0
2026-11-24 16:00:00,196.1,210.0
2026-11-24 17:00:00,334.5,108.7
2026-11-24 18:00:00,552.7,0.0
2026-11-24 19:00:00,424.1,0.0
2026-11-24 20:00:00,568.3,0.0
2026-11-24 21:00:00,543.3,0.0
2026-11-24 22:00:00,674.1,0.0
2026-11-24 23:00:00,296.0,0.0
2026-11-25 00:00:00,367.6,0.0
2026-11-25 01:00:00,340.4,0.0
2026-11-25 02:00:00,545.7,0.0
2026-11-25 03:00:00,359.5,0.0
2026-11-25 04:00:00,182.1,0.0
2026-11-25 05:00:00,415.1,0.0
2026-11-25 06:00:00,246.8,0.0
2026-11-25 07:00:00,228.1,108.7
2026-11-25 08:00:00,8.6,210.0
2026-11-25 09:00:00,251.9,297.0
2026-11-25 10:00:00,451.3,363.7
2026-11-25 11:00:00,247.8,405.7
2026-11-25 12:00:00,601.0,420.0
2026-11-25 13:00:00,394.1,405.7
2026-11-25 14:00:00,877.7,363.7
2026-11-25 15:00:00,392.5,297.0
2026-11-25 16:00:00,264.0,210.0
2026-11-25 17:00:00,360.0,108.7
2026-11-25 18:00:00,310.9,0.0
2026-11-25 19:00:00,590.4,0.0
2026-11-25 20:00:00,473.3,0.0
2026-11-25 21:00:00,150.9,0.0
2026-11-25 22:00:00,257.6,0.0
2026-11-25 23:00:00,277.2,0.0
2026-11-26 00:00:00,325.2,0.0
2026-11-26 01:00:00,423.5,0.0
2026-11-26 02:00:00,754.7,0.0
2026-11-26 03:00:00,281.5,0.0
2026-11-26 04:00:00,838.0,0.0
2026-11-26 05:00:00,324.5,0.0
2026-11-26 06:00:00,673.9,0.0
2026-11-26 07:00:00,130.5,108.7
2026-11-26 08:00:00,649.1,210.0
2026-11-26 09:00:00,278.8,297.0
2026-11-26 10:00:00,477.4,363.7
2026-11-26 11:00:00,383.8,405.7
2026-11-26 12:00:00,198.9,420.0
2026-11-26 13:00:00,876.0,405.7
2026-11-26 14:00:00,239.1,363.7
2026-11-26 15:00:00,144.8,297.0
2026-11-26 16:00:00,326.1,210.0
2026-11-26 17:00:00,638.8,108.7
2026-11-26 18:00:00,491.4,0.0
2026-11-26 19:00:00,481.3,0.0
2026-11-26 20:00:00,346.8,0.0
2026-11-26 21:00:00,385.1,0.0
2026-11-26 22:00:00,218.8,0.0
2026-11-26 23:00:00,365.3,0.0
2026-11-27 00:00:00,172.7,0.0
2026-11-27 01:00:00,152.4,0.0
2026-11-27 02:00:00,464.7,0.0
2026-11-27 03:00:00,309.1,0.0
2026-11-27 04:00:00,573.1,0.0
2026-11-27 05:00:00,543.1,0.0
2026-11-27 06:00:00,542.5,0.0
2026-11-27 07:00:00,462.7,108.7
2026-11-27 08:00:00,543.1,210.0
2026-11-27 09:00:00,311.2,297.0
2026-11-27 10:00:00,206.8,363.7
2026-11-27 11:00:00,381.3,405.7
2026-11-27 12:00:00,368.4,420.0
2026-11-27 13:00:00,746.6,405.7
2026-11-27 14:00:00,280.3,363.7
2026-11-27 15:00:00,777.3,297.0
2026-11-27 16:00:00,211.3,210.0
2026-11-27 17:00:00,431.1,108.7
2026-11-27 18:00:00,300.2,0.0
2026-11-27 19:00:00,296.0,0.0
2026-11-27 20:00:00,163.0,0.0
2026-11-27 21:00:00,968.3,0.0
2026-11-27 22:00:00,355.9,0.0
2026-11-27 23:00:00,329.3,0.0
2026-11-28 00:00:00,415.1,0.0
2026-11-28 01:00:00,529.7,0.0
2026-11-28 02:00:00,537.1,0.0
2026-11-28 03:00:00,407.4,0.0
2026-11-28 04:00:00,790.8,0.0
2026-11-28 05:00:00,525.2,0.0
2026-11-28 06:00:00,248.1,0.0
2026-11-28 07:00:00,485.9,108.7
2026-11-28 08:00:00,688.2,210.0
2026-11-28 09:00:00,657.8,297.0
2026-11-28 10:00:00,245.3,363.7
2026-11-28 11:00:00,323.0,405.7
2026-11-28 12:00:00,1012.8,420.0
2026-11-28 13:00:00,599.1,405.7
2026-11-28 14:00:00,706.0,363.7
2026-11-28 15:00:00,132.6,297.0
2026-11-28 16:00:00,293.1,210.0
2026-11-28 17:00:00,392.8,108.7
2026-11-28 18:00:00,247.1,0.0
2026-11-28 19:00:00,371.1,0.0
2026-11-28 20:00:00,73.7,0.0
2026-11-28 21:00:00,578.9,0.0
2026-11-28 22:00:00,182.1,0.0
2026-11-28 23:00:00,495.9,0.0
2026-11-29 00:00:00,249.8,0.0
2026-11-29 01:00:00,422.9,0.0
2026-11-29 02:00:00,133.4,0.0
2026-11-29 03:00:00,243.8,0.0
2026-11-29 04:00:00,575.2,0.0
2026-11-29 05:00:00,137.2,0.0
2026-11-29 06:00:00,872.0,0.0
2026-11-29 07:00:00,71.2,108.7
2026-11-29 08:00:00,480.7,210.0
2026-11-29 09:00:00,154.0,297.0
2026-11-29 10:00:00,495.9,363.7
2026-11-29 11:00:00,279.2,405.7
2026-11-29 12:00:00,757.8,420.0
2026-11-29 13:00:00,419.0,405.7
2026-11-29 14:00:00,559.5,363.7
2026-11-29 15:00:00,569.8,297.0
2026-11-29 16:00:00,552.4,210.0
2026-11-29 17:00:00,468.4,108.7
2026-11-29 18:00:00,310.4,0.0
2026-11-29 19:00:00,694.0,0.0
2026-11-29 20:00:00,373.2,0.0
2026-11-29 21:00:00,404.6,0.0
2026-11-29 22:00:00,209.5,0.0
2026-11-29 23:00:00,779.9,0.0
2026-11-30 00:00:00,264.8,0.0
2026-11-30 01:00:00,299.2,0.0
2026-11-30 02:00:00,487.3,0.0
2026-11-30 03:00:00,288.9,0.0
2026-11-30 04:00:00,276.9,0.0
2026-11-30 05:00:00,174.2,0.0
2026-11-30 06:00:00,206.9,0.0
2026-11-30 07:00:00,821.0,108.7
2026-11-30 08:00:00,762.1,210.0
2026-11-30 09:00:00,533.6,297.0
2026-11-30 10:00:00,703.8,363.7
2026-11-30 11:00:00,222.2,405.7
2026-11-30 12:00:00,862.5,420.0
2026-11-30 13:00:00,92.7,405.7
2026-11-30 14:00:00,607.3,363.7
2026-11-30 15:00:00,267.8,297.0
2026-11-30 16:00:00,390.8,210.0
2026-11-30 17:00:00,472.0,108.7
2026-11-30 18:00:00,364.5,0.0
2026-11-30 19:00:00,432.5,0.0
2026-11-30 20:00:00,357.5,0.0
2026-11-30 21:00:00,101.3,0.0
2026-11-30 22:00:00,455.1,0.0
2026-11-30 23:00:00,227.7,0.0
2026-12-01 00:00:00,127.3,0.0
2026-12-01 01:00:00,256.3,0.0
2026-12-01 02:00:00,349.0,0.0
2026-12-01 03:00:00,59.0,0.0
2026-12-01 04:00:00,505.2,0.0
2026-12-01 05:00:00,598.3,0.0
2026-12-01 06:00:00,198.3,0.0
2026-12-01 07:00:00,375.3,108.7
2026-12-01 08:00:00,648.9,210.0
2026-12-01 09:00:00,399.9,297.0
2026-12-01 10:00:00,548.3,363.7
2026-12-01 11:00:00,116.8,405.7
2026-12-01 12:00:00,645.4,420.0
2026-12-01 13:00:00,244.2,405.7
2026-12-01 14:00:00,461.8,363.7
2026-12-01 15:00:00,389.0,297.0
2026-12-01 16:00:00,375.9,210.0
2026-12-01 17:00:00,238.2,108.7
2026-12-01 18:00:00,242.5,0.0
2026-12-01 19:00:00,360.8,0.0
2026-12-01 20:00:00,327.3,0.0
2026-12-01 21:00:00,151.1,0.0
2026-12-01 22:00:00,133.8,0.0
2026-12-01 23:00:00,115.2,0.0
2026-12-02 00:00:00,574.2,0.0
2026-12-02 01:00:00,378.0,0.0
2026-12-02 02:00:00,715.0,0.0
2026-12-02 03:00:00,201.9,0.0
2026-12-02 04:00:00,352.8,0.0
2026-12-02 05:00:00,180.8,0.0
2026-12-02 06:00:00,384.4,0.0
2026-12-02 07:00:00,387.0,108.7
2026-12-02 08:00:00,688.2,210.0
2026-12-02 09:00:00,733.6,297.0
2026-12-02 10:00:00,385.0,363.7
2026-12-02 11:00:00,626.8,405.7
2026-12-02 12:00:00,681.3,420.0
2026-12-02 13:00:00,809.9,405.7
2026-12-02 14:00:00,614.7,363.7
2026-12-02 15:00:00,528.5,297.0
2026-12-02 16:00:00,607.6,210.0
2026-12-02 17:00:00,459.7,108.7
2026-12-02 18:00:00,165.9,0.0
2026-12-02 19:00:00,432.0,0.0
2026-12-02 20:00:00,849.4,0.0
2026-12-02 21:00:00,1022.3,0.0
2026-12-02 22:00:00,339.7,0.0
2026-12-02 23:00:00,456.0,0.0
2026-12-03 00:00:00,752.4,0.0
2026-12-03 01:00:00,243.8,0.0
2026-12-03 02:00:00,431.3,0.0
2026-12-03 03:00:00,319.0,0.0
2026-12-03 04:00:00,511.7,0.0
2026-12-03 05:00:00,489.7,0.0
2026-12-03 06:00:00,244.9,0.0
2026-12-03 07:00:00,190.0,108.7
2026-12-03 08:00:00,327.4,210.0
2026-12-03 09:00:00,657.1,297.0
2026-12-03 10:00:00,644.3,363.7
2026-12-03 11:00:00,758.6,405.7
2026-12-03 12:00:00,591.9,420.0
2026-12-03 13:00:00,618.1,405.7
2026-12-03 14:00:00,375.3,363.7
2026-12-03 15:00:00,373.6,297.0
2026-12-03 16:00:00,203.2,210.0
2026-12-03 17:00:00,295.4,108.7
2026-12-03 18:00:00,155.6,0.0
2026-12-03 19:00:00,608.3,0.0
2026-12-03 20:00:00,402.4,0.0
2026-12-03 21:00:00,414.7,0.0
2026-12-03 22:00:00,286.8,0.0
2026-12-03 23:00:00,609.8,0.0
2026-12-04 00:00:00,144.1,0.0
2026-12-04 01:00:00,832.9,0.0
2026-12-04 02:00:00,139.1,0.0
2026-12-04 03:00:00,897.0,0.0
2026-12-04 04:00:00,139.8,0.0
2026-12-04 05:00:00,614.3,0.0
2026-12-04 06:00:00,423.8,0.0
2026-12-04 07:00:00,256.5,108.7
2026-12-04 08:00:00,350.6,210.0
2026-12-04 09:00:00,355.8,297.0
2026-12-04 10:00:00,378.2,363.7
2026-12-04 11:00:00,451.0,405.7
2026-12-04 12:00:00,195.5,420.0
2026-12-04 13:00:00,178.4,405.7
2026-12-04 14:00:00,316.1,363.7
2026-12-04 15:00:00,700.3,297.0
2026-12-04 16:00:00,71.1,210.0
2026-12-04 17:00:00,268.7,108.7
2026-12-04 18:00:00,486.5,0.0
2026-12-04 19:00:00,86.0,0.0
2026-12-04 20:00:00,216.3,0.0
2026-12-04 21:00:00,432.3,0.0
2026-12-04 22:00:00,243.9,0.0
2026-12-04 23:00:00,409.6,0.0
2026-12-05 00:00:00,477.3,0.0
2026-12-05 01:00:00,546.0,0.0
2026-12-05 02:00:00,585.8,0.0
2026-12-05 03:00:00,410.9,0.0
2026-12-05 04:00:00,487.9,0.0
2026-12-05 05:00:00,395.8,0.0
2026-12-05 06:00:00,426.0,0.0
2026-12-05 07:00:00,367.0,108.7
2026-12-05 08:00:00,549.6,210.0
2026-12-05 09:00:00,753.2,297.0
2026-12-05 10:00:00,204.1,363.7
2026-12-05 11:00:00,264.9,405.7
2026-12-05 12:00:00,105.8,420.0
2026-12-05 13:00:00,520.8,405.7
2026-12-05 14:00:00,223.9,363.7
2026-12-05 15:00:00,549.2,297.0
2026-12-05 16:00:00,620.4,210.0
2026-12-05 17:00:00,278.9,108.7
2026-12-05 18:00:00,284.9,0.0
2026-12-05 19:00:00,558.5,0.0
2026-12-05 20:00:00,241.0,0.0
2026-12-05 21:00:00,534.7,0.0
2026-12-05 22:00:00,266.9,0.0
2026-12-05 23:00:00,847.9,0.0
2026-12-06 00:00:00,451.6,0.0
2026-12-06 01:00:00,740.4,0.0
2026-12-06 02:00:00,638.5,0.0
2026-12-06 03:00:00,353.8,0.0
2026-12-06 04:00:00,739.4,0.0
2026-12-06 05:00:00,220.4,0.0
2026-12-06 06:00:00,12.8,0.0
2026-12-06 07:00:00,333.0,108.7
2026-12-06 08:00:00,654.6,210.0
2026-12-06 09:00:00,260.7,297.0
2026-12-06 10:00:00,253.0,363.7
2026-12-06 11:00:00,573.8,405.7
2026-12-06 12:00:00,601.2,420.0
2026-12-06 13:00:00,124.5,405.7
2026-12-06 14:00:00,500.4,363.7
2026-12-06 15:00:00,287.1,297.0
2026-12-06 16:00:00,388.8,210.0
2026-12-06 17:00:00,403.6,108.7
2026-12-06 18:00:00,484.7,0.0
2026-12-06 19:00:00,265.9,0.0
2026-12-06 20:00:00,122.2,0.0
2026-12-06 21:00:00,475.0,0.0
2026-12-06 22:00:00,95.0,0.0
2026-12-06 23:00:00,282.9,0.0
2026-12-07 00:00:00,213.9,0.0
2026-12-07 01:00:00,303.3,0.0
2026-12-07 02:00:00,651.0,0.0
2026-12-07 03:00:00,460.0,0.0
2026-12-07 04:00:00,31.1,0.0
2026-12-07 05:00:00,400.1,0.0
2026-12-07 06:00:00,93.6,0.0
2026-12-07 07:00:00,125.9,108.7
2026-12-07 08:00:00,436.3,210.0
2026-12-07 09:00:00,398.3,297.0
2026-12-07 10:00:00,153.6,363.7
2026-12-07 11:00:00,613.0,405.7
2026-12-07 12:00:00,993.7,420.0
2026-12-07 13:00:00,739.1,405.7
2026-12-07 14:00:00,216.2,363.7
2026-12-07 15:00:00,437.7,297.0
2026-12-07 16:00:00,408.0,210.0
2026-12-07 17:00:00,195.0,108.7
2026-12-07 18:00:00,791.3,0.0
2026-12-07 19:00:00,586.3,0.0
2026-12-07 20:00:00,502.4,0.0
2026-12-07 21:00:00,99.9,0.0
2026-12-07 22:00:00,525.3,0.0
2026-12-07 23:00:00,393.2,0.0
2026-12-08 00:00:00,491.4,0.0
2026-12-08 01:00:00,34.5,0.0
2026-12-08 02:00:00,550.5,0.0
2026-12-08 03:00:00,255.4,0.0
2026-12-08 04:00:00,458.0,0.0
2026-12-08 05:00:00,314.3,0.0
2026-12-08 06:00:00,462.3,0.0
2026-12-08 07:00:00,238.3,108.7
2026-12-08 08:00:00,421.4,210.0
2026-12-08 09:00:00,155.7,297.0
2026-12-08 10:00:00,343.1,363.7
2026-12-08 11:00:00,205.0,405.7
2026-12-08 12:00:00,685.4,420.0
2026-12-08 13:00:00,77.0,405.7
2026-12-08 14:00:00,378.5,363.7
2026-12-08 15:00:00,433.9,297.0
2026-12-08 16:00:00,397.6,210.0
2026-12-08 17:00:00,355.9,108.7
2026-12-08 18:00:00,889.9,0.0
2026-12-08 19:00:00,220.9,0.0
2026-12-08 20:00:00,336.3,0.0
2026-12-08 21:00:00,91.5,0.0
2026-12-08 22:00:00,446.0,0.0
2026-12-08 23:00:00,245.6,0.0
2026-12-09 00:00:00,335.5,0.0
2026-12-09 01:00:00,319.9,0.0
2026-12-09 02:00:00,325.2,0.0
2026-12-09 03:00:00,323.0,0.0
2026-12-09 04:00:00,199.8,0.0
2026-12-09 05:00:00,289.6,0.0
2026-12-09 06:00:00,249.7,0.0
2026-12-09 07:00:00,936.8,108.7
2026-12-09 08:00:00,298.5,210.0
2026-12-09 09:00:00,524.1,297.0
2026-12-09 10:00:00,649.0,363.7
2026-12-09 11:00:00,252.4,405.7
2026-12-09 12:00:00,763.0,420.0
2026-12-09 13:00:00,523.0,405.7
2026-12-09 14:00:00,413.1,363.7
2026-12-09 15:00:00,375.9,297.0
2026-12-09 16:00:00,226.1,210.0
2026-12-09 17:00:00,485.0,108.7
2026-12-09 18:00:00,689.1,0.0
2026-12-09 19:00:00,281.4,0.0
2026-12-09 20:00:00,353.7,0.0
2026-12-09 21:00:00,161.6,0.0
2026-12-09 22:00:00,691.4,0.0
2026-12-09 23:00:00,695.6,0.0
2026-12-10 00:00:00,615.4,0.0
2026-12-10 01:00:00,234.1,0.0
2026-12-10 02:00:00,322.1,0.0
2026-12-10 03:00:00,89.5,0.0
2026-12-10 04:00:00,393.1,0.0
2026-12-10 05:00:00,156.5,0.0
2026-12-10 06:00:00,499.1,0.0
2026-12-10 07:00:00,258.4,108.7
2026-12-10 08:00:00,175.2,210.0
2026-12-10 09:00:00,266.1,297.0
2026-12-10 10:00:00,274.0,363.7
2026-12-10 11:00:00,363.2,405.7
2026-12-10 12:00:00,642.6,420.0
2026-12-10 13:00:00,267.8,405.7
2026-12-10 14:00:00,143.6,363.7
2026-12-10 15:00:00,606.5,297.0
2026-12-10 16:00:00,567.3,210.0
2026-12-10 17:00:00,302.8,108.7
2026-12-10 18:00:00,87.6,0.0
2026-12-10 19:00:00,785.0,0.0
2026-12-10 20:00:00,636.0,0.0
2026-12-10 21:00:00,144.7,0.0
2026-12-10 22:00:00,437.1,0.0
2026-12-10 23:00:00,677.6,0.0
2026-12-11 00:00:00,122.0,0.0
2026-12-11 01:00:00,81.0,0.0
2026-12-11 02:00:00,493.1,0.0
2026-12-11 03:00:00,721.8,0.0
2026-12-11 04:00:00,661.7,0.0
2026-12-11 05:00:00,271.4,0.0
2026-12-11 06:00:00,271.4,0.0
2026-12-11 07:00:00,247.3,108.7
2026-12-11 08:00:00,180.0,210.0
2026-12-11 09:00:00,506.1,297.0
2026-12-11 10:00:00,510.7,363.7
2026-12-11 11:00:00,92.9,405.7
2026-12-11 12:00:00,607.1,420.0
2026-12-11 13:00:00,220.4,405.7
2026-12-11 14:00:00,162.6,363.7
2026-12-11 15:00:00,336.7,297.0
2026-12-11 16:00:00,123.2,210.0
2026-12-11 17:00:00,184.6,108.7
2026-12-11 18:00:00,159.5,0.0
2026-12-11 19:00:00,578.4,0.0
2026-12-11 20:00:00,351.4,0.0
2026-12-11 21:00:00,569.0,0.0
2026-12-11 22:00:00,326.0,0.0
2026-12-11 23:00:00,434.8,0.0
2026-12-12 00:00:00,725.3,0.0
2026-12-12 01:00:00,486.2,0.0
2026-12-12 02:00:00,212.4,0.0
2026-12-12 03:00:00,533.0,0.0
2026-12-12 04:00:00,585.1,0.0
2026-12-12 05:00:00,789.5,0.0
2026-12-12 06:00:00,333.3,0.0
2026-12-12 07:00:00,592.2,108.7
2026-12-12 08:00:00,266.4,210.0
2026-12-12 09:00:00,113.0,297.0
2026-12-12 10:00:00,423.2,363.7
2026-12-12 11:00:00,586.0,405.7
2026-12-12 12:00:00,549.8,420.0
2026-12-12 13:00:00,143.6,405.7
2026-12-12 14:00:00,463.6,363.7
2026-12-12 15:00:00,322.8,297.0
2026-12-12 16:00:00,649.4,210.0
2026-12-12 17:00:00,215.5,108.7
2026-12-12 18:00:00,578.5,0.0
2026-12-12 19:00:00,49.0,0.0
2026-12-12 20:00:00,626.2,0.0
2026-12-12 21:00:00,629.6,0.0
2026-12-12 22:00:00,436.2,0.0
2026-12-12 23:00:00,158.7,0.0
2026-12-13 00:00:00,213.2,0.0
2026-12-13 01:00:00,928.3,0.0
2026-12-13 02:00:00,361.3,0.0
2026-12-13 03:00:00,490.4,0.0
2026-12-13 04:00:00,106.6,0.0
2026-12-13 05:00:00,291.2,0.0
2026-12-13 06:00:00,500.4,0.0
2026-12-13 07:00:00,146.6,108.7
2026-12-13 08:00:00,205.7,210.0
2026-12-13 09:00:00,469.0,297.0
2026-12-13 10:00:00,365.7,363.7
2026-12-13 11:00:00,148.1,405.7
2026-12-13 12:00:00,428.7,420.0
2026-12-13 13:00:00,289.0,405.7
2026-12-13 14:00:00,355.2,363.7
2026-12-13 15:00:00,887.7,297.0
2026-12-13 16:00:00,350.1,210.0
2026-12-13 17:00:00,190.4,108.7
2026-12-13 18:00:00,109.8,0.0
2026-12-13 19:00:00,429.4,0.0
2026-12-13 20:00:00,416.9,0.0
2026-12-13 21:00:00,176.2,0.0
2026-12-13 22:00:00,464.7,0.0
2026-12-13 23:00:00,364.6,0.0
2026-12-14 00:00:00,263.0,0.0
2026-12-14 01:00:00,388.9,0.0
2026-12-14 02:00:00,373.6,0.0
2026-12-14 03:00:00,196.2,0.0
2026-12-14 04:00:00,759.4,0.0
2026-12-14 05:00:00,775.0,0.0
2026-12-14 06:00:00,348.5,0.0
2026-12-14 07:00:00,369.4,108.7
2026-12-14 08:00:00,53.0,210.0
2026-12-14 09:00:00,249.8,297.0
2026-12-14 10:00:00,417.1,363.7
2026-12-14 11:00:00,516.3,405.7
2026-12-14 12:00:00,267.1,420.0
2026-12-14 13:00:00,635.6,405.7
2026-12-14 14:00:00,331.5,363.7
2026-12-14 15:00:00,436.2,297.0
2026-12-14 16:00:00,715.9,210.0
2026-12-14 17:00:00,264.7,108.7
2026-12-14 18:00:00,213.2,0.0
2026-12-14 19:00:00,479.4,0.0
2026-12-14 20:00:00,793.1,0.0
2026-12-14 21:00:00,178.1,0.0
2026-12-14 22:00:00,539.5,0.0
2026-12-14 23:00:00,403.2,0.0
2026-12-15 00:00:00,485.7,0.0
2026-12-15 01:00:00,435.8,0.0
2026-12-15 02:00:00,422.7,0.0
2026-12-15 03:00:00,527.3,0.0
2026-12-15 04:00:00,941.1,0.0
2026-12-15 05:00:00,516.6,0.0
2026-12-15 06:00:00,628.9,0.0
2026-12-15 07:00:00,451.0,108.7
2026-12-15 08:00:00,336.2,210.0
2026-12-15 09:00:00,576.7,297.0
2026-12-15 10:00:00,639.7,363.7
2026-12-15 11:00:00,251.9,405.7
2026-12-15 12:00:00,197.4,420.0
2026-12-15 13:00:00,471.4,405.7
2026-12-15 14:00:00,80.1,363.7
2026-12-15 15:00:00,256.6,297.0
2026-12-15 16:00:00,294.3,210.0
2026-12-15 17:00:00,342.1,108.7
2026-12-15 18:00:00,195.7,0.0
2026-12-15 19:00:00,672.0,0.0
2026-12-15 20:00:00,402.9,0.0
2026-12-15 21:00:00,400.1,0.0
2026-12-15 22:00:00,379.3,0.0
2026-12-15 23:00:00,663.2,0.0
2026-12-16 00:00:00,358.3,0.0
2026-12-16 01:00:00,695.7,0.0
2026-12-16 02:00:00,647.8,0.0
2026-12-16 03:00:00,402.0,0.0
2026-12-16 04:00:00,549.3,0.0
2026-12-16 05:00:00,473.8,0.0
2026-12-16 06:00:00,545.1,0.0
2026-12-16 07:00:00,175.9,108.7
2026-12-16 08:00:00,503.4,210.0
2026-12-16 09:00:00,263.9,297.0
2026-12-16 10:00:00,465.1,363.7
2026-12-16 11:00:00,104.3,405.7
2026-12-16 12:00:00,759.2,420.0
2026-12-16 13:00:00,502.0,405.7
2026-12-16 14:00:00,484.0,363.7
2026-12-16 15:00:00,540.9,297.0
2026-12-16 16:00:00,137.9,210.0
2026-12-16 17:00:00,119.1,108.7
2026-12-16 18:00:00,287.4,0.0
2026-12-16 19:00:00,426.0,0.0
2026-12-16 20:00:00,199.2,0.0
2026-12-16 21:00:00,580.2,0.0
2026-12-16 22:00:00,753.1,0.0
2026-12-16 23:00:00,609.6,0.0
2026-12-17 00:00:00,421.1,0.0
2026-12-17 01:00:00,326.4,0.0
2026-12-17 02:00:00,322.8,0.0
2026-12-17 03:00:00,453.4,0.0
2026-12-17 04:00:00,436.3,0.0
2026-12-17 05:00:00,449.9,0.0
2026-12-17 06:00:00,272.8,0.0
2026-12-17 07:00:00,389.6,108.7
2026-12-17 08:00:00,319.2,210.0
2026-12-17 09:00:00,436.1,297.0
2026-12-17 10:00:00,145.8,363.7
2026-12-17 11:00:00,550.9,405.7
2026-12-17 12:00:00,114.6,420.0
2026-12-17 13:00:00,622.2,405.7
2026-12-17 14:00:00,348.2,363.7
2026-12-17 15:00:00,181.4,297.0
2026-12-17 16:00:00,185.3,210.0
2026-12-17 17:00:00,43.8,108.7
2026-12-17 18:00:00,251.5,0.0
2026-12-17 19:00:00,360.7,0.0
2026-12-17 20:00:00,284.1,0.0
2026-12-17 21:00:00,833.9,0.0
2026-12-17 22:00:00,439.4,0.0
2026-12-17 23:00:00,268.6,0.0
2026-12-18 00:00:00,546.8,0.0
2026-12-18 01:00:00,826.9,0.0
2026-12-18 02:00:00,537.0,0.0
2026-12-18 03:00:00,58.1,0.0
2026-12-18 04:00:00,87.3,0.0
2026-12-18 05:00:00,29.4,0.0
2026-12-18 06:00:00,253.1,0.0
2026-12-18 07:00:00,167.4,108.7
2026-12-18 08:00:00,356.0,210.0
2026-12-18 09:00:00,302.5,297.0
2026-12-18 10:00:00,694.7,363.7
2026-12-18 11:00:00,493.9,405.7
2026-12-18 12:00:00,104.3,420.0
2026-12-18 13:00:00,497.9,405.7
2026-12-18 14:00:00,240.5,363.7
2026-12-18 15:00:00,183.4,297.0
2026-12-18 16:00:00,178.0,210.0
2026-12-18 17:00:00,265.8,108.7
2026-12-18 18:00:00,409.8,0.0
2026-12-18 19:00:00,305.6,0.0
2026-12-18 20:00:00,620.3,0.0
2026-12-18 21:00:00,199.7,0.0
2026-12-18 22:00:00,997.2,0.0
2026-12-18 23:00:00,327.9,0.0
2026-12-19 00:00:00,384.8,0.0
2026-12-19 01:00:00,853.2,0.0
2026-12-19 02:00:00,213.4,0.0
2026-12-19 03:00:00,390.4,0.0
2026-12-19 04:00:00,249.6,0.0
2026-12-19 05:00:00,319.3,0.0
2026-12-19 06:00:00,387.4,0.0
2026-12-19 07:00:00,852.3,108.7
2026-12-19 08:00:00,364.5,210.0
2026-12-19 09:00:00,484.1,297.0
2026-12-19 10:00:00,342.2,363.7
2026-12-19 11:00:00,465.9,405.7
2026-12-19 12:00:00,293.6,420.0
2026-12-19 13:00:00,180.1,405.7
2026-12-19 14:00:00,171.4,363.7
2026-12-19 15:00:00,224.8,297.0
2026-12-19 16:00:00,341.5,210.0
2026-12-19 17:00:00,454.0,108.7
2026-12-19 18:00:00,264.0,0.0
2026-12-19 19:00:00,333.2,0.0
2026-12-19 20:00:00,291.3,0.0
2026-12-19 21:00:00,540.5,0.0
2026-12-19 22:00:00,442.4,0.0
2026-12-19 23:00:00,337.4,0.0
2026-12-20 00:00:00,401.7,0.0
2026-12-20 01:00:00,190.8,0.0
2026-12-20 02:00:00,159.0,0.0
2026-12-20 03:00:00,403.2,0.0
2026-12-20 04:00:00,365.7,0.0
2026-12-20 05:00:00,280.8,0.0
2026-12-20 06:00:00,585.8,0.0
2026-12-20 07:00:00,309.0,108.7
2026-12-20 08:00:00,606.5,210.0
2026-12-20 09:00:00,933.1,297.0
2026-12-20 10:00:00,432.3,363.7
2026-12-20 11:00:00,290.2,405.7
2026-12-20 12:00:00,410.9,420.0
2026-12-20 13:00:00,374.9,405.7
2026-12-20 14:00:00,459.7,363.7
2026-12-20 15:00:00,380.3,297.0
2026-12-20 16:00:00,686.5,210.0
2026-12-20 17:00:00,234.3,108.7
2026-12-20 18:00:00,156.0,0.0
2026-12-20 19:00:00,63.2,0.0
2026-12-20 20:00:00,620.6,0.0
2026-12-20 21:00:00,377.5,0.0
2026-12-20 22:00:00,574.9,0.0
2026-12-20 23:00:00,346.0,0.0
2026-12-21 00:00:00,727.4,0.0
2026-12-21 01:00:00,270.4,0.0
2026-12-21 02:00:00,439.0,0.0
2026-12-21 03:00:00,49.3,0.0
2026-12-21 04:00:00,285.8,0.0
2026-12-21 05:00:00,337.4,0.0
2026-12-21 06:00:00,685.3,0.0
2026-12-21 07:00:00,524.4,108.7
2026-12-21 08:00:00,107.8,210.0
2026-12-21 09:00:00,499.9,297.0
2026-12-21 10:00:00,502.1,363.7
2026-12-21 11:00:00,482.6,405.7
2026-12-21 12:00:00,727.6,420.0
2026-12-21 13:00:00,244.4,405.7
2026-12-21 14:00:00,110.0,363.7
2026-12-21 15:00:00,740.2,297.0
2026-12-21 16:00:00,306.0,210.0
2026-12-21 17:00:00,328.9,108.7
2026-12-21 18:00:00,488.4,0.0
2026-12-21 19:00:00,207.7,0.0
2026-12-21 20:00:00,666.8,0.0
2026-12-21 21:00:00,562.2,0.0
2026-12-21 22:00:00,316.6,0.0
2026-12-21 23:00:00,245.4,0.0
2026-12-22 00:00:00,359.1,0.0
2026-12-22 01:00:00,269.1,0.0
2026-12-22 02:00:00,648.1,0.0
2026-12-22 03:00:00,402.5,0.0
2026-12-22 04:00:00,783.6,0.0
2026-12-22 05:00:00,364.3,0.0
2026-12-22 06:00:00,134.4,0.0
2026-12-22 07:00:00,700.1,108.7
2026-12-22 08:00:00,349.6,210.0
2026-12-22 09:00:00,415.0,297.0
2026-12-22 10:00:00,356.1,363.7
2026-12-22 11:00:00,477.2,405.7
2026-12-22 12:00:00,511.7,420.0
2026-12-22 13:00:00,145.8,405.7
2026-12-22 14:00:00,345.7,363.7
2026-12-22 15:00:00,437.4,297.0
2026-12-22 16:00:00,918.6,210.0
2026-12-22 17:00:00,402.5,108.7
2026-12-22 18:00:00,59.2,0.0
2026-12-22 19:00:00,267.7,0.0
2026-12-22 20:00:00,498.8,0.0
2026-12-22 21:00:00,548.7,0.0
2026-12-22 22:00:00,379.7,0.0
2026-12-22 23:00:00,255.0,0.0
2026-12-23 00:00:00,283.9,0.0
2026-12-23 01:00:00,913.5,0.0
2026-12-23 02:00:00,393.9,0.0
2026-12-23 03:00:00,458.4,0.0
2026-12-23 04:00:00,158.7,0.0
2026-12-23 05:00:00,562.6,0.0
2026-12-23 06:00:00,27.0,0.0
2026-12-23 07:00:00,536.3,108.7
2026-12-23 08:00:00,779.1,210.0
2026-12-23 09:00:00,234.9,297.0
2026-12-23 10:00:00,460.9,363.7
2026-12-23 11:00:00,235.8,405.7
2026-12-23 12:00:00,188.1,420.0
2026-12-23 13:00:00,136.1,405.7
2026-12-23 14:00:00,581.1,363.7
2026-12-23 15:00:00,243.3,297.0
2026-12-23 16:00:00,539.8,210.0
2026-12-23 17:00:00,416.3,108.7
2026-12-23 18:00:00,228.7,0.0
2026-12-23 19:00:00,146.8,0.0
2026-12-23 20:00:00,547.2,0.0
2026-12-23 21:00:00,736.8,0.0
2026-12-23 22:00:00,924.7,0.0
2026-12-23 23:00:00,196.3,0.0
2026-12-24 00:00:00,618.8,0.0
2026-12-24 01:00:00,256.6,0.0
2026-12-24 02:00:00,207.3,0.0
2026-12-24 03:00:00,436.4,0.0
2026-12-24 04:00:00,512.0,0.0
2026-12-24 05:00:00,209.6,0.0
2026-12-24 06:00:00,262.6,0.0
2026-12-24 07:00:00,379.0,108.7
2026-12-24 08:00:00,170.2,210.0
2026-12-24 09:00:00,160.5,297.0
2026-12-24 10:00:00,374.2,363.7
2026-12-24 11:00:00,370.5,405.7
2026-12-24 12:00:00,151.1,420.0
2026-12-24 13:00:00,328.2,405.7
2026-12-24 14:00:00,831.4,363.7
2026-12-24 15:00:00,78.3,297.0
2026-12-24 16:00:00,255.5,210.0
2026-12-24 17:00:00,556.5,108.7
2026-12-24 18:00:00,245.0,0.0
2026-12-24 19:00:00,513.9,0.0
2026-12-24 20:00:00,324.3,0.0
2026-12-24 21:00:00,378.3,0.0
2026-12-24 22:00:00,500.4,0.0
2026-12-24 23:00:00,816.5,0.0
2026-12-25 00:00:00,845.5,0.0
2026-12-25 01:00:00,480.9,0.0
2026-12-25 02:00:00,163.4,0.0
2026-12-25 03:00:00,207.7,0.0
2026-12-25 04:00:00,69.3,0.0
2026-12-25 05:00:00,502.3,0.0
2026-12-25 06:00:00,742.9,0.0
2026-12-25 07:00:00,546.4,108.7
2026-12-25 08:00:00,359.0,210.0
2026-12-25 09:00:00,511.7,297.0
2026-12-25 10:00:00,278.6,363.7
2026-12-25 11:00:00,713.9,405.7
2026-12-25 12:00:00,216.9,420.0
2026-12-25 13:00:00,518.8,405.7
2026-12-25 14:00:00,84.4,363.7
2026-12-25 15:00:00,886.0,297.0
2026-12-25 16:00:00,358.4,210.0
2026-12-25 17:00:00,254.8,108.7
2026-12-25 18:00:00,376.6,0.0
2026-12-25 19:00:00,237.4,0.0
2026-12-25 20:00:00,548.6,0.0
2026-12-25 21:00:00,426.8,0.0
2026-12-25 22:00:00,483.9,0.0
2026-12-25 23:00:00,1114.7,0.0
2026-12-26 00:00:00,148.8,0.0
2026-12-26 01:00:00,659.1,0.0
2026-12-26 02:00:00,288.5,0.0
2026-12-26 03:00:00,471.0,0.0
2026-12-26 04:00:00,216.6,0.0
2026-12-26 05:00:00,172.5,0.0
2026-12-26 06:00:00,530.7,0.0
2026-12-26 07:00:00,506.6,108.7
2026-12-26 08:00:00,376.0,210.0
2026-12-26 09:00:00,47.8,297.0
2026-12-26 10:00:00,396.3,363.7
2026-12-26 11:00:00,381.3,405.7
2026-12-26 12:00:00,152.1,420.0
2026-12-26 13:00:00,342.6,405.7
2026-12-26 14:00:00,269.3,363.7
2026-12-26 15:00:00,597.5,297.0
2026-12-26 16:00:00,440.2,210.0
2026-12-26 17:00:00,749.0,108.7
2026-12-26 18:00:00,422.5,0.0
2026-12-26 19:00:00,128.4,0.0
2026-12-26 20:00:00,329.4,0.0
2026-12-26 21:00:00,262.8,0.0
2026-12-26 22:00:00,461.1,0.0
2026-12-26 23:00:00,106.9,0.0
2026-12-27 00:00:00,368.0,0.0
2026-12-27 01:00:00,340.1,0.0
2026-12-27 02:00:00,148.5,0.0
2026-12-27 03:00:00,215.2,0.0
2026-12-27 04:00:00,267.3,0.0
2026-12-27 05:00:00,445.2,0.0
2026-12-27 06:00:00,650.3,0.0
2026-12-27 07:00:00,283.4,108.7
2026-12-27 08:00:00,922.4,210.0
2026-12-27 09:00:00,369.2,297.0
2026-12-27 10:00:00,11.6,363.7
2026-12-27 11:00:00,203.8,405.7
2026-12-27 12:00:00,296.5,420.0
2026-12-27 13:00:00,489.6,405.7
2026-12-27 14:00:00,449.3,363.7
2026-12-27 15:00:00,392.0,297.0
2026-12-27 16:00:00,440.1,210.0
2026-12-27 17:00:00,92.8,108.7
2026-12-27 18:00:00,241.1,0.0
2026-12-27 19:00:00,246.7,0.0
2026-12-27 20:00:00,270.1,0.0
2026-12-27 21:00:00,680.1,0.0
2026-12-27 22:00:00,547.1,0.0
2026-12-27 23:00:00,34.6,0.0
2026-12-28 00:00:00,148.6,0.0
2026-12-28 01:00:00,787.9,0.0
2026-12-28 02:00:00,508.7,0.0
2026-12-28 03:00:00,488.1,0.0
2026-12-28 04:00:00,236.4,0.0
2026-12-28 05:00:00,482.7,0.0
2026-12-28 06:00:00,570.2,0.0
2026-12-28 07:00:00,313.8,108.7
2026-12-28 08:00:00,1094.2,210.0
2026-12-28 09:00:00,346.5,297.0
2026-12-28 10:00:00,407.6,363.7
2026-12-28 11:00:00,455.7,405.7
2026-12-28 12:00:00,476.9,420.0
2026-12-28 13:00:00,263.9,405.7
2026-12-28 14:00:00,346.5,363.7
2026-12-28 15:00:00,96.2,297.0
2026-12-28 16:00:00,512.9,210.0
2026-12-28 17:00:00,167.9,108.7
2026-12-28 18:00:00,388.2,0.0
2026-12-28 19:00:00,544.1,0.0
2026-12-28 20:00:00,106.7,0.0
2026-12-28 21:00:00,412.1,0.0
2026-12-28 22:00:00,280.0,0.0
2026-12-28 23:00:00,207.6,0.0
2026-12-29 00:00:00,674.6,0.0
2026-12-29 01:00:00,367.5,0.0
2026-12-29 02:00:00,331.2,0.0
2026-12-29 03:00:00,352.5,0.0
2026-12-29 04:00:00,118.0,0.0
2026-12-29 05:00:00,642.3,0.0
2026-12-29 06:00:00,326.6,0.0
2026-12-29 07:00:00,261.1,108.7
2026-12-29 08:00:00,382.2,210.0
2026-12-29 09:00:00,1109.2,297.0
2026-12-29 10:00:00,611.3,363.7
2026-12-29 11:00:00,1196.3,405.7
2026-12-29 12:00:00,276.1,420.0
2026-12-29 13:00:00,318.6,405.7
2026-12-29 14:00:00,224.9,363.7
2026-12-29 15:00:00,130.7,297.0
2026-12-29 16:00:00,353.3,210.0
2026-12-29 17:00:00,200.8,108.7
2026-12-29 18:00:00,583.5,0.0
2026-12-29 19:00:00,673.7,0.0
2026-12-29 20:00:00,554.2,0.0
2026-12-29 21:00:00,47.8,0.0
2026-12-29 22:00:00,799.7,0.0
2026-12-29 23:00:00,67.0,0.0
2026-12-30 00:00:00,195.5,0.0
2026-12-30 01:00:00,394.0,0.0
2026-12-30 02:00:00,669.7,0.0
2026-12-30 03:00:00,333.5,0.0
2026-12-30 04:00:00,450.6,0.0
2026-12-30 05:00:00,637.0,0.0
2026-12-30 06:00:00,442.6,0.0
2026-12-30 07:00:00,136.1,108.7
2026-12-30 08:00:00,807.9,210.0
2026-12-30 09:00:00,237.5,297.0
2026-12-30 10:00:00,335.0,363.7
2026-12-30 11:00:00,88.2,405.7
2026-12-30 12:00:00,161.7,420.0
2026-12-30 13:00:00,740.9,405.7
2026-12-30 14:00:00,838.2,363.7
2026-12-30 15:00:00,524.1,297.0
2026-12-30 16:00:00,582.5,210.0
2026-12-30 17:00:00,459.6,108.7
2026-12-30 18:00:00,387.2,0.0
2026-12-30 19:00:00,487.1,0.0
2026-12-30 20:00:00,570.6,0.0
2026-12-30 21:00:00,753.1,0.0
2026-12-30 22:00:00,327.7,0.0
2026-12-30 23:00:00,309.0,0.0
2026-12-31 00:00:00,354.6,0.0
2026-12-31 01:00:00,562.2,0.0
2026-12-31 02:00:00,455.7,0.0
2026-12-31 03:00:00,281.4,0.0
2026-12-31 04:00:00,256.1,0.0
2026-12-31 05:00:00,588.9,0.0
2026-12-31 06:00:00,246.5,0.0
2026-12-31 07:00:00,858.2,108.7
2026-12-31 08:00:00,475.5,210.0
2026-12-31 09:00:00,578.3,297.0
2026-12-31 10:00:00,79.6,363.7
2026-12-31 11:00:00,559.6,405.7
2026-12-31 12:00:00,472.5,420.0
2026-12-31 13:00:00,224.9,405.7
2026-12-31 14:00:00,336.7,363.7
2026-12-31 15:00:00,409.9,297.0
2026-12-31 16:00:00,148.1,210.0
2026-12-31 17:00:00,239.6,108.7
2026-12-31 18:00:00,582.1,0.0
2026-12-31 19:00:00,484.9,0.0
2026-12-31 20:00:00,706.6,0.0
2026-12-31 21:00:00,372.1,0.0
2026-12-31 22:00:00,221.8,0.0
2026-12-31 23:00:00,654.7,0.0
